scenario_id,mu,f,ratio,k,sa,sb,eps,n,threshold,true_delta,method,valid_reps,failed_reps,bias,bias_mcse,rmse,strict_wrong_rate,wrong_wilson_low,wrong_wilson_high,tie_rate,mean_regret,regret_mcse,beta_delta,endpoint_mass_A,endpoint_mass_B,reversal,AUC_A,AUC_B,decision_error_rate
0,0.2,0.05,1.1,50.0,0.5,0.5,0.0,500,0.0588235294117647,-0.0001448285645434,beta_estimated_mean,500,0,0.0001655121595104,0.00027783273677,0.0062085197958841,0.526,0.4822016483694956,0.5694018859265038,0.0,7.617982494984183e-05,3.2373227283401665e-06,-0.0001448285645434,5.405118442602941e-05,0.0001235095104052,False,0.6563142942588924,0.6637825817811839,0.5260000000000927
0,0.2,0.05,1.1,50.0,0.5,0.5,0.0,500,0.0588235294117647,-0.0001448285645434,risk_only,500,0,0.0001656355998012,0.0002782507992662,0.0062178585775798,0.522,0.4782154894135675,0.5654490396061242,0.0,7.560051069166812e-05,3.2385689909255124e-06,-0.0001448285645434,5.405118442602941e-05,0.0001235095104052,False,0.6563142942588924,0.6637825817811839,0.5220000000000921
0,0.2,0.05,1.1,50.0,0.5,0.5,0.0,500,0.0588235294117647,-0.0001448285645434,outcome_based,500,0,-7.51714354565865e-05,0.0001059618129876,0.0023682009510825,0.426,0.3833825783667519,0.4697458240215578,0.026,6.546251117362833e-05,3.226736116105595e-06,-0.0001448285645434,5.405118442602941e-05,0.0001235095104052,False,0.6563142942588924,0.6637825817811839,0.45200000000007967
0,0.2,0.05,1.1,50.0,0.5,0.5,0.0,500,0.0588235294117647,-0.0001448285645434,beta_known_mean,500,0,-6.411794452292341e-06,6.410956740644936e-06,0.0001433533881949,0.14,0.1123226601878635,0.173166864944454,0.0,2.0275999036079573e-05,2.2496616081176392e-06,-0.0001448285645434,5.405118442602941e-05,0.0001235095104052,False,0.6563142942588924,0.6637825817811839,0.1400000000000247
0,0.2,0.05,1.1,50.0,0.5,0.5,0.0,500,0.1111111111111111,-0.0008863961521738,beta_estimated_mean,500,0,0.0001210444404734,0.0002729660730614,0.0060988015052806,0.472,0.4286227347300628,0.5158042283357841,0.0,0.000418378983826,1.9809136740651272e-05,-0.0008863961521738,5.405118442602941e-05,0.0001235095104052,False,0.6563142942588924,0.6637825817811839,0.47199999999996206
0,0.2,0.05,1.1,50.0,0.5,0.5,0.0,500,0.1111111111111111,-0.0008863961521738,risk_only,500,0,0.0001125976729178,0.0002746492203081,0.0061362319993349,0.484,0.4404854432314528,0.527758535663317,0.0,0.0004290157376521,1.9830109892889606e-05,-0.0008863961521738,5.405118442602941e-05,0.0001235095104052,False,0.6563142942588924,0.6637825817811839,0.4839999999999783
0,0.2,0.05,1.1,50.0,0.5,0.5,0.0,500,0.1111111111111111,-0.0008863961521738,outcome_based,500,0,-0.0001631038478261,0.0003571322393354,0.0079793970709053,0.454,0.4108757266738578,0.4978257126486051,0.01,0.0004112878146086,1.9788777910256326e-05,-0.0008863961521738,5.405118442602941e-05,0.0001235095104052,False,0.6563142942588924,0.6637825817811839,0.46399999999995123
0,0.2,0.05,1.1,50.0,0.5,0.5,0.0,500,0.1111111111111111,-0.0008863961521738,beta_known_mean,500,0,-3.6521074835223655e-05,3.875689939618999e-05,0.0008665335060224,0.14,0.1123226601878635,0.173166864944454,0.0,0.0001240954613043,1.3768633276281708e-05,-0.0008863961521738,5.405118442602941e-05,0.0001235095104052,False,0.6563142942588924,0.6637825817811839,0.1399999999999639
0,0.2,0.05,1.1,50.0,0.5,0.5,0.0,500,0.2,-0.0021931319985467,beta_estimated_mean,500,0,-1.8918294936792893e-06,0.0002112711030739,0.0047194393307963,0.336,0.2959880078270491,0.37851277584434,0.0,0.0007368923515117,4.637331867687184e-05,-0.0021931319985467,5.405118442602941e-05,0.0001235095104052,False,0.6563142942588924,0.6637825817811839,0.3360000000000041
0,0.2,0.05,1.1,50.0,0.5,0.5,0.0,500,0.2,-0.0021931319985467,risk_only,500,0,3.4326865413400965e-05,0.0002154126057803,0.0048120755508927,0.334,0.2940638124558771,0.3764674685773583,0.0,0.0007325060875146,4.630467566890926e-05,-0.0021931319985467,5.405118442602941e-05,0.0001235095104052,False,0.6563142942588924,0.6637825817811839,0.334000000000001
0,0.2,0.05,1.1,50.0,0.5,0.5,0.0,500,0.2,-0.0021931319985467,outcome_based,500,0,-0.0001718680014532,0.0007108707508745,0.0158805797630289,0.44,0.397111794441699,0.4838031264136874,0.014,0.0009956819273402,4.888084967054348e-05,-0.0021931319985467,5.405118442602941e-05,0.0001235095104052,False,0.6563142942588924,0.6637825817811839,0.45399999999999924
0,0.2,0.05,1.1,50.0,0.5,0.5,0.0,500,0.2,-0.0021931319985467,beta_known_mean,500,0,-9.396399060306442e-05,9.60448138828803e-05,0.0021475352761141,0.14,0.1123226601878635,0.173166864944454,0.0,0.0003070384797965,3.406651770815291e-05,-0.0021931319985467,5.405118442602941e-05,0.0001235095104052,False,0.6563142942588924,0.6637825817811839,0.13999999999998267
0,0.2,0.05,1.1,50.0,0.5,0.5,0.0,500,0.3333333333333333,-0.0013204894972434,beta_estimated_mean,500,0,-4.023118255559745e-05,7.589062981691641e-05,0.0016957455609141,0.2,0.1672854989717574,0.2372891053051739,0.0,0.0002640978994486,2.3645291361131627e-05,-0.0013204894972434,5.405118442602941e-05,0.0001235095104052,False,0.6563142942588924,0.6637825817811839,0.1999999999999394
0,0.2,0.05,1.1,50.0,0.5,0.5,0.0,500,0.3333333333333333,-0.0013204894972434,risk_only,500,0,-6.491866838891388e-05,8.740826531778453e-05,0.0019536316570918,0.238,0.2027590191807921,0.2772361352210613,0.0,0.0003142765003439,2.517390811598423e-05,-0.0013204894972434,5.405118442602941e-05,0.0001235095104052,False,0.6563142942588924,0.6637825817811839,0.23799999999997787
0,0.2,0.05,1.1,50.0,0.5,0.5,0.0,500,0.3333333333333333,-0.0013204894972434,outcome_based,500,0,-0.0004175105027565,0.0005710752716865,0.0127636856362068,0.43,0.3873016475903593,0.4737657600742581,0.038,0.0006179890847099,2.949602014354684e-05,-0.0013204894972434,5.405118442602941e-05,0.0001235095104052,False,0.6563142942588924,0.6637825817811839,0.4679999999999915
0,0.2,0.05,1.1,50.0,0.5,0.5,0.0,500,0.3333333333333333,-0.0013204894972434,beta_known_mean,500,0,-5.434026748283877e-05,5.776900075055041e-05,0.0012916053310051,0.14,0.1123226601878635,0.173166864944454,0.0,0.000184868529614,2.05115236433934e-05,-0.0013204894972434,5.405118442602941e-05,0.0001235095104052,False,0.6563142942588924,0.6637825817811839,0.13999999999994242
0,0.2,0.05,1.1,50.0,0.5,0.5,0.0,500,0.5,-0.000118134186694,beta_estimated_mean,500,0,-7.222425929695443e-06,5.968619319653376e-06,0.0001335243322814,0.164,0.1341289203158717,0.1989946364742914,0.0,1.937400661782935e-05,1.958169968107633e-06,-0.000118134186694,5.405118442602941e-05,0.0001235095104052,False,0.6563142942588924,0.6637825817811839,0.164000000000113
0,0.2,0.05,1.1,50.0,0.5,0.5,0.0,500,0.5,-0.000118134186694,risk_only,500,0,-1.4323040281858122e-05,1.616760157513743e-05,0.0003614407676071,0.334,0.2940638124558771,0.3764674685773583,0.044,4.465472257036278e-05,2.564285727588208e-06,-0.000118134186694,5.405118442602941e-05,0.0001235095104052,False,0.6563142942588924,0.6637825817811839,0.37800000000026057
0,0.2,0.05,1.1,50.0,0.5,0.5,0.0,500,0.5,-0.000118134186694,outcome_based,500,0,3.4134186694081177e-05,0.0001663527410923,0.0037161955199775,0.38,0.3385223307845575,0.423307510926215,0.234,7.2534390630166e-05,2.5745608495134837e-06,-0.000118134186694,5.405118442602941e-05,0.0001235095104052,False,0.6563142942588924,0.6637825817811839,0.6140000000004232
0,0.2,0.05,1.1,50.0,0.5,0.5,0.0,500,0.5,-0.000118134186694,beta_known_mean,500,0,-6.804533924116417e-06,5.414509180514936e-06,0.0001211422288271,0.14,0.1123226601878635,0.173166864944454,0.0,1.65387861371714e-05,1.8350105536825252e-06,-0.000118134186694,5.405118442602941e-05,0.0001235095104052,False,0.6563142942588924,0.6637825817811839,0.1400000000000965
0,0.2,0.05,1.1,50.0,0.5,0.5,0.0,3000,0.0588235294117647,-0.0001448285645434,beta_estimated_mean,500,0,0.0001624501385983,0.0001107460027806,0.0024792063117739,0.538,0.494176845283715,0.581243704841207,0.0,7.791776772436293e-05,3.2323328728956626e-06,-0.0001448285645434,5.405118442602941e-05,0.0001235095104052,False,0.6563142942588924,0.6637825817811839,0.5380000000000948
0,0.2,0.05,1.1,50.0,0.5,0.5,0.0,3000,0.0588235294117647,-0.0001448285645434,risk_only,500,0,0.0001661215124642,0.0001107601772122,0.0024797655066748,0.532,0.48818610813244,0.5753259340780207,0.0,7.704879633710238e-05,3.235062653698798e-06,-0.0001448285645434,5.405118442602941e-05,0.0001235095104052,False,0.6563142942588924,0.6637825817811839,0.5320000000000938
0,0.2,0.05,1.1,50.0,0.5,0.5,0.0,3000,0.0588235294117647,-0.0001448285645434,outcome_based,500,0,5.1286897876735625e-05,4.630869790244053e-05,0.0010357285363946,0.474,0.4305981140734963,0.5177983516305045,0.006,6.951771098084425e-05,3.2391140800248527e-06,-0.0001448285645434,5.405118442602941e-05,0.0001235095104052,False,0.6563142942588924,0.6637825817811839,0.4800000000000846
0,0.2,0.05,1.1,50.0,0.5,0.5,0.0,3000,0.0588235294117647,-0.0001448285645434,beta_known_mean,500,0,-1.1696596624202194e-06,2.6315924344914403e-06,5.879695736703485e-05,0.004,0.0010976305226827,0.014465715215177,0.0,5.793142581737021e-07,4.092263765898044e-07,-0.0001448285645434,5.405118442602941e-05,0.0001235095104052,False,0.6563142942588924,0.6637825817811839,0.004000000000000705
0,0.2,0.05,1.1,50.0,0.5,0.5,0.0,3000,0.1111111111111111,-0.0008863961521738,beta_estimated_mean,500,0,0.000143840035514,0.0001081981871689,0.0024212407896441,0.388,0.3462960293500537,0.4314118229133341,0.0,0.0003439217070434,1.9336112455278145e-05,-0.0008863961521738,5.405118442602941e-05,0.0001235095104052,False,0.6563142942588924,0.6637825817811839,0.3879999999999612
0,0.2,0.05,1.1,50.0,0.5,0.5,0.0,3000,0.1111111111111111,-0.0008863961521738,risk_only,500,0,0.000149041446905,0.0001082294956367,0.0024222534120247,0.39,0.3482413304011046,0.433436024500437,0.0,0.0003456944993478,1.935418153853363e-05,-0.0008863961521738,5.405118442602941e-05,0.0001235095104052,False,0.6563142942588924,0.6637825817811839,0.3900000000000203
0,0.2,0.05,1.1,50.0,0.5,0.5,0.0,3000,0.1111111111111111,-0.0008863961521738,outcome_based,500,0,-0.0002483538478263,0.0001378676342234,0.0030897272423865,0.368,0.3268845483787568,0.4111282775030931,0.004,0.0003297393686086,1.917912903836815e-05,-0.0008863961521738,5.405118442602941e-05,0.0001235095104052,False,0.6563142942588924,0.6637825817811839,0.3719999999999395
0,0.2,0.05,1.1,50.0,0.5,0.5,0.0,3000,0.1111111111111111,-0.0008863961521738,beta_known_mean,500,0,-5.783758357348623e-06,1.5836438647608893e-05,0.0003538065199956,0.004,0.0010976305226827,0.014465715215177,0.0,3.545584608695418e-06,2.504593529051293e-06,-0.0008863961521738,5.405118442602941e-05,0.0001235095104052,False,0.6563142942588924,0.6637825817811839,0.0040000000000002455
0,0.2,0.05,1.1,50.0,0.5,0.5,0.0,3000,0.2,-0.0021931319985467,beta_estimated_mean,500,0,7.478834650438957e-05,8.301876220348587e-05,0.001856006093954,0.118,0.0925930082515064,0.1492319878611194,0.0,0.0002587895758285,3.16730433257013e-05,-0.0021931319985467,5.405118442602941e-05,0.0001235095104052,False,0.6563142942588924,0.6637825817811839,0.11799999999999518
0,0.2,0.05,1.1,50.0,0.5,0.5,0.0,3000,0.2,-0.0021931319985467,risk_only,500,0,6.957967361400676e-05,8.451134541306422e-05,0.0018891222605326,0.13,0.1033206503646345,0.1623213615769141,0.0,0.000285107159811,3.3017622750070633e-05,-0.0021931319985467,5.405118442602941e-05,0.0001235095104052,False,0.6563142942588924,0.6637825817811839,0.12999999999996764
0,0.2,0.05,1.1,50.0,0.5,0.5,0.0,3000,0.2,-0.0021931319985467,outcome_based,500,0,-0.0007320346681199,0.0002806271703122,0.0063113332589342,0.326,0.2863753160352474,0.3682779544453728,0.006,0.0007281198235175,4.623509685324229e-05,-0.0021931319985467,5.405118442602941e-05,0.0001235095104052,False,0.6563142942588924,0.6637825817811839,0.331999999999998
0,0.2,0.05,1.1,50.0,0.5,0.5,0.0,3000,0.2,-0.0021931319985467,beta_known_mean,500,0,-1.4041500562873996e-05,3.904291751557393e-05,0.0008722657384042,0.004,0.0010976305226827,0.014465715215177,0.0,8.772527994187068e-06,6.196895370590694e-06,-0.0021931319985467,5.405118442602941e-05,0.0001235095104052,False,0.6563142942588924,0.6637825817811839,0.004000000000000122
0,0.2,0.05,1.1,50.0,0.5,0.5,0.0,3000,0.3333333333333333,-0.0013204894972434,beta_estimated_mean,500,0,9.035769182278029e-06,3.007550898988625e-05,0.0006718967401201,0.03,0.0182632131979133,0.0489036668359457,0.0,3.961468491730412e-05,1.0083961363034198e-05,-0.0013204894972434,5.405118442602941e-05,0.0001235095104052,False,0.6563142942588924,0.6637825817811839,0.030000000000001602
0,0.2,0.05,1.1,50.0,0.5,0.5,0.0,3000,0.3333333333333333,-0.0013204894972434,risk_only,500,0,1.0823966121308873e-05,3.630687970819663e-05,0.000811106482406,0.054,0.0373743501810575,0.077426561510647,0.0,7.13064328511474e-05,1.336063582990428e-05,-0.0013204894972434,5.405118442602941e-05,0.0001235095104052,False,0.6563142942588924,0.6637825817811839,0.05400000000000288
0,0.2,0.05,1.1,50.0,0.5,0.5,0.0,3000,0.3333333333333333,-0.0013204894972434,outcome_based,500,0,0.0003274894972434,0.0002363508759964,0.0052898256990528,0.428,0.3853417553894058,0.4717561496370578,0.014,0.0005836563577816,2.9357083807516737e-05,-0.0013204894972434,5.405118442602941e-05,0.0001235095104052,False,0.6563142942588924,0.6637825817811839,0.442000000000013
0,0.2,0.05,1.1,50.0,0.5,0.5,0.0,3000,0.3333333333333333,-0.0013204894972434,beta_known_mean,500,0,-8.801280757508443e-06,2.363559740008454e-05,0.0005280526046786,0.004,0.0010976305226827,0.014465715215177,0.0,5.281957988973882e-06,3.731164042020248e-06,-0.0013204894972434,5.405118442602941e-05,0.0001235095104052,False,0.6563142942588924,0.6637825817811839,0.0040000000000002135
0,0.2,0.05,1.1,50.0,0.5,0.5,0.0,3000,0.5,-0.000118134186694,beta_estimated_mean,500,0,-8.432902641106686e-07,2.370768617106224e-06,5.296567296430367e-05,0.006,0.0020425962719602,0.0174902521040533,0.0,7.088051201644884e-07,4.084079056881481e-07,-0.000118134186694,5.405118442602941e-05,0.0001235095104052,False,0.6563142942588924,0.6637825817811839,0.006000000000004135
0,0.2,0.05,1.1,50.0,0.5,0.5,0.0,3000,0.5,-0.000118134186694,risk_only,500,0,-5.321524663537121e-06,7.039495330297129e-06,0.0001573404314945,0.216,0.1821677448541941,0.2541628805279675,0.0,2.5516984325921584e-05,2.176257244322236e-06,-0.000118134186694,5.405118442602941e-05,0.0001235095104052,False,0.6563142942588924,0.6637825817811839,0.21600000000014885
0,0.2,0.05,1.1,50.0,0.5,0.5,0.0,3000,0.5,-0.000118134186694,outcome_based,500,0,3.080085336074807e-05,6.896724557298086e-05,0.0015409194309138,0.456,0.4128448175817547,0.499826124378862,0.078,6.308365569463947e-05,2.638085760492097e-06,-0.000118134186694,5.405118442602941e-05,0.0001235095104052,False,0.6563142942588924,0.6637825817811839,0.534000000000368
0,0.2,0.05,1.1,50.0,0.5,0.5,0.0,3000,0.5,-0.000118134186694,beta_known_mean,500,0,-1.3518058798439944e-06,2.20705483241261e-06,4.932039947872921e-05,0.004,0.0010976305226827,0.014465715215177,0.0,4.725367467763256e-07,3.337989665547435e-07,-0.000118134186694,5.405118442602941e-05,0.0001235095104052,False,0.6563142942588924,0.6637825817811839,0.0040000000000027566
0,0.2,0.05,1.1,50.0,0.5,0.5,0.0,10000,0.0588235294117647,-0.0001448285645434,beta_estimated_mean,500,0,-5.378454692521895e-05,5.548082757857901e-05,0.0012405143165885,0.42,0.3775093512774022,0.4637105431964461,0.0,6.082799710823872e-05,3.1999456010650333e-06,-0.0001448285645434,5.405118442602941e-05,0.0001235095104052,False,0.6563142942588924,0.6637825817811839,0.4200000000000741
0,0.2,0.05,1.1,50.0,0.5,0.5,0.0,10000,0.0588235294117647,-0.0001448285645434,risk_only,500,0,-5.477555454891664e-05,5.543810058803695e-05,0.0012396041613289,0.426,0.3833825783667519,0.4697458240215578,0.0,6.169696849549927e-05,3.206008719344972e-06,-0.0001448285645434,5.405118442602941e-05,0.0001235095104052,False,0.6563142942588924,0.6637825817811839,0.42600000000007504
0,0.2,0.05,1.1,50.0,0.5,0.5,0.0,10000,0.0588235294117647,-0.0001448285645434,outcome_based,500,0,2.172856454365424e-05,2.4237087341629628e-05,0.0005418513592464,0.406,0.3638304421340635,0.4496029338727085,0.006,5.966936859189132e-05,3.191105955445564e-06,-0.0001448285645434,5.405118442602941e-05,0.0001235095104052,False,0.6563142942588924,0.6637825817811839,0.41200000000007264
0,0.2,0.05,1.1,50.0,0.5,0.5,0.0,10000,0.0588235294117647,-0.0001448285645434,beta_known_mean,500,0,8.518453359283584e-07,1.5276445243826113e-06,3.413562419411068e-05,0.0,4.336808689942019e-19,0.0076243404615522,0.0,0.0,0.0,-0.0001448285645434,5.405118442602941e-05,0.0001235095104052,False,0.6563142942588924,0.6637825817811839,0.0
0,0.2,0.05,1.1,50.0,0.5,0.5,0.0,10000,0.1111111111111111,-0.0008863961521738,beta_estimated_mean,500,0,-4.567254438281024e-05,5.5219749551676736e-05,0.0012343610212757,0.204,0.1709982729111479,0.241515336642091,0.0,0.0001808248150434,1.599002736155238e-05,-0.0008863961521738,5.405118442602941e-05,0.0001235095104052,False,0.6563142942588924,0.6637825817811839,0.2039999999999377
0,0.2,0.05,1.1,50.0,0.5,0.5,0.0,10000,0.1111111111111111,-0.0008863961521738,risk_only,500,0,-4.4576633715601e-05,5.547584422101424e-05,0.0012400379643375,0.212,0.1784395042882985,0.2499521158175555,0.0,0.0001879159842608,1.6218423196540517e-05,-0.0008863961521738,5.405118442602941e-05,0.0001235095104052,False,0.6563142942588924,0.6637825817811839,0.21199999999994856
0,0.2,0.05,1.1,50.0,0.5,0.5,0.0,10000,0.1111111111111111,-0.0008863961521738,outcome_based,500,0,-2.260384782590372e-05,7.330041030104258e-05,0.0016375631465494,0.28,0.2424360430412755,0.3209186667618076,0.0,0.0002481909226086,1.7816518912831206e-05,-0.0008863961521738,5.405118442602941e-05,0.0001235095104052,False,0.6563142942588924,0.6637825817811839,0.2799999999999278
0,0.2,0.05,1.1,50.0,0.5,0.5,0.0,10000,0.1111111111111111,-0.0008863961521738,beta_known_mean,500,0,5.084563865345615e-06,9.30826711611992e-06,0.0002079930943697,0.0,4.336808689942019e-19,0.0076243404615522,0.0,0.0,0.0,-0.0008863961521738,5.405118442602941e-05,0.0001235095104052,False,0.6563142942588924,0.6637825817811839,0.0
0,0.2,0.05,1.1,50.0,0.5,0.5,0.0,10000,0.2,-0.0021931319985467,beta_estimated_mean,500,0,-1.77696992145739e-05,4.4974726724905554e-05,0.0010048164300787,0.018,0.009498193296197,0.0338516709087392,0.0,3.947637597384181e-05,1.305288449873087e-05,-0.0021931319985467,5.405118442602941e-05,0.0001235095104052,False,0.6563142942588924,0.6637825817811839,0.018000000000000554
0,0.2,0.05,1.1,50.0,0.5,0.5,0.0,10000,0.2,-0.0021931319985467,risk_only,500,0,-2.3913824412439987e-05,4.50792326616226e-05,0.0010072776888529,0.018,0.009498193296197,0.0338516709087392,0.0,3.947637597384181e-05,1.305288449873087e-05,-0.0021931319985467,5.405118442602941e-05,0.0001235095104052,False,0.6563142942588924,0.6637825817811839,0.018000000000000554
0,0.2,0.05,1.1,50.0,0.5,0.5,0.0,10000,0.2,-0.0021931319985467,outcome_based,500,0,-4.516800145333755e-05,0.0001604955727668,0.0035854840340401,0.27,0.2329485392031058,0.3105586574092084,0.006,0.0006053044315989,4.388724537254167e-05,-0.0021931319985467,5.405118442602941e-05,0.0001235095104052,False,0.6563142942588924,0.6637825817811839,0.27600000000000496
0,0.2,0.05,1.1,50.0,0.5,0.5,0.0,10000,0.2,-0.0021931319985467,beta_known_mean,500,0,1.2107845871443132e-05,2.304914708933604e-05,0.0005150212884173,0.0,4.336808689942019e-19,0.0076243404615522,0.0,0.0,0.0,-0.0021931319985467,5.405118442602941e-05,0.0001235095104052,False,0.6563142942588924,0.6637825817811839,0.0
0,0.2,0.05,1.1,50.0,0.5,0.5,0.0,10000,0.3333333333333333,-0.0013204894972434,beta_estimated_mean,500,0,2.0722934812846763e-06,1.720348729140244e-05,0.0003843023834404,0.0,4.336808689942019e-19,0.0076243404615522,0.0,0.0,0.0,-0.0013204894972434,5.405118442602941e-05,0.0001235095104052,False,0.6563142942588924,0.6637825817811839,0.0
0,0.2,0.05,1.1,50.0,0.5,0.5,0.0,10000,0.3333333333333333,-0.0013204894972434,risk_only,500,0,2.818872117911685e-06,2.08495160228191e-05,0.0004657514389827,0.002,0.0003531363945592,0.0112407067051467,0.0,2.640978994486941e-06,2.640978994486941e-06,-0.0013204894972434,5.405118442602941e-05,0.0001235095104052,False,0.6563142942588924,0.6637825817811839,0.0020000000000001067
0,0.2,0.05,1.1,50.0,0.5,0.5,0.0,10000,0.3333333333333333,-0.0013204894972434,outcome_based,500,0,-3.105027565130786e-07,0.0001271374948833,0.0028400365237813,0.326,0.2863753160352474,0.3682779544453728,0.004,0.0004357615340903,2.779579178642935e-05,-0.0013204894972434,5.405118442602941e-05,0.0001235095104052,False,0.6563142942588924,0.6637825817811839,0.3299999999999833
0,0.2,0.05,1.1,50.0,0.5,0.5,0.0,10000,0.3333333333333333,-0.0013204894972434,beta_known_mean,500,0,7.639046690432225e-06,1.3868638067510844e-05,0.0003098960742511,0.0,4.336808689942019e-19,0.0076243404615522,0.0,0.0,0.0,-0.0013204894972434,5.405118442602941e-05,0.0001235095104052,False,0.6563142942588924,0.6637825817811839,0.0
0,0.2,0.05,1.1,50.0,0.5,0.5,0.0,10000,0.5,-0.000118134186694,beta_estimated_mean,500,0,4.696215247409182e-07,1.351352197042378e-06,3.0190574221794457e-05,0.0,4.336808689942019e-19,0.0076243404615522,0.0,0.0,0.0,-0.000118134186694,5.405118442602941e-05,0.0001235095104052,False,0.6563142942588924,0.6637825817811839,0.0
0,0.2,0.05,1.1,50.0,0.5,0.5,0.0,10000,0.5,-0.000118134186694,risk_only,500,0,2.302219288523926e-06,3.726634936365353e-06,8.327854693840973e-05,0.088,0.0662059844749289,0.1160764720653901,0.0,1.0395808429079164e-05,1.498180286262488e-06,-0.000118134186694,5.405118442602941e-05,0.0001235095104052,False,0.6563142942588924,0.6637825817811839,0.08800000000006064
0,0.2,0.05,1.1,50.0,0.5,0.5,0.0,10000,0.5,-0.000118134186694,outcome_based,500,0,-4.265813305918596e-06,3.728077510439891e-05,0.0008328003585272,0.438,0.3951483440866656,0.4817970741305669,0.054,5.812201985348805e-05,2.6438677687579164e-06,-0.000118134186694,5.405118442602941e-05,0.0001235095104052,False,0.6563142942588924,0.6637825817811839,0.49200000000033906
0,0.2,0.05,1.1,50.0,0.5,0.5,0.0,10000,0.5,-0.000118134186694,beta_known_mean,500,0,6.460023802316227e-07,1.2629247235595055e-06,2.821899659638546e-05,0.0,4.336808689942019e-19,0.0076243404615522,0.0,0.0,0.0,-0.000118134186694,5.405118442602941e-05,0.0001235095104052,False,0.6563142942588924,0.6637825817811839,0.0
1,0.2,0.05,1.1,50.0,0.1,0.1,0.5,500,0.0588235294117647,-0.0004342875367031,beta_estimated_mean,500,0,0.000590260530411,0.0002575573109602,0.0057835936873091,0.5,0.4563412653024843,0.5436587346975157,0.0,0.0002171437683515,9.720690093797272e-06,-0.0001448285645434,0.0015412490330286,0.0026553305819143,False,0.6579915324927065,0.6658647418291153,0.4999999999998849
1,0.2,0.05,1.1,50.0,0.1,0.1,0.5,500,0.0588235294117647,-0.0004342875367031,risk_only,500,0,0.000247157445907,0.000255367365969,0.0057098266271806,0.488,0.4444452370209479,0.5317377471501294,0.0,0.0002119323179111,9.717890131797652e-06,-0.0001448285645434,0.0015412490330286,0.0026553305819143,False,0.6579915324927065,0.6658647418291153,0.4879999999999705
1,0.2,0.05,1.1,50.0,0.1,0.1,0.5,500,0.0588235294117647,-0.0004342875367031,outcome_based,500,0,-0.0001939624632968,0.000159854302949,0.0035761385773859,0.428,0.3853417553894058,0.4717561496370578,0.008,0.0001893493660025,9.640729328632172e-06,-0.0001448285645434,0.0015412490330286,0.0026553305819143,False,0.6579915324927065,0.6658647418291153,0.43599999999988115
1,0.2,0.05,1.1,50.0,0.1,0.1,0.5,500,0.0588235294117647,-0.0004342875367031,beta_known_mean,500,0,0.0002865071081787,5.965871886652752e-06,0.0003159850393508,0.142,0.114129360445696,0.1753296673247754,0.0,6.166883021184866e-05,6.7860164697558925e-06,-0.0001448285645434,0.0015412490330286,0.0026553305819143,False,0.6579915324927065,0.6658647418291153,0.14200000000001947
1,0.2,0.05,1.1,50.0,0.1,0.1,0.5,500,0.1111111111111111,-0.001375218960954,beta_estimated_mean,500,0,0.0007490457530479,0.0002434245995045,0.0054890419771103,0.44,0.397111794441699,0.4838031264136874,0.0,0.0006050963428197,3.0559196463398755e-05,-0.0008863961521738,0.0015412490330286,0.0026553305819143,False,0.6579915324927065,0.6658647418291153,0.4399999999999563
1,0.2,0.05,1.1,50.0,0.1,0.1,0.5,500,0.1111111111111111,-0.001375218960954,risk_only,500,0,0.0002013921677283,0.0002441054644397,0.0054566207685818,0.412,0.369688475931219,0.4556534079900142,0.0,0.000566590211913,3.030113175654761e-05,-0.0008863961521738,0.0015412490330286,0.0026553305819143,False,0.6579915324927065,0.6658647418291153,0.41199999999996506
1,0.2,0.05,1.1,50.0,0.1,0.1,0.5,500,0.1111111111111111,-0.001375218960954,outcome_based,500,0,-0.0002032810390459,0.0003291193774745,0.007354779801655,0.412,0.369688475931219,0.4556534079900142,0.02,0.0005940945911321,3.049563072329817e-05,-0.0008863961521738,0.0015412490330286,0.0026553305819143,False,0.6579915324927065,0.6658647418291153,0.43199999999997957
1,0.2,0.05,1.1,50.0,0.1,0.1,0.5,500,0.1111111111111111,-0.001375218960954,beta_known_mean,500,0,0.00047373834188,3.613437112487999e-05,0.0009359320018494,0.142,0.114129360445696,0.1753296673247754,0.0,0.0001952810924554,2.148866299364513e-05,-0.0008863961521738,0.0015412490330286,0.0026553305819143,False,0.6579915324927065,0.6658647418291153,0.14199999999995055
1,0.2,0.05,1.1,50.0,0.1,0.1,0.5,500,0.2,-0.0023488598638224,beta_estimated_mean,500,0,0.0002815546382027,0.0001740868725392,0.0038989853000952,0.276,0.2386381329433981,0.3167775715833774,0.0,0.0006482853224149,4.700354983539344e-05,-0.0021931319985467,0.0015412490330286,0.0026553305819143,False,0.6579915324927065,0.6658647418291153,0.27599999999996494
1,0.2,0.05,1.1,50.0,0.1,0.1,0.5,500,0.2,-0.0023488598638224,risk_only,500,0,0.0001450030650293,0.0001836875277386,0.0041058298435752,0.286,0.2481400532160928,0.3271231645014515,0.0,0.0006717739210532,4.751589966396851e-05,-0.0021931319985467,0.0015412490330286,0.0026553305819143,False,0.6579915324927065,0.6658647418291153,0.2859999999999973
1,0.2,0.05,1.1,50.0,0.1,0.1,0.5,500,0.2,-0.0023488598638224,outcome_based,500,0,-0.0007581401361776,0.0006500732978558,0.014541314502688,0.396,0.3540817035027573,0.4395041593132456,0.008,0.0009489393849842,5.159654798490888e-05,-0.0021931319985467,0.0015412490330286,0.0026553305819143,False,0.6579915324927065,0.6658647418291153,0.4039999999999789
1,0.2,0.05,1.1,50.0,0.1,0.1,0.5,500,0.2,-0.0023488598638224,beta_known_mean,500,0,0.0001158433813167,8.959771126003519e-05,0.0020048109313973,0.142,0.114129360445696,0.1753296673247754,0.0,0.0003335381006627,3.6702415736010927e-05,-0.0021931319985467,0.0015412490330286,0.0026553305819143,False,0.6579915324927065,0.6658647418291153,0.1419999999999656
1,0.2,0.05,1.1,50.0,0.1,0.1,0.5,500,0.3333333333333333,-0.0008277195711247,beta_estimated_mean,500,0,-0.0004803062120598,6.266818980793376e-05,0.0014800060007415,0.18,0.148804907912759,0.2160746699826344,0.0,0.0001489895228024,1.4235611588444352e-05,-0.0013204894972434,0.0015412490330286,0.0026553305819143,False,0.6579915324927065,0.6658647418291153,0.17999999999994443
1,0.2,0.05,1.1,50.0,0.1,0.1,0.5,500,0.3333333333333333,-0.0008277195711247,risk_only,500,0,3.97613082554901e-05,6.768474935097406e-05,0.0015124854986715,0.306,0.2672134637311363,0.3477447803679459,0.0,0.0002532821887641,1.7075498831518692e-05,-0.0013204894972434,0.0015412490330286,0.0026553305819143,False,0.6579915324927065,0.6658647418291153,0.3059999999999297
1,0.2,0.05,1.1,50.0,0.1,0.1,0.5,500,0.3333333333333333,-0.0008277195711247,outcome_based,500,0,0.0008037195711247,0.0005082947719092,0.0113828550526222,0.508,0.464285816641858,0.5515921939107572,0.028,0.0004436576901228,1.8478824309864417e-05,-0.0013204894972434,0.0015412490330286,0.0026553305819143,False,0.6579915324927065,0.6658647418291153,0.5359999999999526
1,0.2,0.05,1.1,50.0,0.1,0.1,0.5,500,0.3333333333333333,-0.0008277195711247,beta_known_mean,500,0,-0.000515314643214,5.3847095092891496e-05,0.0013085887424367,0.142,0.114129360445696,0.1753296673247754,0.0,0.0001175361790997,1.2933639967271586e-05,-0.0013204894972434,0.0015412490330286,0.0026553305819143,False,0.6579915324927065,0.6658647418291153,0.14199999999999105
1,0.2,0.05,1.1,50.0,0.1,0.1,0.5,500,0.5,-5.929046512396889e-05,beta_estimated_mean,500,0,-6.157641059742388e-05,5.167307609223641e-06,0.0001308261718399,0.146,0.1177487668264692,0.1796492662203097,0.0,8.656407908099459e-06,9.3721654718526e-07,-0.000118134186694,0.0015412490330286,0.0026553305819143,False,0.6579915324927065,0.6658647418291153,0.14600000000000002
1,0.2,0.05,1.1,50.0,0.1,0.1,0.5,500,0.5,-5.929046512396889e-05,risk_only,500,0,3.33903488508511e-06,1.1598826210893065e-05,0.0002591196656368,0.298,0.2595732118784324,0.3395070216680347,0.188,2.881516605024888e-05,1.326582545105442e-06,-0.000118134186694,0.0015412490330286,0.0026553305819143,False,0.6579915324927065,0.6658647418291153,0.486
1,0.2,0.05,1.1,50.0,0.1,0.1,0.5,500,0.5,-5.929046512396889e-05,outcome_based,500,0,-9.270953487603114e-05,0.0001098814810591,0.0024563165630384,0.28,0.2424360430412755,0.3209186667618076,0.368,3.842022140033184e-05,1.2676326574329108e-06,-0.000118134186694,0.0015412490330286,0.0026553305819143,False,0.6579915324927065,0.6658647418291153,0.648
1,0.2,0.05,1.1,50.0,0.1,0.1,0.5,500,0.5,-5.929046512396889e-05,beta_known_mean,500,0,-6.270576643623619e-05,5.0247316482412654e-06,0.0001285718837251,0.142,0.114129360445696,0.1753296673247754,0.0,8.419246047603582e-06,9.264508852478268e-07,-0.000118134186694,0.0015412490330286,0.0026553305819143,False,0.6579915324927065,0.6658647418291153,0.142
1,0.2,0.05,1.1,50.0,0.1,0.1,0.5,3000,0.0588235294117647,-0.0004342875367031,beta_estimated_mean,500,0,0.0002512943774947,0.0001096914686765,0.0024631739272868,0.462,0.418756295158793,0.505823154716285,0.0,0.0002006408419568,9.692576085386796e-06,-0.0001448285645434,0.0015412490330286,0.0026553305819143,False,0.6579915324927065,0.6658647418291153,0.46199999999992586
1,0.2,0.05,1.1,50.0,0.1,0.1,0.5,3000,0.0588235294117647,-0.0004342875367031,risk_only,500,0,-3.804604690927321e-05,0.0001082187410785,0.0024177229299653,0.41,0.3677350694076764,0.453637311875403,0.0,0.0001780578900482,9.561918273259803e-06,-0.0001448285645434,0.0015412490330286,0.0026553305819143,False,0.6579915324927065,0.6658647418291153,0.40999999999983655
1,0.2,0.05,1.1,50.0,0.1,0.1,0.5,3000,0.0588235294117647,-0.0004342875367031,outcome_based,500,0,4.62875367031142e-05,6.549927866362622e-05,0.0014638750401848,0.396,0.3540817035027573,0.4395041593132456,0.0,0.0001719778645344,9.50808718810287e-06,-0.0001448285645434,0.0015412490330286,0.0026553305819143,False,0.6579915324927065,0.6658647418291153,0.3959999999999365
1,0.2,0.05,1.1,50.0,0.1,0.1,0.5,3000,0.0588235294117647,-0.0004342875367031,beta_known_mean,500,0,0.0002894461444843,2.3751065876821366e-06,0.0002942685764348,0.002,0.0003531363945592,0.0112407067051467,0.0,8.685750734063191e-07,8.685750734063192e-07,-0.0001448285645434,0.0015412490330286,0.0026553305819143,False,0.6579915324927065,0.6658647418291153,0.002000000000000274
1,0.2,0.05,1.1,50.0,0.1,0.1,0.5,3000,0.1111111111111111,-0.001375218960954,beta_estimated_mean,500,0,0.0004534634269502,0.0001032915276858,0.0023514952234112,0.326,0.2863753160352474,0.3682779544453728,0.0,0.000448321381271,2.885760782704401e-05,-0.0008863961521738,0.0015412490330286,0.0026553305819143,False,0.6579915324927065,0.6658647418291153,0.32599999999999707
1,0.2,0.05,1.1,50.0,0.1,0.1,0.5,3000,0.1111111111111111,-0.001375218960954,risk_only,500,0,-4.909491832454626e-05,0.0001027721699992,0.0022962812665822,0.264,0.2272678314130519,0.3043308572848008,0.0,0.0003630578056918,2.7137038412096188e-05,-0.0008863961521738,0.0015412490330286,0.0026553305819143,False,0.6579915324927065,0.6658647418291153,0.26399999999995927
1,0.2,0.05,1.1,50.0,0.1,0.1,0.5,3000,0.1111111111111111,-0.001375218960954,outcome_based,500,0,6.455229428711657e-05,0.0001352894881442,0.003022827576005,0.328,0.2882961898405897,0.3703265832781843,0.008,0.0004620735708805,2.907871809314485e-05,-0.0008863961521738,0.0015412490330286,0.0026553305819143,False,0.6579915324927065,0.6658647418291153,0.335999999999968
1,0.2,0.05,1.1,50.0,0.1,0.1,0.5,3000,0.1111111111111111,-0.001375218960954,beta_known_mean,500,0,0.000488352355907,1.4369914777141597e-05,0.0005844046153312,0.002,0.0003531363945592,0.0112407067051467,0.0,2.7504379219080165e-06,2.7504379219080165e-06,-0.0008863961521738,0.0015412490330286,0.0026553305819143,False,0.6579915324927065,0.6658647418291153,0.0020000000000000118
1,0.2,0.05,1.1,50.0,0.1,0.1,0.5,3000,0.2,-0.0023488598638224,beta_estimated_mean,500,0,0.0001326894855274,7.221155154441423e-05,0.0016185320755607,0.086,0.0644731424036077,0.1138398114985575,0.0,0.0002020019482887,2.9480113933103744e-05,-0.0021931319985467,0.0015412490330286,0.0026553305819143,False,0.6579915324927065,0.6658647418291153,0.08599999999998877
1,0.2,0.05,1.1,50.0,0.1,0.1,0.5,3000,0.2,-0.0023488598638224,risk_only,500,0,-7.701272772420858e-06,7.705589677785949e-05,0.0017213155760911,0.092,0.069682723680452,0.1205387381361745,0.0,0.0002160951074716,3.039090773597935e-05,-0.0021931319985467,0.0015412490330286,0.0026553305819143,False,0.6579915324927065,0.6658647418291153,0.09199999999997412
1,0.2,0.05,1.1,50.0,0.1,0.1,0.5,3000,0.2,-0.0023488598638224,outcome_based,500,0,-0.0003013068028442,0.000263791984821,0.005900364836695,0.332,0.2921404418575132,0.3744213365375685,0.006,0.0007939146339719,4.973867124119859e-05,-0.0021931319985467,0.0015412490330286,0.0026553305819143,False,0.6579915324927065,0.6658647418291153,0.3379999999999697
1,0.2,0.05,1.1,50.0,0.1,0.1,0.5,3000,0.2,-0.0023488598638224,beta_known_mean,500,0,0.0001532782928675,3.550061926949203e-05,0.000807701012352,0.002,0.0003531363945592,0.0112407067051467,0.0,4.697719727644823e-06,4.697719727644823e-06,-0.0021931319985467,0.0015412490330286,0.0026553305819143,False,0.6579915324927065,0.6658647418291153,0.00200000000000001
1,0.2,0.05,1.1,50.0,0.1,0.1,0.5,3000,0.3333333333333333,-0.0008277195711247,beta_estimated_mean,500,0,-0.0004979205535681,2.5337437434718064e-05,0.0007538406726948,0.008,0.0031153151800622,0.0203870358341051,0.0,6.621756568998084e-06,3.3009107407025334e-06,-0.0013204894972434,0.0015412490330286,0.0026553305819143,False,0.6579915324927065,0.6658647418291153,0.008000000000000585
1,0.2,0.05,1.1,50.0,0.1,0.1,0.5,3000,0.3333333333333333,-0.0008277195711247,risk_only,500,0,-2.0103922010935208e-05,2.7100647815877237e-05,0.0006057163350845,0.074,0.0541611847510119,0.1003347533222305,0.0,6.125124826323228e-05,9.69961071151308e-06,-0.0013204894972434,0.0015412490330286,0.0026553305819143,False,0.6579915324927065,0.6658647418291153,0.07400000000000541
1,0.2,0.05,1.1,50.0,0.1,0.1,0.5,3000,0.3333333333333333,-0.0008277195711247,outcome_based,500,0,-0.0001382804288752,0.0002079336023546,0.0046469427140993,0.41,0.3677350694076764,0.453637311875403,0.026,0.0003608857330103,1.837450921526127e-05,-0.0013204894972434,0.0015412490330286,0.0026553305819143,False,0.6579915324927065,0.6658647418291153,0.4359999999999164
1,0.2,0.05,1.1,50.0,0.1,0.1,0.5,3000,0.3333333333333333,-0.0008277195711247,beta_known_mean,500,0,-0.0004932907996265,2.143026859667144e-05,0.0006873898185504,0.002,0.0003531363945592,0.0112407067051467,0.0,1.655439142249521e-06,1.655439142249521e-06,-0.0013204894972434,0.0015412490330286,0.0026553305819143,False,0.6579915324927065,0.6658647418291153,0.002000000000000146
1,0.2,0.05,1.1,50.0,0.1,0.1,0.5,3000,0.5,-5.929046512396889e-05,beta_estimated_mean,500,0,-5.919976072272122e-05,2.0543552654413016e-06,7.49037987848013e-05,0.002,0.0003531363945592,0.0112407067051467,0.0,1.1858093024793781e-07,1.1858093024793777e-07,-0.000118134186694,0.0015412490330286,0.0026553305819143,False,0.6579915324927065,0.6658647418291153,0.0020000000000000005
1,0.2,0.05,1.1,50.0,0.1,0.1,0.5,3000,0.5,-5.929046512396889e-05,risk_only,500,0,-2.2914744869063185e-07,4.6759077117707095e-06,0.0001044521175473,0.284,0.2462377719556586,0.325055943123732,0.0,1.6838492095207164e-05,1.196879051311552e-06,-0.000118134186694,0.0015412490330286,0.0026553305819143,False,0.6579915324927065,0.6658647418291153,0.284
1,0.2,0.05,1.1,50.0,0.1,0.1,0.5,3000,0.5,-5.929046512396889e-05,outcome_based,500,0,6.623798457302235e-06,4.8143064093925455e-05,0.0010754549875571,0.42,0.3775093512774022,0.4637105431964461,0.126,3.237259395768702e-05,1.3214746374325551e-06,-0.000118134186694,0.0015412490330286,0.0026553305819143,False,0.6579915324927065,0.6658647418291153,0.546
1,0.2,0.05,1.1,50.0,0.1,0.1,0.5,3000,0.5,-5.929046512396889e-05,beta_known_mean,500,0,-5.897422694548821e-05,1.9806950616845963e-06,7.3726608185793e-05,0.002,0.0003531363945592,0.0112407067051467,0.0,1.1858093024793781e-07,1.1858093024793777e-07,-0.000118134186694,0.0015412490330286,0.0026553305819143,False,0.6579915324927065,0.6658647418291153,0.0020000000000000005
1,0.2,0.05,1.1,50.0,0.1,0.1,0.5,10000,0.0588235294117647,-0.0004342875367031,beta_estimated_mean,500,0,0.0003414270131791,5.971334861749817e-05,0.0013768982253175,0.472,0.4286227347300628,0.5158042283357841,0.0,0.0002049837173238,9.705436083195183e-06,-0.0001448285645434,0.0015412490330286,0.0026553305819143,False,0.6579915324927065,0.6658647418291153,0.4719999999998545
1,0.2,0.05,1.1,50.0,0.1,0.1,0.5,10000,0.0588235294117647,-0.0004342875367031,risk_only,500,0,4.714582913997944e-05,5.881568850029353e-05,0.0013146885756228,0.368,0.3268845483787568,0.4111282775030931,0.0,0.0001598178135067,9.375826059537712e-06,-0.0001448285645434,0.0015412490330286,0.0026553305819143,False,0.6579915324927065,0.6658647418291153,0.36799999999990607
1,0.2,0.05,1.1,50.0,0.1,0.1,0.5,10000,0.0588235294117647,-0.0004342875367031,outcome_based,500,0,3.160003670360223e-05,3.5690271635511094e-05,0.0007978862773218,0.314,0.2748678558360977,0.3559683988155998,0.002,0.0001372348615981,9.038548347121587e-06,-0.0001448285645434,0.0015412490330286,0.0026553305819143,False,0.6579915324927065,0.6658647418291153,0.3159999999998167
1,0.2,0.05,1.1,50.0,0.1,0.1,0.5,10000,0.0588235294117647,-0.0004342875367031,beta_known_mean,500,0,0.0002875845623466,1.3718458443067782e-06,0.0002892126882579,0.0,4.336808689942019e-19,0.0076243404615522,0.0,0.0,0.0,-0.0001448285645434,0.0015412490330286,0.0026553305819143,False,0.6579915324927065,0.6658647418291153,0.0
1,0.2,0.05,1.1,50.0,0.1,0.1,0.5,10000,0.1111111111111111,-0.001375218960954,beta_estimated_mean,500,0,0.0005277104657593,5.725349894388469e-05,0.0013835396427964,0.25,0.214048496747821,0.2897636734829552,0.0,0.0003438047402385,2.6657671679678747e-05,-0.0008863961521738,0.0015412490330286,0.0026553305819143,False,0.6579915324927065,0.6658647418291153,0.25
1,0.2,0.05,1.1,50.0,0.1,0.1,0.5,10000,0.1111111111111111,-0.001375218960954,risk_only,500,0,3.006938617359384e-05,5.671815818190125e-05,0.0012673444489525,0.152,0.1231923926738016,0.1861141482874387,0.0,0.000209033282065,2.210249489247085e-05,-0.0008863961521738,0.0015412490330286,0.0026553305819143,False,0.6579915324927065,0.6658647418291153,0.15199999999999417
1,0.2,0.05,1.1,50.0,0.1,0.1,0.5,10000,0.1111111111111111,-0.001375218960954,outcome_based,500,0,-5.356039045750965e-06,7.59431741181578e-05,0.001696450461708,0.2,0.1672854989717574,0.2372891053051739,0.0,0.0002750437921908,2.46253022723699e-05,-0.0008863961521738,0.0015412490330286,0.0026553305819143,False,0.6579915324927065,0.6658647418291153,0.19999999999999998
1,0.2,0.05,1.1,50.0,0.1,0.1,0.5,10000,0.1111111111111111,-0.001375218960954,beta_known_mean,500,0,0.0004777159543234,8.300821280334176e-06,0.0005124406759277,0.0,4.336808689942019e-19,0.0076243404615522,0.0,0.0,0.0,-0.0008863961521738,0.0015412490330286,0.0026553305819143,False,0.6579915324927065,0.6658647418291153,0.0
1,0.2,0.05,1.1,50.0,0.1,0.1,0.5,10000,0.2,-0.0023488598638224,beta_estimated_mean,500,0,0.0001576504633547,4.218645521583208e-05,0.0009554697658382,0.004,0.0010976305226827,0.014465715215177,0.0,9.395439455289643e-06,6.636918719863821e-06,-0.0021931319985467,0.0015412490330286,0.0026553305819143,False,0.6579915324927065,0.6658647418291153,0.004000000000000018
1,0.2,0.05,1.1,50.0,0.1,0.1,0.5,10000,0.2,-0.0023488598638224,risk_only,500,0,-1.1453665069984924e-05,4.47382297207041e-05,0.0009994419825663,0.004,0.0010976305226827,0.014465715215177,0.0,9.395439455289643e-06,6.636918719863821e-06,-0.0021931319985467,0.0015412490330286,0.0026553305819143,False,0.6579915324927065,0.6658647418291153,0.004000000000000018
1,0.2,0.05,1.1,50.0,0.1,0.1,0.5,10000,0.2,-0.0023488598638224,outcome_based,500,0,0.0001294598638222,0.0001536997707188,0.0034358326496414,0.272,0.2348440922052204,0.3126326070452475,0.006,0.0006529830421426,4.710834325517904e-05,-0.0021931319985467,0.0015412490330286,0.0026553305819143,False,0.6579915324927065,0.6658647418291153,0.2779999999999884
1,0.2,0.05,1.1,50.0,0.1,0.1,0.5,10000,0.2,-0.0023488598638224,beta_known_mean,500,0,0.0001282947638464,2.0498195644697592e-05,0.000475528529901,0.0,4.336808689942019e-19,0.0076243404615522,0.0,0.0,0.0,-0.0021931319985467,0.0015412490330286,0.0026553305819143,False,0.6579915324927065,0.6658647418291153,0.0
1,0.2,0.05,1.1,50.0,0.1,0.1,0.5,10000,0.3333333333333333,-0.0008277195711247,beta_estimated_mean,500,0,-0.0005042331234681,1.5153487721098936e-05,0.0006073182935406,0.0,4.336808689942019e-19,0.0076243404615522,0.0,0.0,0.0,-0.0013204894972434,0.0015412490330286,0.0026553305819143,False,0.6579915324927065,0.6658647418291153,0.0
1,0.2,0.05,1.1,50.0,0.1,0.1,0.5,10000,0.3333333333333333,-0.0008277195711247,risk_only,500,0,6.990608631007075e-06,1.609260133735953e-05,0.0003595494481887,0.008,0.0031153151800622,0.0203870358341051,0.0,6.621756568998084e-06,3.300910740702533e-06,-0.0013204894972434,0.0015412490330286,0.0026553305819143,False,0.6579915324927065,0.6658647418291153,0.008000000000000585
1,0.2,0.05,1.1,50.0,0.1,0.1,0.5,10000,0.3333333333333333,-0.0008277195711247,outcome_based,500,0,0.0001046195711247,0.0001114785976565,0.0024924398979036,0.368,0.3268845483787568,0.4111282775030931,0.014,0.0003161888761696,1.800357989140183e-05,-0.0013204894972434,0.0015412490330286,0.0026553305819143,False,0.6579915324927065,0.6658647418291153,0.3819999999999572
1,0.2,0.05,1.1,50.0,0.1,0.1,0.5,10000,0.3333333333333333,-0.0008277195711247,beta_known_mean,500,0,-0.0005093627625453,1.238019672750568e-05,0.000579596230235,0.0,4.336808689942019e-19,0.0076243404615522,0.0,0.0,0.0,-0.0013204894972434,0.0015412490330286,0.0026553305819143,False,0.6579915324927065,0.6658647418291153,0.0
1,0.2,0.05,1.1,50.0,0.1,0.1,0.5,10000,0.5,-5.929046512396889e-05,beta_estimated_mean,500,0,-6.038342881665923e-05,1.2026971079500825e-06,6.609048465595351e-05,0.0,4.336808689942019e-19,0.0076243404615522,0.0,0.0,0.0,-0.000118134186694,0.0015412490330286,0.0026553305819143,False,0.6579915324927065,0.6658647418291153,0.0
1,0.2,0.05,1.1,50.0,0.1,0.1,0.5,10000,0.5,-5.929046512396889e-05,risk_only,500,0,2.9406959059800974e-07,2.5151182004359884e-06,5.618425436404877e-05,0.134,0.1069150018715208,0.1666660153463354,0.0,7.944922326611831e-06,9.041613319058044e-07,-0.000118134186694,0.0015412490330286,0.0026553305819143,False,0.6579915324927065,0.6658647418291153,0.134
1,0.2,0.05,1.1,50.0,0.1,0.1,0.5,10000,0.5,-5.929046512396889e-05,outcome_based,500,0,2.6090465123968887e-05,2.511447777653312e-05,0.0005616212891,0.46,0.4167851025299866,0.5038248447069378,0.094,3.284691767867877e-05,1.3193405060397091e-06,-0.000118134186694,0.0015412490330286,0.0026553305819143,False,0.6579915324927065,0.6658647418291153,0.554
1,0.2,0.05,1.1,50.0,0.1,0.1,0.5,10000,0.5,-5.929046512396889e-05,beta_known_mean,500,0,-6.048252391418108e-05,1.1420439537702762e-06,6.56426967057933e-05,0.0,4.336808689942019e-19,0.0076243404615522,0.0,0.0,0.0,-0.000118134186694,0.0015412490330286,0.0026553305819143,False,0.6579915324927065,0.6658647418291153,0.0
2,0.2,0.05,1.1,50.0,0.1,0.1,1.0,500,0.0588235294117647,-0.0007237465088629,beta_estimated_mean,500,0,0.0008448786316517,0.0002534547362438,0.0057244416549672,0.502,0.4583263632298622,0.5456431394082917,0.0,0.0003633207474492,1.619954210471412e-05,-0.0001448285645434,0.0030284468816312,0.0051871516534236,False,0.6572348254094391,0.6648979352782041,0.5020000000000334
2,0.2,0.05,1.1,50.0,0.1,0.1,1.0,500,0.0588235294117647,-0.0007237465088629,risk_only,500,0,0.0002455379980715,0.0002450248185268,0.0054789444780785,0.454,0.4108757266738578,0.4978257126486051,0.0,0.0003285809150237,1.613096900813717e-05,-0.0001448285645434,0.0030284468816312,0.0051871516534236,False,0.6572348254094391,0.6648979352782041,0.4539999999999218
2,0.2,0.05,1.1,50.0,0.1,0.1,1.0,500,0.0588235294117647,-0.0007237465088629,outcome_based,500,0,6.899650886294384e-05,0.0001975267729373,0.0044129532861491,0.432,0.3892622537365845,0.4757746565661866,0.01,0.0003198959569174,1.6090311176606465e-05,-0.0001448285645434,0.0030284468816312,0.0051871516534236,False,0.6572348254094391,0.6648979352782041,0.44199999999999745
2,0.2,0.05,1.1,50.0,0.1,0.1,1.0,500,0.0588235294117647,-0.0007237465088629,beta_known_mean,500,0,0.0005847783246965,5.45155442017116e-06,0.0005973237751733,0.132,0.1051167238483199,0.1644947907313825,0.0,9.553453916991296e-05,1.0966878630910009e-05,-0.0001448285645434,0.0030284468816312,0.0051871516534236,False,0.6572348254094391,0.6648979352782041,0.13200000000001405
2,0.2,0.05,1.1,50.0,0.1,0.1,1.0,500,0.1111111111111111,-0.0018640417697341,beta_estimated_mean,500,0,0.0012534358539903,0.0002278348564643,0.0052415220717185,0.444,0.4010408191814197,0.4878131069502743,0.0,0.0008276345457619,4.1460472568997415e-05,-0.0008863961521738,0.0030284468816312,0.0051871516534236,False,0.6572348254094391,0.6648979352782041,0.44399999999997836
2,0.2,0.05,1.1,50.0,0.1,0.1,1.0,500,0.1111111111111111,-0.0018640417697341,risk_only,500,0,0.0002382831762255,0.0002204343828205,0.0049298931144277,0.372,0.3307607484885237,0.4151910826696337,0.0,0.0006934235383411,4.033264082539431e-05,-0.0008863961521738,0.0030284468816312,0.0051871516534236,False,0.6572348254094391,0.6648979352782041,0.37200000000000794
2,0.2,0.05,1.1,50.0,0.1,0.1,1.0,500,0.1111111111111111,-0.0018640417697341,outcome_based,500,0,-0.0001059582302658,0.0003238463415044,0.0072349552276817,0.362,0.3210760441781857,0.4050282737892027,0.006,0.0006859673712621,4.024276527347372e-05,-0.0008863961521738,0.0030284468816312,0.0051871516534236,False,0.6572348254094391,0.6648979352782041,0.3679999999999738
2,0.2,0.05,1.1,50.0,0.1,0.1,1.0,500,0.1111111111111111,-0.0018640417697341,beta_known_mean,500,0,0.001012848685795,3.313007181183819e-05,0.0012544184659782,0.132,0.1051167238483199,0.1644947907313825,0.0,0.0002460535136049,2.824569044724963e-05,-0.0008863961521738,0.0030284468816312,0.0051871516534236,False,0.6572348254094391,0.6648979352782041,0.13199999999999937
2,0.2,0.05,1.1,50.0,0.1,0.1,1.0,500,0.2,-0.002504587729098,beta_estimated_mean,500,0,0.000536555789962,0.0001391454551681,0.0031542446805893,0.256,0.2197077081917188,0.2960129699535187,0.0,0.0006411744586491,4.8931939049639375e-05,-0.0021931319985467,0.0030284468816312,0.0051871516534236,False,0.6572348254094391,0.6648979352782041,0.25600000000000483
2,0.2,0.05,1.1,50.0,0.1,0.1,1.0,500,0.2,-0.002504587729098,risk_only,500,0,0.0002586238554029,0.0001606585740167,0.0035981472765475,0.25,0.214048496747821,0.2897636734829552,0.0,0.0006261469322745,4.854970682554517e-05,-0.0021931319985467,0.0030284468816312,0.0051871516534236,False,0.6572348254094391,0.6648979352782041,0.25
2,0.2,0.05,1.1,50.0,0.1,0.1,1.0,500,0.2,-0.002504587729098,outcome_based,500,0,0.000169587729098,0.0006203048494187,0.013857598457087,0.42,0.3775093512774022,0.4637105431964461,0.012,0.0010819818989703,5.553950655806322e-05,-0.0021931319985467,0.0030284468816312,0.0051871516534236,False,0.6572348254094391,0.6648979352782041,0.4319999999999857
2,0.2,0.05,1.1,50.0,0.1,0.1,1.0,500,0.2,-0.002504587729098,beta_known_mean,500,0,0.0003934431382873,8.219099877412078e-05,0.0018776906780749,0.132,0.1051167238483199,0.1644947907313825,0.0,0.0003306055802409,3.795183715447129e-05,-0.0021931319985467,0.0030284468816312,0.0051871516534236,False,0.6572348254094391,0.6648979352782041,0.13199999999998563
2,0.2,0.05,1.1,50.0,0.1,0.1,1.0,500,0.3333333333333333,-0.000334949645006,beta_estimated_mean,500,0,-0.000906718990949,4.886350341411246e-05,0.0014190041118799,0.11,0.0854914151566031,0.1404555704034076,0.0,3.6844460950665456e-05,4.691595865990446e-06,-0.0013204894972434,0.0030284468816312,0.0051871516534236,False,0.6572348254094391,0.6648979352782041,0.11000000000001628
2,0.2,0.05,1.1,50.0,0.1,0.1,1.0,500,0.3333333333333333,-0.000334949645006,risk_only,500,0,6.953064396098554e-05,3.83332858049027e-05,0.0008591190080246,0.352,0.3114108418907427,0.3948459628858768,0.0,0.0001179022750421,7.1612376073869245e-06,-0.0013204894972434,0.0030284468816312,0.0051871516534236,False,0.6572348254094391,0.6648979352782041,0.3519999999999642
2,0.2,0.05,1.1,50.0,0.1,0.1,1.0,500,0.3333333333333333,-0.000334949645006,outcome_based,500,0,-0.0009230503549939,0.0004437845891004,0.0099562773142301,0.428,0.3853417553894058,0.4717561496370578,0.04,0.0001567564338628,7.481832681589817e-06,-0.0013204894972434,0.0030284468816312,0.0051871516534236,False,0.6572348254094391,0.6648979352782041,0.46799999999997605
2,0.2,0.05,1.1,50.0,0.1,0.1,1.0,500,0.3333333333333333,-0.000334949645006,beta_known_mean,500,0,-0.0009324859646239,4.935362119303114e-05,0.0014439474563599,0.132,0.1051167238483199,0.1644947907313825,0.0,4.421335314079855e-05,5.075467804354128e-06,-0.0013204894972434,0.0030284468816312,0.0051871516534236,False,0.6572348254094391,0.6648979352782041,0.13200000000001955
2,0.2,0.05,1.1,50.0,0.1,0.1,1.0,500,0.5,-4.467435538563357e-07,beta_estimated_mean,500,0,-0.0001129069218117,4.407607089492144e-06,0.0001498066958464,0.112,0.0872628001941022,0.1426536880040623,0.0,5.00352780319096e-08,6.307009949721108e-09,-0.000118134186694,0.0030284468816312,0.0051871516534236,False,0.6572348254094391,0.6648979352782041,0.11199999999999999
2,0.2,0.05,1.1,50.0,0.1,0.1,1.0,500,0.5,-4.467435538563357e-07,risk_only,500,0,6.228786272525932e-07,8.256249634339171e-07,1.8453579905445757e-05,0.02,0.0108991835962108,0.0364201832468793,0.954,4.3512822145607124e-07,3.18254222405805e-09,-0.000118134186694,0.0030284468816312,0.0051871516534236,False,0.6572348254094391,0.6648979352782041,0.9740000000000005
2,0.2,0.05,1.1,50.0,0.1,0.1,1.0,500,0.5,-4.467435538563357e-07,outcome_based,500,0,1.6446743553856332e-05,1.876678941027312e-05,0.0004195408149078,0.026,0.0152563839233272,0.0439714908342242,0.956,4.387021698869218e-07,2.658887843004109e-09,-0.000118134186694,0.0030284468816312,0.0051871516534236,False,0.6572348254094391,0.6648979352782041,0.9820000000000003
2,0.2,0.05,1.1,50.0,0.1,0.1,1.0,500,0.5,-4.467435538563357e-07,beta_known_mean,500,0,-0.000113649570848,4.56082634096522e-06,0.0001526302469147,0.132,0.1051167238483199,0.1644947907313825,0.0,5.8970149109036324e-08,6.769472839296854e-09,-0.000118134186694,0.0030284468816312,0.0051871516534236,False,0.6572348254094391,0.6648979352782041,0.13200000000000003
2,0.2,0.05,1.1,50.0,0.1,0.1,1.0,3000,0.0588235294117647,-0.0007237465088629,beta_estimated_mean,500,0,0.0005439829251924,0.0001067827605056,0.0024465882031041,0.466,0.4227007774569098,0.5098176776944758,0.0,0.0003372658731301,1.616217466482921e-05,-0.0001448285645434,0.0030284468816312,0.0051871516534236,False,0.6572348254094391,0.6648979352782041,0.46599999999998426
2,0.2,0.05,1.1,50.0,0.1,0.1,1.0,3000,0.0588235294117647,-0.0007237465088629,risk_only,500,0,-2.492475051247489e-05,0.0001033570134633,0.0023089553237314,0.364,0.3230114359189264,0.4070623846866158,0.0,0.0002634437292261,1.5588899552562593e-05,-0.0001448285645434,0.0030284468816312,0.0051871516534236,False,0.6572348254094391,0.6648979352782041,0.3640000000000061
2,0.2,0.05,1.1,50.0,0.1,0.1,1.0,3000,0.0588235294117647,-0.0007237465088629,outcome_based,500,0,0.0001527048421962,7.644234146071864e-05,0.0017144069298917,0.354,0.3133423051969017,0.3968840022178716,0.014,0.0002663387152615,1.5624950763749544e-05,-0.0001448285645434,0.0030284468816312,0.0051871516534236,False,0.6572348254094391,0.6648979352782041,0.3679999999999348
2,0.2,0.05,1.1,50.0,0.1,0.1,1.0,3000,0.0588235294117647,-0.0007237465088629,beta_known_mean,500,0,0.0005793945730005,2.26465727187628e-06,0.00058159889858,0.004,0.0010976305226827,0.014465715215177,0.0,2.8949860354519074e-06,2.045012061848552e-06,-0.0001448285645434,0.0030284468816312,0.0051871516534236,False,0.6572348254094391,0.6648979352782041,0.004000000000000425
2,0.2,0.05,1.1,50.0,0.1,0.1,1.0,3000,0.1111111111111111,-0.0018640417697341,beta_estimated_mean,500,0,0.0009464050282806,9.552495190498526e-05,0.0023343233879099,0.33,0.2902178997291812,0.3723743760277467,0.0,0.0006151337840122,3.923735631437962e-05,-0.0008863961521738,0.0030284468816312,0.0051871516534236,False,0.6572348254094391,0.6648979352782041,0.3299999999999716
2,0.2,0.05,1.1,50.0,0.1,0.1,1.0,3000,0.1111111111111111,-0.0018640417697341,risk_only,500,0,-1.607211800936567e-05,9.161069327233763e-05,0.0020464909857545,0.172,0.1414541198436514,0.2075474474991268,0.0,0.0003206151843942,3.149087723792366e-05,-0.0008863961521738,0.0030284468816312,0.0051871516534236,False,0.6572348254094391,0.6648979352782041,0.17199999999996504
2,0.2,0.05,1.1,50.0,0.1,0.1,1.0,3000,0.1111111111111111,-0.0018640417697341,outcome_based,500,0,0.0003466251030672,0.0001283878907772,0.0028888389987485,0.288,0.250043271115854,0.3291894492398441,0.002,0.0005405721132229,3.786461456406943e-05,-0.0008863961521738,0.0030284468816312,0.0051871516534236,False,0.6572348254094391,0.6648979352782041,0.2900000000000059
2,0.2,0.05,1.1,50.0,0.1,0.1,1.0,3000,0.1111111111111111,-0.0018640417697341,beta_known_mean,500,0,0.0009802629373707,1.3746182044563762e-05,0.0010272318283927,0.004,0.0010976305226827,0.014465715215177,0.0,7.456167078936648e-06,5.2670207817438826e-06,-0.0008863961521738,0.0030284468816312,0.0051871516534236,False,0.6572348254094391,0.6648979352782041,0.004000000000000134
2,0.2,0.05,1.1,50.0,0.1,0.1,1.0,3000,0.2,-0.002504587729098,beta_estimated_mean,500,0,0.0002969804665506,5.723527630197743e-05,0.0013125775966932,0.044,0.0292339556286071,0.0657194428723284,0.0,0.0001102018600803,2.299541544078157e-05,-0.0021931319985467,0.0030284468816312,0.0051871516534236,False,0.6572348254094391,0.6648979352782041,0.04399999999999521
2,0.2,0.05,1.1,50.0,0.1,0.1,1.0,3000,0.2,-0.002504587729098,risk_only,500,0,5.220611785138051e-07,6.620082360280832e-05,0.0014788144732681,0.052,0.0357302651157052,0.0751011439378455,0.0,0.000130238561913,2.489383554464256e-05,-0.0021931319985467,0.0030284468816312,0.0051871516534236,False,0.6572348254094391,0.6648979352782041,0.05199999999996168
2,0.2,0.05,1.1,50.0,0.1,0.1,1.0,3000,0.2,-0.002504587729098,outcome_based,500,0,0.0004299210624313,0.0002566335784482,0.0057488579839758,0.362,0.3210760441781857,0.4050282737892027,0.008,0.0009266974597662,5.41323788285221e-05,-0.0021931319985467,0.0030284468816312,0.0051871516534236,False,0.6572348254094391,0.6648979352782041,0.36999999999997607
2,0.2,0.05,1.1,50.0,0.1,0.1,1.0,3000,0.2,-0.002504587729098,beta_known_mean,500,0,0.0003168967638468,3.399106624846108e-05,0.0008227784991755,0.004,0.0010976305226827,0.014465715215177,0.0,1.0018350916392191e-05,7.076942069136926e-06,-0.0021931319985467,0.0030284468816312,0.0051871516534236,False,0.6572348254094391,0.6648979352782041,0.004000000000000076
2,0.2,0.05,1.1,50.0,0.1,0.1,1.0,3000,0.3333333333333333,-0.000334949645006,beta_estimated_mean,500,0,-0.0009847967362248,1.9795982065995195e-05,0.0010795245174389,0.002,0.0003531363945592,0.0112407067051467,0.0,6.698992900120992e-07,6.698992900120992e-07,-0.0013204894972434,0.0030284468816312,0.0051871516534236,False,0.6572348254094391,0.6648979352782041,0.0020000000000002962
2,0.2,0.05,1.1,50.0,0.1,0.1,1.0,3000,0.3333333333333333,-0.000334949645006,risk_only,500,0,-2.1994594871725128e-05,1.512329568383321e-05,0.000338544065524,0.142,0.114129360445696,0.1753296673247754,0.0,4.7562849590859046e-05,5.233799304499834e-06,-0.0013204894972434,0.0030284468816312,0.0051871516534236,False,0.6572348254094391,0.6648979352782041,0.14200000000002103
2,0.2,0.05,1.1,50.0,0.1,0.1,1.0,3000,0.3333333333333333,-0.000334949645006,outcome_based,500,0,0.000224949645006,0.0001854523797915,0.0041487952881274,0.49,0.4464261747403093,0.5337263120689218,0.018,0.000170154419663,7.496243004420393e-06,-0.0013204894972434,0.0030284468816312,0.0051871516534236,False,0.6572348254094391,0.6648979352782041,0.5079999999998567
2,0.2,0.05,1.1,50.0,0.1,0.1,1.0,3000,0.3333333333333333,-0.000334949645006,beta_known_mean,500,0,-0.0009814976915194,2.0491864578231115e-05,0.0010829940253253,0.004,0.0010976305226827,0.014465715215177,0.0,1.3397985800241985e-06,9.46430906071486e-07,-0.0013204894972434,0.0030284468816312,0.0051871516534236,False,0.6572348254094391,0.6648979352782041,0.0040000000000005925
2,0.2,0.05,1.1,50.0,0.1,0.1,1.0,3000,0.5,-4.467435538563357e-07,beta_estimated_mean,500,0,-0.0001174291488696,1.7873565006013064e-06,0.000124031173465,0.004,0.0010976305226827,0.014465715215177,0.0,1.7869742154253426e-09,1.2623148367576596e-09,-0.000118134186694,0.0030284468816312,0.0051871516534236,False,0.6572348254094391,0.6648979352782041,0.003999999999999999
2,0.2,0.05,1.1,50.0,0.1,0.1,1.0,3000,0.5,-4.467435538563357e-07,risk_only,500,0,-4.419351707016142e-07,4.075567388652813e-07,9.114847881174983e-06,0.112,0.0872628001941022,0.1426536880040623,0.728,3.752645852393221e-07,7.331750141888532e-09,-0.000118134186694,0.0030284468816312,0.0051871516534236,False,0.6572348254094391,0.6648979352782041,0.8400000000000003
2,0.2,0.05,1.1,50.0,0.1,0.1,1.0,3000,0.5,-4.467435538563357e-07,outcome_based,500,0,-8.86589779476997e-07,7.951982369369356e-06,0.0001776360431309,0.12,0.0943749001263691,0.1514195986244106,0.758,3.922408402858629e-07,6.545384974653273e-09,-0.000118134186694,0.0030284468816312,0.0051871516534236,False,0.6572348254094391,0.6648979352782041,0.8780000000000003
2,0.2,0.05,1.1,50.0,0.1,0.1,1.0,3000,0.5,-4.467435538563357e-07,beta_known_mean,500,0,-0.0001174000999966,1.8801202611091456e-06,0.000124686305283,0.004,0.0010976305226827,0.014465715215177,0.0,1.7869742154253426e-09,1.2623148367576596e-09,-0.000118134186694,0.0030284468816312,0.0051871516534236,False,0.6572348254094391,0.6648979352782041,0.003999999999999999
2,0.2,0.05,1.1,50.0,0.1,0.1,1.0,10000,0.0588235294117647,-0.0007237465088629,beta_estimated_mean,500,0,0.0005625013940435,6.126181688986541e-05,0.0014795809921785,0.452,0.4089073378092892,0.49582459887502,0.0,0.000327133422006,1.6124850829086798e-05,-0.0001448285645434,0.0030284468816312,0.0051871516534236,False,0.6572348254094391,0.6648979352782041,0.45199999999995744
2,0.2,0.05,1.1,50.0,0.1,0.1,1.0,10000,0.0588235294117647,-0.0007237465088629,risk_only,500,0,-1.9995912128293323e-05,5.916693605035827e-05,0.0013218404862062,0.282,0.2443364332272433,0.3229877792139934,0.0,0.0002040965154993,1.4578840524253715e-05,-0.0001448285645434,0.0030284468816312,0.0051871516534236,False,0.6572348254094391,0.6648979352782041,0.2819999999999478
2,0.2,0.05,1.1,50.0,0.1,0.1,1.0,10000,0.0588235294117647,-0.0007237465088629,outcome_based,500,0,-7.344099113639068e-05,4.050013327173012e-05,0.0009076804040509,0.19,0.1580273788297291,0.2266997122564333,0.006,0.0001418543157371,1.2861519160952829e-05,-0.0001448285645434,0.0030284468816312,0.0051871516534236,False,0.6572348254094391,0.6648979352782041,0.19599999999996076
2,0.2,0.05,1.1,50.0,0.1,0.1,1.0,10000,0.0588235294117647,-0.0007237465088629,beta_known_mean,500,0,0.0005786345807433,1.2234285967401746e-06,0.000579279612985,0.0,4.336808689942019e-19,0.0076243404615522,0.0,0.0,0.0,-0.0001448285645434,0.0030284468816312,0.0051871516534236,False,0.6572348254094391,0.6648979352782041,0.0
2,0.2,0.05,1.1,50.0,0.1,0.1,1.0,10000,0.1111111111111111,-0.0018640417697341,beta_estimated_mean,500,0,0.0009608421287663,5.5481421774944485e-05,0.001568194340423,0.228,0.1933817691150006,0.2667658720960837,0.0,0.0004250015234993,3.50091398609139e-05,-0.0008863961521738,0.0030284468816312,0.0051871516534236,False,0.6572348254094391,0.6648979352782041,0.22799999999995987
2,0.2,0.05,1.1,50.0,0.1,0.1,1.0,10000,0.1111111111111111,-0.0018640417697341,risk_only,500,0,-2.0006239537862403e-05,5.312206402807021e-05,0.0011868256566299,0.058,0.0406837291117572,0.0820561878562549,0.0,0.0001081144226445,1.9504948826651757e-05,-0.0008863961521738,0.0030284468816312,0.0051871516534236,False,0.6572348254094391,0.6648979352782041,0.057999999999958265
2,0.2,0.05,1.1,50.0,0.1,0.1,1.0,10000,0.1111111111111111,-0.0018640417697341,outcome_based,500,0,-7.323323026563652e-05,6.656186210378838e-05,0.001488681755074,0.106,0.0819570502729703,0.1360509300107328,0.0,0.0001975884275918,2.5687808744505027e-05,-0.0008863961521738,0.0030284468816312,0.0051871516534236,False,0.6572348254094391,0.6648979352782041,0.10599999999999217
2,0.2,0.05,1.1,50.0,0.1,0.1,1.0,10000,0.1111111111111111,-0.0018640417697341,beta_known_mean,500,0,0.0009756172247244,7.410614606829149e-06,0.0009895618507176,0.0,4.336808689942019e-19,0.0076243404615522,0.0,0.0,0.0,-0.0008863961521738,0.0030284468816312,0.0051871516534236,False,0.6572348254094391,0.6648979352782041,0.0
2,0.2,0.05,1.1,50.0,0.1,0.1,1.0,10000,0.2,-0.002504587729098,beta_estimated_mean,500,0,0.000296957891835,3.423012071023375e-05,0.0008202821894189,0.0,4.336808689942019e-19,0.0076243404615522,0.0,0.0,0.0,-0.0021931319985467,0.0030284468816312,0.0051871516534236,False,0.6572348254094391,0.6648979352782041,0.0
2,0.2,0.05,1.1,50.0,0.1,0.1,1.0,10000,0.2,-0.002504587729098,risk_only,500,0,-1.4874670643836616e-05,3.943328699623136e-05,0.0008809984865861,0.002,0.0003531363945592,0.0112407067051467,0.0,5.0091754581960966e-06,5.009175458196096e-06,-0.0021931319985467,0.0030284468816312,0.0051871516534236,False,0.6572348254094391,0.6648979352782041,0.0020000000000000386
2,0.2,0.05,1.1,50.0,0.1,0.1,1.0,10000,0.2,-0.002504587729098,outcome_based,500,0,3.828772909780215e-05,0.0001367880314614,0.0030558530331481,0.21,0.1765772705084025,0.2478448469592978,0.0,0.0005259634231105,4.566770307627135e-05,-0.0021931319985467,0.0030284468816312,0.0051871516534236,False,0.6572348254094391,0.6648979352782041,0.2099999999999681
2,0.2,0.05,1.1,50.0,0.1,0.1,1.0,10000,0.2,-0.002504587729098,beta_known_mean,500,0,0.0003059172321138,1.830442127946473e-05,0.000510662530693,0.0,4.336808689942019e-19,0.0076243404615522,0.0,0.0,0.0,-0.0021931319985467,0.0030284468816312,0.0051871516534236,False,0.6572348254094391,0.6648979352782041,0.0
2,0.2,0.05,1.1,50.0,0.1,0.1,1.0,10000,0.3333333333333333,-0.000334949645006,beta_estimated_mean,500,0,-0.0009905770453579,1.1421088000752975e-05,0.0010229042316362,0.0,4.336808689942019e-19,0.0076243404615522,0.0,0.0,0.0,-0.0013204894972434,0.0030284468816312,0.0051871516534236,False,0.6572348254094391,0.6648979352782041,0.0
2,0.2,0.05,1.1,50.0,0.1,0.1,1.0,10000,0.3333333333333333,-0.000334949645006,risk_only,500,0,-4.070447139469676e-06,8.913486884366758e-06,0.0001991538162083,0.032,0.0197915136265711,0.0513448690454417,0.0,1.0718388640193588e-05,2.639015353142762e-06,-0.0013204894972434,0.0030284468816312,0.0051871516534236,False,0.6572348254094391,0.6648979352782041,0.03200000000000474
2,0.2,0.05,1.1,50.0,0.1,0.1,1.0,10000,0.3333333333333333,-0.000334949645006,outcome_based,500,0,5.854964500604804e-05,0.0001004601940131,0.0022448744064936,0.452,0.4089073378092892,0.49582459887502,0.01,0.0001547467359927,7.475519430375617e-06,-0.0013204894972434,0.0030284468816312,0.0051871516534236,False,0.6572348254094391,0.6648979352782041,0.461999999999785
2,0.2,0.05,1.1,50.0,0.1,0.1,1.0,10000,0.3333333333333333,-0.000334949645006,beta_known_mean,500,0,-0.0009884733441472,1.1051185301318152e-05,0.0010188335348206,0.0,4.336808689942019e-19,0.0076243404615522,0.0,0.0,0.0,-0.0013204894972434,0.0030284468816312,0.0051871516534236,False,0.6572348254094391,0.6648979352782041,0.0
2,0.2,0.05,1.1,50.0,0.1,0.1,1.0,10000,0.5,-4.467435538563357e-07,beta_estimated_mean,500,0,-0.0001180090926083,9.88500446050658e-07,0.0001200572170718,0.0,4.336808689942019e-19,0.0076243404615522,0.0,0.0,0.0,-0.000118134186694,0.0030284468816312,0.0051871516534236,False,0.6572348254094391,0.6648979352782041,0.0
2,0.2,0.05,1.1,50.0,0.1,0.1,1.0,10000,0.5,-4.467435538563357e-07,risk_only,500,0,2.1021521389446286e-09,1.988765233491699e-07,4.442565510741583e-06,0.272,0.2348440922052204,0.3126326070452475,0.378,2.903833100066183e-07,9.538909366843968e-09,-0.000118134186694,0.0030284468816312,0.0051871516534236,False,0.6572348254094391,0.6648979352782041,0.6500000000000002
2,0.2,0.05,1.1,50.0,0.1,0.1,1.0,10000,0.5,-4.467435538563357e-07,outcome_based,500,0,2.646743553856335e-06,4.288017512601453e-06,9.582361531188374e-05,0.26,0.2234857231853828,0.3001739602361623,0.482,3.314837169614012e-07,8.750237231287111e-09,-0.000118134186694,0.0030284468816312,0.0051871516534236,False,0.6572348254094391,0.6648979352782041,0.7420000000000003
2,0.2,0.05,1.1,50.0,0.1,0.1,1.0,10000,0.5,-4.467435538563357e-07,beta_known_mean,500,0,-0.0001179230739537,1.0168636048957516e-06,0.0001200908953859,0.0,4.336808689942019e-19,0.0076243404615522,0.0,0.0,0.0,-0.000118134186694,0.0030284468816312,0.0051871516534236,False,0.6572348254094391,0.6648979352782041,0.0
3,0.2,0.05,1.1,50.0,0.1,0.5,0.5,500,0.0588235294117647,0.0011966668056998,beta_estimated_mean,500,0,-0.001984704368394,0.000254221570929,0.0060157066405876,0.556,0.5121868930497259,0.5989591808185805,0.0,0.0006653467439691,2.66165555287016e-05,-0.0001448285645434,0.0015412490330286,6.224025640610975e-05,True,0.6579915324927065,0.6654994588889998,0.5560000000000094
3,0.2,0.05,1.1,50.0,0.1,0.5,0.5,500,0.0588235294117647,0.0011966668056998,risk_only,500,0,-0.0006489535016437,0.0002540579836715,0.0057122083927204,0.472,0.4286227347300628,0.5158042283357841,0.0,0.0005648267322903,2.674304974019941e-05,-0.0001448285645434,0.0015412490330286,6.224025640610975e-05,True,0.6579915324927065,0.6654994588889998,0.4719999999999953
3,0.2,0.05,1.1,50.0,0.1,0.5,0.5,500,0.0588235294117647,0.0011966668056998,outcome_based,500,0,-6.216680569978952e-05,0.0001259525608917,0.0028142538019394,0.298,0.2595732118784324,0.3395070216680347,0.026,0.0003566067080985,2.450189416466436e-05,-0.0001448285645434,0.0015412490330286,6.224025640610975e-05,True,0.6579915324927065,0.6654994588889998,0.29799999999996624
3,0.2,0.05,1.1,50.0,0.1,0.5,0.5,500,0.0588235294117647,0.0011966668056998,beta_known_mean,500,0,-0.0013451023112555,5.953089003989411e-06,0.0013516598768998,0.87,0.8376786384230859,0.8966793496353656,0.0,0.0010411001209588,1.8015829952009742e-05,-0.0001448285645434,0.0015412490330286,6.224025640610975e-05,True,0.6579915324927065,0.6654994588889998,0.8699999999999782
3,0.2,0.05,1.1,50.0,0.1,0.5,0.5,500,0.1111111111111111,0.0027594621597691,beta_estimated_mean,500,0,-0.0042486446819892,0.0002434072443911,0.0069003824428955,0.614,0.5706131270887722,0.6556485232859939,0.0,0.0016943097660982,6.0138419208429694e-05,-0.0008863961521738,0.0015412490330286,6.224025640610975e-05,True,0.6579915324927065,0.6654994588889998,0.61399999999999
3,0.2,0.05,1.1,50.0,0.1,0.5,0.5,500,0.1111111111111111,0.0027594621597691,risk_only,500,0,-0.0006108367143412,0.0002475419196419,0.0055633034682308,0.36,0.3191414324050707,0.402993382924164,0.0,0.0009934063775168,5.929463603062216e-05,-0.0008863961521738,0.0015412490330286,6.224025640610975e-05,True,0.6579915324927065,0.6654994588889998,0.35999999999997245
3,0.2,0.05,1.1,50.0,0.1,0.5,0.5,500,0.1111111111111111,0.0027594621597691,outcome_based,500,0,-0.0001839621597692,0.0003410057467824,0.0076197123847442,0.366,0.3249476048822134,0.4090957183614825,0.016,0.0010099631504755,5.950580597091735e-05,-0.0008863961521738,0.0015412490330286,6.224025640610975e-05,True,0.6579915324927065,0.6654994588889998,0.3660000000000034
3,0.2,0.05,1.1,50.0,0.1,0.5,0.5,500,0.1111111111111111,0.0027594621597691,beta_known_mean,500,0,-0.0036649644548966,3.588009640752498e-05,0.0037515820307497,0.87,0.8376786384230859,0.8966793496353656,0.0,0.0024007320789991,4.154372862405252e-05,-0.0008863961521738,0.0015412490330286,6.224025640610975e-05,True,0.6579915324927065,0.6654994588889998,0.8699999999999938
3,0.2,0.05,1.1,50.0,0.1,0.5,0.5,500,0.2,-0.0038069378750148,beta_estimated_mean,500,0,0.0012135347999137,0.0001785989073919,0.00417007841673,0.25,0.214048496747821,0.2897636734829552,0.0,0.0009517344687537,7.379486675102129e-05,-0.0021931319985467,0.0015412490330286,6.224025640610975e-05,False,0.6579915324927065,0.6654994588889998,0.25
3,0.2,0.05,1.1,50.0,0.1,0.5,0.5,500,0.2,-0.0038069378750148,risk_only,500,0,-0.0004530546841453,0.0001870355405486,0.0042025495794291,0.156,0.126830791403845,0.1904147548337029,0.0,0.0005938823085023,6.183851322443744e-05,-0.0021931319985467,0.0015412490330286,6.224025640610975e-05,False,0.6579915324927065,0.6654994588889998,0.1559999999999977
3,0.2,0.05,1.1,50.0,0.1,0.5,0.5,500,0.2,-0.0038069378750148,outcome_based,500,0,-9.062124985175723e-06,0.0006669076545064,0.0148975912859129,0.374,0.3326999999948793,0.4172213338014318,0.018,0.0014923196470058,8.319942790403283e-05,-0.0021931319985467,0.0015412490330286,6.224025640610975e-05,False,0.6579915324927065,0.6654994588889998,0.39199999999999957
3,0.2,0.05,1.1,50.0,0.1,0.5,0.5,500,0.2,-0.0038069378750148,beta_known_mean,500,0,0.0015641062520002,8.870720754512683e-05,0.0025244888064919,0.13,0.1033206503646345,0.1623213615769141,0.0,0.0004949019237519,5.731348531391853e-05,-0.0021931319985467,0.0015412490330286,6.224025640610975e-05,False,0.6579915324927065,0.6654994588889998,0.1299999999999937
3,0.2,0.05,1.1,50.0,0.1,0.5,0.5,500,0.3333333333333333,-0.0025367031021036,beta_estimated_mean,500,0,0.0011079836928547,6.490034946386212e-05,0.0018246762695166,0.174,0.1432894720810641,0.2096815978998678,0.0,0.000441386339766,4.305107644558416e-05,-0.0013204894972434,0.0015412490330286,6.224025640610975e-05,False,0.6579915324927065,0.6654994588889998,0.1739999999999896
3,0.2,0.05,1.1,50.0,0.1,0.5,0.5,500,0.3333333333333333,-0.0025367031021036,risk_only,500,0,-8.43517406088546e-05,7.541973478887889e-05,0.0016868595903514,0.066,0.0473785263597738,0.0912394011608535,0.0,0.0001674224047388,2.8194524399615777e-05,-0.0013204894972434,0.0015412490330286,6.224025640610975e-05,False,0.6579915324927065,0.6654994588889998,0.06599999999998518
3,0.2,0.05,1.1,50.0,0.1,0.5,0.5,500,0.3333333333333333,-0.0025367031021036,outcome_based,500,0,0.0008307031021036,0.0005806836617557,0.012998062611168,0.43,0.3873016475903593,0.4737657600742581,0.03,0.0011668834269676,5.659722825539512e-05,-0.0013204894972434,0.0015412490330286,6.224025640610975e-05,False,0.6579915324927065,0.6654994588889998,0.459999999999978
3,0.2,0.05,1.1,50.0,0.1,0.5,0.5,500,0.3333333333333333,-0.0025367031021036,beta_known_mean,500,0,0.0011876659492049,5.351639331976677e-05,0.0016851375550752,0.13,0.1033206503646345,0.1623213615769141,0.0,0.0003297714032734,3.8190088927475584e-05,-0.0013204894972434,0.0015412490330286,6.224025640610975e-05,False,0.6579915324927065,0.6654994588889998,0.1299999999999732
3,0.2,0.05,1.1,50.0,0.1,0.5,0.5,500,0.5,-6.651144731710336e-05,beta_estimated_mean,500,0,-5.969211588863457e-05,5.345358468687481e-06,0.0001334953348304,0.142,0.114129360445696,0.1753296673247754,0.0,9.444625519028676e-06,1.039283283023768e-06,-0.000118134186694,0.0015412490330286,6.224025640610975e-05,False,0.6579915324927065,0.6654994588889998,0.14199999999999996
3,0.2,0.05,1.1,50.0,0.1,0.5,0.5,500,0.5,-6.651144731710336e-05,risk_only,500,0,2.8961242515956468e-06,1.1869338460238271e-05,0.000265156753793,0.304,0.2653020630572646,0.3456866784036638,0.176,3.192549471220962e-05,1.4875391892948269e-06,-0.000118134186694,0.0015412490330286,6.224025640610975e-05,False,0.6579915324927065,0.6654994588889998,0.48000000000000004
3,0.2,0.05,1.1,50.0,0.1,0.5,0.5,500,0.5,-6.651144731710336e-05,outcome_based,500,0,0.0001105114473171,0.0001177448755208,0.0026325418857044,0.328,0.2882961898405897,0.3703265832781843,0.342,4.456266970245926e-05,1.4000401706333316e-06,-0.000118134186694,0.0015412490330286,6.224025640610975e-05,False,0.6579915324927065,0.6654994588889998,0.67
3,0.2,0.05,1.1,50.0,0.1,0.5,0.5,500,0.5,-6.651144731710336e-05,beta_known_mean,500,0,-5.600116003072063e-05,5.023368719531857e-06,0.0001254113724415,0.13,0.1033206503646345,0.1623213615769141,0.0,8.646488151223438e-06,1.0013304614279866e-06,-0.000118134186694,0.0015412490330286,6.224025640610975e-05,False,0.6579915324927065,0.6654994588889998,0.13
3,0.2,0.05,1.1,50.0,0.1,0.5,0.5,3000,0.0588235294117647,0.0011966668056998,beta_estimated_mean,500,0,-0.0012836508252215,0.0001069070555392,0.002711252401493,0.494,0.4503901309190321,0.5377013611665066,0.0,0.0005911534020157,2.678315313198521e-05,-0.0001448285645434,0.0015412490330286,6.224025640610975e-05,True,0.6579915324927065,0.6654994588889998,0.493999999999999
3,0.2,0.05,1.1,50.0,0.1,0.5,0.5,3000,0.0588235294117647,0.0011966668056998,risk_only,500,0,6.225985000732681e-05,0.000106473600897,0.0023792548214151,0.296,0.2576653952306019,0.3374453356777114,0.0,0.0003542133744871,2.4454295544493213e-05,-0.0001448285645434,0.0015412490330286,6.224025640610975e-05,True,0.6579915324927065,0.6654994588889998,0.2959999999999659
3,0.2,0.05,1.1,50.0,0.1,0.5,0.5,3000,0.0588235294117647,0.0011966668056998,outcome_based,500,0,6.120819430028585e-05,5.108417973774108e-05,0.0011427745006644,0.138,0.1105180088988837,0.1710020135952801,0.002,0.0001651400191865,1.8476348598888285e-05,-0.0001448285645434,0.0015412490330286,6.224025640610975e-05,True,0.6579915324927065,0.6654994588889998,0.1379999999999395
3,0.2,0.05,1.1,50.0,0.1,0.5,0.5,3000,0.0588235294117647,0.0011966668056998,beta_known_mean,500,0,-0.0013375983986687,2.444828801925289e-06,0.0013387128492954,0.998,0.9887592932948532,0.9996468636054407,0.0,0.0011942734720884,2.3933336113997056e-06,-0.0001448285645434,0.0015412490330286,6.224025640610975e-05,True,0.6579915324927065,0.6654994588889998,0.9979999999999998
3,0.2,0.05,1.1,50.0,0.1,0.5,0.5,3000,0.1111111111111111,0.0027594621597691,beta_estimated_mean,500,0,-0.0035734636037303,0.0001023102324908,0.0042417999221652,0.618,0.5746652808852669,0.6595353747658067,0.0,0.0017053476147373,6.0020566365484525e-05,-0.0008863961521738,0.0015412490330286,6.224025640610975e-05,True,0.6579915324927065,0.6654994588889998,0.6179999999999986
3,0.2,0.05,1.1,50.0,0.1,0.5,0.5,3000,0.1111111111111111,0.0027594621597691,risk_only,500,0,6.074090728521911e-05,0.0001026784717871,0.0022944674487818,0.12,0.0943749001263691,0.1514195986244106,0.0,0.0003311354591722,4.014265835847379e-05,-0.0008863961521738,0.0015412490330286,6.224025640610975e-05,True,0.6579915324927065,0.6654994588889998,0.11999999999996666
3,0.2,0.05,1.1,50.0,0.1,0.5,0.5,3000,0.1111111111111111,0.0027594621597691,outcome_based,500,0,0.000138704506898,0.0001375967866479,0.0030768074220625,0.178,0.1469648867073352,0.2139451885499043,0.004,0.0004911842644389,4.72519874689008e-05,-0.0008863961521738,0.0015412490330286,6.224025640610975e-05,True,0.6579915324927065,0.6654994588889998,0.17800000000000007
3,0.2,0.05,1.1,50.0,0.1,0.5,0.5,3000,0.1111111111111111,0.0027594621597691,beta_known_mean,500,0,-0.0036229648073615,1.4879275066082524e-05,0.0036381793545398,0.998,0.9887592932948532,0.9996468636054407,0.0,0.0027539432354496,5.518924319538294e-06,-0.0008863961521738,0.0015412490330286,6.224025640610975e-05,True,0.6579915324927065,0.6654994588889998,0.9980000000000138
3,0.2,0.05,1.1,50.0,0.1,0.5,0.5,3000,0.2,-0.0038069378750148,beta_estimated_mean,500,0,0.0016976036967635,7.50439588388989e-05,0.0023857964277394,0.106,0.0819570502729703,0.1360509300107328,0.0,0.0004035354147515,5.2462285783188e-05,-0.0021931319985467,0.0015412490330286,6.224025640610975e-05,False,0.6579915324927065,0.6654994588889998,0.10599999999998193
3,0.2,0.05,1.1,50.0,0.1,0.5,0.5,3000,0.2,-0.0038069378750148,risk_only,500,0,6.791100878339508e-05,7.854492350602565e-05,0.0017558744557596,0.012,0.0055109951740277,0.0259303611164472,0.0,4.568325450017785e-05,1.8556437883163455e-05,-0.0021931319985467,0.0015412490330286,6.224025640610975e-05,False,0.6579915324927065,0.6654994588889998,0.012000000000000066
3,0.2,0.05,1.1,50.0,0.1,0.5,0.5,3000,0.2,-0.0038069378750148,outcome_based,500,0,8.310454168131276e-05,0.000290024804393,0.0064791963667798,0.29,0.2519474198773656,0.3312548031164863,0.004,0.0011192397352543,7.764286146614871e-05,-0.0021931319985467,0.0015412490330286,6.224025640610975e-05,False,0.6579915324927065,0.6654994588889998,0.29399999999998655
3,0.2,0.05,1.1,50.0,0.1,0.5,0.5,3000,0.2,-0.0038069378750148,beta_known_mean,500,0,0.0016686352764565,3.684136294970045e-05,0.0018605454608278,0.002,0.0003531363945592,0.0112407067051467,0.0,7.6138757500296415e-06,7.6138757500296415e-06,-0.0021931319985467,0.0015412490330286,6.224025640610975e-05,False,0.6579915324927065,0.6654994588889998,0.002000000000000011
3,0.2,0.05,1.1,50.0,0.1,0.5,0.5,3000,0.3333333333333333,-0.0025367031021036,beta_estimated_mean,500,0,0.001255650673408,2.7037178753241493e-05,0.0013933528347344,0.008,0.0031153151800622,0.0203870358341051,0.0,2.029362481682945e-05,1.0116264986134258e-05,-0.0013204894972434,0.0015412490330286,6.224025640610975e-05,False,0.6579915324927065,0.6654994588889998,0.008000000000000257
3,0.2,0.05,1.1,50.0,0.1,0.5,0.5,3000,0.3333333333333333,-0.0025367031021036,risk_only,500,0,5.135337929933652e-05,2.9872735501190115e-05,0.0006692794277438,0.0,4.336808689942019e-19,0.0076243404615522,0.0,0.0,0.0,-0.0013204894972434,0.0015412490330286,6.224025640610975e-05,False,0.6579915324927065,0.6654994588889998,0.0
3,0.2,0.05,1.1,50.0,0.1,0.5,0.5,3000,0.3333333333333333,-0.0025367031021036,outcome_based,500,0,-9.16302312296531e-05,0.0002218208061729,0.0049559486130135,0.324,0.2844552822318157,0.3662284856106508,0.01,0.0008472588361026,5.355866153476406e-05,-0.0013204894972434,0.0015412490330286,6.224025640610975e-05,False,0.6579915324927065,0.6654994588889998,0.3339999999999991
3,0.2,0.05,1.1,50.0,0.1,0.5,0.5,3000,0.3333333333333333,-0.0025367031021036,beta_known_mean,500,0,0.0012506187027034,2.2171204584234267e-05,0.0013451158811035,0.002,0.0003531363945592,0.0112407067051467,0.0,5.073406204207364e-06,5.073406204207362e-06,-0.0013204894972434,0.0015412490330286,6.224025640610975e-05,False,0.6579915324927065,0.6654994588889998,0.002000000000000065
3,0.2,0.05,1.1,50.0,0.1,0.5,0.5,3000,0.5,-6.651144731710336e-05,beta_estimated_mean,500,0,-4.843300370349858e-05,2.146701721523975e-06,6.815652323922425e-05,0.002,0.0003531363945592,0.0112407067051467,0.0,1.3302289463420673e-07,1.330228946342067e-07,-0.000118134186694,0.0015412490330286,6.224025640610975e-05,False,0.6579915324927065,0.6654994588889998,0.002
3,0.2,0.05,1.1,50.0,0.1,0.5,0.5,3000,0.5,-6.651144731710336e-05,risk_only,500,0,7.218933697689197e-06,4.764358259827313e-06,0.0001066722490064,0.304,0.2653020630572646,0.3456866784036638,0.0,2.0219479984399426e-05,1.3695804156287818e-06,-0.000118134186694,0.0015412490330286,6.224025640610975e-05,False,0.6579915324927065,0.6654994588889998,0.30400000000000005
3,0.2,0.05,1.1,50.0,0.1,0.5,0.5,3000,0.5,-6.651144731710336e-05,outcome_based,500,0,0.0001305114473171,4.76645294773393e-05,0.0010727138554426,0.456,0.4128448175817547,0.499826124378862,0.124,3.857663944391996e-05,1.4695513549678082e-06,-0.000118134186694,0.0015412490330286,6.224025640610975e-05,False,0.6579915324927065,0.6654994588889998,0.5800000000000001
3,0.2,0.05,1.1,50.0,0.1,0.5,0.5,3000,0.5,-6.651144731710336e-05,beta_known_mean,500,0,-4.848076057465628e-05,2.026127330383106e-06,6.632401475635283e-05,0.002,0.0003531363945592,0.0112407067051467,0.0,1.3302289463420673e-07,1.330228946342067e-07,-0.000118134186694,0.0015412490330286,6.224025640610975e-05,False,0.6579915324927065,0.6654994588889998,0.002
3,0.2,0.05,1.1,50.0,0.1,0.5,0.5,10000,0.0588235294117647,0.0011966668056998,beta_estimated_mean,500,0,-0.0012433816527527,5.8013168034440646e-05,0.0017959388183991,0.502,0.4583263632298622,0.5456431394082917,0.0,0.0006007267364613,2.6784867445790565e-05,-0.0001448285645434,0.0015412490330286,6.224025640610975e-05,True,0.6579915324927065,0.6654994588889998,0.5020000000000003
3,0.2,0.05,1.1,50.0,0.1,0.5,0.5,10000,0.0588235294117647,0.0011966668056998,risk_only,500,0,9.444517743662562e-05,5.7940020225270986e-05,0.0012977233208391,0.15,0.1213759576913881,0.1839610806316983,0.0,0.0001795000208549,1.9128374410819467e-05,-0.0001448285645434,0.0015412490330286,6.224025640610975e-05,True,0.6579915324927065,0.6654994588889998,0.1499999999999415
3,0.2,0.05,1.1,50.0,0.1,0.5,0.5,10000,0.0588235294117647,0.0011966668056998,outcome_based,500,0,-2.046680570120346e-05,2.880065342619478e-05,0.0006436833316047,0.04,0.0260407973897772,0.0609735958348508,0.002,4.786667222799412e-05,1.0497565272101467e-05,-0.0001448285645434,0.0015412490330286,6.224025640610975e-05,True,0.6579915324927065,0.6654994588889998,0.04000000000000178
3,0.2,0.05,1.1,50.0,0.1,0.5,0.5,10000,0.0588235294117647,0.0011966668056998,beta_known_mean,500,0,-0.0013425173790296,1.4123779316088012e-06,0.0013428880533745,1.0,0.992375659538448,1.0,0.0,0.0011966668056998,0.0,-0.0001448285645434,0.0015412490330286,6.224025640610975e-05,True,0.6579915324927065,0.6654994588889998,1.0
3,0.2,0.05,1.1,50.0,0.1,0.5,0.5,10000,0.1111111111111111,0.0027594621597691,beta_estimated_mean,500,0,-0.0035602246899653,5.6111757261828505e-05,0.0037744292237689,0.75,0.7102363265170449,0.785951503252179,0.0,0.0020695966198268,5.349027199028216e-05,-0.0008863961521738,0.0015412490330286,6.224025640610975e-05,True,0.6579915324927065,0.6654994588889998,0.7499999999999909
3,0.2,0.05,1.1,50.0,0.1,0.5,0.5,10000,0.1111111111111111,0.0027594621597691,risk_only,500,0,8.431387807700475e-05,5.6617702005169846e-05,0.0012675509283769,0.02,0.0108991835962108,0.0364201832468793,0.0,5.518924319538293e-05,1.7294268842264796e-05,-0.0008863961521738,0.0015412490330286,6.224025640610975e-05,True,0.6579915324927065,0.6654994588889998,0.020000000000000337
3,0.2,0.05,1.1,50.0,0.1,0.5,0.5,10000,0.1111111111111111,0.0027594621597691,outcome_based,500,0,1.7437840231295716e-05,7.630535889170478e-05,0.0017046217962563,0.046,0.0308451083708162,0.0680777927682732,0.002,0.0001269352593493,2.587779531332926e-05,-0.0008863961521738,0.0015412490330286,6.224025640610975e-05,True,0.6579915324927065,0.6654994588889998,0.04599999999997151
3,0.2,0.05,1.1,50.0,0.1,0.5,0.5,10000,0.1111111111111111,0.0027594621597691,beta_known_mean,500,0,-0.0036517125441315,8.564054101893631e-06,0.0036567202071357,1.0,0.992375659538448,1.0,0.0,0.0027594621597691,0.0,-0.0008863961521738,0.0015412490330286,6.224025640610975e-05,True,0.6579915324927065,0.6654994588889998,1.0
3,0.2,0.05,1.1,50.0,0.1,0.5,0.5,10000,0.2,-0.0038069378750148,beta_estimated_mean,500,0,0.0016533204667284,4.253514151455261e-05,0.0019069028447382,0.022,0.0123280082699275,0.0389608612113163,0.0,8.375263325032606e-05,2.499805876537478e-05,-0.0021931319985467,0.0015412490330286,6.224025640610975e-05,False,0.6579915324927065,0.6654994588889998,0.02200000000000012
3,0.2,0.05,1.1,50.0,0.1,0.5,0.5,10000,0.2,-0.0038069378750148,risk_only,500,0,4.138312317825062e-05,4.407205524682167e-05,0.0009853645232449,0.0,4.336808689942019e-19,0.0076243404615522,0.0,0.0,0.0,-0.0021931319985467,0.0015412490330286,6.224025640610975e-05,False,0.6579915324927065,0.6654994588889998,0.0
3,0.2,0.05,1.1,50.0,0.1,0.5,0.5,10000,0.2,-0.0038069378750148,outcome_based,500,0,5.568787501509515e-05,0.0001498554559913,0.0033479804848482,0.124,0.0979460911393034,0.1557874128877838,0.008,0.0005025157995019,5.7686254951740766e-05,-0.0021931319985467,0.0015412490330286,6.224025640610975e-05,False,0.6579915324927065,0.6654994588889998,0.13199999999998593
3,0.2,0.05,1.1,50.0,0.1,0.5,0.5,10000,0.2,-0.0038069378750148,beta_known_mean,500,0,0.0015993911577173,2.1169645806190927e-05,0.001667837184278,0.0,4.336808689942019e-19,0.0076243404615522,0.0,0.0,0.0,-0.0021931319985467,0.0015412490330286,6.224025640610975e-05,False,0.6579915324927065,0.6654994588889998,0.0
3,0.2,0.05,1.1,50.0,0.1,0.5,0.5,10000,0.3333333333333333,-0.0025367031021036,beta_estimated_mean,500,0,0.0012175470740953,1.5722737699667e-05,0.0012671921375796,0.0,4.336808689942019e-19,0.0076243404615522,0.0,0.0,0.0,-0.0013204894972434,0.0015412490330286,6.224025640610975e-05,False,0.6579915324927065,0.6654994588889998,0.0
3,0.2,0.05,1.1,50.0,0.1,0.5,0.5,10000,0.3333333333333333,-0.0025367031021036,risk_only,500,0,1.349084228782755e-06,1.7455761192727534e-05,0.0003899345019848,0.0,4.336808689942019e-19,0.0076243404615522,0.0,0.0,0.0,-0.0013204894972434,0.0015412490330286,6.224025640610975e-05,False,0.6579915324927065,0.6654994588889998,0.0
3,0.2,0.05,1.1,50.0,0.1,0.5,0.5,10000,0.3333333333333333,-0.0025367031021036,outcome_based,500,0,-3.17968978962635e-05,0.0001191373699804,0.0026615171975239,0.17,0.1396203661039611,0.2054116986006633,0.002,0.0004363129335618,4.285472958516352e-05,-0.0013204894972434,0.0015412490330286,6.224025640610975e-05,False,0.6579915324927065,0.6654994588889998,0.17199999999999244
3,0.2,0.05,1.1,50.0,0.1,0.5,0.5,10000,0.3333333333333333,-0.0025367031021036,beta_known_mean,500,0,0.0012074393332278,1.2768379528500086e-05,0.0012406701696268,0.0,4.336808689942019e-19,0.0076243404615522,0.0,0.0,0.0,-0.0013204894972434,0.0015412490330286,6.224025640610975e-05,False,0.6579915324927065,0.6654994588889998,0.0
3,0.2,0.05,1.1,50.0,0.1,0.5,0.5,10000,0.5,-6.651144731710336e-05,beta_estimated_mean,500,0,-5.2311491737318936e-05,1.252408228359447e-06,5.932273448387516e-05,0.0,4.336808689942019e-19,0.0076243404615522,0.0,0.0,0.0,-0.000118134186694,0.0015412490330286,6.224025640610975e-05,False,0.6579915324927065,0.6654994588889998,0.0
3,0.2,0.05,1.1,50.0,0.1,0.5,0.5,10000,0.5,-6.651144731710336e-05,risk_only,500,0,-1.0992398792951414e-06,2.852036605633484e-06,6.371915422735179e-05,0.13,0.1033206503646345,0.1623213615769141,0.0,8.646488151223438e-06,1.0013304614279866e-06,-0.000118134186694,0.0015412490330286,6.224025640610975e-05,False,0.6579915324927065,0.6654994588889998,0.13
3,0.2,0.05,1.1,50.0,0.1,0.5,0.5,10000,0.5,-6.651144731710336e-05,outcome_based,500,0,-2.088552682896632e-06,2.677876555349664e-05,0.0005981959562319,0.412,0.369688475931219,0.4556534079900142,0.076,3.2457586290746445e-05,1.4883018344048088e-06,-0.000118134186694,0.0015412490330286,6.224025640610975e-05,False,0.6579915324927065,0.6654994588889998,0.48800000000000004
3,0.2,0.05,1.1,50.0,0.1,0.5,0.5,10000,0.5,-6.651144731710336e-05,beta_known_mean,500,0,-5.2573540388197216e-05,1.1740819058807292e-06,5.875230073355384e-05,0.0,4.336808689942019e-19,0.0076243404615522,0.0,0.0,0.0,-0.000118134186694,0.0015412490330286,6.224025640610975e-05,False,0.6579915324927065,0.6654994588889998,0.0
4,0.2,0.05,1.1,50.0,0.1,0.5,1.0,500,0.0588235294117647,0.0025381621759431,beta_estimated_mean,500,0,-0.0026491850554643,0.0002775911860965,0.0067431118847869,0.51,0.4662736879310782,0.5535738252596908,0.0,0.0012944627097309,5.6800508428740005e-05,-0.0001448285645434,0.0030284468816312,9.710024069242706e-07,True,0.6572348254094391,0.6667953814020248,0.5099999999999681
4,0.2,0.05,1.1,50.0,0.1,0.5,1.0,500,0.0588235294117647,0.0025381621759431,risk_only,500,0,3.813148130143568e-05,0.0002750319977582,0.0061438677806012,0.348,0.3075503020569475,0.3907674974433643,0.0,0.0008832804372282,5.412308146586676e-05,-0.0001448285645434,0.0030284468816312,9.710024069242706e-07,True,0.6572348254094391,0.6667953814020248,0.3480000000000005
4,0.2,0.05,1.1,50.0,0.1,0.5,1.0,500,0.0588235294117647,0.0025381621759431,outcome_based,500,0,4.8837824057037045e-05,0.0001556536801244,0.0034773827993274,0.194,0.1617264666432368,0.2309396297192332,0.012,0.0004924034621329,4.493010990739016e-05,-0.0001448285645434,0.0030284468816312,9.710024069242706e-07,True,0.6572348254094391,0.6667953814020248,0.1939999999999758
4,0.2,0.05,1.1,50.0,0.1,0.5,1.0,500,0.0588235294117647,0.0025381621759431,beta_known_mean,500,0,-0.0026783764941669,5.245270296665317e-06,0.002680938186883,0.896,0.8661557291243417,0.919805793230109,0.0,0.002274193309645,3.468484591939636e-05,-0.0001448285645434,0.0030284468816312,9.710024069242706e-07,True,0.6572348254094391,0.6667953814020248,0.8959999999999931
4,0.2,0.05,1.1,50.0,0.1,0.5,1.0,500,0.1111111111111111,0.0064053204717121,beta_estimated_mean,500,0,-0.0072274893686039,0.0002592690228835,0.0092617274447352,0.56,0.5161968735863127,0.6028882055583011,0.0,0.0035869794641587,0.0001423347497843,-0.0008863961521738,0.0030284468816312,9.710024069242706e-07,True,0.6572348254094391,0.6667953814020248,0.5599999999999882
4,0.2,0.05,1.1,50.0,0.1,0.5,1.0,500,0.1111111111111111,0.0064053204717121,risk_only,500,0,2.484764524684388e-05,0.0002615984474547,0.0058437194930233,0.138,0.1105180088988837,0.1710020135952801,0.0,0.0008839342250962,9.889714777684916e-05,-0.0008863961521738,0.0030284468816312,9.710024069242706e-07,True,0.6572348254094391,0.6667953814020248,0.1379999999999891
4,0.2,0.05,1.1,50.0,0.1,0.5,1.0,500,0.1111111111111111,0.0064053204717121,outcome_based,500,0,2.7179528287764796e-05,0.0003570989734705,0.0079770331249629,0.214,0.1803029999875953,0.2520581227564126,0.014,0.0013707385809463,0.0001176003867985,-0.0008863961521738,0.0030284468816312,9.710024069242706e-07,True,0.6572348254094391,0.6667953814020248,0.21399999999998603
4,0.2,0.05,1.1,50.0,0.1,0.5,1.0,500,0.1111111111111111,0.0064053204717121,beta_known_mean,500,0,-0.0072669438033645,3.2004018877378367e-05,0.0073020255132521,0.896,0.8661557291243417,0.919805793230109,0.0,0.005739167142654,8.753087400458913e-05,-0.0008863961521738,0.0030284468816312,9.710024069242706e-07,True,0.6572348254094391,0.6667953814020248,0.8959999999999935
4,0.2,0.05,1.1,50.0,0.1,0.5,1.0,500,0.2,-0.0054207437514828,beta_estimated_mean,500,0,0.0032964296826365,0.0001740659175169,0.0050976093935724,0.304,0.2653020630572646,0.3456866784036638,0.0,0.0016479061004507,0.0001116220557459,-0.0021931319985467,0.0030284468816312,9.710024069242706e-07,False,0.6572348254094391,0.6667953814020248,0.3039999999999869
4,0.2,0.05,1.1,50.0,0.1,0.5,1.0,500,0.2,-0.0054207437514828,risk_only,500,0,1.3890011488680354e-05,0.0001889901394921,0.0042217427766523,0.102,0.0784343521031695,0.131634622904226,0.0,0.0005529158626512,7.344239977664277e-05,-0.0021931319985467,0.0030284468816312,9.710024069242706e-07,False,0.6572348254094391,0.6667953814020248,0.10199999999999158
4,0.2,0.05,1.1,50.0,0.1,0.5,1.0,500,0.2,-0.0054207437514828,outcome_based,500,0,0.0002297437514828,0.0006743259367233,0.0150650523129309,0.352,0.3114108418907427,0.3948459628858768,0.012,0.0019731507255397,0.0001167583246443,-0.0021931319985467,0.0030284468816312,9.710024069242706e-07,False,0.6572348254094391,0.6667953814020248,0.3639999999999927
4,0.2,0.05,1.1,50.0,0.1,0.5,1.0,500,0.2,-0.0054207437514828,beta_known_mean,500,0,0.0032814134612783,7.948093276202373e-05,0.0037309471212477,0.104,0.080194206769891,0.1338442708756583,0.0,0.0005637573501542,7.407629960400472e-05,-0.0021931319985467,0.0030284468816312,9.710024069242706e-07,False,0.6572348254094391,0.6667953814020248,0.10399999999999794
4,0.2,0.05,1.1,50.0,0.1,0.5,1.0,500,0.3333333333333333,-0.0037529167069638,beta_estimated_mean,500,0,0.0024549570519812,5.80139875321794e-05,0.0027760151078506,0.142,0.114129360445696,0.1753296673247754,0.0,0.0005329141723888,5.864168881384742e-05,-0.0013204894972434,0.0030284468816312,9.710024069242706e-07,False,0.6572348254094391,0.6667953814020248,0.1419999999999841
4,0.2,0.05,1.1,50.0,0.1,0.5,1.0,500,0.3333333333333333,-0.0037529167069638,risk_only,500,0,6.914135861588564e-05,5.413865389283389e-05,0.0012113407680293,0.0,4.336808689942019e-19,0.0076243404615522,0.0,0.0,0.0,-0.0013204894972434,0.0030284468816312,9.710024069242706e-07,False,0.6572348254094391,0.6667953814020248,0.0
4,0.2,0.05,1.1,50.0,0.1,0.5,1.0,500,0.3333333333333333,-0.0037529167069638,outcome_based,500,0,-4.108329303611183e-05,0.0005447427073715,0.0121686996773265,0.366,0.3249476048822134,0.4090957183614825,0.038,0.0015161783496134,8.243895259000811e-05,-0.0013204894972434,0.0030284468816312,9.710024069242706e-07,False,0.6572348254094391,0.6667953814020248,0.40400000000000663
4,0.2,0.05,1.1,50.0,0.1,0.5,1.0,500,0.3333333333333333,-0.0037529167069638,beta_known_mean,500,0,0.0024705140467288,4.765314024212522e-05,0.0026900891659529,0.104,0.080194206769891,0.1338442708756583,0.0,0.0003903033375242,5.128487807561154e-05,-0.0013204894972434,0.0030284468816312,9.710024069242706e-07,False,0.6572348254094391,0.6667953814020248,0.10399999999999063
4,0.2,0.05,1.1,50.0,0.1,0.5,1.0,500,0.5,-1.4888707940125268e-05,beta_estimated_mean,500,0,-0.0001018287917808,4.631712793687128e-06,0.0001451689766229,0.118,0.0925930082515064,0.1492319878611194,0.0,1.7568675369347814e-06,2.1502157278439106e-07,-0.000118134186694,0.0030284468816312,9.710024069242706e-07,False,0.6572348254094391,0.6667953814020248,0.11799999999999998
4,0.2,0.05,1.1,50.0,0.1,0.5,1.0,500,0.5,-1.4888707940125268e-05,risk_only,500,0,-1.0434904789091622e-06,2.519243270001905e-06,5.628530547532872e-05,0.016,0.0081292530333883,0.0312511085333942,0.8,1.2149185679142214e-05,2.5826213020388415e-07,-0.000118134186694,0.0030284468816312,9.710024069242706e-07,False,0.6572348254094391,0.6667953814020248,0.8159999999999997
4,0.2,0.05,1.1,50.0,0.1,0.5,1.0,500,0.5,-1.4888707940125268e-05,outcome_based,500,0,7.088870794012523e-05,4.2300196373379314e-05,0.0009475701604173,0.112,0.0872628001941022,0.1426536880040623,0.806,1.3667833889034992e-05,1.8286685876763238e-07,-0.000118134186694,0.0030284468816312,9.710024069242706e-07,False,0.6572348254094391,0.6667953814020248,0.9179999999999997
4,0.2,0.05,1.1,50.0,0.1,0.5,1.0,500,0.5,-1.4888707940125268e-05,beta_known_mean,500,0,-9.977753398375084e-05,4.363912748186582e-06,0.0001394932965783,0.104,0.080194206769891,0.1338442708756583,0.0,1.548425625773028e-06,2.0345923745012666e-07,-0.000118134186694,0.0030284468816312,9.710024069242706e-07,False,0.6572348254094391,0.6667953814020248,0.10400000000000001
4,0.2,0.05,1.1,50.0,0.1,0.5,1.0,3000,0.0588235294117647,0.0025381621759431,beta_estimated_mean,500,0,-0.0025358570156721,0.0001053094260068,0.0034589764861409,0.492,0.4484078060892428,0.535714183358142,0.0,0.001248775790564,5.680459955452197e-05,-0.0001448285645434,0.0030284468816312,9.710024069242706e-07,True,0.6572348254094391,0.6667953814020248,0.491999999999998
4,0.2,0.05,1.1,50.0,0.1,0.5,1.0,3000,0.0588235294117647,0.0025381621759431,risk_only,500,0,0.0001478359158865,0.0001044421727131,0.0023377405782306,0.132,0.1051167238483199,0.1644947907313825,0.0,0.0003350374072244,3.846058832513756e-05,-0.0001448285645434,0.0030284468816312,9.710024069242706e-07,True,0.6572348254094391,0.6667953814020248,0.13199999999996484
4,0.2,0.05,1.1,50.0,0.1,0.5,1.0,3000,0.0588235294117647,0.0025381621759431,outcome_based,500,0,-7.820384260946772e-05,5.8707674334805645e-05,0.0013137597812666,0.028,0.0167509747207564,0.0464464026749488,0.0,7.106854092640692e-05,1.874481865454312e-05,-0.0001448285645434,0.0030284468816312,9.710024069242706e-07,True,0.6572348254094391,0.6667953814020248,0.028000000000000046
4,0.2,0.05,1.1,50.0,0.1,0.5,1.0,3000,0.0588235294117647,0.0025381621759431,beta_known_mean,500,0,-0.0026822332902721,2.219666661651672e-06,0.0026826915507691,0.998,0.9887592932948532,0.9996468636054407,0.0,0.0025330858515912,5.076324351886207e-06,-0.0001448285645434,0.0030284468816312,9.710024069242706e-07,True,0.6572348254094391,0.6667953814020248,0.9979999999999946
4,0.2,0.05,1.1,50.0,0.1,0.5,1.0,3000,0.1111111111111111,0.0064053204717121,beta_estimated_mean,500,0,-0.0071517233918995,9.865880540327568e-05,0.0074835949821031,0.648,0.6051540371141233,0.6885891581092574,0.0,0.0041506476656694,0.0001369460231807,-0.0008863961521738,0.0030284468816312,9.710024069242706e-07,True,0.6572348254094391,0.6667953814020248,0.6479999999999937
4,0.2,0.05,1.1,50.0,0.1,0.5,1.0,3000,0.1111111111111111,0.0064053204717121,risk_only,500,0,0.0001366357246515,9.96725800929283e-05,0.0022307053389498,0.0,4.336808689942019e-19,0.0076243404615522,0.0,0.0,0.0,-0.0008863961521738,0.0030284468816312,9.710024069242706e-07,True,0.6572348254094391,0.6667953814020248,0.0
4,0.2,0.05,1.1,50.0,0.1,0.5,1.0,3000,0.1111111111111111,0.0064053204717121,outcome_based,500,0,-0.0001363204717108,0.0001438717447439,0.0032167411552533,0.034,0.0213345198085321,0.0537713655016345,0.0,0.0002177808960382,5.196591902009932e-05,-0.0008863961521738,0.0030284468816312,9.710024069242706e-07,True,0.6572348254094391,0.6667953814020248,0.03399999999999822
4,0.2,0.05,1.1,50.0,0.1,0.5,1.0,3000,0.1111111111111111,0.0064053204717121,beta_known_mean,500,0,-0.0072889733459196,1.35929476228327e-05,0.0072952951812685,0.998,0.9887592932948532,0.9996468636054407,0.0,0.0063925098307686,1.281064094342421e-05,-0.0008863961521738,0.0030284468816312,9.710024069242706e-07,True,0.6572348254094391,0.6667953814020248,0.9979999999999882
4,0.2,0.05,1.1,50.0,0.1,0.5,1.0,3000,0.2,-0.0054207437514828,beta_estimated_mean,500,0,0.0033121518525942,6.785458630346512e-05,0.0036425084887983,0.092,0.069682723680452,0.1205387381361745,0.0,0.0004987084251364,7.013671856251611e-05,-0.0021931319985467,0.0030284468816312,9.710024069242706e-07,False,0.6572348254094391,0.6667953814020248,0.09199999999999675
4,0.2,0.05,1.1,50.0,0.1,0.5,1.0,3000,0.2,-0.0054207437514828,risk_only,500,0,8.378374497074631e-05,7.445645355456412e-05,0.0016653401125316,0.0,4.336808689942019e-19,0.0076243404615522,0.0,0.0,0.0,-0.0021931319985467,0.0030284468816312,9.710024069242706e-07,False,0.6572348254094391,0.6667953814020248,0.0
4,0.2,0.05,1.1,50.0,0.1,0.5,1.0,3000,0.2,-0.0054207437514828,outcome_based,500,0,-0.000392922915184,0.0002568386713388,0.0057507802828591,0.142,0.114129360445696,0.1753296673247754,0.002,0.0007805871002135,8.519747689950576e-05,-0.0021931319985467,0.0030284468816312,9.710024069242706e-07,False,0.6572348254094391,0.6667953814020248,0.14399999999999571
4,0.2,0.05,1.1,50.0,0.1,0.5,1.0,3000,0.2,-0.0054207437514828,beta_known_mean,500,0,0.0032317551552982,3.373400744080431e-05,0.003318447683714,0.002,0.0003531363945592,0.0112407067051467,0.0,1.0841487502965735e-05,1.0841487502965735e-05,-0.0021931319985467,0.0030284468816312,9.710024069242706e-07,False,0.6572348254094391,0.6667953814020248,0.0020000000000000248
4,0.2,0.05,1.1,50.0,0.1,0.5,1.0,3000,0.3333333333333333,-0.0037529167069638,beta_estimated_mean,500,0,0.0024499033115833,2.381306148356329e-05,0.0025069882574156,0.002,0.0003531363945592,0.0112407067051467,0.0,7.505833413927784e-06,7.505833413927786e-06,-0.0013204894972434,0.0030284468816312,9.710024069242706e-07,False,0.6572348254094391,0.6667953814020248,0.002000000000000049
4,0.2,0.05,1.1,50.0,0.1,0.5,1.0,3000,0.3333333333333333,-0.0037529167069638,risk_only,500,0,2.1915115312937587e-05,2.2653980291062644e-05,0.0005065258936817,0.0,4.336808689942019e-19,0.0076243404615522,0.0,0.0,0.0,-0.0013204894972434,0.0030284468816312,9.710024069242706e-07,False,0.6572348254094391,0.6667953814020248,0.0
4,0.2,0.05,1.1,50.0,0.1,0.5,1.0,3000,0.3333333333333333,-0.0037529167069638,outcome_based,500,0,-0.0005277499597027,0.0002066103291238,0.0046454005470129,0.17,0.1396203661039611,0.2054116986006633,0.01,0.0006755250072535,6.45448850406232e-05,-0.0013204894972434,0.0030284468816312,9.710024069242706e-07,False,0.6572348254094391,0.6667953814020248,0.18000000000000427
4,0.2,0.05,1.1,50.0,0.1,0.5,1.0,3000,0.3333333333333333,-0.0037529167069638,beta_known_mean,500,0,0.0024370079537996,2.023675515131865e-05,0.002478580515164,0.002,0.0003531363945592,0.0112407067051467,0.0,7.505833413927784e-06,7.505833413927786e-06,-0.0013204894972434,0.0030284468816312,9.710024069242706e-07,False,0.6572348254094391,0.6667953814020248,0.002000000000000049
4,0.2,0.05,1.1,50.0,0.1,0.5,1.0,3000,0.5,-1.4888707940125268e-05,beta_estimated_mean,500,0,-0.000102364307473,1.913381486263177e-06,0.0001109292782438,0.0,4.336808689942019e-19,0.0076243404615522,0.0,0.0,0.0,-0.000118134186694,0.0030284468816312,9.710024069242706e-07,False,0.6572348254094391,0.6667953814020248,0.0
4,0.2,0.05,1.1,50.0,0.1,0.5,1.0,3000,0.5,-1.4888707940125268e-05,risk_only,500,0,1.3763214816357022e-06,9.86695548602698e-07,2.208403825235252e-05,0.092,0.069682723680452,0.1205387381361745,0.266,5.330157442564845e-06,3.19533035649132e-07,-0.000118134186694,0.0030284468816312,9.710024069242706e-07,False,0.6572348254094391,0.6667953814020248,0.358
4,0.2,0.05,1.1,50.0,0.1,0.5,1.0,3000,0.5,-1.4888707940125268e-05,outcome_based,500,0,2.7555374606791943e-05,1.712174957816036e-05,0.0003834622519488,0.324,0.2844552822318157,0.3662284856106508,0.402,1.0809201964530945e-05,2.972694843135229e-07,-0.000118134186694,0.0030284468816312,9.710024069242706e-07,False,0.6572348254094391,0.6667953814020248,0.726
4,0.2,0.05,1.1,50.0,0.1,0.5,1.0,3000,0.5,-1.4888707940125268e-05,beta_known_mean,500,0,-0.0001025188006374,1.827123983277476e-06,0.0001103447195258,0.002,0.0003531363945592,0.0112407067051467,0.0,2.977741588025053e-08,2.9777415880250538e-08,-0.000118134186694,0.0030284468816312,9.710024069242706e-07,False,0.6572348254094391,0.6667953814020248,0.0019999999999999996
4,0.2,0.05,1.1,50.0,0.1,0.5,1.0,10000,0.0588235294117647,0.0025381621759431,beta_estimated_mean,500,0,-0.0026560621779982,5.92242076680811e-05,0.0029673072260173,0.528,0.4841957716642159,0.5713772652699372,0.0,0.0013401496288979,5.672272097515199e-05,-0.0001448285645434,0.0030284468816312,9.710024069242706e-07,True,0.6572348254094391,0.6667953814020248,0.5279999999999776
4,0.2,0.05,1.1,50.0,0.1,0.5,1.0,10000,0.0588235294117647,0.0025381621759431,risk_only,500,0,2.3323199391466158e-05,5.878164388813258e-05,0.0013132895792883,0.024,0.0137813146554969,0.0414770574639007,0.0,6.0915892222634494e-05,1.739000171291614e-05,-0.0001448285645434,0.0030284468816312,9.710024069242706e-07,True,0.6572348254094391,0.6667953814020248,0.02400000000000004
4,0.2,0.05,1.1,50.0,0.1,0.5,1.0,10000,0.0588235294117647,0.0025381621759431,outcome_based,500,0,1.1250324053923344e-05,3.42013412298637e-05,0.000764082920245,0.0,4.336808689942019e-19,0.0076243404615522,0.0,0.0,0.0,-0.0001448285645434,0.0030284468816312,9.710024069242706e-07,True,0.6572348254094391,0.6667953814020248,0.0
4,0.2,0.05,1.1,50.0,0.1,0.5,1.0,10000,0.0588235294117647,0.0025381621759431,beta_known_mean,500,0,-0.0026820468589092,1.112283636383797e-06,0.002682161945829,1.0,0.992375659538448,1.0,0.0,0.0025381621759431,0.0,-0.0001448285645434,0.0030284468816312,9.710024069242706e-07,True,0.6572348254094391,0.6667953814020248,1.0
4,0.2,0.05,1.1,50.0,0.1,0.5,1.0,10000,0.1111111111111111,0.0064053204717121,beta_estimated_mean,500,0,-0.0072625154958441,5.546931643099556e-05,0.0073674606897473,0.754,0.7144078267312022,0.7897190083143293,0.0,0.0048296116356709,0.0001234934196925,-0.0008863961521738,0.0030284468816312,9.710024069242706e-07,True,0.6572348254094391,0.6667953814020248,0.7539999999999963
4,0.2,0.05,1.1,50.0,0.1,0.5,1.0,10000,0.1111111111111111,0.0064053204717121,risk_only,500,0,2.2144028312211652e-05,5.600956772551926e-05,0.0012513549155666,0.0,4.336808689942019e-19,0.0076243404615522,0.0,0.0,0.0,-0.0008863961521738,0.0030284468816312,9.710024069242706e-07,True,0.6572348254094391,0.6667953814020248,0.0
4,0.2,0.05,1.1,50.0,0.1,0.5,1.0,10000,0.1111111111111111,0.0064053204717121,outcome_based,500,0,1.840452828850034e-05,7.5511199541942e-05,0.0016868928281123,0.0,4.336808689942019e-19,0.0076243404615522,0.0,0.0,0.0,-0.0008863961521738,0.0030284468816312,9.710024069242706e-07,True,0.6572348254094391,0.6667953814020248,0.0
4,0.2,0.05,1.1,50.0,0.1,0.5,1.0,10000,0.1111111111111111,0.0064053204717121,beta_known_mean,500,0,-0.0072870576549037,6.81761921520807e-06,0.0072886488975558,1.0,0.992375659538448,1.0,0.0,0.0064053204717121,3.882844402217134e-20,-0.0008863961521738,0.0030284468816312,9.710024069242706e-07,True,0.6572348254094391,0.6667953814020248,1.0
4,0.2,0.05,1.1,50.0,0.1,0.5,1.0,10000,0.2,-0.0054207437514828,beta_estimated_mean,500,0,0.0032519715995478,3.74732077551565e-05,0.0033579808952251,0.0,4.336808689942019e-19,0.0076243404615522,0.0,0.0,0.0,-0.0021931319985467,0.0030284468816312,9.710024069242706e-07,False,0.6572348254094391,0.6667953814020248,0.0
4,0.2,0.05,1.1,50.0,0.1,0.5,1.0,10000,0.2,-0.0054207437514828,risk_only,500,0,3.154585662273103e-05,4.117402341514212e-05,0.0009202988335107,0.0,4.336808689942019e-19,0.0076243404615522,0.0,0.0,0.0,-0.0021931319985467,0.0030284468816312,9.710024069242706e-07,False,0.6572348254094391,0.6667953814020248,0.0
4,0.2,0.05,1.1,50.0,0.1,0.5,1.0,10000,0.2,-0.0054207437514828,outcome_based,500,0,-0.0001849062485165,0.000143625259217,0.0032136691877419,0.044,0.0292339556286071,0.0657194428723284,0.0,0.0002385127250652,4.976957010336353e-05,-0.0021931319985467,0.0030284468816312,9.710024069242706e-07,False,0.6572348254094391,0.6667953814020248,0.043999999999992025
4,0.2,0.05,1.1,50.0,0.1,0.5,1.0,10000,0.2,-0.0054207437514828,beta_known_mean,500,0,0.003237825146226,1.6924256049412175e-05,0.0032598221528948,0.0,4.336808689942019e-19,0.0076243404615522,0.0,0.0,0.0,-0.0021931319985467,0.0030284468816312,9.710024069242706e-07,False,0.6572348254094391,0.6667953814020248,0.0
4,0.2,0.05,1.1,50.0,0.1,0.5,1.0,10000,0.3333333333333333,-0.0037529167069638,beta_estimated_mean,500,0,0.002441535981876,1.2465806239284952e-05,0.0024573645877378,0.0,4.336808689942019e-19,0.0076243404615522,0.0,0.0,0.0,-0.0013204894972434,0.0030284468816312,9.710024069242706e-07,False,0.6572348254094391,0.6667953814020248,0.0
4,0.2,0.05,1.1,50.0,0.1,0.5,1.0,10000,0.3333333333333333,-0.0037529167069638,risk_only,500,0,1.4499869971341204e-05,1.1478878728876187e-05,0.0002568283668297,0.0,4.336808689942019e-19,0.0076243404615522,0.0,0.0,0.0,-0.0013204894972434,0.0030284468816312,9.710024069242706e-07,False,0.6572348254094391,0.6667953814020248,0.0
4,0.2,0.05,1.1,50.0,0.1,0.5,1.0,10000,0.3333333333333333,-0.0037529167069638,outcome_based,500,0,-0.000179383293036,0.0001154670025477,0.0025855676505982,0.058,0.0406837291117572,0.0820561878562549,0.0,0.0002176691690039,3.926974679889095e-05,-0.0013204894972434,0.0030284468816312,9.710024069242706e-07,False,0.6572348254094391,0.6667953814020248,0.05799999999999989
4,0.2,0.05,1.1,50.0,0.1,0.5,1.0,10000,0.3333333333333333,-0.0037529167069638,beta_known_mean,500,0,0.0024396335638527,1.0148586114395757e-05,0.0024501440431405,0.0,4.336808689942019e-19,0.0076243404615522,0.0,0.0,0.0,-0.0013204894972434,0.0030284468816312,9.710024069242706e-07,False,0.6572348254094391,0.6667953814020248,0.0
4,0.2,0.05,1.1,50.0,0.1,0.5,1.0,10000,0.5,-1.4888707940125268e-05,beta_estimated_mean,500,0,-0.0001023795020727,9.711207637976746e-07,0.000104652554379,0.0,4.336808689942019e-19,0.0076243404615522,0.0,0.0,0.0,-0.000118134186694,0.0030284468816312,9.710024069242706e-07,False,0.6572348254094391,0.6667953814020248,0.0
4,0.2,0.05,1.1,50.0,0.1,0.5,1.0,10000,0.5,-1.4888707940125268e-05,risk_only,500,0,-2.974784148384275e-07,5.002156383463839e-07,1.1177930047445668e-05,0.038,0.0244601180558303,0.0585847725306438,0.012,7.444353970062634e-07,1.452625095658681e-07,-0.000118134186694,0.0030284468816312,9.710024069242706e-07,False,0.6572348254094391,0.6667953814020248,0.05
4,0.2,0.05,1.1,50.0,0.1,0.5,1.0,10000,0.5,-1.4888707940125268e-05,outcome_based,500,0,-5.3112920598747305e-06,8.677240864355217e-06,0.0001939076321946,0.356,0.3152745600260401,0.398921250026887,0.212,8.456786109991148e-06,3.301587253960804e-07,-0.000118134186694,0.0030284468816312,9.710024069242706e-07,False,0.6572348254094391,0.6667953814020248,0.5679999999999997
4,0.2,0.05,1.1,50.0,0.1,0.5,1.0,10000,0.5,-1.4888707940125268e-05,beta_known_mean,500,0,-0.0001023642774422,9.145925080997764e-07,0.0001043831813308,0.0,4.336808689942019e-19,0.0076243404615522,0.0,0.0,0.0,-0.000118134186694,0.0030284468816312,9.710024069242706e-07,False,0.6572348254094391,0.6667953814020248,0.0
5,0.2,0.05,1.1,50.0,0.1,0.9,0.5,500,0.0588235294117647,0.0012948765777915,beta_estimated_mean,500,0,-0.0012963531832482,0.0002585612578928,0.0059195134676087,0.494,0.4503901309190321,0.5377013611665066,0.0,0.000639669029429,2.8981231454589485e-05,-0.0001448285645434,0.0015412490330286,6.175610527958675e-05,True,0.6579915324927065,0.6566501267978964,0.4939999999999992
5,0.2,0.05,1.1,50.0,0.1,0.9,0.5,500,0.0588235294117647,0.0012948765777915,risk_only,500,0,0.0001245825652165,0.00025647617443,0.005730598119974,0.38,0.3385223307845575,0.423307510926215,0.0,0.0004920530995607,2.813621963658408e-05,-0.0001448285645434,0.0015412490330286,6.175610527958675e-05,True,0.6579915324927065,0.6566501267978964,0.37999999999994594
5,0.2,0.05,1.1,50.0,0.1,0.9,0.5,500,0.0588235294117647,0.0012948765777915,outcome_based,500,0,4.13734222085364e-05,0.0001230354005747,0.0027487140534375,0.282,0.2443364332272433,0.3229877792139934,0.01,0.0003651551949372,2.6083440672994346e-05,-0.0001448285645434,0.0015412490330286,6.175610527958675e-05,True,0.6579915324927065,0.6566501267978964,0.2819999999999977
5,0.2,0.05,1.1,50.0,0.1,0.9,0.5,500,0.0588235294117647,0.0012948765777915,beta_known_mean,500,0,-0.0014451416422274,7.711997380005235e-06,0.0014553736094181,0.782,0.743733598415673,0.8159662735640116,0.0,0.0010125934838329,2.3933693539656453e-05,-0.0001448285645434,0.0015412490330286,6.175610527958675e-05,True,0.6579915324927065,0.6566501267978964,0.7819999999999591
5,0.2,0.05,1.1,50.0,0.1,0.9,0.5,500,0.1111111111111111,0.0047168238535359,beta_estimated_mean,500,0,-0.0054612215940373,0.0002563319967308,0.007912792268261,0.54,0.4961751552930624,0.5832148974700135,0.0,0.0025470848809094,0.0001052386288555,-0.0008863961521738,0.0015412490330286,6.175610527958675e-05,True,0.6579915324927065,0.6566501267978964,0.5400000000000029
5,0.2,0.05,1.1,50.0,0.1,0.9,0.5,500,0.1111111111111111,0.0047168238535359,risk_only,500,0,0.0001080549541495,0.0002536977144956,0.0056682076984643,0.202,0.1691412206755787,0.2394028862395064,0.0,0.0009527984184142,8.477670164138523e-05,-0.0008863961521738,0.0015412490330286,6.175610527958675e-05,True,0.6579915324927065,0.6566501267978964,0.20199999999998902
5,0.2,0.05,1.1,50.0,0.1,0.9,0.5,500,0.1111111111111111,0.0047168238535359,outcome_based,500,0,0.0003301761464639,0.0003486296994443,0.0077947936013528,0.25,0.214048496747821,0.2897636734829552,0.014,0.0011792059633839,9.14323792999566e-05,-0.0008863961521738,0.0015412490330286,6.175610527958675e-05,True,0.6579915324927065,0.6566501267978964,0.2499999999999841
5,0.2,0.05,1.1,50.0,0.1,0.9,0.5,500,0.1111111111111111,0.0047168238535359,beta_known_mean,500,0,-0.0056133819751432,4.5697460481810336e-05,0.005705444582871,0.782,0.743733598415673,0.8159662735640116,0.0,0.0036885562534651,8.718283929701735e-05,-0.0008863961521738,0.0015412490330286,6.175610527958675e-05,True,0.6579915324927065,0.6566501267978964,0.7820000000000056
5,0.2,0.05,1.1,50.0,0.1,0.9,0.5,500,0.2,0.0005711210741003,beta_estimated_mean,500,0,-0.0026987289941742,0.0002092837238405,0.0053980716037505,0.67,0.6276256239722534,0.709782100270819,0.0,0.0003826511196472,1.2021877109717997e-05,-0.0021931319985467,0.0015412490330286,6.175610527958675e-05,True,0.6579915324927065,0.6566501267978964,0.6699999999999983
5,0.2,0.05,1.1,50.0,0.1,0.9,0.5,500,0.2,0.0005711210741003,risk_only,500,0,0.0001024745074212,0.0002071404022344,0.0046283006597841,0.432,0.3892622537365845,0.4757746565661866,0.0,0.0002467243040113,1.2664672222068892e-05,-0.0021931319985467,0.0015412490330286,6.175610527958675e-05,True,0.6579915324927065,0.6566501267978964,0.4319999999999482
5,0.2,0.05,1.1,50.0,0.1,0.9,0.5,500,0.2,0.0005711210741003,outcome_based,500,0,0.0009458789258997,0.0007152759336945,0.0160060269255822,0.452,0.4089073378092892,0.49582459887502,0.008,0.0002581467254933,1.2724402829498108e-05,-0.0021931319985467,0.0015412490330286,6.175610527958675e-05,True,0.6579915324927065,0.6566501267978964,0.4519999999999377
5,0.2,0.05,1.1,50.0,0.1,0.9,0.5,500,0.2,0.0005711210741003,beta_known_mean,500,0,-0.0027740810056841,0.0001124606933793,0.0037425368129424,0.782,0.743733598415673,0.8159662735640116,0.0,0.0004466166799464,1.0556246823824314e-05,-0.0021931319985467,0.0015412490330286,6.175610527958675e-05,True,0.6579915324927065,0.6566501267978964,0.7819999999999395
5,0.2,0.05,1.1,50.0,0.1,0.9,0.5,500,0.3333333333333333,-0.0070315973709961,beta_estimated_mean,500,0,0.0056813512121028,8.31702853448946e-05,0.0059774143641773,0.25,0.214048496747821,0.2897636734829552,0.0,0.001757899342749,0.0001363026684635,-0.0013204894972434,0.0015412490330286,6.175610527958675e-05,False,0.6579915324927065,0.6566501267978964,0.24999999999999645
5,0.2,0.05,1.1,50.0,0.1,0.9,0.5,500,0.3333333333333333,-0.0070315973709961,risk_only,500,0,-2.7169733385574587e-05,0.0001002449396979,0.0022394671495697,0.0,4.336808689942019e-19,0.0076243404615522,0.0,0.0,0.0,-0.0013204894972434,0.0015412490330286,6.175610527958675e-05,False,0.6579915324927065,0.6566501267978964,0.0
5,0.2,0.05,1.1,50.0,0.1,0.9,0.5,500,0.3333333333333333,-0.0070315973709961,outcome_based,500,0,0.0007935973709961,0.0005696206169851,0.0127490843901533,0.3,0.2614819321406983,0.3415678040439227,0.038,0.0023766799113967,0.0001488987552315,-0.0013204894972434,0.0015412490330286,6.175610527958675e-05,False,0.6579915324927065,0.6566501267978964,0.3380000000000026
5,0.2,0.05,1.1,50.0,0.1,0.9,0.5,500,0.3333333333333333,-0.0070315973709961,beta_known_mean,500,0,0.0056917220108718,6.830192011006974e-05,0.0058926743030743,0.218,0.1840337264359884,0.256266401584327,0.0,0.0015328882268771,0.0001299676737212,-0.0013204894972434,0.0015412490330286,6.175610527958675e-05,False,0.6579915324927065,0.6566501267978964,0.21799999999999292
5,0.2,0.05,1.1,50.0,0.1,0.9,0.5,500,0.5,-0.0006841057120239,beta_estimated_mean,500,0,0.0005541573547742,7.196953158864719e-06,0.0005770066248328,0.224,0.1896389712599083,0.2625696646748685,0.0,0.0001532396794933,1.2768145222492288e-05,-0.000118134186694,0.0015412490330286,6.175610527958675e-05,False,0.6579915324927065,0.6566501267978964,0.22399999999992168
5,0.2,0.05,1.1,50.0,0.1,0.9,0.5,500,0.5,-0.0006841057120239,risk_only,500,0,7.306928983341176e-06,2.131521124051172e-05,0.0004762018144597,0.05,0.0340937452438494,0.0727681611715476,0.004,3.6941708449293896e-05,6.9217417530313575e-06,-0.000118134186694,0.0015412490330286,6.175610527958675e-05,False,0.6579915324927065,0.6566501267978964,0.05400000000000482
5,0.2,0.05,1.1,50.0,0.1,0.9,0.5,500,0.5,-0.0006841057120239,outcome_based,500,0,-5.1894287976038816e-05,0.0002192458562686,0.0048978563695891,0.35,0.3094801731446609,0.3928071289938047,0.19,0.0003694170844929,1.5263310515972712e-05,-0.000118134186694,0.0015412490330286,6.175610527958675e-05,False,0.6579915324927065,0.6566501267978964,0.5399999999999913
5,0.2,0.05,1.1,50.0,0.1,0.9,0.5,500,0.5,-0.0006841057120239,beta_known_mean,500,0,0.0005568692635396,6.673284070843915e-06,0.0005764765425409,0.218,0.1840337264359884,0.256266401584327,0.0,0.0001491350452212,1.2644584619975944e-05,-0.000118134186694,0.0015412490330286,6.175610527958675e-05,False,0.6579915324927065,0.6566501267978964,0.2179999999999851
5,0.2,0.05,1.1,50.0,0.1,0.9,0.5,3000,0.0588235294117647,0.0012948765777915,beta_estimated_mean,500,0,-0.0015136516212413,9.95965060497782e-05,0.0026909020374459,0.544,0.5001738756211381,0.5871551824182454,0.0,0.0007044128583185,2.8870876810209775e-05,-0.0001448285645434,0.0015412490330286,6.175610527958675e-05,True,0.6579915324927065,0.6566501267978964,0.5439999999999413
5,0.2,0.05,1.1,50.0,0.1,0.9,0.5,3000,0.0588235294117647,0.0012948765777915,risk_only,500,0,-7.616851593259472e-05,9.840365755707257e-05,0.0021994904576523,0.31,0.2710389112735686,0.3518583381018213,0.0,0.0004014117391153,2.6809177784666465e-05,-0.0001448285645434,0.0015412490330286,6.175610527958675e-05,True,0.6579915324927065,0.6566501267978964,0.3099999999999498
5,0.2,0.05,1.1,50.0,0.1,0.9,0.5,3000,0.0588235294117647,0.0012948765777915,outcome_based,500,0,2.745675554196364e-05,4.789766853490818e-05,0.0010703051024421,0.114,0.0890369009940028,0.1448490898423155,0.004,0.0001476159298682,1.842245010917153e-05,-0.0001448285645434,0.0015412490330286,6.175610527958675e-05,True,0.6579915324927065,0.6566501267978964,0.11399999999997606
5,0.2,0.05,1.1,50.0,0.1,0.9,0.5,3000,0.0588235294117647,0.0012948765777915,beta_known_mean,500,0,-0.0014411036232594,3.0114216077505705e-06,0.001442672836911,0.99,0.9768069002442692,0.9957212461034096,0.0,0.0012819278120136,5.767607524531632e-06,-0.0001448285645434,0.0015412490330286,6.175610527958675e-05,True,0.6579915324927065,0.6566501267978964,0.9900000000000116
5,0.2,0.05,1.1,50.0,0.1,0.9,0.5,3000,0.1111111111111111,0.0047168238535359,beta_estimated_mean,500,0,-0.0056693095192556,9.877374399735232e-05,0.0060835384788992,0.66,0.6173990695060175,0.700161141546286,0.0,0.0031131037433337,0.0001000255185709,-0.0008863961521738,0.0015412490330286,6.175610527958675e-05,True,0.6579915324927065,0.6566501267978964,0.6600000000000013
5,0.2,0.05,1.1,50.0,0.1,0.9,0.5,3000,0.1111111111111111,0.0047168238535359,risk_only,500,0,-6.892340882001153e-05,9.682893156818102e-05,0.0021640923244197,0.016,0.0081292530333883,0.0312511085333942,0.0,7.546918165657557e-05,2.649457307703584e-05,-0.0008863961521738,0.0015412490330286,6.175610527958675e-05,True,0.6579915324927065,0.6566501267978964,0.016000000000000247
5,0.2,0.05,1.1,50.0,0.1,0.9,0.5,3000,0.1111111111111111,0.0047168238535359,outcome_based,500,0,0.0001582594797983,0.0001346614454694,0.0030122690460855,0.054,0.0373743501810575,0.077426561510647,0.0,0.0002547084880909,4.772454904976832e-05,-0.0008863961521738,0.0015412490330286,6.175610527958675e-05,True,0.6579915324927065,0.6566501267978964,0.05399999999999181
5,0.2,0.05,1.1,50.0,0.1,0.9,0.5,3000,0.1111111111111111,0.0047168238535359,beta_known_mean,500,0,-0.0056052048463228,1.7729058776316343e-05,0.0056191784819725,0.99,0.9768069002442692,0.9957212461034096,0.0,0.0046696556150006,2.100956123242509e-05,-0.0008863961521738,0.0015412490330286,6.175610527958675e-05,True,0.6579915324927065,0.6566501267978964,0.9900000000000124
5,0.2,0.05,1.1,50.0,0.1,0.9,0.5,3000,0.2,0.0005711210741003,beta_estimated_mean,500,0,-0.0028039798130047,8.055696373149281e-05,0.0033317451238278,0.902,0.8727939491335183,0.925076081135394,0.0,0.0005151512088384,7.601411079340014e-06,-0.0021931319985467,0.0015412490330286,6.175610527958675e-05,True,0.6579915324927065,0.6566501267978964,0.9019999999998763
5,0.2,0.05,1.1,50.0,0.1,0.9,0.5,3000,0.2,0.0005711210741003,risk_only,500,0,-3.699796966788309e-05,8.020764455026014e-05,0.0017920850163052,0.382,0.3404646252341933,0.4253347191147331,0.0,0.0002181682503063,1.2422352018638523e-05,-0.0021931319985467,0.0015412490330286,6.175610527958675e-05,True,0.6579915324927065,0.6566501267978964,0.38199999999997447
5,0.2,0.05,1.1,50.0,0.1,0.9,0.5,3000,0.2,0.0005711210741003,outcome_based,500,0,0.0003623789258994,0.0002732524583212,0.0061147448490734,0.42,0.3775093512774022,0.4637105431964461,0.008,0.0002398708511221,1.261875635172004e-05,-0.0021931319985467,0.0015412490330286,6.175610527958675e-05,True,0.6579915324927065,0.6566501267978964,0.4199999999999545
5,0.2,0.05,1.1,50.0,0.1,0.9,0.5,3000,0.2,0.0005711210741003,beta_known_mean,500,0,-0.0027639196987604,4.332169750513944e-05,0.0029284398694671,0.99,0.9768069002442692,0.9957212461034096,0.0,0.0005654098633593,2.543873494119128e-06,-0.0021931319985467,0.0015412490330286,6.175610527958675e-05,True,0.6579915324927065,0.6566501267978964,0.9900000000000052
5,0.2,0.05,1.1,50.0,0.1,0.9,0.5,3000,0.3333333333333333,-0.0070315973709961,beta_estimated_mean,500,0,0.0056949431866829,3.219023272934444e-05,0.0057401609062854,0.034,0.0213345198085321,0.0537713655016345,0.0,0.0002390743106138,5.704685989980779e-05,-0.0013204894972434,0.0015412490330286,6.175610527958675e-05,False,0.6579915324927065,0.6566501267978964,0.03399999999999041
5,0.2,0.05,1.1,50.0,0.1,0.9,0.5,3000,0.3333333333333333,-0.0070315973709961,risk_only,500,0,-1.0006139354124732e-05,4.028657327427992e-05,0.0008999895043446,0.0,4.336808689942019e-19,0.0076243404615522,0.0,0.0,0.0,-0.0013204894972434,0.0015412490330286,6.175610527958675e-05,False,0.6579915324927065,0.6566501267978964,0.0
5,0.2,0.05,1.1,50.0,0.1,0.9,0.5,3000,0.3333333333333333,-0.0070315973709961,outcome_based,500,0,5.9597370996171256e-05,0.0002207141825748,0.0049307415558994,0.072,0.0524580314181262,0.0980684040169625,0.002,0.0005203382054537,8.239959469133012e-05,-0.0013204894972434,0.0015412490330286,6.175610527958675e-05,False,0.6579915324927065,0.6566501267978964,0.07399999999999839
5,0.2,0.05,1.1,50.0,0.1,0.9,0.5,3000,0.3333333333333333,-0.0070315973709961,beta_known_mean,500,0,0.0057068496755736,2.654661728752099e-05,0.0057375770096279,0.01,0.0042787538965904,0.0231930997557307,0.0,7.03159737099619e-05,3.131996871516778e-05,-0.0013204894972434,0.0015412490330286,6.175610527958675e-05,False,0.6579915324927065,0.6566501267978964,0.010000000000000129
5,0.2,0.05,1.1,50.0,0.1,0.9,0.5,3000,0.5,-0.0006841057120239,beta_estimated_mean,500,0,0.0005629234321041,2.756984832683842e-06,0.0005662823254617,0.018,0.009498193296197,0.0338516709087392,0.0,1.23139028164313e-05,4.071598449107391e-06,-0.000118134186694,0.0015412490330286,6.175610527958675e-05,False,0.6579915324927065,0.6566501267978964,0.01800000000000161
5,0.2,0.05,1.1,50.0,0.1,0.9,0.5,3000,0.5,-0.0006841057120239,risk_only,500,0,8.662756037675228e-06,7.826760658936254e-06,0.0001750510678798,0.0,4.336808689942019e-19,0.0076243404615522,0.0,0.0,0.0,-0.000118134186694,0.0015412490330286,6.175610527958675e-05,False,0.6579915324927065,0.6566501267978964,0.0
5,0.2,0.05,1.1,50.0,0.1,0.9,0.5,3000,0.5,-0.0006841057120239,outcome_based,500,0,0.0001581057120239,9.150503877941268e-05,0.0020501732378175,0.372,0.3307607484885237,0.4151910826696337,0.052,0.0002900608218981,1.5134466410692936e-05,-0.000118134186694,0.0015412490330286,6.175610527958675e-05,False,0.6579915324927065,0.6566501267978964,0.4239999999999509
5,0.2,0.05,1.1,50.0,0.1,0.9,0.5,3000,0.5,-0.0006841057120239,beta_known_mean,500,0,0.0005636894868505,2.581249691496467e-06,0.0005666309201947,0.01,0.0042787538965904,0.0231930997557307,0.0,6.841057120239611e-06,3.0471268999041864e-06,-0.000118134186694,0.0015412490330286,6.175610527958675e-05,False,0.6579915324927065,0.6566501267978964,0.010000000000000894
5,0.2,0.05,1.1,50.0,0.1,0.9,0.5,10000,0.0588235294117647,0.0012948765777915,beta_estimated_mean,500,0,-0.0015176222562436,5.634093785613136e-05,0.0019715865820759,0.556,0.5121868930497259,0.5989591808185805,0.0,0.000719951377252,2.8800961279649687e-05,-0.0001448285645434,0.0015412490330286,6.175610527958675e-05,True,0.6579915324927065,0.6566501267978964,0.5559999999999429
5,0.2,0.05,1.1,50.0,0.1,0.9,0.5,10000,0.0588235294117647,0.0012948765777915,risk_only,500,0,-8.025743188321172e-05,5.59445308479068e-05,0.0012522806118186,0.172,0.1414541198436514,0.2075474474991268,0.0,0.0002227187713801,2.18754751162638e-05,-0.0001448285645434,0.0015412490330286,6.175610527958675e-05,True,0.6579915324927065,0.6566501267978964,0.17199999999997065
5,0.2,0.05,1.1,50.0,0.1,0.9,0.5,10000,0.0588235294117647,0.0012948765777915,outcome_based,500,0,-3.213907779319442e-05,2.778637519055268e-05,0.00062153210761,0.026,0.0152563839233272,0.0439714908342242,0.0,3.366679102257997e-05,9.22453015425174e-06,-0.0001448285645434,0.0015412490330286,6.175610527958675e-05,True,0.6579915324927065,0.6566501267978964,0.02600000000000075
5,0.2,0.05,1.1,50.0,0.1,0.9,0.5,10000,0.0588235294117647,0.0012948765777915,beta_known_mean,500,0,-0.0014406337729847,1.626518081108331e-06,0.0014410918786938,1.0,0.992375659538448,1.0,0.0,0.0012948765777915,0.0,-0.0001448285645434,0.0015412490330286,6.175610527958675e-05,True,0.6579915324927065,0.6566501267978964,1.0
5,0.2,0.05,1.1,50.0,0.1,0.9,0.5,10000,0.1111111111111111,0.0047168238535359,beta_estimated_mean,500,0,-0.0056770062553883,5.5687698059455086e-05,0.0058117001610185,0.77,0.7311377813252322,0.8047450748255296,0.0,0.0036319543672226,8.886048226281603e-05,-0.0008863961521738,0.0015412490330286,6.175610527958675e-05,True,0.6579915324927065,0.6566501267978964,0.7699999999999909
5,0.2,0.05,1.1,50.0,0.1,0.9,0.5,10000,0.1111111111111111,0.0047168238535359,risk_only,500,0,-8.277084561771602e-05,5.486881784828285e-05,0.0012284681565861,0.0,4.336808689942019e-19,0.0076243404615522,0.0,0.0,0.0,-0.0008863961521738,0.0015412490330286,6.175610527958675e-05,True,0.6579915324927065,0.6566501267978964,0.0
5,0.2,0.05,1.1,50.0,0.1,0.9,0.5,10000,0.1111111111111111,0.0047168238535359,outcome_based,500,0,-2.699885353647305e-05,7.002296047538983e-05,0.0015644274415796,0.002,0.0003531363945592,0.0112407067051467,0.0,9.433647707071946e-06,9.433647707071948e-06,-0.0008863961521738,0.0015412490330286,6.175610527958675e-05,True,0.6579915324927065,0.6566501267978964,0.002000000000000031
5,0.2,0.05,1.1,50.0,0.1,0.9,0.5,10000,0.1111111111111111,0.0047168238535359,beta_known_mean,500,0,-0.0056070905517927,9.611000019436738e-06,0.0056111993143506,1.0,0.992375659538448,1.0,0.0,0.0047168238535359,0.0,-0.0008863961521738,0.0015412490330286,6.175610527958675e-05,True,0.6579915324927065,0.6566501267978964,1.0
5,0.2,0.05,1.1,50.0,0.1,0.9,0.5,10000,0.2,0.0005711210741003,beta_estimated_mean,500,0,-0.0028146047401898,4.479648967931962e-05,0.002987198664603,0.986,0.9713869308622148,0.9932022102091564,0.0,0.0005631253790629,3.003864844767638e-06,-0.0021931319985467,0.0015412490330286,6.175610527958675e-05,True,0.6579915324927065,0.6566501267978964,0.9860000000000074
5,0.2,0.05,1.1,50.0,0.1,0.9,0.5,10000,0.2,0.0005711210741003,risk_only,500,0,-6.94467748675829e-05,4.462737835368001e-05,0.0009993161166528,0.32,0.2806177506894902,0.3621270118766686,0.0,0.0001827587437121,1.1926344729670132e-05,-0.0021931319985467,0.0015412490330286,6.175610527958675e-05,True,0.6579915324927065,0.6566501267978964,0.32000000000000706
5,0.2,0.05,1.1,50.0,0.1,0.9,0.5,10000,0.2,0.0005711210741003,outcome_based,500,0,-0.0001509210740994,0.0001523274967053,0.0034060837674092,0.458,0.4148146097748511,0.5018258348239194,0.002,0.0002615734519379,1.2738265460818806e-05,-0.0021931319985467,0.0015412490330286,6.175610527958675e-05,True,0.6579915324927065,0.6566501267978964,0.4579999999999345
5,0.2,0.05,1.1,50.0,0.1,0.9,0.5,10000,0.2,0.0005711210741003,beta_known_mean,500,0,-0.0027724322830754,2.350012346831593e-05,0.0028216938901923,1.0,0.992375659538448,1.0,0.0,0.0005711210741003,0.0,-0.0021931319985467,0.0015412490330286,6.175610527958675e-05,True,0.6579915324927065,0.6566501267978964,1.0
5,0.2,0.05,1.1,50.0,0.1,0.9,0.5,10000,0.3333333333333333,-0.0070315973709961,beta_estimated_mean,500,0,0.0056952282047561,1.762059367729528e-05,0.0057088139293287,0.0,4.336808689942019e-19,0.0076243404615522,0.0,0.0,0.0,-0.0013204894972434,0.0015412490330286,6.175610527958675e-05,False,0.6579915324927065,0.6566501267978964,0.0
5,0.2,0.05,1.1,50.0,0.1,0.9,0.5,10000,0.3333333333333333,-0.0070315973709961,risk_only,500,0,1.4494546264573298e-06,2.231927279043565e-05,0.000498576894699,0.0,4.336808689942019e-19,0.0076243404615522,0.0,0.0,0.0,-0.0013204894972434,0.0015412490330286,6.175610527958675e-05,False,0.6579915324927065,0.6566501267978964,0.0
5,0.2,0.05,1.1,50.0,0.1,0.9,0.5,10000,0.3333333333333333,-0.0070315973709961,outcome_based,500,0,-7.440262900382244e-05,0.0001264312371031,0.0028252397687989,0.006,0.0020425962719602,0.0174902521040533,0.002,5.625277896796952e-05,2.804171375901721e-05,-0.0013204894972434,0.0015412490330286,6.175610527958675e-05,False,0.6579915324927065,0.6566501267978964,0.008000000000000103
5,0.2,0.05,1.1,50.0,0.1,0.9,0.5,10000,0.3333333333333333,-0.0070315973709961,beta_known_mean,500,0,0.005704988090609,1.438549545936587e-05,0.0057140312749684,0.0,4.336808689942019e-19,0.0076243404615522,0.0,0.0,0.0,-0.0013204894972434,0.0015412490330286,6.175610527958675e-05,False,0.6579915324927065,0.6566501267978964,0.0
5,0.2,0.05,1.1,50.0,0.1,0.9,0.5,10000,0.5,-0.0006841057120239,beta_estimated_mean,500,0,0.0005644452811049,1.4830402088025823e-06,0.0005654166429137,0.0,4.336808689942019e-19,0.0076243404615522,0.0,0.0,0.0,-0.000118134186694,0.0015412490330286,6.175610527958675e-05,False,0.6579915324927065,0.6566501267978964,0.0
5,0.2,0.05,1.1,50.0,0.1,0.9,0.5,10000,0.5,-0.0006841057120239,risk_only,500,0,3.8052183469140128e-06,4.74494290075628e-06,0.0001060622777864,0.0,4.336808689942019e-19,0.0076243404615522,0.0,0.0,0.0,-0.000118134186694,0.0015412490330286,6.175610527958675e-05,False,0.6579915324927065,0.6566501267978964,0.0
5,0.2,0.05,1.1,50.0,0.1,0.9,0.5,10000,0.5,-0.0006841057120239,outcome_based,500,0,-4.229428797603889e-05,4.511448451913037e-05,0.0010086683532238,0.224,0.1896389712599083,0.2625696646748685,0.04,0.0001806039079743,1.3499379744044633e-05,-0.000118134186694,0.0015412490330286,6.175610527958675e-05,False,0.6579915324927065,0.6566501267978964,0.263999999999986
5,0.2,0.05,1.1,50.0,0.1,0.9,0.5,10000,0.5,-0.0006841057120239,beta_known_mean,500,0,0.0005648907167964,1.384406924994843e-06,0.0005657365964892,0.0,4.336808689942019e-19,0.0076243404615522,0.0,0.0,0.0,-0.000118134186694,0.0015412490330286,6.175610527958675e-05,False,0.6579915324927065,0.6566501267978964,0.0
6,0.2,0.05,1.1,50.0,0.1,0.9,1.0,500,0.0588235294117647,0.0027345817201264,beta_estimated_mean,500,0,-0.0029585342479031,0.0002768090737144,0.0068547744877612,0.508,0.464285816641858,0.5515921939107572,0.0,0.0013891675138242,6.120050997260712e-05,-0.0001448285645434,0.0030284468816312,2.7001538782656102e-09,True,0.6572348254094391,0.6473630593954074,0.5079999999999959
6,0.2,0.05,1.1,50.0,0.1,0.9,1.0,500,0.0588235294117647,0.0027345817201264,risk_only,500,0,-0.0001064708546261,0.0002717098739881,0.0060704726009251,0.326,0.2863753160352474,0.3682779544453728,0.0,0.0008914736407612,5.738248896428084e-05,-0.0001448285645434,0.0030284468816312,2.7001538782656102e-09,True,0.6572348254094391,0.6473630593954074,0.3259999999999976
6,0.2,0.05,1.1,50.0,0.1,0.9,1.0,500,0.0588235294117647,0.0027345817201264,outcome_based,500,0,2.266827987370179e-05,0.000134027082684,0.0029940240544144,0.158,0.1286526978644355,0.1925623510112662,0.01,0.0004320639117799,4.4650386520918815e-05,-0.0001448285645434,0.0030284468816312,2.7001538782656102e-09,True,0.6572348254094391,0.6473630593954074,0.15799999999997397
6,0.2,0.05,1.1,50.0,0.1,0.9,1.0,500,0.0588235294117647,0.0027345817201264,beta_known_mean,500,0,-0.0028796548607674,8.405129082498642e-06,0.0028857693200243,0.768,0.7290425919653227,0.8028707615472854,0.0,0.0021001587610571,5.1673185576523005e-05,-0.0001448285645434,0.0030284468816312,2.7001538782656102e-09,True,0.6572348254094391,0.6473630593954074,0.7680000000000091
6,0.2,0.05,1.1,50.0,0.1,0.9,1.0,500,0.1111111111111111,0.0103200438592457,beta_estimated_mean,500,0,-0.0111816202024553,0.0002759316465868,0.0127679923587245,0.55,0.5061772177351765,0.5930603482186684,0.0,0.0056760241225851,0.0002298364324328,-0.0008863961521738,0.0030284468816312,2.7001538782656102e-09,True,0.6572348254094391,0.6473630593954074,0.5499999999999966
6,0.2,0.05,1.1,50.0,0.1,0.9,1.0,500,0.1111111111111111,0.0103200438592457,risk_only,500,0,-8.688783800995347e-05,0.0002661948095544,0.0059469763860822,0.046,0.0308451083708162,0.0680777927682732,0.0,0.0004747220175253,9.677972269657252e-05,-0.0008863961521738,0.0030284468816312,2.7001538782656102e-09,True,0.6572348254094391,0.6473630593954074,0.04599999999999979
6,0.2,0.05,1.1,50.0,0.1,0.9,1.0,500,0.1111111111111111,0.0103200438592457,outcome_based,500,0,-0.0001730438592459,0.0002885086766685,0.0064471183622779,0.05,0.0340937452438494,0.0727681611715476,0.012,0.0005160021929622,0.0001006880836035,-0.0008863961521738,0.0030284468816312,2.7001538782656102e-09,True,0.6572348254094391,0.6473630593954074,0.049999999999991766
6,0.2,0.05,1.1,50.0,0.1,0.9,1.0,500,0.1111111111111111,0.0103200438592457,beta_known_mean,500,0,-0.0111483974131891,4.956758137166296e-05,0.0112032486582596,0.768,0.7290425919653227,0.8028707615472854,0.0,0.0079257936839007,0.0001950095466417,-0.0008863961521738,0.0030284468816312,2.7001538782656102e-09,True,0.6572348254094391,0.6473630593954074,0.7680000000000002
6,0.2,0.05,1.1,50.0,0.1,0.9,1.0,500,0.2,0.0033353741467474,beta_estimated_mean,500,0,-0.0053842704197815,0.0002268806565783,0.0073943430597795,0.66,0.6173990695060175,0.700161141546286,0.0,0.0022013469368532,7.07303344403057e-05,-0.0021931319985467,0.0030284468816312,2.7001538782656102e-09,True,0.6572348254094391,0.6473630593954074,0.6599999999999747
6,0.2,0.05,1.1,50.0,0.1,0.9,1.0,500,0.2,0.0033353741467474,risk_only,500,0,5.169553334422154e-05,0.0002169221189965,0.0048459488314923,0.252,0.2159338483813718,0.2918478244875581,0.0,0.0008405142849803,6.482542230044859e-05,-0.0021931319985467,0.0030284468816312,2.7001538782656102e-09,True,0.6572348254094391,0.6473630593954074,0.25199999999998657
6,0.2,0.05,1.1,50.0,0.1,0.9,1.0,500,0.2,0.0033353741467474,outcome_based,500,0,0.0014256258532526,0.0006647831460427,0.0149184043407283,0.37,0.3288222637742394,0.4131600647457642,0.02,0.0012340884342965,7.208840590767008e-05,-0.0021931319985467,0.0030284468816312,2.7001538782656102e-09,True,0.6572348254094391,0.6473630593954074,0.36999999999998856
6,0.2,0.05,1.1,50.0,0.1,0.9,1.0,500,0.2,0.0033353741467474,beta_known_mean,500,0,-0.005331777282173,0.0001219569810219,0.0059874642455278,0.768,0.7290425919653227,0.8028707615472854,0.0,0.002561567344702,6.302587557853097e-05,-0.0021931319985467,0.0030284468816312,2.7001538782656102e-09,True,0.6572348254094391,0.6473630593954074,0.767999999999999
6,0.2,0.05,1.1,50.0,0.1,0.9,1.0,500,0.3333333333333333,-0.0127427052447489,beta_estimated_mean,500,0,0.0114295808423912,9.062762849784835e-05,0.0116074884617337,0.284,0.2462377719556586,0.325055943123732,0.0,0.0036189282895086,0.0002572332150302,-0.0013204894972434,0.0030284468816312,2.7001538782656102e-09,False,0.6572348254094391,0.6473630593954074,0.2839999999999931
6,0.2,0.05,1.1,50.0,0.1,0.9,1.0,500,0.3333333333333333,-0.0127427052447489,risk_only,500,0,0.0001010496692108,0.0001156049479672,0.0025843951959609,0.0,4.336808689942019e-19,0.0076243404615522,0.0,0.0,0.0,-0.0013204894972434,0.0030284468816312,2.7001538782656102e-09,False,0.6572348254094391,0.6473630593954074,0.0
6,0.2,0.05,1.1,50.0,0.1,0.9,1.0,500,0.3333333333333333,-0.0127427052447489,outcome_based,500,0,-0.000795294755251,0.0005270338141737,0.0117998749886483,0.118,0.0925930082515064,0.1492319878611194,0.008,0.0016055808608383,0.0001893007582269,-0.0013204894972434,0.0030284468816312,2.7001538782656102e-09,False,0.6572348254094391,0.6473630593954074,0.1259999999999952
6,0.2,0.05,1.1,50.0,0.1,0.9,1.0,500,0.3333333333333333,-0.0127427052447489,beta_known_mean,500,0,0.0114963150035796,7.411547607343728e-05,0.0116149178841063,0.232,0.1971292384527146,0.2709574080346774,0.0,0.0029563076167817,0.0002407886251899,-0.0013204894972434,0.0030284468816312,2.7001538782656102e-09,False,0.6572348254094391,0.6473630593954074,0.2319999999999965
6,0.2,0.05,1.1,50.0,0.1,0.9,1.0,500,0.5,-0.0012500772373538,beta_estimated_mean,500,0,0.0011153484789425,8.026038048258916e-06,0.0011296665240542,0.238,0.2027590191807921,0.2772361352210613,0.0,0.0002975183824902,2.3831563656296706e-05,-0.000118134186694,0.0030284468816312,2.7001538782656102e-09,False,0.6572348254094391,0.6473630593954074,0.23799999999999644
6,0.2,0.05,1.1,50.0,0.1,0.9,1.0,500,0.5,-0.0012500772373538,risk_only,500,0,4.4979096809572766e-05,2.444257449194188e-05,0.0005478552761442,0.0,4.336808689942019e-19,0.0076243404615522,0.0,0.0,0.0,-0.000118134186694,0.0030284468816312,2.7001538782656102e-09,False,0.6572348254094391,0.6473630593954074,0.0
6,0.2,0.05,1.1,50.0,0.1,0.9,1.0,500,0.5,-0.0012500772373538,outcome_based,500,0,-0.0005339227626461,0.0002557606596606,0.0057381545392636,0.302,0.2633915508798565,0.3436276879429182,0.158,0.0005750355291827,2.789088982495252e-05,-0.000118134186694,0.0030284468816312,2.7001538782656102e-09,False,0.6572348254094391,0.6473630593954074,0.4599999999999616
6,0.2,0.05,1.1,50.0,0.1,0.9,1.0,500,0.5,-0.0012500772373538,beta_known_mean,500,0,0.0011222765075458,7.349043020871524e-06,0.0011342198938553,0.232,0.1971292384527146,0.2709574080346774,0.0,0.000290017919066,2.3621701481930743e-05,-0.000118134186694,0.0030284468816312,2.7001538782656102e-09,False,0.6572348254094391,0.6473630593954074,0.2319999999999347
6,0.2,0.05,1.1,50.0,0.1,0.9,1.0,3000,0.0588235294117647,0.0027345817201264,beta_estimated_mean,500,0,-0.0028385274786669,0.0001079784195968,0.0037249494570217,0.528,0.4841957716642159,0.5713772652699372,0.0,0.0014438591482267,6.111229509471744e-05,-0.0001448285645434,0.0030284468816312,2.7001538782656102e-09,True,0.6572348254094391,0.6473630593954074,0.5279999999999856
6,0.2,0.05,1.1,50.0,0.1,0.9,1.0,3000,0.0588235294117647,0.0027345817201264,risk_only,500,0,3.5083135098748665e-05,0.0001058567571731,0.0023649210754138,0.11,0.0854914151566031,0.1404555704034076,0.0,0.0003008039892139,3.8302928468924574e-05,-0.0001448285645434,0.0030284468816312,2.7001538782656102e-09,True,0.6572348254094391,0.6473630593954074,0.10999999999999853
6,0.2,0.05,1.1,50.0,0.1,0.9,1.0,3000,0.0588235294117647,0.0027345817201264,outcome_based,500,0,2.8584946540553324e-05,5.387876135532169e-05,0.0012038997636163,0.01,0.0042787538965904,0.0231930997557307,0.0,2.7345817201264723e-05,1.2180306892528588e-05,-0.0001448285645434,0.0030284468816312,2.7001538782656102e-09,True,0.6572348254094391,0.6473630593954074,0.010000000000000264
6,0.2,0.05,1.1,50.0,0.1,0.9,1.0,3000,0.0588235294117647,0.0027345817201264,beta_known_mean,500,0,-0.0028797023031939,3.6352190859275447e-06,0.0028808470193857,0.97,0.9510963331640544,0.9817367868020864,0.0,0.0026525442685226,2.088272301095827e-05,-0.0001448285645434,0.0030284468816312,2.7001538782656102e-09,True,0.6572348254094391,0.6473630593954074,0.9699999999999971
6,0.2,0.05,1.1,50.0,0.1,0.9,1.0,3000,0.1111111111111111,0.0103200438592457,beta_estimated_mean,500,0,-0.0111556001417811,0.0001084930135581,0.011415822825569,0.656,0.6133141713377337,0.696307034438262,0.0,0.0067699487716652,0.000219463555652,-0.0008863961521738,0.0030284468816312,2.7001538782656102e-09,True,0.6572348254094391,0.6473630593954074,0.656000000000002
6,0.2,0.05,1.1,50.0,0.1,0.9,1.0,3000,0.1111111111111111,0.0103200438592457,risk_only,500,0,2.4428271290873715e-05,0.0001039950381953,0.0023232016178319,0.0,4.336808689942019e-19,0.0076243404615522,0.0,0.0,0.0,-0.0008863961521738,0.0030284468816312,2.7001538782656102e-09,True,0.6572348254094391,0.6473630593954074,0.0
6,0.2,0.05,1.1,50.0,0.1,0.9,1.0,3000,0.1111111111111111,0.0103200438592457,outcome_based,500,0,0.0001091228074229,0.0001237991471965,0.0027676155769086,0.0,4.336808689942019e-19,0.0076243404615522,0.0,0.0,0.0,-0.0008863961521738,0.0030284468816312,2.7001538782656102e-09,True,0.6572348254094391,0.6473630593954074,0.0
6,0.2,0.05,1.1,50.0,0.1,0.9,1.0,3000,0.1111111111111111,0.0103200438592457,beta_known_mean,500,0,-0.0112000271092744,2.125873599945282e-05,0.0112100901977983,0.97,0.9510963331640544,0.9817367868020864,0.0,0.0100104425434684,7.880935346982552e-05,-0.0008863961521738,0.0030284468816312,2.7001538782656102e-09,True,0.6572348254094391,0.6473630593954074,0.9700000000000069
6,0.2,0.05,1.1,50.0,0.1,0.9,1.0,3000,0.2,0.0033353741467474,beta_estimated_mean,500,0,-0.0054845884435786,9.190300904676508e-05,0.0058562228243373,0.856,0.8225095437017246,0.8840619258896502,0.0,0.0028550802696157,5.242185848408476e-05,-0.0021931319985467,0.0030284468816312,2.7001538782656102e-09,True,0.6572348254094391,0.6473630593954074,0.8559999999999776
6,0.2,0.05,1.1,50.0,0.1,0.9,1.0,3000,0.2,0.0033353741467474,risk_only,500,0,3.7034388161730966e-05,8.79782267365548e-05,0.0019656336299985,0.05,0.0340937452438494,0.0727681611715476,0.0,0.0001667687073373,3.254176392243537e-05,-0.0021931319985467,0.0030284468816312,2.7001538782656102e-09,True,0.6572348254094391,0.6473630593954074,0.04999999999997901
6,0.2,0.05,1.1,50.0,0.1,0.9,1.0,3000,0.2,0.0033353741467474,outcome_based,500,0,-0.0003395408134144,0.0002942339890907,0.0065814538281258,0.316,0.2767836281199081,0.3580221291699432,0.006,0.0010539782303721,6.941700586199806e-05,-0.0021931319985467,0.0030284468816312,2.7001538782656102e-09,True,0.6572348254094391,0.6473630593954074,0.31599999999997647
6,0.2,0.05,1.1,50.0,0.1,0.9,1.0,3000,0.2,0.0033353741467474,beta_known_mean,500,0,-0.0055061225227571,5.178296986777092e-05,0.0056263168897431,0.97,0.9510963331640544,0.9817367868020864,0.0,0.0032353129223449,2.547069408524249e-05,-0.0021931319985467,0.0030284468816312,2.7001538782656102e-09,True,0.6572348254094391,0.6473630593954074,0.9699999999999765
6,0.2,0.05,1.1,50.0,0.1,0.9,1.0,3000,0.3333333333333333,-0.0127427052447489,beta_estimated_mean,500,0,0.011425443697887,3.824216642036405e-05,0.011457335330545,0.062,0.0440192091426815,0.0866597131016382,0.0,0.0007900477251744,0.0001375652141442,-0.0013204894972434,0.0030284468816312,2.7001538782656102e-09,False,0.6572348254094391,0.6473630593954074,0.06199999999999751
6,0.2,0.05,1.1,50.0,0.1,0.9,1.0,3000,0.3333333333333333,-0.0127427052447489,risk_only,500,0,2.5377576634234903e-05,4.743198894013741e-05,0.0010598542424454,0.0,4.336808689942019e-19,0.0076243404615522,0.0,0.0,0.0,-0.0013204894972434,0.0030284468816312,2.7001538782656102e-09,False,0.6572348254094391,0.6473630593954074,0.0
6,0.2,0.05,1.1,50.0,0.1,0.9,1.0,3000,0.3333333333333333,-0.0127427052447489,outcome_based,500,0,-0.0003429614219177,0.0002119579552506,0.0047471869311357,0.006,0.0020425962719602,0.0174902521040533,0.002,0.0001019416419579,5.081737109446476e-05,-0.0013204894972434,0.0030284468816312,2.7001538782656102e-09,False,0.6572348254094391,0.6473630593954074,0.007999999999992843
6,0.2,0.05,1.1,50.0,0.1,0.9,1.0,3000,0.3333333333333333,-0.0127427052447489,beta_known_mean,500,0,0.011430148919878,3.1866444810801e-05,0.0114522933953302,0.03,0.0182632131979133,0.0489036668359457,0.0,0.0003822811573424,9.731008661319868e-05,-0.0013204894972434,0.0030284468816312,2.7001538782656102e-09,False,0.6572348254094391,0.6473630593954074,0.029999999999994743
6,0.2,0.05,1.1,50.0,0.1,0.9,1.0,3000,0.5,-0.0012500772373538,beta_estimated_mean,500,0,0.0011293424728791,3.3513997695353504e-06,0.0011318211560913,0.032,0.0197915136265711,0.0513448690454417,0.0,4.0002471595322907e-05,9.84916112370112e-06,-0.000118134186694,0.0030284468816312,2.7001538782656102e-09,False,0.6572348254094391,0.6473630593954074,0.03200000000000104
6,0.2,0.05,1.1,50.0,0.1,0.9,1.0,3000,0.5,-0.0012500772373538,risk_only,500,0,2.923766260237544e-06,1.045226596009054e-05,0.0002335042406374,0.0,4.336808689942019e-19,0.0076243404615522,0.0,0.0,0.0,-0.000118134186694,0.0030284468816312,2.7001538782656102e-09,False,0.6572348254094391,0.6473630593954074,0.0
6,0.2,0.05,1.1,50.0,0.1,0.9,1.0,3000,0.5,-0.0012500772373538,outcome_based,500,0,-2.992276264615917e-05,0.0001016085283354,0.0022699598220996,0.282,0.2443364332272433,0.3229877792139934,0.06,0.000427526415175,2.654682422368964e-05,-0.000118134186694,0.0030284468816312,2.7001538782656102e-09,False,0.6572348254094391,0.6473630593954074,0.3420000000000003
6,0.2,0.05,1.1,50.0,0.1,0.9,1.0,3000,0.5,-0.0012500772373538,beta_known_mean,500,0,0.0011302703729864,3.132747667554509e-06,0.0011324347027167,0.03,0.0182632131979133,0.0489036668359457,0.0,3.750231712061522e-05,9.546255830583433e-06,-0.000118134186694,0.0030284468816312,2.7001538782656102e-09,False,0.6572348254094391,0.6473630593954074,0.030000000000000977
6,0.2,0.05,1.1,50.0,0.1,0.9,1.0,10000,0.0588235294117647,0.0027345817201264,beta_estimated_mean,500,0,-0.0029294570162126,5.71273905201843e-05,0.0031953441512476,0.586,0.5423312223504144,0.6283573910901985,0.0,0.0016024648879941,6.029615408625703e-05,-0.0001448285645434,0.0030284468816312,2.7001538782656102e-09,True,0.6572348254094391,0.6473630593954074,0.5860000000000107
6,0.2,0.05,1.1,50.0,0.1,0.9,1.0,10000,0.0588235294117647,0.0027345817201264,risk_only,500,0,-4.564590997352691e-05,5.592322141561456e-05,0.0012500637940336,0.02,0.0108991835962108,0.0364201832468793,0.0,5.4691634402529446e-05,1.713833663983512e-05,-0.0001448285645434,0.0030284468816312,2.7001538782656102e-09,True,0.6572348254094391,0.6473630593954074,0.020000000000000528
6,0.2,0.05,1.1,50.0,0.1,0.9,1.0,10000,0.0588235294117647,0.0027345817201264,outcome_based,500,0,-4.47192201300321e-05,3.175389721616166e-05,0.0007107365847259,0.0,4.336808689942019e-19,0.0076243404615522,0.0,0.0,0.0,-0.0001448285645434,0.0030284468816312,2.7001538782656102e-09,True,0.6572348254094391,0.6473630593954074,0.0
6,0.2,0.05,1.1,50.0,0.1,0.9,1.0,10000,0.0588235294117647,0.0027345817201264,beta_known_mean,500,0,-0.0028803609686963,1.886027527458645e-06,0.0028806690720745,1.0,0.992375659538448,1.0,0.0,0.0027345817201264,0.0,-0.0001448285645434,0.0030284468816312,2.7001538782656102e-09,True,0.6572348254094391,0.6473630593954074,1.0
6,0.2,0.05,1.1,50.0,0.1,0.9,1.0,10000,0.1111111111111111,0.0103200438592457,beta_estimated_mean,500,0,-0.0112530144465721,5.722044401431399e-05,0.011325376354106,0.766,0.7269485494684876,0.8009953014059666,0.0,0.0079051535961822,0.0001955931242026,-0.0008863961521738,0.0030284468816312,2.7001538782656102e-09,True,0.6572348254094391,0.6473630593954074,0.7659999999999995
6,0.2,0.05,1.1,50.0,0.1,0.9,1.0,10000,0.1111111111111111,0.0103200438592457,risk_only,500,0,-4.394296802209633e-05,5.4895047322450106e-05,0.0012270495623588,0.0,4.336808689942019e-19,0.0076243404615522,0.0,0.0,0.0,-0.0008863961521738,0.0030284468816312,2.7001538782656102e-09,True,0.6572348254094391,0.6473630593954074,0.0
6,0.2,0.05,1.1,50.0,0.1,0.9,1.0,10000,0.1111111111111111,0.0103200438592457,outcome_based,500,0,-6.729385924700434e-05,6.692683151437617e-05,0.0014965459067441,0.0,4.336808689942019e-19,0.0076243404615522,0.0,0.0,0.0,-0.0008863961521738,0.0030284468816312,2.7001538782656102e-09,True,0.6572348254094391,0.6473630593954074,0.0
6,0.2,0.05,1.1,50.0,0.1,0.9,1.0,10000,0.1111111111111111,0.0103200438592457,beta_known_mean,500,0,-0.0112093136172942,1.1054067815561268e-05,0.0112120330799582,1.0,0.992375659538448,1.0,0.0,0.0103200438592457,7.765688804434268e-20,-0.0008863961521738,0.0030284468816312,2.7001538782656102e-09,True,0.6572348254094391,0.6473630593954074,1.0
6,0.2,0.05,1.1,50.0,0.1,0.9,1.0,10000,0.2,0.0033353741467474,beta_estimated_mean,500,0,-0.0055602793529238,4.812054561059351e-05,0.0056632309109351,0.984,0.9687488914666058,0.9918707469666116,0.0,0.0032820081603994,1.8734919262250865e-05,-0.0021931319985467,0.0030284468816312,2.7001538782656102e-09,True,0.6572348254094391,0.6473630593954074,0.9839999999999874
6,0.2,0.05,1.1,50.0,0.1,0.9,1.0,10000,0.2,0.0033353741467474,risk_only,500,0,-2.7553345731782184e-05,4.681921759096105e-05,0.0010462249832803,0.0,4.336808689942019e-19,0.0076243404615522,0.0,0.0,0.0,-0.0021931319985467,0.0030284468816312,2.7001538782656102e-09,True,0.6572348254094391,0.6473630593954074,0.0
6,0.2,0.05,1.1,50.0,0.1,0.9,1.0,10000,0.2,0.0033353741467474,outcome_based,500,0,-7.847414674565054e-05,0.0001548273159864,0.0034594704192562,0.17,0.1396203661039611,0.2054116986006633,0.002,0.000567013604947,5.608642934178869e-05,-0.0021931319985467,0.0030284468816312,2.7001538782656102e-09,True,0.6572348254094391,0.6473630593954074,0.1699999999999826
6,0.2,0.05,1.1,50.0,0.1,0.9,1.0,10000,0.2,0.0033353741467474,beta_known_mean,500,0,-0.005533167400081,2.692529817483772e-05,0.0055657616142392,1.0,0.992375659538448,1.0,0.0,0.0033353741467474,0.0,-0.0021931319985467,0.0030284468816312,2.7001538782656102e-09,True,0.6572348254094391,0.6473630593954074,1.0
6,0.2,0.05,1.1,50.0,0.1,0.9,1.0,10000,0.3333333333333333,-0.0127427052447489,beta_estimated_mean,500,0,0.0114098066600637,1.993370646177298e-05,0.0114184923257859,0.0,4.336808689942019e-19,0.0076243404615522,0.0,0.0,0.0,-0.0013204894972434,0.0030284468816312,2.7001538782656102e-09,False,0.6572348254094391,0.6473630593954074,0.0
6,0.2,0.05,1.1,50.0,0.1,0.9,1.0,10000,0.3333333333333333,-0.0127427052447489,risk_only,500,0,-1.8073523808202265e-05,2.4951124221472727e-05,0.0005576588505713,0.0,4.336808689942019e-19,0.0076243404615522,0.0,0.0,0.0,-0.0013204894972434,0.0030284468816312,2.7001538782656102e-09,False,0.6572348254094391,0.6473630593954074,0.0
6,0.2,0.05,1.1,50.0,0.1,0.9,1.0,10000,0.3333333333333333,-0.0127427052447489,outcome_based,500,0,8.060524474878098e-05,0.0001189644579886,0.002658686855476,0.0,4.336808689942019e-19,0.0076243404615522,0.0,0.0,0.0,-0.0013204894972434,0.0030284468816312,2.7001538782656102e-09,False,0.6572348254094391,0.6473630593954074,0.0
6,0.2,0.05,1.1,50.0,0.1,0.9,1.0,10000,0.3333333333333333,-0.0127427052447489,beta_known_mean,500,0,0.0114173414702412,1.6567273901720002e-05,0.0114233379121775,0.0,4.336808689942019e-19,0.0076243404615522,0.0,0.0,0.0,-0.0013204894972434,0.0030284468816312,2.7001538782656102e-09,False,0.6572348254094391,0.6473630593954074,0.0
6,0.2,0.05,1.1,50.0,0.1,0.9,1.0,10000,0.5,-0.0012500772373538,beta_estimated_mean,500,0,0.00113024315044,1.727712086525529e-06,0.0011309018917016,0.0,4.336808689942019e-19,0.0076243404615522,0.0,0.0,0.0,-0.000118134186694,0.0030284468816312,2.7001538782656102e-09,False,0.6572348254094391,0.6473630593954074,0.0
6,0.2,0.05,1.1,50.0,0.1,0.9,1.0,10000,0.5,-0.0012500772373538,risk_only,500,0,3.167215263167759e-06,5.499461171428042e-06,0.0001228894778545,0.0,4.336808689942019e-19,0.0076243404615522,0.0,0.0,0.0,-0.000118134186694,0.0030284468816312,2.7001538782656102e-09,False,0.6572348254094391,0.6473630593954074,0.0
6,0.2,0.05,1.1,50.0,0.1,0.9,1.0,10000,0.5,-0.0012500772373538,outcome_based,500,0,4.147723735384087e-05,5.620578493821648e-05,0.0012562270500265,0.152,0.1231923926738016,0.1861141482874387,0.02,0.0002150132848248,2.1118640933162504e-05,-0.000118134186694,0.0030284468816312,2.7001538782656102e-09,False,0.6572348254094391,0.6473630593954074,0.17199999999995713
6,0.2,0.05,1.1,50.0,0.1,0.9,1.0,10000,0.5,-0.0012500772373538,beta_known_mean,500,0,0.0011306765973796,1.615560369493233e-06,0.001131252392475,0.0,4.336808689942019e-19,0.0076243404615522,0.0,0.0,0.0,-0.000118134186694,0.0030284468816312,2.7001538782656102e-09,False,0.6572348254094391,0.6473630593954074,0.0
7,0.2,0.05,1.1,50.0,0.5,0.1,0.5,500,0.0588235294117647,-0.0017280395342319,beta_estimated_mean,500,0,0.0015596799366238,0.0002569509594546,0.005947980791115,0.494,0.4503901309190321,0.5377013611665066,0.0,0.0008536515299105,3.867605188262112e-05,-0.0001448285645434,2.7297064523645886e-05,0.0026553305819143,False,0.6578455628183637,0.6658647418291153,0.4939999999999661
7,0.2,0.05,1.1,50.0,0.5,0.1,0.5,500,0.0588235294117647,-0.0017280395342319,risk_only,500,0,-8.036082233775278e-06,0.0002565523268652,0.0057309505051241,0.404,0.3618792246930682,0.4475846486755498,0.0,0.0006981279718296,3.795921422179751e-05,-0.0001448285645434,2.7297064523645886e-05,0.0026553305819143,False,0.6578455628183637,0.6658647418291153,0.4039999999999493
7,0.2,0.05,1.1,50.0,0.5,0.1,0.5,500,0.0588235294117647,-0.0017280395342319,outcome_based,500,0,7.403953423182778e-05,0.0001377984754621,0.0030790750807067,0.268,0.231053973436348,0.3084837205378122,0.01,0.0004803949905164,3.46572738505748e-05,-0.0001448285645434,2.7297064523645886e-05,0.0026553305819143,False,0.6578455628183637,0.6658647418291153,0.2779999999999605
7,0.2,0.05,1.1,50.0,0.5,0.1,0.5,500,0.0588235294117647,-0.0017280395342319,beta_known_mean,500,0,0.0015872004926423,6.030750011963268e-06,0.0015929074068356,0.162,0.1323017883898392,0.19685226576217,0.0,0.0002799424045455,2.8502497605286348e-05,-0.0001448285645434,2.7297064523645886e-05,0.0026553305819143,False,0.6578455628183637,0.6658647418291153,0.16199999999996076
7,0.2,0.05,1.1,50.0,0.5,0.1,0.5,500,0.1111111111111111,-0.0049688495662113,beta_estimated_mean,500,0,0.0040753807536233,0.0002466323851782,0.0068528583425418,0.438,0.3951483440866656,0.4817970741305669,0.0,0.0021763561100005,0.000110359770519,-0.0008863961521738,2.7297064523645886e-05,0.0026553305819143,False,0.6578455628183637,0.6658647418291153,0.43799999999999006
7,0.2,0.05,1.1,50.0,0.5,0.1,0.5,500,0.1111111111111111,-0.0049688495662113,risk_only,500,0,1.563703356777382e-05,0.0002511123723612,0.0056094472873648,0.186,0.1543339917500702,0.2224540940597845,0.0,0.0009242060193153,8.655143051562386e-05,-0.0008863961521738,2.7297064523645886e-05,0.0026553305819143,False,0.6578455628183637,0.6658647418291153,0.18599999999999964
7,0.2,0.05,1.1,50.0,0.5,0.1,0.5,500,0.1111111111111111,-0.0049688495662113,outcome_based,500,0,-0.0002886504337885,0.0003440404994044,0.0076907013869298,0.222,0.1877693513816299,0.2604697819149931,0.008,0.0011428354002286,9.360840736376596e-05,-0.0008863961521738,2.7297064523645886e-05,0.0026553305819143,False,0.6578455628183637,0.6658647418291153,0.2300000000000002
7,0.2,0.05,1.1,50.0,0.5,0.1,0.5,500,0.1111111111111111,-0.0049688495662113,beta_known_mean,500,0,0.0041085772869723,3.640647657978744e-05,0.0041882929291019,0.162,0.1323017883898392,0.19685226576217,0.0,0.0008049536297262,8.195681872805989e-05,-0.0008863961521738,2.7297064523645886e-05,0.0026553305819143,False,0.6578455628183637,0.6658647418291153,0.16199999999999384
7,0.2,0.05,1.1,50.0,0.5,0.1,0.5,500,0.2,-0.0010093705275287,beta_estimated_mean,500,0,-0.0011365757966655,0.0001826545614057,0.0042355384845299,0.3,0.2614819321406983,0.3415678040439227,0.0,0.0003028111582586,2.070665722131094e-05,-0.0021931319985467,2.7297064523645886e-05,0.0026553305819143,False,0.6578455628183637,0.6658647418291153,0.2999999999999901
7,0.2,0.05,1.1,50.0,0.5,0.1,0.5,500,0.2,-0.0010093705275287,risk_only,500,0,8.954390686638918e-06,0.0001911288848839,0.0042695052698145,0.418,0.3755530480719333,0.4616973437637613,0.0,0.000421916880507,2.228691619886052e-05,-0.0021931319985467,2.7297064523645886e-05,0.0026553305819143,False,0.6578455628183637,0.6658647418291153,0.4180000000000033
7,0.2,0.05,1.1,50.0,0.5,0.1,0.5,500,0.2,-0.0010093705275287,outcome_based,500,0,0.0002553705275286,0.0006485153137933,0.0144889854063813,0.442,0.3990759531428234,0.4858084703507167,0.02,0.0004663291837182,2.252747272161784e-05,-0.0021931319985467,2.7297064523645886e-05,0.0026553305819143,False,0.6578455628183637,0.6658647418291153,0.4619999999999411
7,0.2,0.05,1.1,50.0,0.5,0.1,0.5,500,0.2,-0.0010093705275287,beta_known_mean,500,0,-0.0011230015687613,9.012754589715976e-05,0.0023053192433225,0.162,0.1323017883898392,0.19685226576217,0.0,0.0001635180254596,1.6648682205364682e-05,-0.0021931319985467,2.7297064523645886e-05,0.0026553305819143,False,0.6578455628183637,0.6658647418291153,0.16199999999995104
7,0.2,0.05,1.1,50.0,0.5,0.1,0.5,500,0.3333333333333333,0.0005452422527251,beta_estimated_mean,500,0,-0.0018216254865967,6.611743469602079e-05,0.002345145087972,0.806,0.7690603702807669,0.8382735333567634,0.0,0.0004394652556964,9.651784497178973e-06,-0.0013204894972434,2.7297064523645886e-05,0.0026553305819143,True,0.6578455628183637,0.6658647418291153,0.8059999999999439
7,0.2,0.05,1.1,50.0,0.5,0.1,0.5,500,0.3333333333333333,0.0005452422527251,risk_only,500,0,3.06023716700703e-05,7.496433643532313e-05,0.0016748560302332,0.352,0.3114108418907427,0.3948459628858768,0.0,0.0001919252729592,1.1657302473872274e-05,-0.0013204894972434,2.7297064523645886e-05,0.0026553305819143,True,0.6578455628183637,0.6658647418291153,0.3519999999999354
7,0.2,0.05,1.1,50.0,0.5,0.1,0.5,500,0.3333333333333333,0.0005452422527251,outcome_based,500,0,-7.324225272514318e-05,0.0005701337887497,0.0127360347215129,0.476,0.4325741894332142,0.5197917789089403,0.028,0.0002595353122971,1.2190130375678432e-05,-0.0013204894972434,2.7297064523645886e-05,0.0026553305819143,True,0.6578455628183637,0.6658647418291153,0.4759999999999127
7,0.2,0.05,1.1,50.0,0.5,0.1,0.5,500,0.3333333333333333,0.0005452422527251,beta_known_mean,500,0,-0.001826603329588,5.428178897179909e-05,0.0021924391708865,0.838,0.8031477342378299,0.8676982116101608,0.0,0.0004569130077836,8.993293090083655e-06,-0.0013204894972434,2.7297064523645886e-05,0.0026553305819143,True,0.6578455628183637,0.6658647418291153,0.837999999999938
7,0.2,0.05,1.1,50.0,0.5,0.1,0.5,500,0.5,-5.449938913374024e-05,beta_estimated_mean,500,0,-6.131915441380936e-05,5.391070519423171e-06,0.0001351399116818,0.174,0.1432894720810641,0.2096815978998678,0.0,9.482893709270802e-06,9.249239163576314e-07,-0.000118134186694,2.7297064523645886e-05,0.0026553305819143,False,0.6578455628183637,0.6658647418291153,0.174
7,0.2,0.05,1.1,50.0,0.5,0.1,0.5,500,0.5,-5.449938913374024e-05,risk_only,500,0,1.7664730084236464e-05,1.0150324919285284e-05,0.0002274281459637,0.362,0.3210760441781857,0.4050282737892027,0.162,2.855767990607989e-05,1.218457769211124e-06,-0.000118134186694,2.7297064523645886e-05,0.0026553305819143,False,0.6578455628183637,0.6658647418291153,0.5240000000000001
7,0.2,0.05,1.1,50.0,0.5,0.1,0.5,500,0.5,-5.449938913374024e-05,outcome_based,500,0,0.0001144993891337,0.0001184096350951,0.0026475479429298,0.348,0.3075503020569475,0.3907674974433643,0.318,3.629659316307101e-05,1.1506724354319367e-06,-0.000118134186694,2.7297064523645886e-05,0.0026553305819143,False,0.6578455628183637,0.6658647418291153,0.6660000000000001
7,0.2,0.05,1.1,50.0,0.5,0.1,0.5,500,0.5,-5.449938913374024e-05,beta_known_mean,500,0,-6.167431315082923e-05,5.091549840842272e-06,0.0001293821352186,0.162,0.1323017883898392,0.19685226576217,0.0,8.82890103966592e-06,8.989196586665127e-07,-0.000118134186694,2.7297064523645886e-05,0.0026553305819143,False,0.6578455628183637,0.6658647418291153,0.16200000000000003
7,0.2,0.05,1.1,50.0,0.5,0.1,0.5,3000,0.0588235294117647,-0.0017280395342319,beta_estimated_mean,500,0,0.0014956232562715,0.0001076096248263,0.0028311172301728,0.452,0.4089073378092892,0.49582459887502,0.0,0.0007810738694728,3.850019222894767e-05,-0.0001448285645434,2.7297064523645886e-05,0.0026553305819143,False,0.6578455628183637,0.6658647418291153,0.45199999999998913
7,0.2,0.05,1.1,50.0,0.5,0.1,0.5,3000,0.0588235294117647,-0.0017280395342319,risk_only,500,0,-8.540283691537948e-05,0.0001066706041837,0.002384370760855,0.228,0.1933817691150006,0.2667658720960837,0.0,0.0003939930138048,3.245484018726772e-05,-0.0001448285645434,2.7297064523645886e-05,0.0026553305819143,False,0.6578455628183637,0.6658647418291153,0.22799999999995763
7,0.2,0.05,1.1,50.0,0.5,0.1,0.5,3000,0.0588235294117647,-0.0017280395342319,outcome_based,500,0,7.456200898385612e-06,5.303998066120984e-05,0.0011848468802567,0.076,0.0558690270374278,0.1025964136739684,0.0,0.0001313310046016,2.0499637576948453e-05,-0.0001448285645434,2.7297064523645886e-05,0.0026553305819143,False,0.6578455628183637,0.6658647418291153,0.07599999999998587
7,0.2,0.05,1.1,50.0,0.5,0.1,0.5,3000,0.0588235294117647,-0.0017280395342319,beta_known_mean,500,0,0.0015820614930384,2.4593521392257434e-06,0.0015830150744116,0.002,0.0003531363945592,0.0112407067051467,0.0,3.4560790684638464e-06,3.4560790684638447e-06,-0.0001448285645434,2.7297064523645886e-05,0.0026553305819143,False,0.6578455628183637,0.6658647418291153,0.002000000000000027
7,0.2,0.05,1.1,50.0,0.5,0.1,0.5,3000,0.1111111111111111,-0.0049688495662113,beta_estimated_mean,500,0,0.0039922474504237,0.0001038146257602,0.0046169254368854,0.328,0.2882961898405897,0.3703265832781843,0.0,0.0016297826577173,0.0001044304463127,-0.0008863961521738,2.7297064523645886e-05,0.0026553305819143,False,0.6578455628183637,0.6658647418291153,0.32799999999999874
7,0.2,0.05,1.1,50.0,0.5,0.1,0.5,3000,0.1111111111111111,-0.0049688495662113,risk_only,500,0,-7.516781449701413e-05,0.0001036219254864,0.0023159586390208,0.008,0.0031153151800622,0.0203870358341051,0.0,3.975079652969071e-05,1.9815562509600168e-05,-0.0008863961521738,2.7297064523645886e-05,0.0026553305819143,False,0.6578455628183637,0.6658647418291153,0.008000000000000063
7,0.2,0.05,1.1,50.0,0.5,0.1,0.5,3000,0.1111111111111111,-0.0049688495662113,outcome_based,500,0,-9.315043378964448e-05,0.0001394108216705,0.0031155946824869,0.038,0.0244601180558303,0.0585847725306438,0.0,0.000188816283516,4.252897443362199e-05,-0.0008863961521738,2.7297064523645886e-05,0.0026553305819143,False,0.6578455628183637,0.6658647418291153,0.03799999999999408
7,0.2,0.05,1.1,50.0,0.5,0.1,0.5,3000,0.1111111111111111,-0.0049688495662113,beta_known_mean,500,0,0.0040746881391781,1.4921840742398487e-05,0.0040882993329499,0.002,0.0003531363945592,0.0112407067051467,0.0,9.937699132422678e-06,9.937699132422677e-06,-0.0008863961521738,2.7297064523645886e-05,0.0026553305819143,False,0.6578455628183637,0.6658647418291153,0.0020000000000000157
7,0.2,0.05,1.1,50.0,0.5,0.1,0.5,3000,0.2,-0.0010093705275287,beta_estimated_mean,500,0,-0.0012528381346608,7.747137678051818e-05,0.0021364710827845,0.094,0.0714264085922213,0.1227645558625591,0.0,9.48808295876988e-05,1.3186464578356364e-05,-0.0021931319985467,2.7297064523645886e-05,0.0026553305819143,False,0.6578455628183637,0.6658647418291153,0.09400000000000099
7,0.2,0.05,1.1,50.0,0.5,0.1,0.5,3000,0.2,-0.0010093705275287,risk_only,500,0,-7.121695164241545e-05,8.097509311480463e-05,0.0018102479777566,0.276,0.2386381329433981,0.3167775715833774,0.0,0.0002785862655979,2.019873497938921e-05,-0.0021931319985467,2.7297064523645886e-05,0.0026553305819143,False,0.6578455628183637,0.6658647418291153,0.275999999999979
7,0.2,0.05,1.1,50.0,0.5,0.1,0.5,3000,0.2,-0.0010093705275287,outcome_based,500,0,-0.0001657961391378,0.0002728192718615,0.0060965757236499,0.424,0.381424117793864,0.467734781956292,0.002,0.0004299918447272,2.2344008742395427e-05,-0.0021931319985467,2.7297064523645886e-05,0.0026553305819143,False,0.6578455628183637,0.6658647418291153,0.425999999999974
7,0.2,0.05,1.1,50.0,0.5,0.1,0.5,3000,0.2,-0.0010093705275287,beta_known_mean,500,0,-0.0012046875387281,3.690900793008967e-05,0.0014598106809762,0.002,0.0003531363945592,0.0112407067051467,0.0,2.018741055057421e-06,2.018741055057422e-06,-0.0021931319985467,2.7297064523645886e-05,0.0026553305819143,False,0.6578455628183637,0.6658647418291153,0.002000000000000021
7,0.2,0.05,1.1,50.0,0.5,0.1,0.5,3000,0.3333333333333333,0.0005452422527251,beta_estimated_mean,500,0,-0.001884491026973,2.7568959136678935e-05,0.0019825665530251,0.992,0.9796129641658948,0.9968846848199376,0.0,0.0005408803147033,2.1744031083614333e-06,-0.0013204894972434,2.7297064523645886e-05,0.0026553305819143,True,0.6578455628183637,0.6658647418291153,0.9920000000000014
7,0.2,0.05,1.1,50.0,0.5,0.1,0.5,3000,0.3333333333333333,0.0005452422527251,risk_only,500,0,-2.371988773480763e-05,3.156800513293323e-05,0.0007055746368475,0.218,0.1840337264359884,0.256266401584327,0.0,0.000118862811094,1.0077918780376894e-05,-0.0013204894972434,2.7297064523645886e-05,0.0026553305819143,True,0.6578455628183637,0.6658647418291153,0.21799999999986833
7,0.2,0.05,1.1,50.0,0.5,0.1,0.5,3000,0.3333333333333333,0.0005452422527251,outcome_based,500,0,7.809108060818946e-05,0.0002083906267244,0.0046557489426375,0.464,0.4207281870075268,0.5078207655057051,0.028,0.0002529924052644,1.2172523335084906e-05,-0.0013204894972434,2.7297064523645886e-05,0.0026553305819143,True,0.6578455628183637,0.6658647418291153,0.4639999999999149
7,0.2,0.05,1.1,50.0,0.5,0.1,0.5,3000,0.3333333333333333,0.0005452422527251,beta_known_mean,500,0,-0.0018770364030379,2.2243812954727117e-05,0.0019416911388007,0.998,0.9887592932948532,0.9996468636054407,0.0,0.0005441517682196,1.0904845054502872e-06,-0.0013204894972434,2.7297064523645886e-05,0.0026553305819143,True,0.6578455628183637,0.6658647418291153,0.9979999999999087
7,0.2,0.05,1.1,50.0,0.5,0.1,0.5,3000,0.5,-5.449938913374024e-05,beta_estimated_mean,500,0,-6.479973744802599e-05,2.155287994497009e-06,8.072790023656845e-05,0.002,0.0003531363945592,0.0112407067051467,0.0,1.089987782674805e-07,1.0899877826748046e-07,-0.000118134186694,2.7297064523645886e-05,0.0026553305819143,False,0.6578455628183637,0.6658647418291153,0.0020000000000000005
7,0.2,0.05,1.1,50.0,0.5,0.1,0.5,3000,0.5,-5.449938913374024e-05,risk_only,500,0,-7.907023529222755e-07,4.8273600208197695e-06,0.0001078379533872,0.294,0.2557584874357568,0.3353827408344027,0.0,1.602282040531963e-05,1.1115202452533458e-06,-0.000118134186694,2.7297064523645886e-05,0.0026553305819143,False,0.6578455628183637,0.6658647418291153,0.294
7,0.2,0.05,1.1,50.0,0.5,0.1,0.5,3000,0.5,-5.449938913374024e-05,outcome_based,500,0,-7.08339441995931e-05,4.966739518772766e-05,0.0011117444265086,0.416,0.3735974667931464,0.4596834224043944,0.098,2.801268601474249e-05,1.2193855823624108e-06,-0.000118134186694,2.7297064523645886e-05,0.0026553305819143,False,0.6578455628183637,0.6658647418291153,0.5140000000000001
7,0.2,0.05,1.1,50.0,0.5,0.1,0.5,3000,0.5,-5.449938913374024e-05,beta_known_mean,500,0,-6.466398010286378e-05,2.0456869706010018e-06,7.918120407271684e-05,0.002,0.0003531363945592,0.0112407067051467,0.0,1.089987782674805e-07,1.0899877826748046e-07,-0.000118134186694,2.7297064523645886e-05,0.0026553305819143,False,0.6578455628183637,0.6658647418291153,0.0020000000000000005
7,0.2,0.05,1.1,50.0,0.5,0.1,0.5,10000,0.0588235294117647,-0.0017280395342319,beta_estimated_mean,500,0,0.0016399587040812,6.100675399990401e-05,0.0021322886164542,0.458,0.4148146097748511,0.5018258348239194,0.0,0.0007914421066782,3.854213635613364e-05,-0.0001448285645434,2.7297064523645886e-05,0.0026553305819143,False,0.6578455628183637,0.6658647418291153,0.4579999999999941
7,0.2,0.05,1.1,50.0,0.5,0.1,0.5,10000,0.0588235294117647,-0.0017280395342319,risk_only,500,0,5.362734238359928e-05,6.057619671689032e-05,0.0013542319670514,0.118,0.0925930082515064,0.1492319878611194,0.0,0.0002039086650393,2.4956213794937835e-05,-0.0001448285645434,2.7297064523645886e-05,0.0026553305819143,False,0.6578455628183637,0.6658647418291153,0.11799999999996286
7,0.2,0.05,1.1,50.0,0.5,0.1,0.5,10000,0.0588235294117647,-0.0017280395342319,outcome_based,500,0,-2.9910465766095573e-05,2.94512665126414e-05,0.000658571035244,0.01,0.0042787538965904,0.0231930997557307,0.0,1.7280395342319232e-05,7.696991351347708e-06,-0.0001448285645434,2.7297064523645886e-05,0.0026553305819143,False,0.6578455628183637,0.6658647418291153,0.010000000000000134
7,0.2,0.05,1.1,50.0,0.5,0.1,0.5,10000,0.0588235294117647,-0.0017280395342319,beta_known_mean,500,0,0.0015833952883697,1.278424299197087e-06,0.0015836527994504,0.0,4.336808689942019e-19,0.0076243404615522,0.0,0.0,0.0,-0.0001448285645434,2.7297064523645886e-05,0.0026553305819143,False,0.6578455628183637,0.6658647418291153,0.0
7,0.2,0.05,1.1,50.0,0.5,0.1,0.5,10000,0.1111111111111111,-0.0049688495662113,beta_estimated_mean,500,0,0.0041353777910224,5.832166620891855e-05,0.0043357417395901,0.236,0.2008812954715588,0.2751443562921407,0.0,0.0011726484976258,9.44513688714375e-05,-0.0008863961521738,2.7297064523645886e-05,0.0026553305819143,False,0.6578455628183637,0.6658647418291153,0.23599999999998655
7,0.2,0.05,1.1,50.0,0.5,0.1,0.5,10000,0.1111111111111111,-0.0049688495662113,risk_only,500,0,4.881553154638576e-05,5.8072653326700766e-05,0.0012981629540459,0.0,4.336808689942019e-19,0.0076243404615522,0.0,0.0,0.0,-0.0008863961521738,2.7297064523645886e-05,0.0026553305819143,False,0.6578455628183637,0.6658647418291153,0.0
7,0.2,0.05,1.1,50.0,0.5,0.1,0.5,10000,0.1111111111111111,-0.0049688495662113,outcome_based,500,0,-0.0001703004337885,7.45735844249733e-05,0.0016745300132421,0.002,0.0003531363945592,0.0112407067051467,0.0,9.937699132422678e-06,9.937699132422677e-06,-0.0008863961521738,2.7297064523645886e-05,0.0026553305819143,False,0.6578455628183637,0.6658647418291153,0.0020000000000000157
7,0.2,0.05,1.1,50.0,0.5,0.1,0.5,10000,0.1111111111111111,-0.0049688495662113,beta_known_mean,500,0,0.004083856134267,7.758927737310251e-06,0.0040875324101769,0.0,4.336808689942019e-19,0.0076243404615522,0.0,0.0,0.0,-0.0008863961521738,2.7297064523645886e-05,0.0026553305819143,False,0.6578455628183637,0.6658647418291153,0.0
7,0.2,0.05,1.1,50.0,0.5,0.1,0.5,10000,0.2,-0.0010093705275287,beta_estimated_mean,500,0,-0.0011496155381264,4.215107582239787e-05,0.0014859999222077,0.016,0.0081292530333883,0.0312511085333942,0.0,1.614992844045937e-05,5.669671379262516e-06,-0.0021931319985467,2.7297064523645886e-05,0.0026553305819143,False,0.6578455628183637,0.6658647418291153,0.016000000000000167
7,0.2,0.05,1.1,50.0,0.5,0.1,0.5,10000,0.2,-0.0010093705275287,risk_only,500,0,3.46040457625086e-05,4.32640452162821e-05,0.0009670648719775,0.156,0.126830791403845,0.1904147548337029,0.0,0.0001574618022944,1.6395847466961503e-05,-0.0021931319985467,2.7297064523645886e-05,0.0026553305819143,False,0.6578455628183637,0.6658647418291153,0.1559999999999235
7,0.2,0.05,1.1,50.0,0.5,0.1,0.5,10000,0.2,-0.0010093705275287,outcome_based,500,0,-0.0002989794724718,0.0001518178856254,0.0034045080778962,0.338,0.2979130243450122,0.3805572619645308,0.004,0.0003452047204148,2.1435141101839726e-05,-0.0021931319985467,2.7297064523645886e-05,0.0026553305819143,False,0.6578455628183637,0.6658647418291153,0.34199999999998476
7,0.2,0.05,1.1,50.0,0.5,0.1,0.5,10000,0.2,-0.0010093705275287,beta_known_mean,500,0,-0.0011802783351486,1.918466567104958e-05,0.0012556729651781,0.0,4.336808689942019e-19,0.0076243404615522,0.0,0.0,0.0,-0.0021931319985467,2.7297064523645886e-05,0.0026553305819143,False,0.6578455628183637,0.6658647418291153,0.0
7,0.2,0.05,1.1,50.0,0.5,0.1,0.5,10000,0.3333333333333333,0.0005452422527251,beta_estimated_mean,500,0,-0.0018572852315374,1.4510156826416796e-05,0.0018853567864464,1.0,0.992375659538448,1.0,0.0,0.0005452422527251,4.8535555027714175e-21,-0.0013204894972434,2.7297064523645886e-05,0.0026553305819143,True,0.6578455628183637,0.6658647418291153,1.0
7,0.2,0.05,1.1,50.0,0.5,0.1,0.5,10000,0.3333333333333333,0.0005452422527251,risk_only,500,0,1.018942789854598e-05,1.6910430355756262e-05,0.0003778877997428,0.062,0.0440192091426815,0.0866597131016382,0.0,3.3805019668958884e-05,5.886220062063814e-06,-0.0013204894972434,2.7297064523645886e-05,0.0026553305819143,True,0.6578455628183637,0.6658647418291153,0.062000000000004926
7,0.2,0.05,1.1,50.0,0.5,0.1,0.5,10000,0.3333333333333333,0.0005452422527251,outcome_based,500,0,4.5057747274838274e-05,0.0001187150721547,0.002652276590137,0.424,0.381424117793864,0.467734781956292,0.006,0.0002311827151554,1.206239096461484e-05,-0.0013204894972434,2.7297064523645886e-05,0.0026553305819143,True,0.6578455628183637,0.6658647418291153,0.4239999999999223
7,0.2,0.05,1.1,50.0,0.5,0.1,0.5,10000,0.3333333333333333,0.0005452422527251,beta_known_mean,500,0,-0.0018636747087698,1.1566618398931948e-05,0.0018815001897529,1.0,0.992375659538448,1.0,0.0,0.0005452422527251,4.8535555027714175e-21,-0.0013204894972434,2.7297064523645886e-05,0.0026553305819143,True,0.6578455628183637,0.6658647418291153,1.0
7,0.2,0.05,1.1,50.0,0.5,0.1,0.5,10000,0.5,-5.449938913374024e-05,beta_estimated_mean,500,0,-6.335977369480076e-05,1.1203876739277018e-06,6.81237104396189e-05,0.0,4.336808689942019e-19,0.0076243404615522,0.0,0.0,0.0,-0.000118134186694,2.7297064523645886e-05,0.0026553305819143,False,0.6578455628183637,0.6658647418291153,0.0
7,0.2,0.05,1.1,50.0,0.5,0.1,0.5,10000,0.5,-5.449938913374024e-05,risk_only,500,0,-1.259643230324503e-07,2.7088316143250945e-06,6.051084576899797e-05,0.18,0.148804907912759,0.2160746699826344,0.0,9.809890044073244e-06,9.373127839192668e-07,-0.000118134186694,2.7297064523645886e-05,0.0026553305819143,False,0.6578455628183637,0.6658647418291153,0.18000000000000002
7,0.2,0.05,1.1,50.0,0.5,0.1,0.5,10000,0.5,-5.449938913374024e-05,outcome_based,500,0,-1.4500610866259755e-05,2.6189497504899137e-05,0.0005852087385843,0.434,0.3912235726331776,0.4777828403077473,0.052,2.6486703118997765e-05,1.2193855823624108e-06,-0.000118134186694,2.7297064523645886e-05,0.0026553305819143,False,0.6578455628183637,0.6658647418291153,0.48600000000000015
7,0.2,0.05,1.1,50.0,0.5,0.1,0.5,10000,0.5,-5.449938913374024e-05,beta_known_mean,500,0,-6.357153520823443e-05,1.0614249962138427e-06,6.78492813300405e-05,0.0,4.336808689942019e-19,0.0076243404615522,0.0,0.0,0.0,-0.000118134186694,2.7297064523645886e-05,0.0026553305819143,False,0.6578455628183637,0.6658647418291153,0.0
8,0.2,0.05,1.1,50.0,0.5,0.1,1.0,500,0.0588235294117647,-0.0033112505039204,beta_estimated_mean,500,0,0.0031505012238879,0.0002680987760262,0.0067669976992309,0.48,0.4365284265737322,0.5237765470447299,0.0,0.0015894002418818,7.405664872499765e-05,-0.0001448285645434,5.429446214844091e-07,0.0051871516534236,False,0.6590826397490445,0.6648979352782041,0.4800000000000024
8,0.2,0.05,1.1,50.0,0.5,0.1,1.0,500,0.0588235294117647,-0.0033112505039204,risk_only,500,0,1.2726981872845932e-05,0.0002641974826296,0.005901738437118,0.278,0.2405366075286252,0.3188485996363041,0.0,0.0009205276400898,6.640989006841946e-05,-0.0001448285645434,5.429446214844091e-07,0.0051871516534236,False,0.6590826397490445,0.6648979352782041,0.2779999999999785
8,0.2,0.05,1.1,50.0,0.5,0.1,1.0,500,0.0588235294117647,-0.0033112505039204,outcome_based,500,0,0.0001155005039202,0.000164696847201,0.0036808614554076,0.186,0.1543339917500702,0.2224540940597845,0.01,0.0006490050987684,5.884340895791523e-05,-0.0001448285645434,5.429446214844091e-07,0.0051871516534236,False,0.6590826397490445,0.6648979352782041,0.19600000000000045
8,0.2,0.05,1.1,50.0,0.5,0.1,1.0,500,0.0588235294117647,-0.0033112505039204,beta_known_mean,500,0,0.0031649457842094,4.849142680874038e-06,0.0031667989192827,0.086,0.0644731424036077,0.1138398114985575,0.0,0.0002847675433371,4.155890422418254e-05,-0.0001448285645434,5.429446214844091e-07,0.0051871516534236,False,0.6590826397490445,0.6648979352782041,0.08599999999998356
8,0.2,0.05,1.1,50.0,0.5,0.1,1.0,500,0.1111111111111111,-0.0090513029802488,beta_estimated_mean,500,0,0.0081258981395009,0.0002493008104857,0.0098510667815152,0.438,0.3951483440866656,0.4817970741305669,0.0,0.0039644707053489,0.0002010323932105,-0.0008863961521738,5.429446214844091e-07,0.0051871516534236,False,0.6590826397490445,0.6648979352782041,0.43799999999999184
8,0.2,0.05,1.1,50.0,0.5,0.1,1.0,500,0.1111111111111111,-0.0090513029802488,risk_only,500,0,1.9993603826797655e-05,0.0002492722251115,0.0055683556107715,0.058,0.0406837291117572,0.0820561878562549,0.0,0.0005249755728544,9.471096855809827e-05,-0.0008863961521738,5.429446214844091e-07,0.0051871516534236,False,0.6590826397490445,0.6648979352782041,0.057999999999996645
8,0.2,0.05,1.1,50.0,0.5,0.1,1.0,500,0.1111111111111111,-0.0090513029802488,outcome_based,500,0,1.4302980248978386e-05,0.0003380263089925,0.0075509493161616,0.134,0.1069150018715208,0.1666660153463354,0.008,0.0012852850231953,0.0001414323136302,-0.0008863961521738,5.429446214844091e-07,0.0051871516534236,False,0.6590826397490445,0.6648979352782041,0.14199999999999674
8,0.2,0.05,1.1,50.0,0.5,0.1,1.0,500,0.1111111111111111,-0.0090513029802488,beta_known_mean,500,0,0.0081542645377225,2.9229639189455706e-05,0.0081803643979302,0.086,0.0644731424036077,0.1138398114985575,0.0,0.0007784120563014,0.0001136012612802,-0.0008863961521738,5.429446214844091e-07,0.0051871516534236,False,0.6590826397490445,0.6648979352782041,0.08600000000000035
8,0.2,0.05,1.1,50.0,0.5,0.1,1.0,500,0.2,0.0001743909434893,beta_estimated_mean,500,0,-0.0024071647738828,0.0001646364532796,0.0043954428629114,0.734,0.6935922104844646,0.770839598179529,0.0,0.0001280029525211,3.4495504645845746e-06,-0.0021931319985467,5.429446214844091e-07,0.0051871516534236,True,0.6590826397490445,0.6648979352782041,0.7339999999997351
8,0.2,0.05,1.1,50.0,0.5,0.1,1.0,500,0.2,0.0001743909434893,risk_only,500,0,-6.616355684963854e-06,0.0001808209979589,0.0040392405467243,0.474,0.4305981140734963,0.5177983516305045,0.0,8.266130721394325e-05,3.89812442562338e-06,-0.0021931319985467,5.429446214844091e-07,0.0051871516534236,True,0.6590826397490445,0.6648979352782041,0.4740000000000863
8,0.2,0.05,1.1,50.0,0.5,0.1,1.0,500,0.2,0.0001743909434893,outcome_based,500,0,0.0003226090565106,0.0006860381028464,0.0153283256620984,0.478,0.4345509603938758,0.5217845105864325,0.006,8.335887098790059e-05,3.899625075089728e-06,-0.0021931319985467,5.429446214844091e-07,0.0051871516534236,True,0.6590826397490445,0.6648979352782041,0.47800000000008713
8,0.2,0.05,1.1,50.0,0.5,0.1,1.0,500,0.2,0.0001743909434893,beta_known_mean,500,0,-0.0023998094341854,7.232267984804665e-05,0.002892946553358,0.914,0.8861601885014425,0.9355268575963924,0.0,0.0001593933223492,2.188749087227647e-06,-0.0021931319985467,5.429446214844091e-07,0.0051871516534236,True,0.6590826397490445,0.6648979352782041,0.9139999999998842
8,0.2,0.05,1.1,50.0,0.5,0.1,1.0,500,0.3333333333333333,0.0024109740026937,beta_estimated_mean,500,0,-0.0037324419910497,5.1791052015209854e-05,0.003907633227147,0.872,0.8398543146918417,0.8984731760047634,0.0,0.0021023693303489,3.605831944895884e-05,-0.0013204894972434,5.429446214844091e-07,0.0051871516534236,True,0.6590826397490445,0.6648979352782041,0.8719999999999973
8,0.2,0.05,1.1,50.0,0.5,0.1,1.0,500,0.3333333333333333,0.0024109740026937,risk_only,500,0,-7.064869303498364e-05,4.897349007888648e-05,0.0010962637457977,0.01,0.0042787538965904,0.0231930997557307,0.0,2.4109740026937582e-05,1.0738901326876365e-05,-0.0013204894972434,5.429446214844091e-07,0.0051871516534236,True,0.6590826397490445,0.6648979352782041,0.010000000000000241
8,0.2,0.05,1.1,50.0,0.5,0.1,1.0,500,0.3333333333333333,0.0024109740026937,outcome_based,500,0,0.0002270259973062,0.0004957352305794,0.0110762131075315,0.404,0.3618792246930682,0.4475846486755498,0.038,0.0009740334970882,5.296098662008625e-05,-0.0013204894972434,5.429446214844091e-07,0.0051871516534236,True,0.6590826397490445,0.6648979352782041,0.40399999999997727
8,0.2,0.05,1.1,50.0,0.5,0.1,1.0,500,0.3333333333333333,0.0024109740026937,beta_known_mean,500,0,-0.0037465090595761,4.358900192709056e-05,0.0038709728333969,0.914,0.8861601885014425,0.9355268575963924,0.0,0.002203630238462,3.0259697219015096e-05,-0.0013204894972434,5.429446214844091e-07,0.0051871516534236,True,0.6590826397490445,0.6648979352782041,0.9139999999999826
8,0.2,0.05,1.1,50.0,0.5,0.1,1.0,500,0.5,9.13540842660093e-06,beta_estimated_mean,500,0,-0.0001275863234729,4.106778070670031e-06,0.0001571439383879,0.91,0.8816905887106666,0.9320574521108606,0.0,8.313221668206846e-06,1.1703604753765125e-07,-0.000118134186694,5.429446214844091e-07,0.0051871516534236,True,0.6590826397490445,0.6648979352782041,0.91
8,0.2,0.05,1.1,50.0,0.5,0.1,1.0,500,0.5,9.13540842660093e-06,risk_only,500,0,1.0009415108264956e-06,1.8170915823231125e-06,4.060309066271067e-05,0.014,0.0067977897908434,0.0286130691377852,0.858,1.2789571797241304e-07,4.804853727117149e-08,-0.000118134186694,5.429446214844091e-07,0.0051871516534236,True,0.6590826397490445,0.6648979352782041,0.014000000000000002
8,0.2,0.05,1.1,50.0,0.5,0.1,1.0,500,0.5,9.13540842660093e-06,outcome_based,500,0,-3.3135408426601e-05,3.7116077465336034e-05,0.0008297722309716,0.074,0.0541611847510119,0.1003347533222305,0.864,6.760202235684687e-07,1.0705305096060033e-07,-0.000118134186694,5.429446214844091e-07,0.0051871516534236,True,0.6590826397490445,0.6648979352782041,0.074
8,0.2,0.05,1.1,50.0,0.5,0.1,1.0,500,0.5,9.13540842660093e-06,beta_known_mean,500,0,-0.0001290897982461,4.100466859001309e-06,0.0001582854270413,0.914,0.8861601885014425,0.9355268575963924,0.0,8.349763301913249e-06,1.1465685347586717e-07,-0.000118134186694,5.429446214844091e-07,0.0051871516534236,True,0.6590826397490445,0.6648979352782041,0.9139999999999999
8,0.2,0.05,1.1,50.0,0.5,0.1,1.0,3000,0.0588235294117647,-0.0033112505039204,beta_estimated_mean,500,0,0.0032406746170098,0.0001044112637904,0.0039927341840498,0.486,0.4424649931129956,0.5297484884199279,0.0,0.0016092677449053,7.408690607820323e-05,-0.0001448285645434,5.429446214844091e-07,0.0051871516534236,False,0.6590826397490445,0.6648979352782041,0.4859999999999956
8,0.2,0.05,1.1,50.0,0.5,0.1,1.0,3000,0.0588235294117647,-0.0033112505039204,risk_only,500,0,6.862034242207582e-05,0.0001032390540461,0.0023072064470452,0.084,0.0627441368038303,0.1115993144601811,0.0,0.0002781450423293,4.111773132927487e-05,-0.0001448285645434,5.429446214844091e-07,0.0051871516534236,False,0.6590826397490445,0.6648979352782041,0.08399999999999588
8,0.2,0.05,1.1,50.0,0.5,0.1,1.0,3000,0.0588235294117647,-0.0033112505039204,outcome_based,500,0,6.920883725340077e-05,6.204591836471948e-05,0.0013877276966425,0.01,0.0042787538965904,0.0231930997557307,0.0,3.3112505039204485e-05,1.4748890859230086e-05,-0.0001448285645434,5.429446214844091e-07,0.0051871516534236,False,0.6590826397490445,0.6648979352782041,0.010000000000000146
8,0.2,0.05,1.1,50.0,0.5,0.1,1.0,3000,0.0588235294117647,-0.0033112505039204,beta_known_mean,500,0,0.003167730121685,2.0692045452780423e-06,0.0031680673360817,0.0,4.336808689942019e-19,0.0076243404615522,0.0,0.0,0.0,-0.0001448285645434,5.429446214844091e-07,0.0051871516534236,False,0.6590826397490445,0.6648979352782041,0.0
8,0.2,0.05,1.1,50.0,0.5,0.1,1.0,3000,0.1111111111111111,-0.0090513029802488,beta_estimated_mean,500,0,0.0082374311548909,9.773918964229e-05,0.0085218656219363,0.344,0.3036929655617379,0.3866858286622663,0.0,0.0031136482252056,0.0001924828191064,-0.0008863961521738,5.429446214844091e-07,0.0051871516534236,False,0.6590826397490445,0.6648979352782041,0.3440000000000014
8,0.2,0.05,1.1,50.0,0.5,0.1,1.0,3000,0.1111111111111111,-0.0090513029802488,risk_only,500,0,8.435233033587211e-05,9.760108750592176e-05,0.0021818743053897,0.0,4.336808689942019e-19,0.0076243404615522,0.0,0.0,0.0,-0.0008863961521738,5.429446214844091e-07,0.0051871516534236,False,0.6590826397490445,0.6648979352782041,0.0
8,0.2,0.05,1.1,50.0,0.5,0.1,1.0,3000,0.1111111111111111,-0.0090513029802488,outcome_based,500,0,6.480298024717005e-05,0.0001408769471545,0.0031476197724324,0.0,4.336808689942019e-19,0.0076243404615522,0.0,0.0,0.0,-0.0008863961521738,5.429446214844091e-07,0.0051871516534236,False,0.6590826397490445,0.6648979352782041,0.0
8,0.2,0.05,1.1,50.0,0.5,0.1,1.0,3000,0.1111111111111111,-0.0090513029802488,beta_known_mean,500,0,0.0081735996922904,1.2582443392298882e-05,0.0081784309346468,0.0,4.336808689942019e-19,0.0076243404615522,0.0,0.0,0.0,-0.0008863961521738,5.429446214844091e-07,0.0051871516534236,False,0.6590826397490445,0.6648979352782041,0.0
8,0.2,0.05,1.1,50.0,0.5,0.1,1.0,3000,0.2,0.0001743909434893,beta_estimated_mean,500,0,-0.0023065899499039,6.65962860679273e-05,0.0027447139724751,0.92,0.8928936834221488,0.9407018705901476,0.0,0.0001604396680101,2.117934679587597e-06,-0.0021931319985467,5.429446214844091e-07,0.0051871516534236,True,0.6590826397490445,0.6648979352782041,0.9199999999996789
8,0.2,0.05,1.1,50.0,0.5,0.1,1.0,3000,0.2,0.0001743909434893,risk_only,500,0,8.104455859719914e-05,7.308468043518887e-05,0.0016345984543981,0.434,0.3912235726331776,0.4777828403077473,0.0,7.568566947436999e-05,3.869249497291641e-06,-0.0021931319985467,5.429446214844091e-07,0.0051871516534236,True,0.6590826397490445,0.6648979352782041,0.4340000000000791
8,0.2,0.05,1.1,50.0,0.5,0.1,1.0,3000,0.2,0.0001743909434893,outcome_based,500,0,0.0001129423898441,0.0002625304240621,0.0058655729079928,0.484,0.4404854432314528,0.527758535663317,0.006,8.440521664883657e-05,3.901406346628492e-06,-0.0021931319985467,5.429446214844091e-07,0.0051871516534236,True,0.6590826397490445,0.6648979352782041,0.48400000000008814
8,0.2,0.05,1.1,50.0,0.5,0.1,1.0,3000,0.2,0.0001743909434893,beta_known_mean,500,0,-0.0023460036227434,3.1144500659759234e-05,0.0024469885530334,1.0,0.992375659538448,1.0,0.0,0.0001743909434893,0.0,-0.0021931319985467,5.429446214844091e-07,0.0051871516534236,True,0.6590826397490445,0.6648979352782041,1.0
8,0.2,0.05,1.1,50.0,0.5,0.1,1.0,3000,0.3333333333333333,0.0024109740026937,beta_estimated_mean,500,0,-0.0037076525003061,2.204324726333821e-05,0.0037402076858421,0.994,0.9825097478959468,0.9979574037280398,0.0,0.0023965081586775,8.335104940101658e-06,-0.0013204894972434,5.429446214844091e-07,0.0051871516534236,True,0.6590826397490445,0.6648979352782041,0.9939999999999842
8,0.2,0.05,1.1,50.0,0.5,0.1,1.0,3000,0.3333333333333333,0.0024109740026937,risk_only,500,0,1.3578821097687874e-06,2.0747281458377912e-05,0.0004634611505967,0.0,4.336808689942019e-19,0.0076243404615522,0.0,0.0,0.0,-0.0013204894972434,5.429446214844091e-07,0.0051871516534236,True,0.6590826397490445,0.6648979352782041,0.0
8,0.2,0.05,1.1,50.0,0.5,0.1,1.0,3000,0.3333333333333333,0.0024109740026937,outcome_based,500,0,4.235933063957348e-05,0.0002067166530796,0.0046178945276443,0.308,0.2691257480545588,0.3498019986826773,0.014,0.0007425799928296,4.982767924559497e-05,-0.0013204894972434,5.429446214844091e-07,0.0051871516534236,True,0.6590826397490445,0.6648979352782041,0.3079999999999753
8,0.2,0.05,1.1,50.0,0.5,0.1,1.0,3000,0.3333333333333333,0.0024109740026937,beta_known_mean,500,0,-0.0037185929893143,1.875089189286117e-05,0.0037421090574193,1.0,0.992375659538448,1.0,0.0,0.0024109740026937,0.0,-0.0013204894972434,5.429446214844091e-07,0.0051871516534236,True,0.6590826397490445,0.6648979352782041,1.0
8,0.2,0.05,1.1,50.0,0.5,0.1,1.0,3000,0.5,9.13540842660093e-06,beta_estimated_mean,500,0,-0.000125860103239,1.7303899978560932e-06,0.0001316620526581,0.998,0.9887592932948532,0.9996468636054407,0.0,9.117137609747728e-06,1.827081685320185e-08,-0.000118134186694,5.429446214844091e-07,0.0051871516534236,True,0.6590826397490445,0.6648979352782041,0.998
8,0.2,0.05,1.1,50.0,0.5,0.1,1.0,3000,0.5,9.13540842660093e-06,risk_only,500,0,2.779547763042659e-07,8.517565298759103e-07,1.9028829779169565e-05,0.128,0.1015268239952365,0.1601456853081583,0.338,1.169332278604919e-06,1.366283812994429e-07,-0.000118134186694,5.429446214844091e-07,0.0051871516534236,True,0.6590826397490445,0.6648979352782041,0.128
8,0.2,0.05,1.1,50.0,0.5,0.1,1.0,3000,0.5,9.13540842660093e-06,outcome_based,500,0,-2.2468741759934263e-05,1.555332872059238e-05,0.0003481608183977,0.296,0.2576653952306019,0.3374453356777114,0.446,2.704080894273875e-06,1.8668519634678146e-07,-0.000118134186694,5.429446214844091e-07,0.0051871516534236,True,0.6590826397490445,0.6648979352782041,0.296
8,0.2,0.05,1.1,50.0,0.5,0.1,1.0,3000,0.5,9.13540842660093e-06,beta_known_mean,500,0,-0.0001264236193557,1.716475141141242e-06,0.0001321102899064,1.0,0.992375659538448,1.0,0.0,9.13540842660093e-06,0.0,-0.000118134186694,5.429446214844091e-07,0.0051871516534236,True,0.6590826397490445,0.6648979352782041,1.0
8,0.2,0.05,1.1,50.0,0.5,0.1,1.0,10000,0.0588235294117647,-0.0033112505039204,beta_estimated_mean,500,0,0.0031807967374492,6.397414917844234e-05,0.0034870791609536,0.452,0.4089073378092892,0.49582459887502,0.0,0.001496685227772,7.377364834179037e-05,-0.0001448285645434,5.429446214844091e-07,0.0051871516534236,False,0.6590826397490445,0.6648979352782041,0.4519999999999937
8,0.2,0.05,1.1,50.0,0.5,0.1,1.0,10000,0.0588235294117647,-0.0033112505039204,risk_only,500,0,1.222954922864483e-05,6.340531803782364e-05,0.001416420313769,0.014,0.0067977897908434,0.0286130691377852,0.0,4.635750705488628e-05,1.7415832530106667e-05,-0.0001448285645434,5.429446214844091e-07,0.0051871516534236,False,0.6590826397490445,0.6648979352782041,0.014000000000000205
8,0.2,0.05,1.1,50.0,0.5,0.1,1.0,10000,0.0588235294117647,-0.0033112505039204,outcome_based,500,0,8.462550392421625e-05,3.349829645640562e-05,0.0007530652513491,0.0,4.336808689942019e-19,0.0076243404615522,0.0,0.0,0.0,-0.0001448285645434,5.429446214844091e-07,0.0051871516534236,False,0.6590826397490445,0.6648979352782041,0.0
8,0.2,0.05,1.1,50.0,0.5,0.1,1.0,10000,0.0588235294117647,-0.0033112505039204,beta_known_mean,500,0,0.0031674006093621,1.1643009571288657e-06,0.0031675073895652,0.0,4.336808689942019e-19,0.0076243404615522,0.0,0.0,0.0,-0.0001448285645434,5.429446214844091e-07,0.0051871516534236,False,0.6590826397490445,0.6648979352782041,0.0
8,0.2,0.05,1.1,50.0,0.5,0.1,1.0,10000,0.1111111111111111,-0.0090513029802488,beta_estimated_mean,500,0,0.0081825574878964,5.942529856912265e-05,0.0082895354955289,0.236,0.2008812954715588,0.2751443562921407,0.0,0.0021361075033387,0.00017205349954,-0.0008863961521738,5.429446214844091e-07,0.0051871516534236,False,0.6590826397490445,0.6648979352782041,0.23599999999999816
8,0.2,0.05,1.1,50.0,0.5,0.1,1.0,10000,0.1111111111111111,-0.0090513029802488,risk_only,500,0,1.7185802811092028e-05,5.977048036705094e-05,0.0013352819938683,0.0,4.336808689942019e-19,0.0076243404615522,0.0,0.0,0.0,-0.0008863961521738,5.429446214844091e-07,0.0051871516534236,False,0.6590826397490445,0.6648979352782041,0.0
8,0.2,0.05,1.1,50.0,0.5,0.1,1.0,10000,0.1111111111111111,-0.0090513029802488,outcome_based,500,0,3.577980248785417e-06,7.791043958895748e-05,0.0017403910663463,0.0,4.336808689942019e-19,0.0076243404615522,0.0,0.0,0.0,-0.0008863961521738,5.429446214844091e-07,0.0051871516534236,False,0.6590826397490445,0.6648979352782041,0.0
8,0.2,0.05,1.1,50.0,0.5,0.1,1.0,10000,0.1111111111111111,-0.0090513029802488,beta_known_mean,500,0,0.0081707510261012,7.040237781354669e-06,0.0081722643887478,0.0,4.336808689942019e-19,0.0076243404615522,0.0,0.0,0.0,-0.0008863961521738,5.429446214844091e-07,0.0051871516534236,False,0.6590826397490445,0.6648979352782041,0.0
8,0.2,0.05,1.1,50.0,0.5,0.1,1.0,10000,0.2,0.0001743909434893,beta_estimated_mean,500,0,-0.0023460164040552,3.904247684012125e-05,0.0025028835674086,0.99,0.9768069002442692,0.9957212461034096,0.0,0.0001726470340544,7.767678674014656e-07,-0.0021931319985467,5.429446214844091e-07,0.0051871516534236,True,0.6590826397490445,0.6648979352782041,0.9899999999999599
8,0.2,0.05,1.1,50.0,0.5,0.1,1.0,10000,0.2,0.0001743909434893,risk_only,500,0,2.234096831331389e-05,4.3012204109930205e-05,0.0009610795598491,0.41,0.3677350694076764,0.453637311875403,0.0,7.150028683062603e-05,3.839649560059612e-06,-0.0021931319985467,5.429446214844091e-07,0.0051871516534236,True,0.6590826397490445,0.6648979352782041,0.4100000000000747
8,0.2,0.05,1.1,50.0,0.5,0.1,1.0,10000,0.2,0.0001743909434893,outcome_based,500,0,-4.024094349031808e-05,0.0001462863268862,0.0032680367747371,0.45,0.4069396517813318,0.4938227822648235,0.006,7.847592457019929e-05,3.883839337007328e-06,-0.0021931319985467,5.429446214844091e-07,0.0051871516534236,True,0.6590826397490445,0.6648979352782041,0.45000000000008195
8,0.2,0.05,1.1,50.0,0.5,0.1,1.0,10000,0.2,0.0001743909434893,beta_known_mean,500,0,-0.0023533960135856,1.7376705537913673e-05,0.0023851930308763,1.0,0.992375659538448,1.0,0.0,0.0001743909434893,0.0,-0.0021931319985467,5.429446214844091e-07,0.0051871516534236,True,0.6590826397490445,0.6648979352782041,1.0
8,0.2,0.05,1.1,50.0,0.5,0.1,1.0,10000,0.3333333333333333,0.0024109740026937,beta_estimated_mean,500,0,-0.00372070904908,1.233689847170856e-05,0.003730901119139,1.0,0.992375659538448,1.0,0.0,0.0024109740026937,0.0,-0.0013204894972434,5.429446214844091e-07,0.0051871516534236,True,0.6590826397490445,0.6648979352782041,1.0
8,0.2,0.05,1.1,50.0,0.5,0.1,1.0,10000,0.3333333333333333,0.0024109740026937,risk_only,500,0,1.665560813063286e-05,1.1071669917139657e-05,0.0002478825624857,0.0,4.336808689942019e-19,0.0076243404615522,0.0,0.0,0.0,-0.0013204894972434,5.429446214844091e-07,0.0051871516534236,True,0.6590826397490445,0.6648979352782041,0.0
8,0.2,0.05,1.1,50.0,0.5,0.1,1.0,10000,0.3333333333333333,0.0024109740026937,outcome_based,500,0,-6.127400269376784e-05,0.0001113597404972,0.002488342704172,0.154,0.1250106802783401,0.188265363321054,0.004,0.0003712899964148,3.895720552712133e-05,-0.0013204894972434,5.429446214844091e-07,0.0051871516534236,True,0.6590826397490445,0.6648979352782041,0.15399999999998765
8,0.2,0.05,1.1,50.0,0.5,0.1,1.0,10000,0.3333333333333333,0.0024109740026937,beta_known_mean,500,0,-0.0037227055903603,1.050161631686796e-05,0.0037300896237474,1.0,0.992375659538448,1.0,0.0,0.0024109740026937,0.0,-0.0013204894972434,5.429446214844091e-07,0.0051871516534236,True,0.6590826397490445,0.6648979352782041,1.0
8,0.2,0.05,1.1,50.0,0.5,0.1,1.0,10000,0.5,9.13540842660093e-06,beta_estimated_mean,500,0,-0.0001263889204449,9.691316692296111e-07,0.0001282295913242,1.0,0.992375659538448,1.0,0.0,9.13540842660093e-06,0.0,-0.000118134186694,5.429446214844091e-07,0.0051871516534236,True,0.6590826397490445,0.6648979352782041,1.0
8,0.2,0.05,1.1,50.0,0.5,0.1,1.0,10000,0.5,9.13540842660093e-06,risk_only,500,0,-3.171161676515769e-07,4.080604863292236e-07,9.12089521674841e-06,0.116,0.0908136565110379,0.1470418369634342,0.028,1.059707377485708e-06,1.3095823792489625e-07,-0.000118134186694,5.429446214844091e-07,0.0051871516534236,True,0.6590826397490445,0.6648979352782041,0.116
8,0.2,0.05,1.1,50.0,0.5,0.1,1.0,10000,0.5,9.13540842660093e-06,outcome_based,500,0,-6.535408426600929e-06,7.80180853602969e-06,0.0001744016959874,0.378,0.3365807935394356,0.4212795455331832,0.25,3.453184385255151e-06,1.9829820731474561e-07,-0.000118134186694,5.429446214844091e-07,0.0051871516534236,True,0.6590826397490445,0.6648979352782041,0.37799999999999995
8,0.2,0.05,1.1,50.0,0.5,0.1,1.0,10000,0.5,9.13540842660093e-06,beta_known_mean,500,0,-0.0001264881594467,9.69146468993812e-07,0.0001283274626669,1.0,0.992375659538448,1.0,0.0,9.13540842660093e-06,0.0,-0.000118134186694,5.429446214844091e-07,0.0051871516534236,True,0.6590826397490445,0.6648979352782041,1.0
9,0.2,0.05,1.1,50.0,0.5,0.5,0.5,500,0.0588235294117647,-9.708519182891062e-05,beta_estimated_mean,500,0,-0.0003922647126748,0.0002709812595755,0.0060659593043757,0.446,0.4030063915853302,0.4898170371845176,0.0,4.329999555569414e-05,2.16035455024177e-06,-0.0001448285645434,2.7297064523645886e-05,6.224025640610975e-05,False,0.6578455628183637,0.6654994588889998,0.446
9,0.2,0.05,1.1,50.0,0.5,0.5,0.5,500,0.0588235294117647,-9.708519182891062e-05,risk_only,500,0,-0.0003451860743272,0.0002730428889625,0.0061090760850722,0.448,0.4049726694186174,0.4918202619893841,0.0,4.349416593935196e-05,2.1612811520571817e-06,-0.0001448285645434,2.7297064523645886e-05,6.224025640610975e-05,False,0.6578455628183637,0.6654994588889998,0.448
9,0.2,0.05,1.1,50.0,0.5,0.5,0.5,500,0.0588235294117647,-9.708519182891062e-05,outcome_based,500,0,-0.000132664808171,9.47916837154134e-05,0.0021216376077989,0.396,0.3540817035027573,0.4395041593132456,0.03,4.135829171911592e-05,2.149133857012298e-06,-0.0001448285645434,2.7297064523645886e-05,6.224025640610975e-05,False,0.6578455628183637,0.6654994588889998,0.42599999999999993
9,0.2,0.05,1.1,50.0,0.5,0.5,0.5,500,0.0588235294117647,-9.708519182891062e-05,beta_known_mean,500,0,-4.284845617630156e-05,5.792557399473372e-06,0.0001363058952817,0.14,0.1123226601878635,0.173166864944454,0.0,1.3591926856047487e-05,1.5080507734283918e-06,-0.0001448285645434,2.7297064523645886e-05,6.224025640610975e-05,False,0.6578455628183637,0.6654994588889998,0.14
9,0.2,0.05,1.1,50.0,0.5,0.5,0.5,500,0.1111111111111111,-0.0008341684454881,beta_estimated_mean,500,0,-0.000352127976456,0.0002619198574495,0.0058614330980799,0.404,0.3618792246930682,0.4475846486755498,0.0,0.0003370040519772,1.8323874015662457e-05,-0.0008863961521738,2.7297064523645886e-05,6.224025640610975e-05,False,0.6578455628183637,0.6654994588889998,0.40400000000000913
9,0.2,0.05,1.1,50.0,0.5,0.5,0.5,500,0.1111111111111111,-0.0008341684454881,risk_only,500,0,-0.0002854381628091,0.0002683721571323,0.0060017712962082,0.41,0.3677350694076764,0.453637311875403,0.0,0.0003420090626501,1.8366289215759956e-05,-0.0008863961521738,2.7297064523645886e-05,6.224025640610975e-05,False,0.6578455628183637,0.6654994588889998,0.40999999999997483
9,0.2,0.05,1.1,50.0,0.5,0.5,0.5,500,0.1111111111111111,-0.0008341684454881,outcome_based,500,0,-0.0006468315545118,0.0003628796512379,0.0081318835493328,0.414,0.3716426089098014,0.4576687776495856,0.008,0.000352019083996,1.8442662952975845e-05,-0.0008863961521738,2.7297064523645886e-05,6.224025640610975e-05,False,0.6578455628183637,0.6654994588889998,0.42200000000002613
9,0.2,0.05,1.1,50.0,0.5,0.5,0.5,500,0.1111111111111111,-0.0008341684454881,beta_known_mean,500,0,-2.459136967410572e-05,3.540301070439558e-05,0.0007912255972624,0.14,0.1123226601878635,0.173166864944454,0.0,0.0001167835823683,1.2957366058511612e-05,-0.0008863961521738,2.7297064523645886e-05,6.224025640610975e-05,False,0.6578455628183637,0.6654994588889998,0.13999999999995924
9,0.2,0.05,1.1,50.0,0.5,0.5,0.5,500,0.2,-0.0024674485387211,beta_estimated_mean,500,0,0.0001386166018683,0.0001943909863063,0.0043445775957313,0.282,0.2443364332272433,0.3229877792139934,0.0,0.0006958204879193,4.970322938666993e-05,-0.0021931319985467,2.7297064523645886e-05,6.224025640610975e-05,False,0.6578455628183637,0.6654994588889998,0.28199999999997966
9,0.2,0.05,1.1,50.0,0.5,0.5,0.5,500,0.2,-0.0024674485387211,risk_only,500,0,-8.814653393191313e-05,0.0001987164093364,0.0044398634291936,0.266,0.2291604018204711,0.3064077895155354,0.0,0.0006563413112998,4.880751306678183e-05,-0.0021931319985467,2.7297064523645886e-05,6.224025640610975e-05,False,0.6578455628183637,0.6654994588889998,0.2659999999999949
9,0.2,0.05,1.1,50.0,0.5,0.5,0.5,500,0.2,-0.0024674485387211,outcome_based,500,0,-0.0010805514612788,0.0006815897013908,0.0152638555896101,0.396,0.3540817035027573,0.4395041593132456,0.024,0.0010363283862628,5.451756787223794e-05,-0.0021931319985467,2.7297064523645886e-05,6.224025640610975e-05,False,0.6578455628183637,0.6654994588889998,0.41999999999997484
9,0.2,0.05,1.1,50.0,0.5,0.5,0.5,500,0.2,-0.0024674485387211,beta_known_mean,500,0,0.0003352986318319,8.803009448072402e-05,0.0019948244639859,0.14,0.1123226601878635,0.173166864944454,0.0,0.0003454427954209,3.8327551371279946e-05,-0.0021931319985467,2.7297064523645886e-05,6.224025640610975e-05,False,0.6578455628183637,0.6654994588889998,0.13999999999997811
9,0.2,0.05,1.1,50.0,0.5,0.5,0.5,500,0.3333333333333333,-0.0011637412782537,beta_estimated_mean,500,0,-0.0001541621356752,6.764431099355216e-05,0.00151890309637,0.188,0.1561799641349665,0.224577624313042,0.0,0.0002187833603117,2.0354624997740518e-05,-0.0013204894972434,2.7297064523645886e-05,6.224025640610975e-05,False,0.6578455628183637,0.6654994588889998,0.18800000000000378
9,0.2,0.05,1.1,50.0,0.5,0.5,0.5,500,0.3333333333333333,-0.0011637412782537,risk_only,500,0,-5.661475799393241e-05,7.815761126525902e-05,0.00174682647048,0.254,0.2178202549151866,0.2939309205918972,0.0,0.0002955902846764,2.2677357070760492e-05,-0.0013204894972434,2.7297064523645886e-05,6.224025640610975e-05,False,0.6578455628183637,0.6654994588889998,0.2539999999999658
9,0.2,0.05,1.1,50.0,0.5,0.5,0.5,500,0.3333333333333333,-0.0011637412782537,outcome_based,500,0,-0.0002962587217462,0.0005625029948706,0.0125688571171053,0.448,0.4049726694186174,0.4918202619893841,0.028,0.0005539408484487,2.601808248456392e-05,-0.0013204894972434,2.7297064523645886e-05,6.224025640610975e-05,False,0.6578455628183637,0.6654994588889998,0.4759999999999474
9,0.2,0.05,1.1,50.0,0.5,0.5,0.5,500,0.3333333333333333,-0.0011637412782537,beta_known_mean,500,0,-0.0001145369666478,5.2695407896752754e-05,0.0011826854685071,0.14,0.1123226601878635,0.173166864944454,0.0,0.0001629237789555,1.807671079060016e-05,-0.0013204894972434,2.7297064523645886e-05,6.224025640610975e-05,False,0.6578455628183637,0.6654994588889998,0.13999999999998453
9,0.2,0.05,1.1,50.0,0.5,0.5,0.5,500,0.5,-6.172037132687471e-05,beta_estimated_mean,500,0,-5.4757903266922594e-05,5.205356557034259e-06,0.0001285270425872,0.152,0.1231923926738016,0.1861141482874387,0.0,9.381496441684957e-06,9.919687197065014e-07,-0.000118134186694,2.7297064523645886e-05,6.224025640610975e-05,False,0.6578455628183637,0.6654994588889998,0.152
9,0.2,0.05,1.1,50.0,0.5,0.5,0.5,500,0.5,-6.172037132687471e-05,risk_only,500,0,-5.078422580763335e-07,1.08954150847896e-05,0.0002433856667283,0.338,0.2979130243450122,0.3805572619645308,0.158,3.061330417812986e-05,1.3814474334736649e-06,-0.000118134186694,2.7297064523645886e-05,6.224025640610975e-05,False,0.6578455628183637,0.6654994588889998,0.4960000000000001
9,0.2,0.05,1.1,50.0,0.5,0.5,0.5,500,0.5,-6.172037132687471e-05,outcome_based,500,0,-0.0001262796286731,0.0001188172844925,0.0026571794340273,0.312,0.2729529487252849,0.3539138032882587,0.32,3.900727467858482e-05,1.3324800206882063e-06,-0.000118134186694,2.7297064523645886e-05,6.224025640610975e-05,False,0.6578455628183637,0.6654994588889998,0.632
9,0.2,0.05,1.1,50.0,0.5,0.5,0.5,500,0.5,-6.172037132687471e-05,beta_known_mean,500,0,-5.306803048857984e-05,4.821578886157152e-06,0.0001200698951223,0.14,0.1123226601878635,0.173166864944454,0.0,8.64085198576246e-06,9.587193676231042e-07,-0.000118134186694,2.7297064523645886e-05,6.224025640610975e-05,False,0.6578455628183637,0.6654994588889998,0.14
9,0.2,0.05,1.1,50.0,0.5,0.5,0.5,3000,0.0588235294117647,-9.708519182891062e-05,beta_estimated_mean,500,0,-0.0001436857558969,0.000104780025663,0.0023450146335661,0.474,0.4305981140734963,0.5177983516305045,0.0,4.601838092690363e-05,2.170125065340674e-06,-0.0001448285645434,2.7297064523645886e-05,6.224025640610975e-05,False,0.6578455628183637,0.6654994588889998,0.474
9,0.2,0.05,1.1,50.0,0.5,0.5,0.5,3000,0.0588235294117647,-9.708519182891062e-05,risk_only,500,0,-9.586828995727803e-05,0.0001052775925493,0.0023536765079391,0.482,0.4385065876245351,0.5257678886320809,0.0,4.679506246153492e-05,2.1716564353590805e-06,-0.0001448285645434,2.7297064523645886e-05,6.224025640610975e-05,False,0.6578455628183637,0.6654994588889998,0.48200000000000004
9,0.2,0.05,1.1,50.0,0.5,0.5,0.5,3000,0.0588235294117647,-9.708519182891062e-05,outcome_based,500,0,3.250185849555831e-05,4.128779399908721e-05,0.0009228719605275,0.46,0.4167851025299866,0.5038248447069378,0.016,4.621255131056146e-05,2.1705602235099776e-06,-0.0001448285645434,2.7297064523645886e-05,6.224025640610975e-05,False,0.6578455628183637,0.6654994588889998,0.47600000000000003
9,0.2,0.05,1.1,50.0,0.5,0.5,0.5,3000,0.0588235294117647,-9.708519182891062e-05,beta_known_mean,500,0,-5.062118589283926e-05,2.334814259101528e-06,7.268240444443754e-05,0.0,4.336808689942019e-19,0.0076243404615522,0.0,0.0,0.0,-0.0001448285645434,2.7297064523645886e-05,6.224025640610975e-05,False,0.6578455628183637,0.6654994588889998,0.0
9,0.2,0.05,1.1,50.0,0.5,0.5,0.5,3000,0.1111111111111111,-0.0008341684454881,beta_estimated_mean,500,0,-0.0001549205811912,0.0001020122009958,0.0022840399456515,0.336,0.2959880078270491,0.37851277584434,0.0,0.000280280597684,1.763831779320485e-05,-0.0008863961521738,2.7297064523645886e-05,6.224025640610975e-05,False,0.6578455628183637,0.6654994588889998,0.3359999999999981
9,0.2,0.05,1.1,50.0,0.5,0.5,0.5,3000,0.1111111111111111,-0.0008341684454881,risk_only,500,0,-9.330570210711214e-05,0.0001048398498236,0.0023438028107035,0.34,0.2998388584537141,0.3826009304939827,0.0,0.0002836172714659,1.7689473664136213e-05,-0.0008863961521738,2.7297064523645886e-05,6.224025640610975e-05,False,0.6578455628183637,0.6654994588889998,0.33999999999993524
9,0.2,0.05,1.1,50.0,0.5,0.5,0.5,3000,0.1111111111111111,-0.0008341684454881,outcome_based,500,0,0.0002190851121547,0.0001458916687886,0.0032663287370251,0.45,0.4069396517813318,0.4938227822648235,0.002,0.0003770441373606,1.85850177998921e-05,-0.0008863961521738,2.7297064523645886e-05,6.224025640610975e-05,False,0.6578455628183637,0.6654994588889998,0.4519999999999746
9,0.2,0.05,1.1,50.0,0.5,0.5,0.5,3000,0.1111111111111111,-0.0008341684454881,beta_known_mean,500,0,-6.896362258413604e-05,1.4089163051123908e-05,0.000322195180698,0.0,4.336808689942019e-19,0.0076243404615522,0.0,0.0,0.0,-0.0008863961521738,2.7297064523645886e-05,6.224025640610975e-05,False,0.6578455628183637,0.6654994588889998,0.0
9,0.2,0.05,1.1,50.0,0.5,0.5,0.5,3000,0.2,-0.0024674485387211,beta_estimated_mean,500,0,0.0001805733426254,7.70655111572424e-05,0.0017309575800754,0.094,0.0714264085922213,0.1227645558625591,0.0,0.0002319401626397,3.2234865064293985e-05,-0.0021931319985467,2.7297064523645886e-05,6.224025640610975e-05,False,0.6578455628183637,0.6654994588889998,0.0939999999999662
9,0.2,0.05,1.1,50.0,0.5,0.5,0.5,3000,0.2,-0.0024674485387211,risk_only,500,0,-8.549261661302046e-05,8.058448510551788e-05,0.0018021500348517,0.086,0.0644731424036077,0.1138398114985575,0.0,0.00021220057433,3.096849887297859e-05,-0.0021931319985467,2.7297064523645886e-05,6.224025640610975e-05,False,0.6578455628183637,0.6654994588889998,0.08599999999999408
9,0.2,0.05,1.1,50.0,0.5,0.5,0.5,3000,0.2,-0.0024674485387211,outcome_based,500,0,0.0002712818720544,0.0002768799399902,0.0061909758469436,0.368,0.3268845483787568,0.4111282775030931,0.002,0.0009129559593268,5.332967876754542e-05,-0.0021931319985467,2.7297064523645886e-05,6.224025640610975e-05,False,0.6578455628183637,0.6654994588889998,0.36999999999999716
9,0.2,0.05,1.1,50.0,0.5,0.5,0.5,3000,0.2,-0.0024674485387211,beta_known_mean,500,0,0.0002328710302782,3.476917658168937e-05,0.0008108439067952,0.0,4.336808689942019e-19,0.0076243404615522,0.0,0.0,0.0,-0.0021931319985467,2.7297064523645886e-05,6.224025640610975e-05,False,0.6578455628183637,0.6654994588889998,0.0
9,0.2,0.05,1.1,50.0,0.5,0.5,0.5,3000,0.3333333333333333,-0.0011637412782537,beta_estimated_mean,500,0,-0.0001934516316352,2.73263079592684e-05,0.0006403439388469,0.008,0.0031153151800622,0.0203870358341051,0.0,9.309930226030224e-06,4.640951137070292e-06,-0.0013204894972434,2.7297064523645886e-05,6.224025640610975e-05,False,0.6578455628183637,0.6654994588889998,0.008000000000000536
9,0.2,0.05,1.1,50.0,0.5,0.5,0.5,3000,0.3333333333333333,-0.0011637412782537,risk_only,500,0,-5.132966823757393e-05,3.053293083479266e-05,0.0006839827539179,0.046,0.0308451083708162,0.0680777927682732,0.0,5.353209879967379e-05,1.0913379801099649e-05,-0.0013204894972434,2.7297064523645886e-05,6.224025640610975e-05,False,0.6578455628183637,0.6654994588889998,0.04600000000000308
9,0.2,0.05,1.1,50.0,0.5,0.5,0.5,3000,0.3333333333333333,-0.0011637412782537,outcome_based,500,0,3.607461158710651e-05,0.0002282999483124,0.0050999621283823,0.406,0.3638304421340635,0.4496029338727085,0.01,0.0004841163717535,2.567788533674872e-05,-0.0013204894972434,2.7297064523645886e-05,6.224025640610975e-05,False,0.6578455628183637,0.6654994588889998,0.4159999999999663
9,0.2,0.05,1.1,50.0,0.5,0.5,0.5,3000,0.3333333333333333,-0.0011637412782537,beta_known_mean,500,0,-0.0001817762745324,2.101977700908932e-05,0.0005035040175741,0.0,4.336808689942019e-19,0.0076243404615522,0.0,0.0,0.0,-0.0013204894972434,2.7297064523645886e-05,6.224025640610975e-05,False,0.6578455628183637,0.6654994588889998,0.0
9,0.2,0.05,1.1,50.0,0.5,0.5,0.5,3000,0.5,-6.172037132687471e-05,beta_estimated_mean,500,0,-5.958831717830583e-05,2.119959201547064e-06,7.611430105596574e-05,0.004,0.0010976305226827,0.014465715215177,0.0,2.468814853074989e-07,1.7439656327119726e-07,-0.000118134186694,2.7297064523645886e-05,6.224025640610975e-05,False,0.6578455628183637,0.6654994588889998,0.004000000000000001
9,0.2,0.05,1.1,50.0,0.5,0.5,0.5,3000,0.5,-6.172037132687471e-05,risk_only,500,0,-5.642109073112886e-06,5.105871038283545e-06,0.0001141959850674,0.26,0.2234857231853828,0.3001739602361623,0.0,1.6047296544987423e-05,1.211939083856372e-06,-0.000118134186694,2.7297064523645886e-05,6.224025640610975e-05,False,0.6578455628183637,0.6654994588889998,0.25999999999999995
9,0.2,0.05,1.1,50.0,0.5,0.5,0.5,3000,0.5,-6.172037132687471e-05,outcome_based,500,0,4.372037132687471e-05,4.915469833838343e-05,0.0010989028486945,0.424,0.381424117793864,0.467734781956292,0.114,3.32055597738586e-05,1.3774961161571515e-06,-0.000118134186694,2.7297064523645886e-05,6.224025640610975e-05,False,0.6578455628183637,0.6654994588889998,0.538
9,0.2,0.05,1.1,50.0,0.5,0.5,0.5,3000,0.5,-6.172037132687471e-05,beta_known_mean,500,0,-5.905509640687305e-05,1.951967769736837e-06,7.340833277289903e-05,0.0,4.336808689942019e-19,0.0076243404615522,0.0,0.0,0.0,-0.000118134186694,2.7297064523645886e-05,6.224025640610975e-05,False,0.6578455628183637,0.6654994588889998,0.0
9,0.2,0.05,1.1,50.0,0.5,0.5,0.5,10000,0.0588235294117647,-9.708519182891062e-05,beta_estimated_mean,500,0,-1.634631775710821e-05,5.967317990557806e-05,0.0013330980885613,0.472,0.4286227347300628,0.5158042283357841,0.0,4.5824210543245816e-05,2.1696549964874463e-06,-0.0001448285645434,2.7297064523645886e-05,6.224025640610975e-05,False,0.6578455628183637,0.6654994588889998,0.47200000000000003
9,0.2,0.05,1.1,50.0,0.5,0.5,0.5,10000,0.0588235294117647,-9.708519182891062e-05,risk_only,500,0,3.301214009539721e-05,5.996105749838757e-05,0.0013398353186641,0.484,0.4404854432314528,0.527758535663317,0.0,4.698923284519274e-05,2.171952143765581e-06,-0.0001448285645434,2.7297064523645886e-05,6.224025640610975e-05,False,0.6578455628183637,0.6654994588889998,0.484
9,0.2,0.05,1.1,50.0,0.5,0.5,0.5,10000,0.0588235294117647,-9.708519182891062e-05,outcome_based,500,0,2.4447691829092175e-05,2.218081593695045e-05,0.000496084669038,0.432,0.3892622537365845,0.4757746565661866,0.006,4.2523314021062855e-05,2.1562937956294552e-06,-0.0001448285645434,2.7297064523645886e-05,6.224025640610975e-05,False,0.6578455628183637,0.6654994588889998,0.438
9,0.2,0.05,1.1,50.0,0.5,0.5,0.5,10000,0.0588235294117647,-9.708519182891062e-05,beta_known_mean,500,0,-4.773921542318366e-05,1.3589929532916546e-06,5.657399359177525e-05,0.0,4.336808689942019e-19,0.0076243404615522,0.0,0.0,0.0,-0.0001448285645434,2.7297064523645886e-05,6.224025640610975e-05,False,0.6578455628183637,0.6654994588889998,0.0
9,0.2,0.05,1.1,50.0,0.5,0.5,0.5,10000,0.1111111111111111,-0.0008341684454881,beta_estimated_mean,500,0,-2.3527276045643446e-05,5.843175144417098e-05,0.001305478476099,0.268,0.231053973436348,0.3084837205378122,0.0,0.0002235571433908,1.653965408200506e-05,-0.0008863961521738,2.7297064523645886e-05,6.224025640610975e-05,False,0.6578455628183637,0.6654994588889998,0.2679999999999871
9,0.2,0.05,1.1,50.0,0.5,0.5,0.5,10000,0.1111111111111111,-0.0008341684454881,risk_only,500,0,2.44940161295204e-05,5.953428263092296e-05,0.0013301206825724,0.28,0.2424360430412755,0.3209186667618076,0.0,0.0002335671647366,1.6766744586016963e-05,-0.0008863961521738,2.7297064523645886e-05,6.224025640610975e-05,False,0.6578455628183637,0.6654994588889998,0.2799999999999185
9,0.2,0.05,1.1,50.0,0.5,0.5,0.5,10000,0.1111111111111111,-0.0008341684454881,outcome_based,500,0,1.6118445488484762e-05,7.794317591903312e-05,0.0017411932695095,0.314,0.2748678558360977,0.3559683988155998,0.006,0.0002669339025562,1.7419389503665338e-05,-0.0008863961521738,2.7297064523645886e-05,6.224025640610975e-05,False,0.6578455628183637,0.6654994588889998,0.32000000000000955
9,0.2,0.05,1.1,50.0,0.5,0.5,0.5,10000,0.1111111111111111,-0.0008341684454881,beta_known_mean,500,0,-5.248959771657661e-05,8.303369620523634e-06,0.0001927671793872,0.0,4.336808689942019e-19,0.0076243404615522,0.0,0.0,0.0,-0.0008863961521738,2.7297064523645886e-05,6.224025640610975e-05,False,0.6578455628183637,0.6654994588889998,0.0
9,0.2,0.05,1.1,50.0,0.5,0.5,0.5,10000,0.2,-0.0024674485387211,beta_estimated_mean,500,0,0.0002902835859615,4.4849734303007394e-05,0.0010430735329481,0.012,0.0055109951740277,0.0259303611164472,0.0,2.9609382464653444e-05,1.2027266281171626e-05,-0.0021931319985467,2.7297064523645886e-05,6.224025640610975e-05,False,0.6578455628183637,0.6654994588889998,0.012000000000000099
9,0.2,0.05,1.1,50.0,0.5,0.5,0.5,10000,0.2,-0.0024674485387211,risk_only,500,0,9.852141692026694e-06,4.660664203960875e-05,0.0010411601350022,0.008,0.0031153151800622,0.0203870358341051,0.0,1.973958830976896e-05,9.840080708164944e-06,-0.0021931319985467,2.7297064523645886e-05,6.224025640610975e-05,False,0.6578455628183637,0.6654994588889998,0.008000000000000066
9,0.2,0.05,1.1,50.0,0.5,0.5,0.5,10000,0.2,-0.0024674485387211,outcome_based,500,0,-0.0001183014612789,0.0001488351442884,0.0033268293348535,0.214,0.1803029999875953,0.2520581227564126,0.002,0.0005329688843637,4.545511259403443e-05,-0.0021931319985467,2.7297064523645886e-05,6.224025640610975e-05,False,0.6578455628183637,0.6654994588889998,0.21599999999997666
9,0.2,0.05,1.1,50.0,0.5,0.5,0.5,10000,0.2,-0.0024674485387211,beta_known_mean,500,0,0.0002730997270254,2.058121041540964e-05,0.0005347457206569,0.0,4.336808689942019e-19,0.0076243404615522,0.0,0.0,0.0,-0.0021931319985467,2.7297064523645886e-05,6.224025640610975e-05,False,0.6578455628183637,0.6654994588889998,0.0
9,0.2,0.05,1.1,50.0,0.5,0.5,0.5,10000,0.3333333333333333,-0.0011637412782537,beta_estimated_mean,500,0,-0.0001538456513691,1.6022804921924754e-05,0.000389585539966,0.0,4.336808689942019e-19,0.0076243404615522,0.0,0.0,0.0,-0.0013204894972434,2.7297064523645886e-05,6.224025640610975e-05,False,0.6578455628183637,0.6654994588889998,0.0
9,0.2,0.05,1.1,50.0,0.5,0.5,0.5,10000,0.3333333333333333,-0.0011637412782537,risk_only,500,0,1.2648165112758428e-05,1.7818478970084055e-05,0.000398235576376,0.0,4.336808689942019e-19,0.0076243404615522,0.0,0.0,0.0,-0.0013204894972434,2.7297064523645886e-05,6.224025640610975e-05,False,0.6578455628183637,0.6654994588889998,0.0
9,0.2,0.05,1.1,50.0,0.5,0.5,0.5,10000,0.3333333333333333,-0.0011637412782537,outcome_based,500,0,-7.89587217461992e-05,0.0001284014692072,0.0028693581494368,0.346,0.3056212317880792,0.3887270650740789,0.01,0.0004142918950583,2.4944459556258072e-05,-0.0013204894972434,2.7297064523645886e-05,6.224025640610975e-05,False,0.6578455628183637,0.6654994588889998,0.3559999999999852
9,0.2,0.05,1.1,50.0,0.5,0.5,0.5,10000,0.3333333333333333,-0.0011637412782537,beta_known_mean,500,0,-0.0001570457353711,1.2366715529949276e-05,0.0003177707567486,0.0,4.336808689942019e-19,0.0076243404615522,0.0,0.0,0.0,-0.0013204894972434,2.7297064523645886e-05,6.224025640610975e-05,False,0.6578455628183637,0.6654994588889998,0.0
9,0.2,0.05,1.1,50.0,0.5,0.5,0.5,10000,0.5,-6.172037132687471e-05,beta_estimated_mean,500,0,-5.63639673542552e-05,1.2155694634762709e-06,6.256375761620307e-05,0.0,4.336808689942019e-19,0.0076243404615522,0.0,0.0,0.0,-0.000118134186694,2.7297064523645886e-05,6.224025640610975e-05,False,0.6578455628183637,0.6654994588889998,0.0
9,0.2,0.05,1.1,50.0,0.5,0.5,0.5,10000,0.5,-6.172037132687471e-05,risk_only,500,0,2.0511964312576863e-06,2.8443812732937595e-06,6.357176508406742e-05,0.178,0.1469648867073352,0.2139451885499043,0.0,1.0986226096183696e-05,1.0568763199700375e-06,-0.000118134186694,2.7297064523645886e-05,6.224025640610975e-05,False,0.6578455628183637,0.6654994588889998,0.17799999999999996
9,0.2,0.05,1.1,50.0,0.5,0.5,0.5,10000,0.5,-6.172037132687471e-05,outcome_based,500,0,3.072037132687472e-05,2.6418058741234384e-05,0.0005909337875045,0.446,0.4030063915853302,0.4898170371845176,0.08,3.2464915317936096e-05,1.3796226008866871e-06,-0.000118134186694,2.7297064523645886e-05,6.224025640610975e-05,False,0.6578455628183637,0.6654994588889998,0.526
9,0.2,0.05,1.1,50.0,0.5,0.5,0.5,10000,0.5,-6.172037132687471e-05,beta_known_mean,500,0,-5.6426202121942574e-05,1.1200586645831064e-06,6.172460984524777e-05,0.0,4.336808689942019e-19,0.0076243404615522,0.0,0.0,0.0,-0.000118134186694,2.7297064523645886e-05,6.224025640610975e-05,False,0.6578455628183637,0.6654994588889998,0.0
10,0.2,0.05,1.1,50.0,0.5,0.5,1.0,500,0.0588235294117647,-4.934181911436797e-05,beta_estimated_mean,500,0,-3.912596053056438e-06,0.0002504997010126,0.0055957408188645,0.52,0.4762234529552701,0.5634715734262677,0.0,2.5657745939471343e-05,1.1035377001162437e-06,-0.0001448285645434,5.429446214844091e-07,9.710024069242706e-07,False,0.6590826397490445,0.6667953814020248,0.52
10,0.2,0.05,1.1,50.0,0.5,0.5,1.0,500,0.0588235294117647,-4.934181911436797e-05,risk_only,500,0,0.0001044730098868,0.0002524995406658,0.0056413799384537,0.53,0.4861905914242533,0.5733519481480536,0.0,2.6151164130615024e-05,1.1024318398323452e-06,-0.0001448285645434,5.429446214844091e-07,9.710024069242706e-07,False,0.6590826397490445,0.6667953814020248,0.53
10,0.2,0.05,1.1,50.0,0.5,0.5,1.0,500,0.0588235294117647,-4.934181911436797e-05,outcome_based,500,0,8.059181911436064e-05,8.514463337277474e-05,0.0019036937066681,0.46,0.4167851025299866,0.5038248447069378,0.03,2.4177491366040303e-05,1.104200684675969e-06,-0.0001448285645434,5.429446214844091e-07,9.710024069242706e-07,False,0.6590826397490445,0.6667953814020248,0.49
10,0.2,0.05,1.1,50.0,0.5,0.5,1.0,500,0.0588235294117647,-4.934181911436797e-05,beta_known_mean,500,0,-9.615450676677168e-05,4.991974376182054e-06,0.0001472435854277,0.104,0.080194206769891,0.1338442708756583,0.0,5.131549187894268e-06,6.742726724026885e-07,-0.0001448285645434,5.429446214844091e-07,9.710024069242706e-07,False,0.6590826397490445,0.6667953814020248,0.104
10,0.2,0.05,1.1,50.0,0.5,0.5,1.0,500,0.1111111111111111,-0.0007819407388025,beta_estimated_mean,500,0,-2.225155352417399e-05,0.0002433898131529,0.0054369621208719,0.45,0.4069396517813318,0.4938227822648235,0.0,0.0003518733324611,1.7414506394684276e-05,-0.0008863961521738,5.429446214844091e-07,9.710024069242706e-07,False,0.6590826397490445,0.6667953814020248,0.449999999999968
10,0.2,0.05,1.1,50.0,0.5,0.5,1.0,500,0.1111111111111111,-0.0007819407388025,risk_only,500,0,0.0001032767744624,0.0002518950042157,0.0056278558593323,0.46,0.4167851025299866,0.5038248447069378,0.0,0.0003596927398491,1.7446140401492077e-05,-0.0008863961521738,5.429446214844091e-07,9.710024069242706e-07,False,0.6590826397490445,0.6667953814020248,0.459999999999936
10,0.2,0.05,1.1,50.0,0.5,0.5,1.0,500,0.1111111111111111,-0.0007819407388025,outcome_based,500,0,-0.0001760592611974,0.0003709854882133,0.0082890580202729,0.438,0.3951483440866656,0.4817970741305669,0.016,0.0003550010954163,1.7428010593985707e-05,-0.0008863961521738,5.429446214844091e-07,9.710024069242706e-07,False,0.6590826397490445,0.6667953814020248,0.4539999999999552
10,0.2,0.05,1.1,50.0,0.5,0.5,1.0,500,0.1111111111111111,-0.0007819407388025,beta_known_mean,500,0,-0.0001052595514148,3.0273339693348045e-05,0.000684398017357,0.104,0.080194206769891,0.1338442708756583,0.0,8.132183683546723e-05,1.0685485072831708e-05,-0.0008863961521738,5.429446214844091e-07,9.710024069242706e-07,False,0.6590826397490445,0.6667953814020248,0.10400000000000924
10,0.2,0.05,1.1,50.0,0.5,0.5,1.0,500,0.2,-0.0027417650788954,beta_estimated_mean,500,0,0.0005860029945882,0.0001807992789603,0.0040810416276591,0.306,0.2672134637311363,0.3477447803679459,0.0,0.000838980114142,5.65614346140935e-05,-0.0021931319985467,5.429446214844091e-07,9.710024069242706e-07,False,0.6590826397490445,0.6667953814020248,0.30600000000000277
10,0.2,0.05,1.1,50.0,0.5,0.5,1.0,500,0.2,-0.0027417650788954,risk_only,500,0,1.7314553577125235e-05,0.0001936909010968,0.0043267616311105,0.276,0.2386381329433981,0.3167775715833774,0.0,0.0007567271617751,5.486606225757752e-05,-0.0021931319985467,5.429446214844091e-07,9.710024069242706e-07,False,0.6590826397490445,0.6667953814020248,0.2759999999999889
10,0.2,0.05,1.1,50.0,0.5,0.5,1.0,500,0.2,-0.0027417650788954,outcome_based,500,0,0.0005707650788954,0.0007336245142139,0.0163978666836661,0.472,0.4286227347300628,0.5158042283357841,0.016,0.0013379813585009,6.135145393803336e-05,-0.0021931319985467,5.429446214844091e-07,9.710024069242706e-07,False,0.6590826397490445,0.6667953814020248,0.4879999999999799
10,0.2,0.05,1.1,50.0,0.5,0.5,1.0,500,0.2,-0.0027417650788954,beta_known_mean,500,0,0.000546192849409,7.49901502975263e-05,0.0017619490420913,0.104,0.080194206769891,0.1338442708756583,0.0,0.0002851435682051,3.746714855733605e-05,-0.0021931319985467,5.429446214844091e-07,9.710024069242706e-07,False,0.6590826397490445,0.6667953814020248,0.10399999999999213
10,0.2,0.05,1.1,50.0,0.5,0.5,1.0,500,0.3333333333333333,-0.001006993059264,beta_estimated_mean,500,0,-0.0003158892906959,6.159988369648296e-05,0.0014118301363886,0.17,0.1396203661039611,0.2054116986006633,0.0,0.0001711888200748,1.693322625324162e-05,-0.0013204894972434,5.429446214844091e-07,9.710024069242706e-07,False,0.6590826397490445,0.6667953814020248,0.16999999999992055
10,0.2,0.05,1.1,50.0,0.5,0.5,1.0,500,0.3333333333333333,-0.001006993059264,risk_only,500,0,-9.70766574513577e-06,6.44727459189149e-05,0.0014402447663402,0.236,0.2008812954715588,0.2751443562921407,0.0,0.0002376503619863,1.9141628585075177e-05,-0.0013204894972434,5.429446214844091e-07,9.710024069242706e-07,False,0.6590826397490445,0.6667953814020248,0.23599999999999602
10,0.2,0.05,1.1,50.0,0.5,0.5,1.0,500,0.3333333333333333,-0.001006993059264,outcome_based,500,0,0.000282993059264,0.0005549410483414,0.0123996737485948,0.486,0.4424649931129956,0.5297484884199279,0.042,0.0005316923352914,2.2504230370278653e-05,-0.0013204894972434,5.429446214844091e-07,9.710024069242706e-07,False,0.6590826397490445,0.6667953814020248,0.5280000000000079
10,0.2,0.05,1.1,50.0,0.5,0.5,1.0,500,0.3333333333333333,-0.001006993059264,beta_known_mean,500,0,-0.000315022020801,4.5117509591606734e-05,0.0010559347137925,0.104,0.080194206769891,0.1338442708756583,0.0,0.0001047272781634,1.3760901266877629e-05,-0.0013204894972434,5.429446214844091e-07,9.710024069242706e-07,False,0.6590826397490445,0.6667953814020248,0.10399999999994439
10,0.2,0.05,1.1,50.0,0.5,0.5,1.0,500,0.5,-5.306555959668002e-06,beta_estimated_mean,500,0,-0.0001155098522347,4.654640128412789e-06,0.0001554145992211,0.124,0.0979460911393034,0.1557874128877838,0.0,6.580129389988322e-07,7.829343928744587e-08,-0.000118134186694,5.429446214844091e-07,9.710024069242706e-07,False,0.6590826397490445,0.6667953814020248,0.124
10,0.2,0.05,1.1,50.0,0.5,0.5,1.0,500,0.5,-5.306555959668002e-06,risk_only,500,0,-1.3767144143097494e-06,2.5952236889232406e-06,5.798925033449904e-05,0.102,0.0784343521031695,0.131634622904226,0.712,4.319536551169754e-06,9.243387293181335e-08,-0.000118134186694,5.429446214844091e-07,9.710024069242706e-07,False,0.6590826397490445,0.6667953814020248,0.8140000000000001
10,0.2,0.05,1.1,50.0,0.5,0.5,1.0,500,0.5,-5.306555959668002e-06,outcome_based,500,0,2.130655595966808e-05,5.127129304963904e-05,0.0011455120991621,0.142,0.114129360445696,0.1753296673247754,0.732,4.637929908749833e-06,7.883216690999159e-08,-0.000118134186694,5.429446214844091e-07,9.710024069242706e-07,False,0.6590826397490445,0.6667953814020248,0.8739999999999999
10,0.2,0.05,1.1,50.0,0.5,0.5,1.0,500,0.5,-5.306555959668002e-06,beta_known_mean,500,0,-0.0001145299383296,4.178914634921299e-06,0.0001477542121539,0.104,0.080194206769891,0.1338442708756583,0.0,5.518818198054722e-07,7.251588474851853e-08,-0.000118134186694,5.429446214844091e-07,9.710024069242706e-07,False,0.6590826397490445,0.6667953814020248,0.10400000000000001
10,0.2,0.05,1.1,50.0,0.5,0.5,1.0,3000,0.0588235294117647,-4.934181911436797e-05,beta_estimated_mean,500,0,-0.0001392042991341,0.0001055450884358,0.0023618045892211,0.454,0.4108757266738578,0.4978257126486051,0.0,2.2401185877923057e-05,1.099737746838195e-06,-0.0001448285645434,5.429446214844091e-07,9.710024069242706e-07,False,0.6590826397490445,0.6667953814020248,0.45399999999999996
10,0.2,0.05,1.1,50.0,0.5,0.5,1.0,3000,0.0588235294117647,-4.934181911436797e-05,risk_only,500,0,-3.841790292071768e-05,0.0001065595246639,0.0023806694754358,0.478,0.4345509603938758,0.5217845105864325,0.0,2.3585389536667888e-05,1.1033519930506125e-06,-0.0001448285645434,5.429446214844091e-07,9.710024069242706e-07,False,0.6590826397490445,0.6667953814020248,0.478
10,0.2,0.05,1.1,50.0,0.5,0.5,1.0,3000,0.0588235294117647,-4.934181911436797e-05,outcome_based,500,0,-4.690818088564497e-05,3.397618772182445e-05,0.0007604187413236,0.458,0.4148146097748511,0.5018258348239194,0.008,2.2993287707295472e-05,1.1018652097675329e-06,-0.0001448285645434,5.429446214844091e-07,9.710024069242706e-07,False,0.6590826397490445,0.6667953814020248,0.46599999999999997
10,0.2,0.05,1.1,50.0,0.5,0.5,1.0,3000,0.0588235294117647,-4.934181911436797e-05,beta_known_mean,500,0,-9.86787474712375e-05,1.963613847060639e-06,0.0001079885600114,0.0,4.336808689942019e-19,0.0076243404615522,0.0,0.0,0.0,-0.0001448285645434,5.429446214844091e-07,9.710024069242706e-07,False,0.6590826397490445,0.6667953814020248,0.0
10,0.2,0.05,1.1,50.0,0.5,0.5,1.0,3000,0.1111111111111111,-0.0007819407388025,beta_estimated_mean,500,0,-0.0001615493437794,0.0001017994370138,0.0022797582664105,0.328,0.2882961898405897,0.3703265832781843,0.0,0.0002564765623272,1.6434069748970978e-05,-0.0008863961521738,5.429446214844091e-07,9.710024069242706e-07,False,0.6590826397490445,0.6667953814020248,0.3279999999999744
10,0.2,0.05,1.1,50.0,0.5,0.5,1.0,3000,0.1111111111111111,-0.0007819407388025,risk_only,500,0,-4.979949319566842e-05,0.0001053155681715,0.0023530986104,0.358,0.317207603401289,0.4009577092897918,0.0,0.0002799347844913,1.6781570232427294e-05,-0.0008863961521738,5.429446214844091e-07,9.710024069242706e-07,False,0.6590826397490445,0.6667953814020248,0.35800000000000637
10,0.2,0.05,1.1,50.0,0.5,0.5,1.0,3000,0.1111111111111111,-0.0007819407388025,outcome_based,500,0,4.7357405469097805e-05,0.0001483513305509,0.0033142560620281,0.388,0.3462960293500537,0.4314118229133341,0.0,0.0003033930066553,1.705749062850652e-05,-0.0008863961521738,5.429446214844091e-07,9.710024069242706e-07,False,0.6590826397490445,0.6667953814020248,0.38799999999991047
10,0.2,0.05,1.1,50.0,0.5,0.5,1.0,3000,0.1111111111111111,-0.0007819407388025,beta_known_mean,500,0,-0.0001238553441026,1.192868871758431e-05,0.0002938446186486,0.0,4.336808689942019e-19,0.0076243404615522,0.0,0.0,0.0,-0.0008863961521738,5.429446214844091e-07,9.710024069242706e-07,False,0.6590826397490445,0.6667953814020248,0.0
10,0.2,0.05,1.1,50.0,0.5,0.5,1.0,3000,0.2,-0.0027417650788954,beta_estimated_mean,500,0,0.0004773324813367,7.375422617709905e-05,0.0017152986770097,0.094,0.0714264085922213,0.1227645558625591,0.0,0.0002577259174161,3.581854939191437e-05,-0.0021931319985467,5.429446214844091e-07,9.710024069242706e-07,False,0.6590826397490445,0.6667953814020248,0.09399999999997535
10,0.2,0.05,1.1,50.0,0.5,0.5,1.0,3000,0.2,-0.0027417650788954,risk_only,500,0,-6.222013518925197e-05,7.948645275184963e-05,0.0017766826769538,0.058,0.0406837291117572,0.0820561878562549,0.0,0.0001590223745759,2.868926460064464e-05,-0.0021931319985467,5.429446214844091e-07,9.710024069242706e-07,False,0.6590826397490445,0.6667953814020248,0.057999999999987895
10,0.2,0.05,1.1,50.0,0.5,0.5,1.0,3000,0.2,-0.0027417650788954,outcome_based,500,0,-2.4734921104626675e-05,0.0002793039048903,0.0062392256561649,0.336,0.2959880078270491,0.37851277584434,0.002,0.0009267165966666,5.8058700725490415e-05,-0.0021931319985467,5.429446214844091e-07,9.710024069242706e-07,False,0.6590826397490445,0.6667953814020248,0.33799999999998354
10,0.2,0.05,1.1,50.0,0.5,0.5,1.0,3000,0.2,-0.0027417650788954,beta_known_mean,500,0,0.0005000828278952,2.9519401454526936e-05,0.0008275922732905,0.0,4.336808689942019e-19,0.0076243404615522,0.0,0.0,0.0,-0.0021931319985467,5.429446214844091e-07,9.710024069242706e-07,False,0.6590826397490445,0.6667953814020248,0.0
10,0.2,0.05,1.1,50.0,0.5,0.5,1.0,3000,0.3333333333333333,-0.001006993059264,beta_estimated_mean,500,0,-0.0003473753902193,2.433124049170402e-05,0.0006450444049821,0.004,0.0010976305226827,0.014465715215177,0.0,4.027972237056337e-06,2.8453511376905385e-06,-0.0013204894972434,5.429446214844091e-07,9.710024069242706e-07,False,0.6590826397490445,0.6667953814020248,0.004000000000000335
10,0.2,0.05,1.1,50.0,0.5,0.5,1.0,3000,0.3333333333333333,-0.001006993059264,risk_only,500,0,-6.512039284186649e-05,2.489536645007061e-05,0.0005599201029029,0.034,0.0213345198085321,0.0537713655016345,0.0,3.423776401497887e-05,8.1696645784738e-06,-0.0013204894972434,5.429446214844091e-07,9.710024069242706e-07,False,0.6590826397490445,0.6667953814020248,0.03400000000000285
10,0.2,0.05,1.1,50.0,0.5,0.5,1.0,3000,0.3333333333333333,-0.001006993059264,outcome_based,500,0,0.000102993059264,0.0002267248422338,0.0050656964436438,0.444,0.4010408191814197,0.4878131069502743,0.006,0.0004531468766688,2.242661905147876e-05,-0.0013204894972434,5.429446214844091e-07,9.710024069242706e-07,False,0.6590826397490445,0.6667953814020248,0.44999999999999996
10,0.2,0.05,1.1,50.0,0.5,0.5,1.0,3000,0.3333333333333333,-0.001006993059264,beta_known_mean,500,0,-0.000342354647383,1.777863591064852e-05,0.0005243382230122,0.0,4.336808689942019e-19,0.0076243404615522,0.0,0.0,0.0,-0.0013204894972434,5.429446214844091e-07,9.710024069242706e-07,False,0.6590826397490445,0.6667953814020248,0.0
10,0.2,0.05,1.1,50.0,0.5,0.5,1.0,3000,0.5,-5.306555959668002e-06,beta_estimated_mean,500,0,-0.0001158414233576,1.7938274287732156e-06,0.0001225762047495,0.0,4.336808689942019e-19,0.0076243404615522,0.0,0.0,0.0,-0.000118134186694,5.429446214844091e-07,9.710024069242706e-07,False,0.6590826397490445,0.6667953814020248,0.0
10,0.2,0.05,1.1,50.0,0.5,0.5,1.0,3000,0.5,-5.306555959668002e-06,risk_only,500,0,-8.48038306067294e-07,1.2387963824784975e-06,2.7685606208140387e-05,0.332,0.2921404418575132,0.3744213365375685,0.128,2.441015741447281e-06,1.1839633840093033e-07,-0.000118134186694,5.429446214844091e-07,9.710024069242706e-07,False,0.6590826397490445,0.6667953814020248,0.4600000000000001
10,0.2,0.05,1.1,50.0,0.5,0.5,1.0,3000,0.5,-5.306555959668002e-06,outcome_based,500,0,-3.069344404033201e-05,2.118897382815995e-05,0.0004743199561903,0.318,0.2787002611764217,0.3600749987515833,0.304,3.3006778069134973e-06,1.151870266416838e-07,-0.000118134186694,5.429446214844091e-07,9.710024069242706e-07,False,0.6590826397490445,0.6667953814020248,0.622
10,0.2,0.05,1.1,50.0,0.5,0.5,1.0,3000,0.5,-5.306555959668002e-06,beta_known_mean,500,0,-0.0001155815406774,1.6314290034157465e-06,0.0001211908052674,0.0,4.336808689942019e-19,0.0076243404615522,0.0,0.0,0.0,-0.000118134186694,5.429446214844091e-07,9.710024069242706e-07,False,0.6590826397490445,0.6667953814020248,0.0
10,0.2,0.05,1.1,50.0,0.5,0.5,1.0,10000,0.0588235294117647,-4.934181911436797e-05,beta_estimated_mean,500,0,-6.283576467418228e-06,5.784173984330633e-05,0.0012921018731181,0.508,0.464285816641858,0.5515921939107572,0.0,2.5065644110098928e-05,1.104280216074798e-06,-0.0001448285645434,5.429446214844091e-07,9.710024069242706e-07,False,0.6590826397490445,0.6667953814020248,0.508
10,0.2,0.05,1.1,50.0,0.5,0.5,1.0,10000,0.0588235294117647,-4.934181911436797e-05,risk_only,500,0,9.114147708763748e-05,5.835090035682857e-05,0.001306642922722,0.536,0.492179234494295,0.5792718129924732,0.0,2.644721504530123e-05,1.101555210666977e-06,-0.0001448285645434,5.429446214844091e-07,9.710024069242706e-07,False,0.6590826397490445,0.6667953814020248,0.536
10,0.2,0.05,1.1,50.0,0.5,0.5,1.0,10000,0.0588235294117647,-4.934181911436797e-05,outcome_based,500,0,-1.5058180885499872e-05,1.874694277013096e-05,0.0004190456210982,0.426,0.3833825783667519,0.4697458240215578,0.004,2.1216982219178223e-05,1.09354469897777e-06,-0.0001448285645434,5.429446214844091e-07,9.710024069242706e-07,False,0.6590826397490445,0.6667953814020248,0.42999999999999994
10,0.2,0.05,1.1,50.0,0.5,0.5,1.0,10000,0.0588235294117647,-4.934181911436797e-05,beta_known_mean,500,0,-9.50726572260377e-05,1.075929658457775e-06,9.806357551284902e-05,0.0,4.336808689942019e-19,0.0076243404615522,0.0,0.0,0.0,-0.0001448285645434,5.429446214844091e-07,9.710024069242706e-07,False,0.6590826397490445,0.6667953814020248,0.0
10,0.2,0.05,1.1,50.0,0.5,0.5,1.0,10000,0.1111111111111111,-0.0007819407388025,beta_estimated_mean,500,0,-2.038882600440736e-05,5.555609673255393e-05,0.0012411966670999,0.252,0.2159338483813718,0.2918478244875581,0.0,0.0001970490661782,1.5197586950247476e-05,-0.0008863961521738,5.429446214844091e-07,9.710024069242706e-07,False,0.6590826397490445,0.6667953814020248,0.2519999999999616
10,0.2,0.05,1.1,50.0,0.5,0.5,1.0,10000,0.1111111111111111,-0.0007819407388025,risk_only,500,0,8.15891110575866e-05,5.753199513656481e-05,0.00128775466793,0.286,0.2481400532160928,0.3271231645014515,0.0,0.0002236350512975,1.5818150014130184e-05,-0.0008863961521738,5.429446214844091e-07,9.710024069242706e-07,False,0.6590826397490445,0.6667953814020248,0.28599999999998077
10,0.2,0.05,1.1,50.0,0.5,0.5,1.0,10000,0.1111111111111111,-0.0007819407388025,outcome_based,500,0,1.8240738802930676e-05,8.128231356819715e-05,0.0018158009691462,0.338,0.2979130243450122,0.3805572619645308,0.002,0.0002658598511928,1.658192680480527e-05,-0.0008863961521738,5.429446214844091e-07,9.710024069242706e-07,False,0.6590826397490445,0.6667953814020248,0.3399999999999361
10,0.2,0.05,1.1,50.0,0.5,0.5,1.0,10000,0.1111111111111111,-0.0007819407388025,beta_known_mean,500,0,-0.0001022899202706,6.5457560912469314e-06,0.0001784484302795,0.0,4.336808689942019e-19,0.0076243404615522,0.0,0.0,0.0,-0.0008863961521738,5.429446214844091e-07,9.710024069242706e-07,False,0.6590826397490445,0.6667953814020248,0.0
10,0.2,0.05,1.1,50.0,0.5,0.5,1.0,10000,0.2,-0.0027417650788954,beta_estimated_mean,500,0,0.0006019989964399,3.984797258453632e-05,0.0010745908013493,0.008,0.0031153151800622,0.0203870358341051,0.0,2.19341206311639e-05,1.0934043501123287e-05,-0.0021931319985467,5.429446214844091e-07,9.710024069242706e-07,False,0.6590826397490445,0.6667953814020248,0.008000000000000255
10,0.2,0.05,1.1,50.0,0.5,0.5,1.0,10000,0.2,-0.0027417650788954,risk_only,500,0,6.027574037594752e-05,4.251581494172161e-05,0.0009516421756296,0.002,0.0003531363945592,0.0112407067051467,0.0,5.483530157790975e-06,5.483530157790973e-06,-0.0021931319985467,5.429446214844091e-07,9.710024069242706e-07,False,0.6590826397490445,0.6667953814020248,0.002000000000000064
10,0.2,0.05,1.1,50.0,0.5,0.5,1.0,10000,0.2,-0.0027417650788954,outcome_based,500,0,6.906507889538978e-05,0.0001518017851804,0.0033916982759561,0.194,0.1617264666432368,0.2309396297192332,0.002,0.0005373859554635,4.872322514197007e-05,-0.0021931319985467,5.429446214844091e-07,9.710024069242706e-07,False,0.6590826397490445,0.6667953814020248,0.1960000000000006
10,0.2,0.05,1.1,50.0,0.5,0.5,1.0,10000,0.2,-0.0027417650788954,beta_known_mean,500,0,0.0005534299481661,1.6203555465140725e-05,0.0006612864410929,0.0,4.336808689942019e-19,0.0076243404615522,0.0,0.0,0.0,-0.0021931319985467,5.429446214844091e-07,9.710024069242706e-07,False,0.6590826397490445,0.6667953814020248,0.0
10,0.2,0.05,1.1,50.0,0.5,0.5,1.0,10000,0.3333333333333333,-0.001006993059264,beta_estimated_mean,500,0,-0.0003008265625933,1.3133204703545494e-05,0.0004201959930658,0.0,4.336808689942019e-19,0.0076243404615522,0.0,0.0,0.0,-0.0013204894972434,5.429446214844091e-07,9.710024069242706e-07,False,0.6590826397490445,0.6667953814020248,0.0
10,0.2,0.05,1.1,50.0,0.5,0.5,1.0,10000,0.3333333333333333,-0.001006993059264,risk_only,500,0,5.405559567581864e-06,1.3733000752799524e-05,0.0003068196206287,0.0,4.336808689942019e-19,0.0076243404615522,0.0,0.0,0.0,-0.0013204894972434,5.429446214844091e-07,9.710024069242706e-07,False,0.6590826397490445,0.6667953814020248,0.0
10,0.2,0.05,1.1,50.0,0.5,0.5,1.0,10000,0.3333333333333333,-0.001006993059264,outcome_based,500,0,0.000192893059264,0.0001304252808613,0.0029198585449147,0.4,0.3579789907947376,0.4435458772975729,0.006,0.0004088391820612,2.213769723984177e-05,-0.0013204894972434,5.429446214844091e-07,9.710024069242706e-07,False,0.6590826397490445,0.6667953814020248,0.4060000000000159
10,0.2,0.05,1.1,50.0,0.5,0.5,1.0,10000,0.3333333333333333,-0.001006993059264,beta_known_mean,500,0,-0.0003101693316724,9.754243328956744e-06,0.0003790547460558,0.0,4.336808689942019e-19,0.0076243404615522,0.0,0.0,0.0,-0.0013204894972434,5.429446214844091e-07,9.710024069242706e-07,False,0.6590826397490445,0.6667953814020248,0.0
10,0.2,0.05,1.1,50.0,0.5,0.5,1.0,10000,0.5,-5.306555959668002e-06,beta_estimated_mean,500,0,-0.0001122217605957,9.735354526125934e-07,0.0001143094983746,0.0,4.336808689942019e-19,0.0076243404615522,0.0,0.0,0.0,-0.000118134186694,5.429446214844091e-07,9.710024069242706e-07,False,0.6590826397490445,0.6667953814020248,0.0
10,0.2,0.05,1.1,50.0,0.5,0.5,1.0,10000,0.5,-5.306555959668002e-06,risk_only,500,0,1.576466636548252e-07,6.552391396404418e-07,1.463778259159556e-05,0.354,0.3133423051969017,0.3968840022178716,0.004,1.8997470335611443e-06,1.1388630507453179e-07,-0.000118134186694,5.429446214844091e-07,9.710024069242706e-07,False,0.6590826397490445,0.6667953814020248,0.35799999999999993
10,0.2,0.05,1.1,50.0,0.5,0.5,1.0,10000,0.5,-5.306555959668002e-06,outcome_based,500,0,-3.6934440403319994e-06,1.115916905993526e-05,0.0002493043151028,0.374,0.3326999999948793,0.4172213338014318,0.178,2.929218889736737e-06,1.1813294243862088e-07,-0.000118134186694,5.429446214844091e-07,9.710024069242706e-07,False,0.6590826397490445,0.6667953814020248,0.552
10,0.2,0.05,1.1,50.0,0.5,0.5,1.0,10000,0.5,-5.306555959668002e-06,beta_known_mean,500,0,-0.000112477731204,8.917095848982968e-07,0.0001142279206793,0.0,4.336808689942019e-19,0.0076243404615522,0.0,0.0,0.0,-0.000118134186694,5.429446214844091e-07,9.710024069242706e-07,False,0.6590826397490445,0.6667953814020248,0.0
11,0.2,0.05,1.1,50.0,0.5,0.9,0.5,500,0.0588235294117647,1.124580262773511e-06,beta_estimated_mean,500,0,-0.0002526833778554,0.0002670999437476,0.0059719089481069,0.496,0.4523731491140454,0.539687845609647,0.0,5.577918103356616e-07,2.5170757795929685e-08,-0.0001448285645434,2.7297064523645886e-05,6.175610527958675e-05,True,0.6578455628183637,0.6566501267978964,0.4960000000000001
11,0.2,0.05,1.1,50.0,0.5,0.9,0.5,500,0.0588235294117647,1.124580262773511e-06,risk_only,500,0,-0.000106081541922,0.0002666452811088,0.0059573489537219,0.49,0.4464261747403093,0.5337263120689218,0.0,5.510443287590206e-07,2.516652848265176e-08,-0.0001448285645434,2.7297064523645886e-05,6.175610527958675e-05,True,0.6578455628183637,0.6566501267978964,0.4900000000000001
11,0.2,0.05,1.1,50.0,0.5,0.9,0.5,500,0.0588235294117647,1.124580262773511e-06,outcome_based,500,0,5.287541973723203e-05,8.617799192708681e-05,0.0019257965391007,0.444,0.4010408191814197,0.4878131069502743,0.048,4.99313636671439e-07,2.5013189024732278e-08,-0.0001448285645434,2.7297064523645886e-05,6.175610527958675e-05,True,0.6578455628183637,0.6566501267978964,0.4440000000000001
11,0.2,0.05,1.1,50.0,0.5,0.9,0.5,500,0.0588235294117647,1.124580262773511e-06,beta_known_mean,500,0,-0.0001473150730304,8.0160761232805e-06,0.0002318754223126,0.798,0.7605971137604937,0.8308587793244213,0.0,8.97415049693262e-07,2.0212373488882816e-08,-0.0001448285645434,2.7297064523645886e-05,6.175610527958675e-05,True,0.6578455628183637,0.6566501267978964,0.7980000000000002
11,0.2,0.05,1.1,50.0,0.5,0.9,0.5,500,0.1111111111111111,0.0011231932482786,beta_estimated_mean,500,0,-0.0020641979718459,0.0002707132164577,0.006389870922316,0.546,0.502174287351395,0.5891242733261424,0.0,0.0006132635135601,2.503389689104797e-05,-0.0008863961521738,2.7297064523645886e-05,6.175610527958675e-05,True,0.6578455628183637,0.6566501267978964,0.5459999999999862
11,0.2,0.05,1.1,50.0,0.5,0.9,0.5,500,0.1111111111111111,0.0011231932482786,risk_only,500,0,-5.037287104285151e-05,0.0002700500510588,0.0060326715006283,0.398,0.3560299779038944,0.4415253875502624,0.0,0.0004470309128148,2.4611834895038275e-05,-0.0008863961521738,2.7297064523645886e-05,6.175610527958675e-05,True,0.6578455628183637,0.6566501267978964,0.3979999999999263
11,0.2,0.05,1.1,50.0,0.5,0.9,0.5,500,0.1111111111111111,0.0011231932482786,outcome_based,500,0,0.0003178067517213,0.0003351883656706,0.0074942824961057,0.438,0.3951483440866656,0.4817970741305669,0.022,0.000491958642746,2.494648861408452e-05,-0.0008863961521738,2.7297064523645886e-05,6.175610527958675e-05,True,0.6578455628183637,0.6566501267978964,0.4379999999999762
11,0.2,0.05,1.1,50.0,0.5,0.9,0.5,500,0.1111111111111111,0.0011231932482786,beta_known_mean,500,0,-0.0019780320911651,4.67071203146648e-05,0.0022363378417929,0.798,0.7605971137604937,0.8308587793244213,0.0,0.0008963082121263,2.0187444316699367e-05,-0.0008863961521738,2.7297064523645886e-05,6.175610527958675e-05,True,0.6578455628183637,0.6566501267978964,0.7979999999999797
11,0.2,0.05,1.1,50.0,0.5,0.9,0.5,500,0.2,0.001910610410394,beta_estimated_mean,500,0,-0.0040578319241239,0.000227191187299,0.0064978690262293,0.668,0.6255786634624316,0.7078595581424869,0.0,0.0012762877541432,4.027904268047488e-05,-0.0021931319985467,2.7297064523645886e-05,6.175610527958675e-05,True,0.6578455628183637,0.6566501267978964,0.6680000000000043
11,0.2,0.05,1.1,50.0,0.5,0.9,0.5,500,0.2,0.001910610410394,risk_only,500,0,4.746300363523952e-05,0.0002243501003504,0.0050118263669852,0.336,0.2959880078270491,0.37851277584434,0.0,0.0006419650978923,4.03994586223084e-05,-0.0021931319985467,2.7297064523645886e-05,6.175610527958675e-05,True,0.6578455628183637,0.6566501267978964,0.33599999999995606
11,0.2,0.05,1.1,50.0,0.5,0.9,0.5,500,0.2,0.001910610410394,outcome_based,500,0,-7.861041039399533e-05,0.000719200981718,0.0160659252953766,0.418,0.3755530480719333,0.4616973437637613,0.012,0.0007986351515446,4.2186306161897286e-05,-0.0021931319985467,2.7297064523645886e-05,6.175610527958675e-05,True,0.6578455628183637,0.6566501267978964,0.41799999999995185
11,0.2,0.05,1.1,50.0,0.5,0.9,0.5,500,0.2,0.001910610410394,beta_known_mean,500,0,-0.0039934671591958,0.0001142434016863,0.0047392516087651,0.798,0.7605971137604937,0.8308587793244213,0.0,0.0015246671074944,3.433989772449808e-05,-0.0021931319985467,2.7297064523645886e-05,6.175610527958675e-05,True,0.6578455628183637,0.6566501267978964,0.7979999999999938
11,0.2,0.05,1.1,50.0,0.5,0.9,0.5,500,0.3333333333333333,-0.0056586355471462,beta_estimated_mean,500,0,0.0043433147234728,8.902764389706268e-05,0.004776967401468,0.248,0.2121642083459476,0.2876784592466748,0.0,0.0014033416156922,0.0001093946822978,-0.0013204894972434,2.7297064523645886e-05,6.175610527958675e-05,False,0.6578455628183637,0.6566501267978964,0.24799999999998978
11,0.2,0.05,1.1,50.0,0.5,0.9,0.5,500,0.3333333333333333,-0.0056586355471462,risk_only,500,0,-3.498115295209974e-05,0.0001089608202852,0.0024342517124005,0.002,0.0003531363945592,0.0112407067051467,0.0,1.1317271094292572e-05,1.1317271094292577e-05,-0.0013204894972434,2.7297064523645886e-05,6.175610527958675e-05,False,0.6578455628183637,0.6566501267978964,0.0020000000000000304
11,0.2,0.05,1.1,50.0,0.5,0.9,0.5,500,0.3333333333333333,-0.0056586355471462,outcome_based,500,0,-0.0006173644528537,0.0005949955355922,0.0133055237727662,0.32,0.2806177506894902,0.3621270118766686,0.024,0.0019465706282183,0.0001203351743707,-0.0013204894972434,2.7297064523645886e-05,6.175610527958675e-05,False,0.6578455628183637,0.6566501267978964,0.34400000000000125
11,0.2,0.05,1.1,50.0,0.5,0.9,0.5,500,0.3333333333333333,-0.0056586355471462,beta_known_mean,500,0,0.0043772257714134,6.997604755954259e-05,0.0046479600280899,0.202,0.1691412206755787,0.2394028862395064,0.0,0.0011430443805235,0.0001017041281111,-0.0013204894972434,2.7297064523645886e-05,6.175610527958675e-05,False,0.6578455628183637,0.6566501267978964,0.20199999999999427
11,0.2,0.05,1.1,50.0,0.5,0.9,0.5,500,0.5,-0.0006793146360337,beta_estimated_mean,500,0,0.0005496566015723,7.77315017527519e-06,0.0005764311664128,0.218,0.1840337264359884,0.256266401584327,0.0,0.0001480905906553,1.2556029350352557e-05,-0.000118134186694,2.7297064523645886e-05,6.175610527958675e-05,False,0.6578455628183637,0.6566501267978964,0.21799999999993142
11,0.2,0.05,1.1,50.0,0.5,0.9,0.5,500,0.5,-0.0006793146360337,risk_only,500,0,-5.616999265949084e-06,2.24067965091184e-05,0.0005005614358412,0.046,0.0308451083708162,0.0680777927682732,0.004,3.396573180168662e-05,6.627771141184332e-06,-0.000118134186694,2.7297064523645886e-05,6.175610527958675e-05,False,0.6578455628183637,0.6566501267978964,0.05000000000000239
11,0.2,0.05,1.1,50.0,0.5,0.9,0.5,500,0.5,-0.0006793146360337,outcome_based,500,0,-0.0001846853639662,0.0002124270663475,0.0047488538284162,0.338,0.2979130243450122,0.3805572619645308,0.172,0.0003464504643772,1.5202108468684948e-05,-0.000118134186694,2.7297064523645886e-05,6.175610527958675e-05,False,0.6578455628183637,0.6566501267978964,0.5100000000000191
11,0.2,0.05,1.1,50.0,0.5,0.9,0.5,500,0.5,-0.0006793146360337,beta_known_mean,500,0,0.0005530590998348,7.080932887802114e-06,0.0005752338946727,0.202,0.1691412206755787,0.2394028862395064,0.0,0.0001372215564788,1.2209498596494224e-05,-0.000118134186694,2.7297064523645886e-05,6.175610527958675e-05,False,0.6578455628183637,0.6566501267978964,0.20199999999998913
11,0.2,0.05,1.1,50.0,0.5,0.9,0.5,3000,0.0588235294117647,1.124580262773511e-06,beta_estimated_mean,500,0,-0.0001519618086298,9.62799624384003e-05,0.0021560932595054,0.536,0.492179234494295,0.5792718129924732,0.0,6.02775020846602e-07,2.5106233829767218e-08,-0.0001448285645434,2.7297064523645886e-05,6.175610527958675e-05,True,0.6578455628183637,0.6566501267978964,0.536
11,0.2,0.05,1.1,50.0,0.5,0.9,0.5,3000,0.0588235294117647,1.124580262773511e-06,risk_only,500,0,-6.04867560876049e-06,9.641045907941552e-05,0.0021536550141117,0.508,0.464285816641858,0.5515921939107572,0.0,5.712867734889438e-07,2.5168341132509404e-08,-0.0001448285645434,2.7297064523645886e-05,6.175610527958675e-05,True,0.6578455628183637,0.6566501267978964,0.5080000000000001
11,0.2,0.05,1.1,50.0,0.5,0.9,0.5,3000,0.0588235294117647,1.124580262773511e-06,outcome_based,500,0,3.400041973723722e-05,3.5391231730867467e-05,0.0007913110203787,0.492,0.4484078060892428,0.535714183358142,0.004,5.532934892845676e-07,2.51683411325094e-08,-0.0001448285645434,2.7297064523645886e-05,6.175610527958675e-05,True,0.6578455628183637,0.6566501267978964,0.4920000000000001
11,0.2,0.05,1.1,50.0,0.5,0.9,0.5,3000,0.0588235294117647,1.124580262773511e-06,beta_known_mean,500,0,-0.0001459568841816,2.8811967940438e-06,0.000159517266238,0.99,0.9768069002442692,0.9957212461034096,0.0,1.113334460145776e-06,5.009077850936671e-09,-0.0001448285645434,2.7297064523645886e-05,6.175610527958675e-05,True,0.6578455628183637,0.6566501267978964,0.99
11,0.2,0.05,1.1,50.0,0.5,0.9,0.5,3000,0.1111111111111111,0.0011231932482786,beta_estimated_mean,500,0,-0.0020093570910528,9.580490567865236e-05,0.0029355795535907,0.636,0.5929376153133843,0.6769885640810736,0.0,0.0007143509059052,2.419265103335677e-05,-0.0008863961521738,2.7297064523645886e-05,6.175610527958675e-05,True,0.6578455628183637,0.6566501267978964,0.6360000000000093
11,0.2,0.05,1.1,50.0,0.5,0.9,0.5,3000,0.1111111111111111,0.0011231932482786,risk_only,500,0,1.435868063321824e-05,9.664163204018188e-05,0.0021588582835288,0.3,0.2614819321406983,0.3415678040439227,0.0,0.0003369579744835,2.3041665028935663e-05,-0.0008863961521738,2.7297064523645886e-05,6.175610527958675e-05,True,0.6578455628183637,0.6566501267978964,0.2999999999999288
11,0.2,0.05,1.1,50.0,0.5,0.9,0.5,3000,0.1111111111111111,0.0011231932482786,outcome_based,500,0,-6.994324827842785e-05,0.000131035656111,0.0029279503583631,0.334,0.2940638124558771,0.3764674685773583,0.004,0.000375146544925,2.3714532052568625e-05,-0.0008863961521738,2.7297064523645886e-05,6.175610527958675e-05,True,0.6578455628183637,0.6566501267978964,0.3339999999999534
11,0.2,0.05,1.1,50.0,0.5,0.9,0.5,3000,0.1111111111111111,0.0011231932482786,beta_known_mean,500,0,-0.0020048807779352,1.710737826489827e-05,0.0020409765963607,0.99,0.9768069002442692,0.9957212461034096,0.0,0.0011119613157958,5.002899844959541e-06,-0.0008863961521738,2.7297064523645886e-05,6.175610527958675e-05,True,0.6578455628183637,0.6566501267978964,0.9899999999999876
11,0.2,0.05,1.1,50.0,0.5,0.9,0.5,3000,0.2,0.001910610410394,beta_estimated_mean,500,0,-0.0040920522461374,7.862228558226382e-05,0.0044530261639044,0.908,0.8794612618638256,0.930317276319548,0.0,0.0017348342526377,2.4720582779763616e-05,-0.0021931319985467,2.7297064523645886e-05,6.175610527958675e-05,True,0.6578455628183637,0.6566501267978964,0.9079999999999728
11,0.2,0.05,1.1,50.0,0.5,0.9,0.5,3000,0.2,0.001910610410394,risk_only,500,0,1.996650762933179e-05,7.683579150814712e-05,0.0017164976990698,0.126,0.099735288945377,0.157967717719864,0.0,0.0002407369117096,2.8383297927488905e-05,-0.0021931319985467,2.7297064523645886e-05,6.175610527958675e-05,True,0.6578455628183637,0.6566501267978964,0.125999999999977
11,0.2,0.05,1.1,50.0,0.5,0.9,0.5,3000,0.2,0.001910610410394,outcome_based,500,0,-6.261041039410384e-05,0.000289168301151,0.0064598339725088,0.388,0.3462960293500537,0.4314118229133341,0.004,0.0007413168392328,4.167863055700385e-05,-0.0021931319985467,2.7297064523645886e-05,6.175610527958675e-05,True,0.6578455628183637,0.6566501267978964,0.3879999999999623
11,0.2,0.05,1.1,50.0,0.5,0.9,0.5,3000,0.2,0.001910610410394,beta_known_mean,500,0,-0.0040885645880357,4.194567607735752e-05,0.0041945584775505,0.99,0.9768069002442692,0.9957212461034096,0.0,0.00189150430629,8.510194074427891e-06,-0.0021931319985467,2.7297064523645886e-05,6.175610527958675e-05,True,0.6578455628183637,0.6566501267978964,0.9899999999999687
11,0.2,0.05,1.1,50.0,0.5,0.9,0.5,3000,0.3333333333333333,-0.0056586355471462,beta_estimated_mean,500,0,0.004341680449403,3.1107995737654465e-05,0.0043969392896351,0.026,0.0152563839233272,0.0439714908342242,0.0,0.0001471245242258,4.031137417405285e-05,-0.0013204894972434,2.7297064523645886e-05,6.175610527958675e-05,False,0.6578455628183637,0.6566501267978964,0.025999999999999787
11,0.2,0.05,1.1,50.0,0.5,0.9,0.5,3000,0.3333333333333333,-0.0056586355471462,risk_only,500,0,-5.007947104929151e-06,3.968500184943443e-05,0.0008865099356787,0.0,4.336808689942019e-19,0.0076243404615522,0.0,0.0,0.0,-0.0013204894972434,2.7297064523645886e-05,6.175610527958675e-05,False,0.6578455628183637,0.6566501267978964,0.0
11,0.2,0.05,1.1,50.0,0.5,0.9,0.5,3000,0.3333333333333333,-0.0056586355471462,outcome_based,500,0,-1.3364452853730238e-05,0.00024089509844,0.0053812054770634,0.15,0.1213759576913881,0.1839610806316983,0.008,0.0008940644164491,9.23944830397708e-05,-0.0013204894972434,2.7297064523645886e-05,6.175610527958675e-05,False,0.6578455628183637,0.6566501267978964,0.15800000000000006
11,0.2,0.05,1.1,50.0,0.5,0.9,0.5,3000,0.3333333333333333,-0.0056586355471462,beta_known_mean,500,0,0.0043442499612421,2.558360013129445e-05,0.0043816793017056,0.01,0.0042787538965904,0.0231930997557307,0.0,5.658635547146286e-05,2.520455580096012e-05,-0.0013204894972434,2.7297064523645886e-05,6.175610527958675e-05,False,0.6578455628183637,0.6566501267978964,0.010000000000000151
11,0.2,0.05,1.1,50.0,0.5,0.9,0.5,3000,0.5,-0.0006793146360337,beta_estimated_mean,500,0,0.0005599983764113,2.60665946946455e-06,0.0005630175163391,0.012,0.0055109951740277,0.0259303611164472,0.0,8.15177563240479e-06,3.311233400843105e-06,-0.000118134186694,2.7297064523645886e-05,6.175610527958675e-05,False,0.6578455628183637,0.6566501267978964,0.012000000000000574
11,0.2,0.05,1.1,50.0,0.5,0.9,0.5,3000,0.5,-0.0006793146360337,risk_only,500,0,-6.770644269572319e-06,9.110375943464269e-06,0.0002036229790313,0.0,4.336808689942019e-19,0.0076243404615522,0.0,0.0,0.0,-0.000118134186694,2.7297064523645886e-05,6.175610527958675e-05,False,0.6578455628183637,0.6566501267978964,0.0
11,0.2,0.05,1.1,50.0,0.5,0.9,0.5,3000,0.5,-0.0006793146360337,outcome_based,500,0,5.131463603373248e-05,9.121577209343594e-05,0.0020382520487156,0.364,0.3230114359189264,0.4070623846866158,0.068,0.0002934639227665,1.5063876279778268e-05,-0.000118134186694,2.7297064523645886e-05,6.175610527958675e-05,False,0.6578455628183637,0.6566501267978964,0.431999999999914
11,0.2,0.05,1.1,50.0,0.5,0.9,0.5,3000,0.5,-0.0006793146360337,beta_known_mean,500,0,0.000560309672328,2.447973418416052e-06,0.000562971778386,0.01,0.0042787538965904,0.0231930997557307,0.0,6.793146360337325e-06,3.025786606623899e-06,-0.000118134186694,2.7297064523645886e-05,6.175610527958675e-05,False,0.6578455628183637,0.6566501267978964,0.010000000000000479
11,0.2,0.05,1.1,50.0,0.5,0.9,0.5,10000,0.0588235294117647,1.124580262773511e-06,beta_estimated_mean,500,0,-0.0001776924062861,6.20297326248344e-05,0.0013969863164242,0.546,0.502174287351395,0.5891242733261424,0.0,6.140208234743372e-07,2.5064810874820712e-08,-0.0001448285645434,2.7297064523645886e-05,6.175610527958675e-05,True,0.6578455628183637,0.6566501267978964,0.5460000000000002
11,0.2,0.05,1.1,50.0,0.5,0.9,0.5,10000,0.0588235294117647,1.124580262773511e-06,risk_only,500,0,-2.8005194595656148e-05,6.201313506049549e-05,0.0013855515587735,0.506,0.4622986388334935,0.5496098690809679,0.0,5.690376129633967e-07,2.5169750881036598e-08,-0.0001448285645434,2.7297064523645886e-05,6.175610527958675e-05,True,0.6578455628183637,0.6566501267978964,0.506
11,0.2,0.05,1.1,50.0,0.5,0.9,0.5,10000,0.0588235294117647,1.124580262773511e-06,outcome_based,500,0,3.1312919737123634e-05,1.935372785800199e-05,0.0004334620204369,0.464,0.4207281870075268,0.5078207655057051,0.006,5.218052419269093e-07,2.5106233829767218e-08,-0.0001448285645434,2.7297064523645886e-05,6.175610527958675e-05,True,0.6578455628183637,0.6566501267978964,0.46400000000000013
11,0.2,0.05,1.1,50.0,0.5,0.9,0.5,10000,0.0588235294117647,1.124580262773511e-06,beta_known_mean,500,0,-0.0001507777909357,1.7167915537601722e-06,0.0001555785379985,1.0,0.992375659538448,1.0,0.0,1.124580262773511e-06,0.0,-0.0001448285645434,2.7297064523645886e-05,6.175610527958675e-05,True,0.6578455628183637,0.6566501267978964,1.0
11,0.2,0.05,1.1,50.0,0.5,0.9,0.5,10000,0.1111111111111111,0.0011231932482786,beta_estimated_mean,500,0,-0.0020614047598907,6.227240761606172e-05,0.0024868530528562,0.756,0.7164951931439073,0.791601144539778,0.0,0.0008491340956986,2.1595338818951346e-05,-0.0008863961521738,2.7297064523645886e-05,6.175610527958675e-05,True,0.6578455628183637,0.6566501267978964,0.7559999999999808
11,0.2,0.05,1.1,50.0,0.5,0.9,0.5,10000,0.1111111111111111,0.0011231932482786,risk_only,500,0,-3.954656792662109e-05,6.232262408288658e-05,0.0013927435362803,0.218,0.1840337264359884,0.256266401584327,0.0,0.0002448561281247,2.0760405625654973e-05,-0.0008863961521738,2.7297064523645886e-05,6.175610527958675e-05,True,0.6578455628183637,0.6566501267978964,0.21799999999996902
11,0.2,0.05,1.1,50.0,0.5,0.9,0.5,10000,0.1111111111111111,0.0011231932482786,outcome_based,500,0,7.120675172074145e-05,7.493269210894509e-05,0.0016753834386464,0.22,0.1859009325716236,0.2583686980868456,0.0,0.0002471025146213,2.082873301197333e-05,-0.0008863961521738,2.7297064523645886e-05,6.175610527958675e-05,True,0.6578455628183637,0.6566501267978964,0.22000000000000716
11,0.2,0.05,1.1,50.0,0.5,0.9,0.5,10000,0.1111111111111111,0.0011231932482786,beta_known_mean,500,0,-0.0020370008784009,1.016490999882782e-05,0.0020496175133065,1.0,0.992375659538448,1.0,0.0,0.0011231932482786,0.0,-0.0008863961521738,2.7297064523645886e-05,6.175610527958675e-05,True,0.6578455628183637,0.6566501267978964,1.0
11,0.2,0.05,1.1,50.0,0.5,0.9,0.5,10000,0.2,0.001910610410394,beta_estimated_mean,500,0,-0.0041848027919135,5.096599751115678e-05,0.004336904809361,0.978,0.9610391387886836,0.9876719917300724,0.0,0.0018685769813653,1.2545923491483437e-05,-0.0021931319985467,2.7297064523645886e-05,6.175610527958675e-05,True,0.6578455628183637,0.6566501267978964,0.9779999999999833
11,0.2,0.05,1.1,50.0,0.5,0.9,0.5,10000,0.2,0.001910610410394,risk_only,500,0,-7.223799019491137e-05,4.922261684361653e-05,0.0011019203536032,0.056,0.0390256206831514,0.0797447936467069,0.0,0.000106994182982,1.966535893428597e-05,-0.0021931319985467,2.7297064523645886e-05,6.175610527958675e-05,True,0.6578455628183637,0.6566501267978964,0.0559999999999665
11,0.2,0.05,1.1,50.0,0.5,0.9,0.5,10000,0.2,0.001910610410394,outcome_based,500,0,1.9439589606458405e-05,0.0001468141521978,0.0032796373496387,0.26,0.2234857231853828,0.3001739602361623,0.0,0.0004967587067024,3.751668015923166e-05,-0.0021931319985467,2.7297064523645886e-05,6.175610527958675e-05,True,0.6578455628183637,0.6566501267978964,0.2599999999999791
11,0.2,0.05,1.1,50.0,0.5,0.9,0.5,10000,0.2,0.001910610410394,beta_known_mean,500,0,-0.0041699439868489,2.487288348937553e-05,0.0042067973994075,1.0,0.992375659538448,1.0,0.0,0.001910610410394,9.707111005542835e-21,-0.0021931319985467,2.7297064523645886e-05,6.175610527958675e-05,True,0.6578455628183637,0.6566501267978964,1.0
11,0.2,0.05,1.1,50.0,0.5,0.9,0.5,10000,0.3333333333333333,-0.0056586355471462,beta_estimated_mean,500,0,0.0042931928162248,1.9480020752958373e-05,0.0043151895312192,0.0,4.336808689942019e-19,0.0076243404615522,0.0,0.0,0.0,-0.0013204894972434,2.7297064523645886e-05,6.175610527958675e-05,False,0.6578455628183637,0.6566501267978964,0.0
11,0.2,0.05,1.1,50.0,0.5,0.9,0.5,10000,0.3333333333333333,-0.0056586355471462,risk_only,500,0,-6.631187858445047e-05,2.449128618209117e-05,0.0005510979872664,0.0,4.336808689942019e-19,0.0076243404615522,0.0,0.0,0.0,-0.0013204894972434,2.7297064523645886e-05,6.175610527958675e-05,False,0.6578455628183637,0.6566501267978964,0.0
11,0.2,0.05,1.1,50.0,0.5,0.9,0.5,10000,0.3333333333333333,-0.0056586355471462,outcome_based,500,0,3.453554714626939e-05,0.0001311838663616,0.0029306290952655,0.026,0.0152563839233272,0.0439714908342242,0.0,0.0001471245242258,4.031137417405285e-05,-0.0013204894972434,2.7297064523645886e-05,6.175610527958675e-05,False,0.6578455628183637,0.6566501267978964,0.025999999999999787
11,0.2,0.05,1.1,50.0,0.5,0.9,0.5,10000,0.3333333333333333,-0.0056586355471462,beta_known_mean,500,0,0.0042968985648403,1.521032428508605e-05,0.0043103112306411,0.0,4.336808689942019e-19,0.0076243404615522,0.0,0.0,0.0,-0.0013204894972434,2.7297064523645886e-05,6.175610527958675e-05,False,0.6578455628183637,0.6566501267978964,0.0
11,0.2,0.05,1.1,50.0,0.5,0.9,0.5,10000,0.5,-0.0006793146360337,beta_estimated_mean,500,0,0.0005566528006355,1.58312923714586e-06,0.0005577750292438,0.0,4.336808689942019e-19,0.0076243404615522,0.0,0.0,0.0,-0.000118134186694,2.7297064523645886e-05,6.175610527958675e-05,False,0.6578455628183637,0.6566501267978964,0.0
11,0.2,0.05,1.1,50.0,0.5,0.9,0.5,10000,0.5,-0.0006793146360337,risk_only,500,0,-3.0465327115416417e-06,4.887097319823678e-06,0.0001092119853681,0.0,4.336808689942019e-19,0.0076243404615522,0.0,0.0,0.0,-0.000118134186694,2.7297064523645886e-05,6.175610527958675e-05,False,0.6578455628183637,0.6566501267978964,0.0
11,0.2,0.05,1.1,50.0,0.5,0.9,0.5,10000,0.5,-0.0006793146360337,outcome_based,500,0,-7.485363966267502e-06,4.947228045144202e-05,0.0011051523834628,0.256,0.2197077081917188,0.2960129699535187,0.032,0.0001956426151777,1.377072924958056e-05,-0.000118134186694,2.7297064523645886e-05,6.175610527958675e-05,False,0.6578455628183637,0.6566501267978964,0.28799999999999176
11,0.2,0.05,1.1,50.0,0.5,0.9,0.5,10000,0.5,-0.0006793146360337,beta_known_mean,500,0,0.0005568655436337,1.4581079831711817e-06,0.0005578173061611,0.0,4.336808689942019e-19,0.0076243404615522,0.0,0.0,0.0,-0.000118134186694,2.7297064523645886e-05,6.175610527958675e-05,False,0.6578455628183637,0.6566501267978964,0.0
12,0.2,0.05,1.1,50.0,0.5,0.9,1.0,500,0.0588235294117647,0.000147077725069,beta_estimated_mean,500,0,-0.000302487404364,0.0002703101294177,0.0060458427118689,0.526,0.4822016483694956,0.5694018859265038,0.0,7.736288338629415e-05,3.2875977449578e-06,-0.0001448285645434,5.429446214844091e-07,2.7001538782656102e-09,True,0.6590826397490445,0.6473630593954074,0.526000000000001
12,0.2,0.05,1.1,50.0,0.5,0.9,1.0,500,0.0588235294117647,0.000147077725069,risk_only,500,0,-1.679738253279023e-05,0.0002704959206876,0.0060424445105676,0.504,0.460312154390353,0.5476268508859545,0.0,7.412717343477615e-05,3.2919462642514213e-06,-0.0001448285645434,5.429446214844091e-07,2.7001538782656102e-09,True,0.6590826397490445,0.6473630593954074,0.504000000000001
12,0.2,0.05,1.1,50.0,0.5,0.9,1.0,500,0.0588235294117647,0.000147077725069,outcome_based,500,0,1.2672274931024436e-05,5.916627985892484e-05,0.0013217353267776,0.296,0.2576653952306019,0.3374453356777114,0.008,4.353500662042409e-05,3.005583625882882e-06,-0.0001448285645434,5.429446214844091e-07,2.7001538782656102e-09,True,0.6590826397490445,0.6473630593954074,0.2960000000000006
12,0.2,0.05,1.1,50.0,0.5,0.9,1.0,500,0.0588235294117647,0.000147077725069,beta_known_mean,500,0,-0.0002981541718685,8.38524618577038e-06,0.0003521104580199,0.804,0.7669425076136408,0.8364218933857356,0.0,0.0001182504909554,2.6136816633438638e-06,-0.0001448285645434,5.429446214844091e-07,2.7001538782656102e-09,True,0.6590826397490445,0.6473630593954074,0.8039999999994834
12,0.2,0.05,1.1,50.0,0.5,0.9,1.0,500,0.1111111111111111,0.0031327826487311,beta_estimated_mean,500,0,-0.0039840517407973,0.0002760898918075,0.0073422923412348,0.572,0.5282438503629422,0.6146582446105943,0.0,0.0017919516750741,6.939047986477306e-05,-0.0008863961521738,5.429446214844091e-07,2.7001538782656102e-09,True,0.6590826397490445,0.6473630593954074,0.5719999999999715
12,0.2,0.05,1.1,50.0,0.5,0.9,1.0,500,0.1111111111111111,0.0031327826487311,risk_only,500,0,2.6943222610159856e-06,0.0002746527235628,0.0061352776971436,0.33,0.2902178997291812,0.3723743760277467,0.0,0.0010338182740812,6.594385975658632e-05,-0.0008863961521738,5.429446214844091e-07,2.7001538782656102e-09,True,0.6590826397490445,0.6473630593954074,0.32999999999997986
12,0.2,0.05,1.1,50.0,0.5,0.9,1.0,500,0.1111111111111111,0.0031327826487311,outcome_based,500,0,0.0003507173512688,0.000314400860849,0.007031934684742,0.304,0.2653020630572646,0.3456866784036638,0.024,0.0009523659252142,6.450916248548491e-05,-0.0008863961521738,5.429446214844091e-07,2.7001538782656102e-09,True,0.6590826397490445,0.6473630593954074,0.3039999999999827
12,0.2,0.05,1.1,50.0,0.5,0.9,1.0,500,0.1111111111111111,0.0031327826487311,beta_known_mean,500,0,-0.0040005700418149,4.900671259266233e-05,0.0041476484833165,0.804,0.7669425076136408,0.8364218933857356,0.0,0.0025187572495798,5.56719011011963e-05,-0.0008863961521738,5.429446214844091e-07,2.7001538782656102e-09,True,0.6590826397490445,0.6473630593954074,0.8039999999999986
12,0.2,0.05,1.1,50.0,0.5,0.9,1.0,500,0.2,0.0060143528193347,beta_estimated_mean,500,0,-0.008119776421011,0.0002355831466774,0.0096760001657416,0.674,0.6317220455546273,0.7136246839647526,0.0,0.0040536738002316,0.0001262052370725,-0.0021931319985467,5.429446214844091e-07,2.7001538782656102e-09,True,0.6590826397490445,0.6473630593954074,0.6740000000000022
12,0.2,0.05,1.1,50.0,0.5,0.9,1.0,500,0.2,0.0060143528193347,risk_only,500,0,4.649722246203326e-05,0.0002257291003919,0.0050426205237756,0.1,0.0766775627373017,0.1294219096319401,0.0,0.0006014352819334,8.077182271726578e-05,-0.0021931319985467,5.429446214844091e-07,2.7001538782656102e-09,True,0.6590826397490445,0.6473630593954074,0.09999999999998838
12,0.2,0.05,1.1,50.0,0.5,0.9,1.0,500,0.2,0.0060143528193347,outcome_based,500,0,-0.0008623528193347,0.0006990716661321,0.0156398704721303,0.404,0.3618792246930682,0.4475846486755498,0.012,0.0024297985390112,0.0001321150949107,-0.0021931319985467,5.429446214844091e-07,2.7001538782656102e-09,True,0.6590826397490445,0.6473630593954074,0.4039999999999969
12,0.2,0.05,1.1,50.0,0.5,0.9,1.0,500,0.2,0.0060143528193347,beta_known_mean,500,0,-0.0081122524251047,0.0001201541871407,0.008544747902873,0.804,0.7669425076136408,0.8364218933857356,0.0,0.0048355396667451,0.0001068795677482,-0.0021931319985467,5.429446214844091e-07,2.7001538782656102e-09,True,0.6590826397490445,0.6473630593954074,0.8040000000000003
12,0.2,0.05,1.1,50.0,0.5,0.9,1.0,500,0.3333333333333333,-0.0099967815970491,beta_estimated_mean,500,0,0.0086595771916376,9.323762114870563e-05,0.0089065263084251,0.252,0.2159338483813718,0.2918478244875581,0.0,0.0025191889624563,0.0001942947208204,-0.0013204894972434,5.429446214844091e-07,2.7001538782656102e-09,False,0.6590826397490445,0.6473630593954074,0.2519999999999926
12,0.2,0.05,1.1,50.0,0.5,0.9,1.0,500,0.3333333333333333,-0.0099967815970491,risk_only,500,0,3.2289276332197286e-05,0.0001162670380039,0.0025974096011887,0.0,4.336808689942019e-19,0.0076243404615522,0.0,0.0,0.0,-0.0013204894972434,5.429446214844091e-07,2.7001538782656102e-09,False,0.6590826397490445,0.6473630593954074,0.0
12,0.2,0.05,1.1,50.0,0.5,0.9,1.0,500,0.3333333333333333,-0.0099967815970491,outcome_based,500,0,-5.321840295089941e-05,0.0005840215426888,0.0130461615886977,0.202,0.1691412206755787,0.2394028862395064,0.024,0.002259272640933,0.0001871693064731,-0.0013204894972434,5.429446214844091e-07,2.7001538782656102e-09,False,0.6590826397490445,0.6473630593954074,0.22599999999999032
12,0.2,0.05,1.1,50.0,0.5,0.9,1.0,500,0.3333333333333333,-0.0099967815970491,beta_known_mean,500,0,0.0086923629379638,7.337256043786134e-05,0.008845538775296,0.196,0.1635781066142644,0.2330574923863593,0.0,0.0019593691930216,0.0001776503188392,-0.0013204894972434,5.429446214844091e-07,2.7001538782656102e-09,False,0.6590826397490445,0.6473630593954074,0.19599999999999762
12,0.2,0.05,1.1,50.0,0.5,0.9,1.0,500,0.5,-0.0012404950853733,beta_estimated_mean,500,0,0.0011036832374541,8.193849051374503e-06,0.0011187578516432,0.208,0.1747163117096292,0.2457363031199172,0.0,0.0002580229777576,2.253922782891996e-05,-0.000118134186694,5.429446214844091e-07,2.7001538782656102e-09,False,0.6590826397490445,0.6473630593954074,0.20799999999996258
12,0.2,0.05,1.1,50.0,0.5,0.9,1.0,500,0.5,-0.0012404950853733,risk_only,500,0,-2.197904576959372e-05,2.5455367482750148e-05,0.0005690544521925,0.0,4.336808689942019e-19,0.0076243404615522,0.002,2.4809901707467677e-06,2.480990170746767e-06,-0.000118134186694,5.429446214844091e-07,2.7001538782656102e-09,False,0.6590826397490445,0.6473630593954074,0.002000000000000135
12,0.2,0.05,1.1,50.0,0.5,0.9,1.0,500,0.5,-0.0012404950853733,outcome_based,500,0,0.0006244950853733,0.0002622109784017,0.0058905465036493,0.402,0.359928740326145,0.4455656304043193,0.136,0.0006673863559308,2.7685788751400822e-05,-0.000118134186694,5.429446214844091e-07,2.7001538782656102e-09,False,0.6590826397490445,0.6473630593954074,0.5379999999999714
12,0.2,0.05,1.1,50.0,0.5,0.9,1.0,500,0.5,-0.0012404950853733,beta_known_mean,500,0,0.0011079376993925,7.4098364343102525e-06,0.0011202338497166,0.196,0.1635781066142644,0.2330574923863593,0.0,0.0002431370367331,2.204452956141057e-05,-0.000118134186694,5.429446214844091e-07,2.7001538782656102e-09,False,0.6590826397490445,0.6473630593954074,0.19599999999994613
12,0.2,0.05,1.1,50.0,0.5,0.9,1.0,3000,0.0588235294117647,0.000147077725069,beta_estimated_mean,500,0,-0.0001637006213021,0.0001074936530703,0.0024067998947086,0.496,0.4523731491140454,0.539687845609647,0.0,7.295055163422415e-05,3.2919462642514213e-06,-0.0001448285645434,5.429446214844091e-07,2.7001538782656102e-09,True,0.6590826397490445,0.6473630593954074,0.49600000000000105
12,0.2,0.05,1.1,50.0,0.5,0.9,1.0,3000,0.0588235294117647,0.000147077725069,risk_only,500,0,0.0001286314523562,0.0001073706753562,0.0024019260088187,0.446,0.4030063915853302,0.4898170371845176,0.0,6.559666538077413e-05,3.272796052687041e-06,-0.0001448285645434,5.429446214844091e-07,2.7001538782656102e-09,True,0.6590826397490445,0.6473630593954074,0.4460000000000009
12,0.2,0.05,1.1,50.0,0.5,0.9,1.0,3000,0.0588235294117647,0.000147077725069,outcome_based,500,0,2.267227493104168e-05,2.5185001030119238e-05,0.0005630469662623,0.348,0.3075503020569475,0.3907674974433643,0.02,5.11830483240121e-05,3.13624549730202e-06,-0.0001448285645434,5.429446214844091e-07,2.7001538782656102e-09,True,0.6590826397490445,0.6473630593954074,0.34800000000000064
12,0.2,0.05,1.1,50.0,0.5,0.9,1.0,3000,0.0588235294117647,0.000147077725069,beta_known_mean,500,0,-0.0002928818158698,3.375124043798426e-06,0.0003024303188512,0.98,0.9635798167531208,0.9891008164037892,0.0,0.0001441361705676,9.217744512448016e-07,-0.0001448285645434,5.429446214844091e-07,2.7001538782656102e-09,True,0.6590826397490445,0.6473630593954074,0.9799999999998641
12,0.2,0.05,1.1,50.0,0.5,0.9,1.0,3000,0.1111111111111111,0.0031327826487311,beta_estimated_mean,500,0,-0.0038947357234495,0.0001101819881021,0.0046072618263003,0.616,0.5726388276307122,0.6575923253822078,0.0,0.0019297941116183,6.820810128342907e-05,-0.0008863961521738,5.429446214844091e-07,2.7001538782656102e-09,True,0.6590826397490445,0.6473630593954074,0.6159999999999817
12,0.2,0.05,1.1,50.0,0.5,0.9,1.0,3000,0.1111111111111111,0.0031327826487311,risk_only,500,0,0.0001216999702677,0.0001087319523949,0.0024319348225434,0.082,0.0610190894684689,0.1093548591573887,0.0,0.0002568881771959,3.847762508869397e-05,-0.0008863961521738,5.429446214844091e-07,2.7001538782656102e-09,True,0.6590826397490445,0.6473630593954074,0.08199999999998399
12,0.2,0.05,1.1,50.0,0.5,0.9,1.0,3000,0.1111111111111111,0.0031327826487311,outcome_based,500,0,-1.0782648730433304e-05,0.0001326175732335,0.0029624718074543,0.132,0.1051167238483199,0.1644947907313825,0.002,0.0004135273096325,4.7470829447772135e-05,-0.0008863961521738,5.429446214844091e-07,2.7001538782656102e-09,True,0.6590826397490445,0.6473630593954074,0.13199999999999834
12,0.2,0.05,1.1,50.0,0.5,0.9,1.0,3000,0.1111111111111111,0.0031327826487311,beta_known_mean,500,0,-0.0040168562700784,1.967363382982333e-05,0.0040408258037974,0.98,0.9635798167531208,0.9891008164037892,0.0,0.0030701269957564,1.9633965684121145e-05,-0.0008863961521738,5.429446214844091e-07,2.7001538782656102e-09,True,0.6590826397490445,0.6473630593954074,0.9799999999999751
12,0.2,0.05,1.1,50.0,0.5,0.9,1.0,3000,0.2,0.0060143528193347,beta_estimated_mean,500,0,-0.008125390455423,9.446109984168391e-05,0.008394908983744,0.856,0.8225095437017246,0.8840619258896502,0.0,0.0051482860133505,9.452719200212744e-05,-0.0021931319985467,5.429446214844091e-07,2.7001538782656102e-09,True,0.6590826397490445,0.6473630593954074,0.8559999999999994
12,0.2,0.05,1.1,50.0,0.5,0.9,1.0,3000,0.2,0.0060143528193347,risk_only,500,0,5.71356157328152e-05,9.042962696177636e-05,0.0020208527104605,0.004,0.0010976305226827,0.014465715215177,0.0,2.405741127733918e-05,1.699410485457842e-05,-0.0021931319985467,5.429446214844091e-07,2.7001538782656102e-09,True,0.6590826397490445,0.6473630593954074,0.004000000000000063
12,0.2,0.05,1.1,50.0,0.5,0.9,1.0,3000,0.2,0.0060143528193347,outcome_based,500,0,-6.352819334972462e-06,0.0002848093793098,0.0063621627806275,0.176,0.1451264013297259,0.2118141712893599,0.002,0.0010585260962029,0.0001025317968638,-0.0021931319985467,5.429446214844091e-07,2.7001538782656102e-09,True,0.6590826397490445,0.6473630593954074,0.17599999999999882
12,0.2,0.05,1.1,50.0,0.5,0.9,1.0,3000,0.2,0.0060143528193347,beta_known_mean,500,0,-0.0081950093167967,4.786287968262526e-05,0.0082644609305683,0.98,0.9635798167531208,0.9891008164037892,0.0,0.005894065762948,3.769351726805735e-05,-0.0021931319985467,5.429446214844091e-07,2.7001538782656102e-09,True,0.6590826397490445,0.6473630593954074,0.9799999999999991
12,0.2,0.05,1.1,50.0,0.5,0.9,1.0,3000,0.3333333333333333,-0.0099967815970491,beta_estimated_mean,500,0,0.0086868137383491,3.753295185320692e-05,0.008727180841469,0.064,0.0456960160447894,0.0889524088376841,0.0,0.0006397940222111,0.0001095311992072,-0.0013204894972434,5.429446214844091e-07,2.7001538782656102e-09,False,0.6590826397490445,0.6473630593954074,0.06399999999999575
12,0.2,0.05,1.1,50.0,0.5,0.9,1.0,3000,0.3333333333333333,-0.0099967815970491,risk_only,500,0,2.0289026235957893e-05,4.776469397080726e-05,0.0010671753247043,0.0,4.336808689942019e-19,0.0076243404615522,0.0,0.0,0.0,-0.0013204894972434,5.429446214844091e-07,2.7001538782656102e-09,False,0.6590826397490445,0.6473630593954074,0.0
12,0.2,0.05,1.1,50.0,0.5,0.9,1.0,3000,0.3333333333333333,-0.0099967815970491,outcome_based,500,0,9.67815970490826e-05,0.0002288942177154,0.0051140253779597,0.028,0.0167509747207564,0.0464464026749488,0.0,0.0002799098847173,7.382816588389657e-05,-0.0013204894972434,5.429446214844091e-07,2.7001538782656102e-09,False,0.6590826397490445,0.6473630593954074,0.027999999999992517
12,0.2,0.05,1.1,50.0,0.5,0.9,1.0,3000,0.3333333333333333,-0.0099967815970491,beta_known_mean,500,0,0.0086780987777827,2.950393026331281e-05,0.0087030896160814,0.02,0.0108991835962108,0.0364201832468793,0.0,0.0001999356319409,6.265243677457635e-05,-0.0013204894972434,5.429446214844091e-07,2.7001538782656102e-09,False,0.6590826397490445,0.6473630593954074,0.019999999999991795
12,0.2,0.05,1.1,50.0,0.5,0.9,1.0,3000,0.5,-0.0012404950853733,beta_estimated_mean,500,0,0.0011199026246342,3.173257386262664e-06,0.0011221437520746,0.028,0.0167509747207564,0.0464464026749488,0.0,3.4733862390454744e-05,9.161296168372697e-06,-0.000118134186694,5.429446214844091e-07,2.7001538782656102e-09,False,0.6590826397490445,0.6473630593954074,0.028000000000001888
12,0.2,0.05,1.1,50.0,0.5,0.9,1.0,3000,0.5,-0.0012404950853733,risk_only,500,0,1.5606410294093188e-05,9.94889855797196e-06,0.0002227888478316,0.0,4.336808689942019e-19,0.0076243404615522,0.0,0.0,0.0,-0.000118134186694,5.429446214844091e-07,2.7001538782656102e-09,False,0.6590826397490445,0.6473630593954074,0.0
12,0.2,0.05,1.1,50.0,0.5,0.9,1.0,3000,0.5,-0.0012404950853733,outcome_based,500,0,-3.750491462661646e-05,0.0001037124770175,0.0023170647995444,0.254,0.2178202549151866,0.2939309205918972,0.06,0.0003895154568072,2.5773396622411023e-05,-0.000118134186694,5.429446214844091e-07,2.7001538782656102e-09,False,0.6590826397490445,0.6473630593954074,0.3139999999999869
12,0.2,0.05,1.1,50.0,0.5,0.9,1.0,3000,0.5,-0.0012404950853733,beta_known_mean,500,0,0.0011201422656837,2.918160657026616e-06,0.0011220374372183,0.02,0.0108991835962108,0.0364201832468793,0.0,2.480990170746767e-05,7.774506139903108e-06,-0.000118134186694,5.429446214844091e-07,2.7001538782656102e-09,False,0.6590826397490445,0.6473630593954074,0.020000000000001347
12,0.2,0.05,1.1,50.0,0.5,0.9,1.0,10000,0.0588235294117647,0.000147077725069,beta_estimated_mean,500,0,-0.0002672942139154,5.983421554590251e-05,0.0013630600641349,0.524,0.4802082210910597,0.5674258105667859,0.0,7.706872793615615e-05,3.288256981164483e-06,-0.0001448285645434,5.429446214844091e-07,2.7001538782656102e-09,True,0.6590826397490445,0.6473630593954074,0.524000000000001
12,0.2,0.05,1.1,50.0,0.5,0.9,1.0,10000,0.0588235294117647,0.000147077725069,risk_only,500,0,2.5294357956826946e-05,5.9893850778250845e-05,0.0013381663617454,0.442,0.3990759531428234,0.4858084703507167,0.0,6.500835448049814e-05,3.2698276738155995e-06,-0.0001448285645434,5.429446214844091e-07,2.7001538782656102e-09,True,0.6590826397490445,0.6473630593954074,0.4420000000000009
12,0.2,0.05,1.1,50.0,0.5,0.9,1.0,10000,0.0588235294117647,0.000147077725069,outcome_based,500,0,3.772274930546493e-06,1.3934816134468962e-05,0.0003113030698662,0.312,0.2729529487252849,0.3539138032882587,0.01,4.588825022152809e-05,3.050479755160644e-06,-0.0001448285645434,5.429446214844091e-07,2.7001538782656102e-09,True,0.6590826397490445,0.6473630593954074,0.3120000000000006
12,0.2,0.05,1.1,50.0,0.5,0.9,1.0,10000,0.0588235294117647,0.000147077725069,beta_known_mean,500,0,-0.0002918145003031,1.830167236475636e-06,0.0002946644008559,1.0,0.992375659538448,1.0,0.0,0.000147077725069,0.0,-0.0001448285645434,5.429446214844091e-07,2.7001538782656102e-09,True,0.6590826397490445,0.6473630593954074,1.0
12,0.2,0.05,1.1,50.0,0.5,0.9,1.0,10000,0.1111111111111111,0.0031327826487311,beta_estimated_mean,500,0,-0.0039930472081229,6.075280902069914e-05,0.0042173673072721,0.736,0.6956691427151993,0.7727321685869482,0.0,0.002305728029466,6.181884157297316e-05,-0.0008863961521738,5.429446214844091e-07,2.7001538782656102e-09,True,0.6590826397490445,0.6473630593954074,0.7359999999999715
12,0.2,0.05,1.1,50.0,0.5,0.9,1.0,10000,0.1111111111111111,0.0031327826487311,risk_only,500,0,2.3289785179571863e-05,6.087594848412298e-05,0.0013600651031883,0.016,0.0081292530333883,0.0312511085333942,0.0,5.0124522379697776e-05,1.7596955366279782e-05,-0.0008863961521738,5.429446214844091e-07,2.7001538782656102e-09,True,0.6590826397490445,0.6473630593954074,0.016000000000000056
12,0.2,0.05,1.1,50.0,0.5,0.9,1.0,10000,0.1111111111111111,0.0031327826487311,outcome_based,500,0,-7.863264873256353e-05,6.988468747936667e-05,0.0015630847692774,0.032,0.0197915136265711,0.0513448690454417,0.002,0.0001002490447593,2.4682699717180862e-05,-0.0008863961521738,5.429446214844091e-07,2.7001538782656102e-09,True,0.6590826397490445,0.6473630593954074,0.03199999999996961
12,0.2,0.05,1.1,50.0,0.5,0.9,1.0,10000,0.1111111111111111,0.0031327826487311,beta_known_mean,500,0,-0.004016842372112,1.0682251059651994e-05,0.0040239239276802,1.0,0.992375659538448,1.0,0.0,0.0031327826487311,0.0,-0.0008863961521738,5.429446214844091e-07,2.7001538782656102e-09,True,0.6590826397490445,0.6473630593954074,1.0
12,0.2,0.05,1.1,50.0,0.5,0.9,1.0,10000,0.2,0.0060143528193347,beta_estimated_mean,500,0,-0.0081866311403041,5.1183643761781344e-05,0.0082660868829437,0.982,0.9661483290912608,0.990501806703803,0.0,0.0059060944685867,3.57956806692041e-05,-0.0021931319985467,5.429446214844091e-07,2.7001538782656102e-09,True,0.6590826397490445,0.6473630593954074,0.9820000000000041
12,0.2,0.05,1.1,50.0,0.5,0.9,1.0,10000,0.2,0.0060143528193347,risk_only,500,0,2.177911962713207e-05,4.96982673295552e-05,0.0011103888058045,0.0,4.336808689942019e-19,0.0076243404615522,0.0,0.0,0.0,-0.0021931319985467,5.429446214844091e-07,2.7001538782656102e-09,True,0.6590826397490445,0.6473630593954074,0.0
12,0.2,0.05,1.1,50.0,0.5,0.9,1.0,10000,0.2,0.0060143528193347,outcome_based,500,0,-2.2152819333718128e-05,0.0001510526468627,0.0033743332537563,0.028,0.0167509747207564,0.0464464026749488,0.0,0.0001684018789413,4.441715899457089e-05,-0.0021931319985467,5.429446214844091e-07,2.7001538782656102e-09,True,0.6590826397490445,0.6473630593954074,0.027999999999988097
12,0.2,0.05,1.1,50.0,0.5,0.9,1.0,10000,0.2,0.0060143528193347,beta_known_mean,500,0,-0.0082003937562968,2.5978563205430627e-05,0.0082209017598847,1.0,0.992375659538448,1.0,0.0,0.0060143528193347,0.0,-0.0021931319985467,5.429446214844091e-07,2.7001538782656102e-09,True,0.6590826397490445,0.6473630593954074,1.0
12,0.2,0.05,1.1,50.0,0.5,0.9,1.0,10000,0.3333333333333333,-0.0099967815970491,beta_estimated_mean,500,0,0.0086808131880849,2.0235216423151968e-05,0.0086925738498037,0.002,0.0003531363945592,0.0112407067051467,0.0,1.9993563194098203e-05,1.99935631940982e-05,-0.0013204894972434,5.429446214844091e-07,2.7001538782656102e-09,False,0.6590826397490445,0.6473630593954074,0.002
12,0.2,0.05,1.1,50.0,0.5,0.9,1.0,10000,0.3333333333333333,-0.0099967815970491,risk_only,500,0,1.1032605532633564e-05,2.505681476568738e-05,0.0005598355629286,0.0,4.336808689942019e-19,0.0076243404615522,0.0,0.0,0.0,-0.0013204894972434,5.429446214844091e-07,2.7001538782656102e-09,False,0.6590826397490445,0.6473630593954074,0.0
12,0.2,0.05,1.1,50.0,0.5,0.9,1.0,10000,0.3333333333333333,-0.0099967815970491,outcome_based,500,0,8.818159704895859e-05,0.0001265575193,0.0028284557684464,0.0,4.336808689942019e-19,0.0076243404615522,0.0,0.0,0.0,-0.0013204894972434,5.429446214844091e-07,2.7001538782656102e-09,False,0.6590826397490445,0.6473630593954074,0.0
12,0.2,0.05,1.1,50.0,0.5,0.9,1.0,10000,0.3333333333333333,-0.0099967815970491,beta_known_mean,500,0,0.0086794326383738,1.601956380044399e-05,0.0086868065196493,0.0,4.336808689942019e-19,0.0076243404615522,0.0,0.0,0.0,-0.0013204894972434,5.429446214844091e-07,2.7001538782656102e-09,False,0.6590826397490445,0.6473630593954074,0.0
12,0.2,0.05,1.1,50.0,0.5,0.9,1.0,10000,0.5,-0.0012404950853733,beta_estimated_mean,500,0,0.0011220016640718,1.704268562724906e-06,0.0011226473601784,0.0,4.336808689942019e-19,0.0076243404615522,0.0,0.0,0.0,-0.000118134186694,5.429446214844091e-07,2.7001538782656102e-09,False,0.6590826397490445,0.6473630593954074,0.0
12,0.2,0.05,1.1,50.0,0.5,0.9,1.0,10000,0.5,-0.0012404950853733,risk_only,500,0,4.827390968677458e-06,5.7103528908901245e-06,0.000127650932792,0.0,4.336808689942019e-19,0.0076243404615522,0.0,0.0,0.0,-0.000118134186694,5.429446214844091e-07,2.7001538782656102e-09,False,0.6590826397490445,0.6473630593954074,0.0
12,0.2,0.05,1.1,50.0,0.5,0.9,1.0,10000,0.5,-0.0012404950853733,outcome_based,500,0,4.369508537338362e-05,5.676922590647189e-05,0.0012688810111613,0.154,0.1250106802783401,0.188265363321054,0.032,0.0002307320858794,2.1607944204383003e-05,-0.000118134186694,5.429446214844091e-07,2.7001538782656102e-09,False,0.6590826397490445,0.6473630593954074,0.18599999999997274
12,0.2,0.05,1.1,50.0,0.5,0.9,1.0,10000,0.5,-0.0012404950853733,beta_known_mean,500,0,0.0011221063108532,1.5747019335130782e-06,0.0011226575329369,0.0,4.336808689942019e-19,0.0076243404615522,0.0,0.0,0.0,-0.000118134186694,5.429446214844091e-07,2.7001538782656102e-09,False,0.6590826397490445,0.6473630593954074,0.0
13,0.2,0.05,1.1,50.0,0.9,0.1,0.5,500,0.0588235294117647,-0.0018027837729305,beta_estimated_mean,500,0,0.0018330564361603,0.000254907627239,0.0059819785365753,0.524,0.4802082210910597,0.5674258105667859,0.0,0.0009446586970156,4.030533055966064e-05,-0.0001448285645434,2.7026618766301524e-05,0.0026553305819143,False,0.6503087238738147,0.6658647418291153,0.52400000000001
13,0.2,0.05,1.1,50.0,0.9,0.1,0.5,500,0.0588235294117647,-0.0018027837729305,risk_only,500,0,0.000185025599077,0.0002521387779744,0.0056353919285328,0.386,0.3443514767140062,0.4293868729112278,0.0,0.0006958745363511,3.928902083140805e-05,-0.0001448285645434,2.7026618766301524e-05,0.0026553305819143,False,0.6503087238738147,0.6658647418291153,0.3859999999999595
13,0.2,0.05,1.1,50.0,0.9,0.1,0.5,500,0.0588235294117647,-0.0018027837729305,outcome_based,500,0,3.4783772930449844e-05,0.0001224646773334,0.0027358747980964,0.248,0.2121642083459476,0.2876784592466748,0.01,0.000465118213416,3.5310606171454834e-05,-0.0001448285645434,2.7026618766301524e-05,0.0026553305819143,False,0.6503087238738147,0.6658647418291153,0.2579999999999617
13,0.2,0.05,1.1,50.0,0.9,0.1,0.5,500,0.0588235294117647,-0.0018027837729305,beta_known_mean,500,0,0.0016688459482871,6.879852074728173e-06,0.001675907410639,0.184,0.1524894793781606,0.2203291037935404,0.0,0.0003317122142192,3.127140241896124e-05,-0.0001448285645434,2.7026618766301524e-05,0.0026553305819143,False,0.6503087238738147,0.6658647418291153,0.18399999999999334
13,0.2,0.05,1.1,50.0,0.9,0.1,0.5,500,0.1111111111111111,-0.0066041601680543,beta_estimated_mean,500,0,0.0058850565034939,0.0002508299475594,0.0081258110784748,0.474,0.4305981140734963,0.5177983516305045,0.0,0.0031303719196577,0.0001476214162657,-0.0008863961521738,2.7026618766301524e-05,0.0026553305819143,False,0.6503087238738147,0.6658647418291153,0.4739999999999942
13,0.2,0.05,1.1,50.0,0.9,0.1,0.5,500,0.1111111111111111,-0.0066041601680543,risk_only,500,0,0.0001914043686011,0.0002478135689522,0.0055390438295597,0.114,0.0890369009940028,0.1448490898423155,0.0,0.0007528742591581,9.395861605317142e-05,-0.0008863961521738,2.7026618766301524e-05,0.0026553305819143,False,0.6503087238738147,0.6658647418291153,0.11399999999998633
13,0.2,0.05,1.1,50.0,0.9,0.1,0.5,500,0.1111111111111111,-0.0066041601680543,outcome_based,500,0,-0.0001143398319455,0.0003156739863074,0.0070525496345057,0.148,0.1195614053892054,0.1818061302957273,0.002,0.0009906240252081,0.0001055655991808,-0.0008863961521738,2.7026618766301524e-05,0.0026553305819143,False,0.6503087238738147,0.6658647418291153,0.1499999999999932
13,0.2,0.05,1.1,50.0,0.9,0.1,0.5,500,0.1111111111111111,-0.0066041601680543,beta_known_mean,500,0,0.0057567360411037,4.26355873149768e-05,0.0058349883210238,0.184,0.1524894793781606,0.2203291037935404,0.0,0.001215165470922,0.0001145569165617,-0.0008863961521738,2.7026618766301524e-05,0.0026553305819143,False,0.6503087238738147,0.6658647418291153,0.18400000000000133
13,0.2,0.05,1.1,50.0,0.9,0.1,0.5,500,0.2,-0.004671884024999,beta_estimated_mean,500,0,0.0026280918454056,0.0002016380821581,0.0052148985531752,0.31,0.2710389112735686,0.3518583381018213,0.0,0.0014482840477496,9.672687850231962e-05,-0.0021931319985467,2.7026618766301524e-05,0.0026553305819143,False,0.6503087238738147,0.6658647418291153,0.3099999999999808
13,0.2,0.05,1.1,50.0,0.9,0.1,0.5,500,0.2,-0.004671884024999,risk_only,500,0,0.0001755452000219,0.0002004201498624,0.0044804872632576,0.152,0.1231923926738016,0.1861141482874387,0.0,0.0007101263717998,7.508643767471297e-05,-0.0021931319985467,2.7026618766301524e-05,0.0026553305819143,False,0.6503087238738147,0.6658647418291153,0.15199999999998973
13,0.2,0.05,1.1,50.0,0.9,0.1,0.5,500,0.2,-0.004671884024999,outcome_based,500,0,-0.000312115975001,0.0007210154051258,0.0161092880159817,0.37,0.3288222637742394,0.4131600647457642,0.02,0.0018220347697496,0.0001020091201039,-0.0021931319985467,2.7026618766301524e-05,0.0026553305819143,False,0.6503087238738147,0.6658647418291153,0.38999999999999785
13,0.2,0.05,1.1,50.0,0.9,0.1,0.5,500,0.2,-0.004671884024999,beta_known_mean,500,0,0.0025390099617005,0.0001069204049367,0.0034858465411642,0.184,0.1524894793781606,0.2203291037935404,0.0,0.0008596266605998,8.103931685771168e-05,-0.0021931319985467,2.7026618766301524e-05,0.0026553305819143,False,0.6503087238738147,0.6658647418291153,0.18399999999999658
13,0.2,0.05,1.1,50.0,0.9,0.1,0.5,500,0.3333333333333333,0.0044211918256095,beta_estimated_mean,500,0,-0.0056361222233137,7.687245318849886e-05,0.0058919140668955,0.774,0.7353316422926235,0.8084902191344461,0.0,0.0034220024730217,8.277778200418054e-05,-0.0013204894972434,2.7026618766301524e-05,0.0026553305819143,True,0.6503087238738147,0.6658647418291153,0.773999999999988
13,0.2,0.05,1.1,50.0,0.9,0.1,0.5,500,0.3333333333333333,0.0044211918256095,risk_only,500,0,6.978021863580484e-05,9.426278384463427e-05,0.0021068270018121,0.012,0.0055109951740277,0.0259303611164472,0.0,5.305430190731409e-05,2.1550541189525847e-05,-0.0013204894972434,2.7026618766301524e-05,0.0026553305819143,True,0.6503087238738147,0.6658647418291153,0.012000000000000021
13,0.2,0.05,1.1,50.0,0.9,0.1,0.5,500,0.3333333333333333,0.0044211918256095,outcome_based,500,0,-0.0003891918256095,0.000571534123661,0.0127730359068281,0.362,0.3210760441781857,0.4050282737892027,0.018,0.0016004714408706,9.51160289058687e-05,-0.0013204894972434,2.7026618766301524e-05,0.0026553305819143,True,0.6503087238738147,0.6658647418291153,0.3619999999999912
13,0.2,0.05,1.1,50.0,0.9,0.1,0.5,500,0.3333333333333333,0.0044211918256095,beta_known_mean,500,0,-0.0056766760624008,6.329808125563573e-05,0.005850125470079,0.816,0.7796708962064596,0.8475105206218394,0.0,0.0036076925296973,7.669076615067944e-05,-0.0013204894972434,2.7026618766301524e-05,0.0026553305819143,True,0.6503087238738147,0.6658647418291153,0.8159999999999883
13,0.2,0.05,1.1,50.0,0.9,0.1,0.5,500,0.5,0.0003229230327344,beta_estimated_mean,500,0,-0.0004273211260685,6.085246177713884e-06,0.000448421035507,0.8,0.7627108946948261,0.8327145010282427,0.0,0.0002583384261875,5.78240812377993e-06,-0.000118134186694,2.7026618766301524e-05,0.0026553305819143,True,0.6503087238738147,0.6658647418291153,0.799999999999938
13,0.2,0.05,1.1,50.0,0.9,0.1,0.5,500,0.5,0.0003229230327344,risk_only,500,0,-1.3688477586442752e-06,1.7625154749852697e-05,0.0003937185132075,0.188,0.1561799641349665,0.224577624313042,0.008,6.070953015407981e-05,5.648143068626108e-06,-0.000118134186694,2.7026618766301524e-05,0.0026553305819143,True,0.6503087238738147,0.6658647418291153,0.18800000000003902
13,0.2,0.05,1.1,50.0,0.9,0.1,0.5,500,0.5,0.0003229230327344,outcome_based,500,0,-5.0923032734467135e-05,0.000194297542625,0.0043405770532571,0.378,0.3365807935394356,0.4212795455331832,0.218,0.0001220649063736,7.009545222458287e-06,-0.000118134186694,2.7026618766301524e-05,0.0026553305819143,True,0.6503087238738147,0.6658647418291153,0.37799999999999007
13,0.2,0.05,1.1,50.0,0.9,0.1,0.5,500,0.5,0.0003229230327344,beta_known_mean,500,0,-0.0004299257125142,5.688844539540263e-06,0.0004483137644844,0.816,0.7796708962064596,0.8475105206218394,0.0,0.0002635051947113,5.60147936686576e-06,-0.000118134186694,2.7026618766301524e-05,0.0026553305819143,True,0.6503087238738147,0.6658647418291153,0.8160000000000917
13,0.2,0.05,1.1,50.0,0.9,0.1,0.5,3000,0.0588235294117647,-0.0018027837729305,beta_estimated_mean,500,0,0.0015592106649912,0.0001091380369587,0.0028939216199337,0.462,0.418756295158793,0.505823154716285,0.0,0.0008328861030939,4.023513780128002e-05,-0.0001448285645434,2.7026618766301524e-05,0.0026553305819143,False,0.6503087238738147,0.6658647418291153,0.46200000000000496
13,0.2,0.05,1.1,50.0,0.9,0.1,0.5,3000,0.0588235294117647,-0.0018027837729305,risk_only,500,0,-9.695408380575744e-05,0.000108384189202,0.0024230598829549,0.218,0.1840337264359884,0.256266401584327,0.0,0.0003930068624988,3.332153432968483e-05,-0.0001448285645434,2.7026618766301524e-05,0.0026553305819143,False,0.6503087238738147,0.6658647418291153,0.21799999999997283
13,0.2,0.05,1.1,50.0,0.9,0.1,0.5,3000,0.0588235294117647,-0.0018027837729305,outcome_based,500,0,1.899210626366482e-05,4.830123187497571e-05,0.0010791349273467,0.058,0.0406837291117572,0.0820561878562549,0.004,0.0001117725939216,1.946214175212908e-05,-0.0001448285645434,2.7026618766301524e-05,0.0026553305819143,False,0.6503087238738147,0.6658647418291153,0.06199999999994952
13,0.2,0.05,1.1,50.0,0.9,0.1,0.5,3000,0.0588235294117647,-0.0018027837729305,beta_known_mean,500,0,0.0016607678338946,2.798058314652221e-06,0.00166194360137,0.014,0.0067977897908434,0.0286130691377852,0.0,2.523897282102777e-05,9.48191030554138e-06,-0.0001448285645434,2.7026618766301524e-05,0.0026553305819143,False,0.6503087238738147,0.6658647418291153,0.014000000000000425
13,0.2,0.05,1.1,50.0,0.9,0.1,0.5,3000,0.1111111111111111,-0.0066041601680543,beta_estimated_mean,500,0,0.0056321906490457,0.0001072763823179,0.0061207985089043,0.344,0.3036929655617379,0.3866858286622663,0.0,0.0022718310978107,0.0001404424721779,-0.0008863961521738,2.7026618766301524e-05,0.0026553305819143,False,0.6503087238738147,0.6658647418291153,0.34400000000000314
13,0.2,0.05,1.1,50.0,0.9,0.1,0.5,3000,0.1111111111111111,-0.0066041601680543,risk_only,500,0,-7.606183596347074e-05,0.000106376420851,0.0023774862600066,0.002,0.0003531363945592,0.0112407067051467,0.0,1.3208320336108748e-05,1.3208320336108748e-05,-0.0008863961521738,2.7026618766301524e-05,0.0026553305819143,False,0.6503087238738147,0.6658647418291153,0.0020000000000000226
13,0.2,0.05,1.1,50.0,0.9,0.1,0.5,3000,0.1111111111111111,-0.0066041601680543,outcome_based,500,0,0.000228660168053,0.0001230513306803,0.0027582528588888,0.014,0.0067977897908434,0.0286130691377852,0.0,9.245824235276123e-05,3.473519969348695e-05,-0.0008863961521738,2.7026618766301524e-05,0.0026553305819143,False,0.6503087238738147,0.6658647418291153,0.014000000000000156
13,0.2,0.05,1.1,50.0,0.9,0.1,0.5,3000,0.1111111111111111,-0.0066041601680543,beta_known_mean,500,0,0.0057295452701566,1.7266054409689316e-05,0.0057425124469676,0.014,0.0067977897908434,0.0286130691377852,0.0,9.245824235276123e-05,3.473519969348695e-05,-0.0008863961521738,2.7026618766301524e-05,0.0026553305819143,False,0.6503087238738147,0.6658647418291153,0.014000000000000156
13,0.2,0.05,1.1,50.0,0.9,0.1,0.5,3000,0.2,-0.004671884024999,beta_estimated_mean,500,0,0.0024456788318426,8.486709533653393e-05,0.0030944069641989,0.126,0.099735288945377,0.157967717719864,0.0,0.0005886573871498,6.940372325139614e-05,-0.0021931319985467,2.7026618766301524e-05,0.0026553305819143,False,0.6503087238738147,0.6658647418291153,0.12599999999998415
13,0.2,0.05,1.1,50.0,0.9,0.1,0.5,3000,0.2,-0.004671884024999,risk_only,500,0,-3.537438476232074e-05,8.318233033905356e-05,0.0018584891948392,0.01,0.0042787538965904,0.0231930997557307,0.0,4.671884024999004e-05,2.0809391349313107e-05,-0.0021931319985467,2.7026618766301524e-05,0.0026553305819143,False,0.6503087238738147,0.6658647418291153,0.010000000000000009
13,0.2,0.05,1.1,50.0,0.9,0.1,0.5,3000,0.2,-0.004671884024999,outcome_based,500,0,0.0003152173583324,0.000297289713004,0.0066484259444285,0.254,0.2178202549151866,0.2939309205918972,0.006,0.0012146898464997,9.17369536737558e-05,-0.0021931319985467,2.7026618766301524e-05,0.0026553305819143,False,0.6503087238738147,0.6658647418291153,0.25999999999999146
13,0.2,0.05,1.1,50.0,0.9,0.1,0.5,3000,0.2,-0.004671884024999,beta_known_mean,500,0,0.0025012021632303,4.2999991109170286e-05,0.0026793026853655,0.014,0.0067977897908434,0.0286130691377852,0.0,6.540637634998605e-05,2.4572212124431303e-05,-0.0021931319985467,2.7026618766301524e-05,0.0026553305819143,False,0.6503087238738147,0.6658647418291153,0.014000000000000012
13,0.2,0.05,1.1,50.0,0.9,0.1,0.5,3000,0.3333333333333333,0.0044211918256095,beta_estimated_mean,500,0,-0.0057298559313041,3.1539417756598626e-05,0.0057730080283022,0.97,0.9510963331640544,0.9817367868020864,0.0,0.0042885560708412,3.376257640903351e-05,-0.0013204894972434,2.7026618766301524e-05,0.0026553305819143,True,0.6503087238738147,0.6658647418291153,0.9699999999999966
13,0.2,0.05,1.1,50.0,0.9,0.1,0.5,3000,0.3333333333333333,0.0044211918256095,risk_only,500,0,1.5111068107766078e-05,3.995689293229851e-05,0.0008926972821108,0.0,4.336808689942019e-19,0.0076243404615522,0.0,0.0,0.0,-0.0013204894972434,2.7026618766301524e-05,0.0026553305819143,True,0.6503087238738147,0.6658647418291153,0.0
13,0.2,0.05,1.1,50.0,0.9,0.1,0.5,3000,0.3333333333333333,0.0044211918256095,outcome_based,500,0,0.0001821415077238,0.0002241582388722,0.0050106273698956,0.198,0.1654311225691935,0.2351739790695841,0.004,0.0008753959814706,7.886945954834509e-05,-0.0013204894972434,2.7026618766301524e-05,0.0026553305819143,True,0.6503087238738147,0.6658647418291153,0.19799999999998172
13,0.2,0.05,1.1,50.0,0.9,0.1,0.5,3000,0.3333333333333333,0.0044211918256095,beta_known_mean,500,0,-0.0057228062286552,2.5674205135878192e-05,0.0057514723654561,0.986,0.9713869308622148,0.9932022102091564,0.0,0.0043592951400509,2.325367299367019e-05,-0.0013204894972434,2.7026618766301524e-05,0.0026553305819143,True,0.6503087238738147,0.6658647418291153,0.9859999999999849
13,0.2,0.05,1.1,50.0,0.9,0.1,0.5,3000,0.5,0.0003229230327344,beta_estimated_mean,500,0,-0.0004382818886866,2.419072790762209e-06,0.0004416006324962,0.986,0.9713869308622148,0.9932022102091564,0.0,0.0003184021102761,1.698443972015699e-06,-0.000118134186694,2.7026618766301524e-05,0.0026553305819143,True,0.6503087238738147,0.6658647418291153,0.985999999999943
13,0.2,0.05,1.1,50.0,0.9,0.1,0.5,3000,0.5,0.0003229230327344,risk_only,500,0,4.328592214889791e-06,7.332098995943521e-06,0.0001638438734833,0.018,0.009498193296197,0.0338516709087392,0.0,5.812614589220408e-06,1.9219440740712005e-06,-0.000118134186694,2.7026618766301524e-05,0.0026553305819143,True,0.6503087238738147,0.6658647418291153,0.01800000000000374
13,0.2,0.05,1.1,50.0,0.9,0.1,0.5,3000,0.5,0.0003229230327344,outcome_based,500,0,5.241030059886621e-05,7.631300613503761e-05,0.0017055089027579,0.392,0.3501873777896792,0.4354594797500162,0.06,0.0001265858288319,7.057381145322297e-06,-0.000118134186694,2.7026618766301524e-05,0.0026553305819143,True,0.6503087238738147,0.6658647418291153,0.39200000000004703
13,0.2,0.05,1.1,50.0,0.9,0.1,0.5,3000,0.5,0.0003229230327344,beta_known_mean,500,0,-0.0004382770254562,2.2891496961016318e-06,0.0004412500583592,0.986,0.9713869308622148,0.9932022102091564,0.0,0.0003184021102761,1.698443972015699e-06,-0.000118134186694,2.7026618766301524e-05,0.0026553305819143,True,0.6503087238738147,0.6658647418291153,0.985999999999943
13,0.2,0.05,1.1,50.0,0.9,0.1,0.5,10000,0.0588235294117647,-0.0018027837729305,beta_estimated_mean,500,0,0.0016560165640017,6.547900158306738e-05,0.0022094916122849,0.496,0.4523731491140454,0.539687845609647,0.0,0.0008941807513735,4.035055140924721e-05,-0.0001448285645434,2.7026618766301524e-05,0.0026553305819143,False,0.6503087238738147,0.6658647418291153,0.49599999999998445
13,0.2,0.05,1.1,50.0,0.9,0.1,0.5,10000,0.0588235294117647,-0.0018027837729305,risk_only,500,0,-3.647322922637697e-06,6.467166057042673e-05,0.0014446600706573,0.102,0.0784343521031695,0.131634622904226,0.0,0.0001838839448389,2.44248340508978e-05,-0.0001448285645434,2.7026618766301524e-05,0.0026553305819143,False,0.6503087238738147,0.6658647418291153,0.10199999999999389
13,0.2,0.05,1.1,50.0,0.9,0.1,0.5,10000,0.0588235294117647,-0.0018027837729305,outcome_based,500,0,-6.790372706722602e-05,2.7491939945401452e-05,0.0006178660780205,0.0,4.336808689942019e-19,0.0076243404615522,0.0,0.0,0.0,-0.0001448285645434,2.7026618766301524e-05,0.0026553305819143,False,0.6503087238738147,0.6658647418291153,0.0
13,0.2,0.05,1.1,50.0,0.9,0.1,0.5,10000,0.0588235294117647,-0.0018027837729305,beta_known_mean,500,0,0.0016589354770566,1.629967190182761e-06,0.0016593350043811,0.0,4.336808689942019e-19,0.0076243404615522,0.0,0.0,0.0,-0.0001448285645434,2.7026618766301524e-05,0.0026553305819143,False,0.6503087238738147,0.6658647418291153,0.0
13,0.2,0.05,1.1,50.0,0.9,0.1,0.5,10000,0.1111111111111111,-0.0066041601680543,beta_estimated_mean,500,0,0.0057178713919294,6.451130761369625e-05,0.0058966724473087,0.242,0.2065178085511286,0.2814163511270323,0.0,0.0015982067606691,0.0001266221287355,-0.0008863961521738,2.7026618766301524e-05,0.0026553305819143,False,0.6503087238738147,0.6658647418291153,0.24199999999999386
13,0.2,0.05,1.1,50.0,0.9,0.1,0.5,10000,0.1111111111111111,-0.0066041601680543,risk_only,500,0,2.2549773372292917e-06,6.325914278723912e-05,0.0014131040085091,0.0,4.336808689942019e-19,0.0076243404615522,0.0,0.0,0.0,-0.0008863961521738,2.7026618766301524e-05,0.0026553305819143,False,0.6503087238738147,0.6658647418291153,0.0
13,0.2,0.05,1.1,50.0,0.9,0.1,0.5,10000,0.1111111111111111,-0.0066041601680543,outcome_based,500,0,-4.1714831944754034e-05,7.059927484732787e-05,0.0015776199396811,0.0,4.336808689942019e-19,0.0076243404615522,0.0,0.0,0.0,-0.0008863961521738,2.7026618766301524e-05,0.0026553305819143,False,0.6503087238738147,0.6658647418291153,0.0
13,0.2,0.05,1.1,50.0,0.9,0.1,0.5,10000,0.1111111111111111,-0.0066041601680543,beta_known_mean,500,0,0.0057216705517166,1.0151138547764891e-05,0.0057261622107372,0.0,4.336808689942019e-19,0.0076243404615522,0.0,0.0,0.0,-0.0008863961521738,2.7026618766301524e-05,0.0026553305819143,False,0.6503087238738147,0.6658647418291153,0.0
13,0.2,0.05,1.1,50.0,0.9,0.1,0.5,10000,0.2,-0.004671884024999,beta_estimated_mean,500,0,0.0024840896362483,5.115486202124784e-05,0.0027343179140719,0.026,0.0152563839233272,0.0439714908342242,0.0,0.0001214689846499,3.3281886324078945e-05,-0.0021931319985467,2.7026618766301524e-05,0.0026553305819143,False,0.6503087238738147,0.6658647418291153,0.02599999999998416
13,0.2,0.05,1.1,50.0,0.9,0.1,0.5,10000,0.2,-0.004671884024999,risk_only,500,0,6.4949580180494045e-06,5.117321807554339e-05,0.0011431415530611,0.0,4.336808689942019e-19,0.0076243404615522,0.0,0.0,0.0,-0.0021931319985467,2.7026618766301524e-05,0.0026553305819143,False,0.6503087238738147,0.6658647418291153,0.0
13,0.2,0.05,1.1,50.0,0.9,0.1,0.5,10000,0.2,-0.004671884024999,outcome_based,500,0,-5.4315975002082974e-05,0.0001663448325817,0.0037162590444076,0.098,0.0749239188646062,0.1272060508664818,0.002,0.0004671884024999,6.27426756557628e-05,-0.0021931319985467,2.7026618766301524e-05,0.0026553305819143,False,0.6503087238738147,0.6658647418291153,0.1
13,0.2,0.05,1.1,50.0,0.9,0.1,0.5,10000,0.2,-0.004671884024999,beta_known_mean,500,0,0.0024858861403195,2.5360184805132417e-05,0.0025496188441284,0.0,4.336808689942019e-19,0.0076243404615522,0.0,0.0,0.0,-0.0021931319985467,2.7026618766301524e-05,0.0026553305819143,False,0.6503087238738147,0.6658647418291153,0.0
13,0.2,0.05,1.1,50.0,0.9,0.1,0.5,10000,0.3333333333333333,0.0044211918256095,beta_estimated_mean,500,0,-0.005734739337736,1.8807992826902035e-05,0.0057501088536019,1.0,0.992375659538448,1.0,0.0,0.0044211918256095,7.765688804434268e-20,-0.0013204894972434,2.7026618766301524e-05,0.0026553305819143,True,0.6503087238738147,0.6658647418291153,1.0
13,0.2,0.05,1.1,50.0,0.9,0.1,0.5,10000,0.3333333333333333,0.0044211918256095,risk_only,500,0,-4.240650581699167e-06,2.2994099075909644e-05,0.000513666770077,0.0,4.336808689942019e-19,0.0076243404615522,0.0,0.0,0.0,-0.0013204894972434,2.7026618766301524e-05,0.0026553305819143,True,0.6503087238738147,0.6658647418291153,0.0
13,0.2,0.05,1.1,50.0,0.9,0.1,0.5,10000,0.3333333333333333,0.0044211918256095,outcome_based,500,0,7.208174390452661e-06,0.0001254971152332,0.0028034024680338,0.06,0.0423483564809462,0.0843610631252197,0.002,0.0002652715095365,4.700333113506236e-05,-0.0013204894972434,2.7026618766301524e-05,0.0026553305819143,True,0.6503087238738147,0.6658647418291153,0.05999999999998417
13,0.2,0.05,1.1,50.0,0.9,0.1,0.5,10000,0.3333333333333333,0.0044211918256095,beta_known_mean,500,0,-0.0057353566273848,1.5075717006252386e-05,0.0057452351551238,1.0,0.992375659538448,1.0,0.0,0.0044211918256095,7.765688804434268e-20,-0.0013204894972434,2.7026618766301524e-05,0.0026553305819143,True,0.6503087238738147,0.6658647418291153,1.0
13,0.2,0.05,1.1,50.0,0.9,0.1,0.5,10000,0.5,0.0003229230327344,beta_estimated_mean,500,0,-0.0004399947720995,1.4028358073457173e-06,0.0004411092899473,1.0,0.992375659538448,1.0,0.0,0.0003229230327344,0.0,-0.000118134186694,2.7026618766301524e-05,0.0026553305819143,True,0.6503087238738147,0.6658647418291153,1.0
13,0.2,0.05,1.1,50.0,0.9,0.1,0.5,10000,0.5,0.0003229230327344,risk_only,500,0,4.306130987503936e-06,4.136440175411201e-06,9.250135830967407e-05,0.0,4.336808689942019e-19,0.0076243404615522,0.0,0.0,0.0,-0.000118134186694,2.7026618766301524e-05,0.0026553305819143,True,0.6503087238738147,0.6658647418291153,0.0
13,0.2,0.05,1.1,50.0,0.9,0.1,0.5,10000,0.5,0.0003229230327344,outcome_based,500,0,-1.0123032734467083e-05,3.9370705160686405e-05,0.0008795331919784,0.372,0.3307607484885237,0.4151910826696337,0.026,0.0001201273681772,6.987149593425559e-06,-0.000118134186694,2.7026618766301524e-05,0.0026553305819143,True,0.6503087238738147,0.6658647418291153,0.3720000000000099
13,0.2,0.05,1.1,50.0,0.9,0.1,0.5,10000,0.5,0.0003229230327344,beta_known_mean,500,0,-0.0004400615415942,1.319366645911378e-06,0.0004410473714184,1.0,0.992375659538448,1.0,0.0,0.0003229230327344,0.0,-0.000118134186694,2.7026618766301524e-05,0.0026553305819143,True,0.6503087238738147,0.6658647418291153,1.0
14,0.2,0.05,1.1,50.0,0.9,0.1,1.0,500,0.0588235294117647,-0.0034607389813177,beta_estimated_mean,500,0,0.0032019678193277,0.000275492049852,0.0069371922859548,0.484,0.4404854432314528,0.527758535663317,0.0,0.0016749976669577,7.742230620229204e-05,-0.0001448285645434,2.0531065736406613e-09,0.0051871516534236,False,0.6426480286486637,0.6648979352782041,0.48399999999998067
14,0.2,0.05,1.1,50.0,0.9,0.1,1.0,500,0.0588235294117647,-0.0034607389813177,risk_only,500,0,-0.0001172572239204,0.0002713457001409,0.0060625378563815,0.278,0.2405366075286252,0.3188485996363041,0.0,0.0009620854368063,6.940800613928018e-05,-0.0001448285645434,2.0531065736406613e-09,0.0051871516534236,False,0.6426480286486637,0.6648979352782041,0.27799999999999403
14,0.2,0.05,1.1,50.0,0.9,0.1,1.0,500,0.0588235294117647,-0.0034607389813177,outcome_based,500,0,-0.0003667610186824,0.0001438170859404,0.0032334977029255,0.126,0.099735288945377,0.157967717719864,0.004,0.0004498960675713,5.2101457731376167e-05,-0.0001448285645434,2.0531065736406613e-09,0.0051871516534236,False,0.6426480286486637,0.6648979352782041,0.1299999999999997
14,0.2,0.05,1.1,50.0,0.9,0.1,1.0,500,0.0588235294117647,-0.0034607389813177,beta_known_mean,500,0,0.0033087432465438,7.171096024976316e-06,0.0033126187157642,0.158,0.1286526978644355,0.1925623510112662,0.0,0.0005467967590482,5.650711844760716e-05,-0.0001448285645434,2.0531065736406613e-09,0.0051871516534236,False,0.6426480286486637,0.6648979352782041,0.15800000000000097
14,0.2,0.05,1.1,50.0,0.9,0.1,1.0,500,0.1111111111111111,-0.0123219241839348,beta_estimated_mean,500,0,0.0112016334333737,0.0002695326314071,0.0127172270339456,0.428,0.3853417553894058,0.4717561496370578,0.0,0.0052737835507241,0.0002729280412501,-0.0008863961521738,2.0531065736406613e-09,0.0051871516534236,False,0.6426480286486637,0.6648979352782041,0.42800000000000044
14,0.2,0.05,1.1,50.0,0.9,0.1,1.0,500,0.1111111111111111,-0.0123219241839348,risk_only,500,0,-0.0001944938904679,0.0002620834276336,0.0058577300783226,0.018,0.009498193296197,0.0338516709087392,0.0,0.0002217946353108,7.333651293291778e-05,-0.0008863961521738,2.0531065736406613e-09,0.0051871516534236,False,0.6426480286486637,0.6648979352782041,0.017999999999997858
14,0.2,0.05,1.1,50.0,0.9,0.1,1.0,500,0.1111111111111111,-0.0123219241839348,outcome_based,500,0,-0.0007180758160649,0.000288971987603,0.0064949621151794,0.022,0.0123280082699275,0.0389608612113163,0.0,0.0002710823320465,8.09112717268332e-05,-0.0008863961521738,2.0531065736406613e-09,0.0051871516534236,False,0.6426480286486637,0.6648979352782041,0.02199999999999468
14,0.2,0.05,1.1,50.0,0.9,0.1,1.0,500,0.1111111111111111,-0.0123219241839348,beta_known_mean,500,0,0.0113448275544032,4.554400333727992e-05,0.0113903540815419,0.158,0.1286526978644355,0.1925623510112662,0.0,0.0019468640210617,0.0002011929917635,-0.0008863961521738,2.0531065736406613e-09,0.0051871516534236,False,0.6426480286486637,0.6648979352782041,0.15800000000000014
14,0.2,0.05,1.1,50.0,0.9,0.1,1.0,500,0.2,-0.0071506360514512,beta_estimated_mean,500,0,0.0046153304257035,0.0002144385200769,0.0066518591766451,0.29,0.2519474198773656,0.3312548031164863,0.0,0.0020736844549208,0.0001452521517341,-0.0021931319985467,2.0531065736406613e-09,0.0051871516534236,False,0.6426480286486637,0.6648979352782041,0.28999999999999326
14,0.2,0.05,1.1,50.0,0.9,0.1,1.0,500,0.2,-0.0071506360514512,risk_only,500,0,-0.0002848682433184,0.0002061044827511,0.0046128299083415,0.06,0.0423483564809462,0.0843610631252197,0.0,0.000429038163087,7.602106567867411e-05,-0.0021931319985467,2.0531065736406613e-09,0.0051871516534236,False,0.6426480286486637,0.6648979352782041,0.05999999999998993
14,0.2,0.05,1.1,50.0,0.9,0.1,1.0,500,0.2,-0.0071506360514512,outcome_based,500,0,-0.0001693639485488,0.0007129627140765,0.015927281128525,0.336,0.2959880078270491,0.37851277584434,0.012,0.002488421345905,0.0001524782227131,-0.0021931319985467,2.0531065736406613e-09,0.0051871516534236,False,0.6426480286486637,0.6648979352782041,0.34799999999999753
14,0.2,0.05,1.1,50.0,0.9,0.1,1.0,500,0.2,-0.0071506360514512,beta_known_mean,500,0,0.0046736510804202,0.0001156334105273,0.0053399612499509,0.158,0.1286526978644355,0.1925623510112662,0.0,0.0011298004961292,0.0001167559415825,-0.0021931319985467,2.0531065736406613e-09,0.0051871516534236,False,0.6426480286486637,0.6648979352782041,0.15799999999998748
14,0.2,0.05,1.1,50.0,0.9,0.1,1.0,500,0.3333333333333333,0.0101628731484624,beta_estimated_mean,500,0,-0.0115705908176553,7.950427849110251e-05,0.0117060973893312,0.804,0.7669425076136408,0.8364218933857356,0.0,0.0081709500113638,0.0001806018904804,-0.0013204894972434,2.0531065736406613e-09,0.0051871516534236,True,0.6426480286486637,0.6648979352782041,0.804000000000003
14,0.2,0.05,1.1,50.0,0.9,0.1,1.0,500,0.3333333333333333,0.0101628731484624,risk_only,500,0,-0.0001510658726334,0.0001020604830802,0.0022848579078258,0.0,4.336808689942019e-19,0.0076243404615522,0.0,0.0,0.0,-0.0013204894972434,2.0531065736406613e-09,0.0051871516534236,True,0.6426480286486637,0.6648979352782041,0.0
14,0.2,0.05,1.1,50.0,0.9,0.1,1.0,500,0.3333333333333333,0.0101628731484624,outcome_based,500,0,0.0001011268515375,0.0005489109348781,0.0122621584820985,0.198,0.1654311225691935,0.2351739790695841,0.018,0.0020122488833955,0.0001812950770502,-0.0013204894972434,2.0531065736406613e-09,0.0051871516534236,True,0.6426480286486637,0.6648979352782041,0.19799999999999457
14,0.2,0.05,1.1,50.0,0.9,0.1,1.0,500,0.3333333333333333,0.0101628731484624,beta_known_mean,500,0,-0.0116069175437478,6.734301181128621e-05,0.011703996770592,0.842,0.8074376489887337,0.8713473021355645,0.0,0.0085571391910054,0.0001659398989257,-0.0013204894972434,2.0531065736406613e-09,0.0051871516534236,True,0.6426480286486637,0.6648979352782041,0.842000000000006
14,0.2,0.05,1.1,50.0,0.9,0.1,1.0,500,0.5,0.000763980252163,beta_estimated_mean,500,0,-0.0008795550720824,6.071369946970159e-06,0.0008899500153432,0.84,0.8052918208363085,0.8695236276498359,0.0,0.0006417434118169,1.2538093216667882e-05,-0.000118134186694,2.0531065736406613e-09,0.0051871516534236,True,0.6426480286486637,0.6648979352782041,0.8399999999999738
14,0.2,0.05,1.1,50.0,0.9,0.1,1.0,500,0.5,0.000763980252163,risk_only,500,0,-2.388928155038998e-05,1.9376820709417034e-05,0.000433504125695,0.0,4.336808689942019e-19,0.0076243404615522,0.008,0.0,0.0,-0.000118134186694,2.0531065736406613e-09,0.0051871516534236,True,0.6426480286486637,0.6648979352782041,0.0
14,0.2,0.05,1.1,50.0,0.9,0.1,1.0,500,0.5,0.000763980252163,outcome_based,500,0,0.0001560197478369,0.0002129363373582,0.0047591955372431,0.334,0.2940638124558771,0.3764674685773583,0.196,0.0002551694042224,1.613029120787122e-05,-0.000118134186694,2.0531065736406613e-09,0.0051871516534236,True,0.6426480286486637,0.6648979352782041,0.333999999999945
14,0.2,0.05,1.1,50.0,0.9,0.1,1.0,500,0.5,0.000763980252163,beta_known_mean,500,0,-0.0008837458262452,5.830217386048667e-06,0.0008932907764862,0.842,0.8074376489887337,0.8713473021355645,0.0,0.0006432713723212,1.2474307607033229e-05,-0.000118134186694,2.0531065736406613e-09,0.0051871516534236,True,0.6426480286486637,0.6648979352782041,0.8419999999999397
14,0.2,0.05,1.1,50.0,0.9,0.1,1.0,3000,0.0588235294117647,-0.0034607389813177,beta_estimated_mean,500,0,0.003071986868439,0.0001091669500119,0.0039222311742601,0.432,0.3892622537365845,0.4757746565661866,0.0,0.0014950392399292,7.674226505048776e-05,-0.0001448285645434,2.0531065736406613e-09,0.0051871516534236,False,0.6426480286486637,0.6648979352782041,0.4319999999999866
14,0.2,0.05,1.1,50.0,0.9,0.1,1.0,3000,0.0588235294117647,-0.0034607389813177,risk_only,500,0,-0.0002363532996958,0.0001069943848278,0.0024017315162681,0.068,0.0490665074249068,0.0935209227338743,0.0,0.0002353302507296,3.900147074136453e-05,-0.0001448285645434,2.0531065736406613e-09,0.0051871516534236,False,0.6426480286486637,0.6648979352782041,0.06799999999999896
14,0.2,0.05,1.1,50.0,0.9,0.1,1.0,3000,0.0588235294117647,-0.0034607389813177,outcome_based,500,0,2.7530647983985245e-05,5.693075016525571e-05,0.0012720345842206,0.008,0.0031153151800622,0.0203870358341051,0.0,2.768591185054192e-05,1.380128110137173e-05,-0.0001448285645434,2.0531065736406613e-09,0.0051871516534236,False,0.6426480286486637,0.6648979352782041,0.008000000000000092
14,0.2,0.05,1.1,50.0,0.9,0.1,1.0,3000,0.0588235294117647,-0.0034607389813177,beta_known_mean,500,0,0.0033165091019058,3.0302741532498143e-06,0.0033171998313615,0.008,0.0031153151800622,0.0203870358341051,0.0,2.768591185054192e-05,1.3801281101371732e-05,-0.0001448285645434,2.0531065736406613e-09,0.0051871516534236,False,0.6426480286486637,0.6648979352782041,0.008000000000000092
14,0.2,0.05,1.1,50.0,0.9,0.1,1.0,3000,0.1111111111111111,-0.0123219241839348,beta_estimated_mean,500,0,0.0111988006224757,0.0001081784765433,0.0114565581302935,0.314,0.2748678558360977,0.3559683988155998,0.0,0.0038690841937555,0.0002560089458542,-0.0008863961521738,2.0531065736406613e-09,0.0051871516534236,False,0.6426480286486637,0.6648979352782041,0.3139999999999978
14,0.2,0.05,1.1,50.0,0.9,0.1,1.0,3000,0.1111111111111111,-0.0123219241839348,risk_only,500,0,-0.0002263409234353,0.0001043195214968,0.0023412878792934,0.0,4.336808689942019e-19,0.0076243404615522,0.0,0.0,0.0,-0.0008863961521738,2.0531065736406613e-09,0.0051871516534236,False,0.6426480286486637,0.6648979352782041,0.0
14,0.2,0.05,1.1,50.0,0.9,0.1,1.0,3000,0.1111111111111111,-0.0123219241839348,outcome_based,500,0,-7.407581606751418e-05,0.0001215764469075,0.0027168221538072,0.0,4.336808689942019e-19,0.0076243404615522,0.0,0.0,0.0,-0.0008863961521738,2.0531065736406613e-09,0.0051871516534236,False,0.6426480286486637,0.6648979352782041,0.0
14,0.2,0.05,1.1,50.0,0.9,0.1,1.0,3000,0.1111111111111111,-0.0123219241839348,beta_known_mean,500,0,0.0114308189616332,1.913591515010268e-05,0.011438808835482,0.008,0.0031153151800622,0.0203870358341051,0.0,9.857539347147916e-05,4.913931397031368e-05,-0.0008863961521738,2.0531065736406613e-09,0.0051871516534236,False,0.6426480286486637,0.6648979352782041,0.008000000000000063
14,0.2,0.05,1.1,50.0,0.9,0.1,1.0,3000,0.2,-0.0071506360514512,beta_estimated_mean,500,0,0.0048022559506591,8.883930385358949e-05,0.0051961505702132,0.112,0.0872628001941022,0.1426536880040623,0.0,0.0008008712377625,0.0001009508303679,-0.0021931319985467,2.0531065736406613e-09,0.0051871516534236,False,0.6426480286486637,0.6648979352782041,0.11199999999999519
14,0.2,0.05,1.1,50.0,0.9,0.1,1.0,3000,0.2,-0.0071506360514512,risk_only,500,0,-0.000139823732636,8.573369813738585e-05,0.0019202431896424,0.0,4.336808689942019e-19,0.0076243404615522,0.0,0.0,0.0,-0.0021931319985467,2.0531065736406613e-09,0.0051871516534236,False,0.6426480286486637,0.6648979352782041,0.0
14,0.2,0.05,1.1,50.0,0.9,0.1,1.0,3000,0.2,-0.0071506360514512,outcome_based,500,0,-0.0001633639485483,0.0002826698136664,0.0063164782383256,0.126,0.099735288945377,0.157967717719864,0.004,0.0009295826866886,0.0001076528926331,-0.0021931319985467,2.0531065736406613e-09,0.0051871516534236,False,0.6426480286486637,0.6648979352782041,0.12999999999999215
14,0.2,0.05,1.1,50.0,0.9,0.1,1.0,3000,0.2,-0.0071506360514512,beta_known_mean,500,0,0.0049358087817857,4.810551697502464e-05,0.0050514319327599,0.008,0.0031153151800622,0.0203870358341051,0.0,5.720508841160993e-05,2.8516434996234287e-05,-0.0021931319985467,2.0531065736406613e-09,0.0051871516534236,False,0.6426480286486637,0.6648979352782041,0.008000000000000045
14,0.2,0.05,1.1,50.0,0.9,0.1,1.0,3000,0.3333333333333333,0.0101628731484624,beta_estimated_mean,500,0,-0.011507267943619,3.381190367278333e-05,0.0115320290797587,0.958,0.93664841424567,0.9723676898915484,0.0,0.009736032476227,9.125856422937953e-05,-0.0013204894972434,2.0531065736406613e-09,0.0051871516534236,True,0.6426480286486637,0.6648979352782041,0.958000000000002
14,0.2,0.05,1.1,50.0,0.9,0.1,1.0,3000,0.3333333333333333,0.0101628731484624,risk_only,500,0,-3.8975669062027086e-05,4.320295910530884e-05,0.0009658677160102,0.0,4.336808689942019e-19,0.0076243404615522,0.0,0.0,0.0,-0.0013204894972434,2.0531065736406613e-09,0.0051871516534236,True,0.6426480286486637,0.6648979352782041,0.0
14,0.2,0.05,1.1,50.0,0.9,0.1,1.0,3000,0.3333333333333333,0.0101628731484624,outcome_based,500,0,-0.0004915398151291,0.0002175641982512,0.0048848098622011,0.026,0.0152563839233272,0.0439714908342242,0.002,0.00026423470186,7.239896946141226e-05,-0.0013204894972434,2.0531065736406613e-09,0.0051871516534236,True,0.6426480286486637,0.6648979352782041,0.025999999999997796
14,0.2,0.05,1.1,50.0,0.9,0.1,1.0,3000,0.3333333333333333,0.0101628731484624,beta_known_mean,500,0,-0.0114883669288285,2.8358222756880607e-05,0.0115058187410357,0.992,0.9796129641658948,0.9968846848199376,0.0,0.0100815701632747,4.052910949848831e-05,-0.0013204894972434,2.0531065736406613e-09,0.0051871516534236,True,0.6426480286486637,0.6648979352782041,0.992
14,0.2,0.05,1.1,50.0,0.9,0.1,1.0,3000,0.5,0.000763980252163,beta_estimated_mean,500,0,-0.0008809284388676,2.5168739054600364e-06,0.0008827207411631,0.986,0.9713869308622148,0.9932022102091564,0.0,0.0007532845286327,4.018225776704751e-06,-0.000118134186694,2.0531065736406613e-09,0.0051871516534236,True,0.6426480286486637,0.6648979352782041,0.9859999999999763
14,0.2,0.05,1.1,50.0,0.9,0.1,1.0,3000,0.5,0.000763980252163,risk_only,500,0,-1.2013012948959808e-05,8.514496757222773e-06,0.0001905784440577,0.0,4.336808689942019e-19,0.0076243404615522,0.0,0.0,0.0,-0.000118134186694,2.0531065736406613e-09,0.0051871516534236,True,0.6426480286486637,0.6648979352782041,0.0
14,0.2,0.05,1.1,50.0,0.9,0.1,1.0,3000,0.5,0.000763980252163,outcome_based,500,0,-0.0001993135854963,8.600120136075547e-05,0.0019314328920453,0.366,0.3249476048822134,0.4090957183614825,0.07,0.0002796167722916,1.6474681665730164e-05,-0.000118134186694,2.0531065736406613e-09,0.0051871516534236,True,0.6426480286486637,0.6648979352782041,0.36599999999992405
14,0.2,0.05,1.1,50.0,0.9,0.1,1.0,3000,0.5,0.000763980252163,beta_known_mean,500,0,-0.0008808163845137,2.4241223981050884e-06,0.0008824793547494,0.992,0.9796129641658948,0.9968846848199376,0.0,0.0007578684101457,3.046721024878869e-06,-0.000118134186694,2.0531065736406613e-09,0.0051871516534236,True,0.6426480286486637,0.6648979352782041,0.9920000000000052
14,0.2,0.05,1.1,50.0,0.9,0.1,1.0,10000,0.0588235294117647,-0.0034607389813177,beta_estimated_mean,500,0,0.003314903369557,6.029869981949126e-05,0.0035781161267154,0.45,0.4069396517813318,0.4938227822648235,0.0,0.0015573325415929,7.707369386173857e-05,-0.0001448285645434,2.0531065736406613e-09,0.0051871516534236,False,0.6426480286486637,0.6648979352782041,0.4499999999999812
14,0.2,0.05,1.1,50.0,0.9,0.1,1.0,10000,0.0588235294117647,-0.0034607389813177,risk_only,500,0,2.9221348269017346e-06,5.907359757686361e-05,0.0013196074470379,0.008,0.0031153151800622,0.0203870358341051,0.0,2.768591185054192e-05,1.380128110137173e-05,-0.0001448285645434,2.0531065736406613e-09,0.0051871516534236,False,0.6426480286486637,0.6648979352782041,0.008000000000000092
14,0.2,0.05,1.1,50.0,0.9,0.1,1.0,10000,0.0588235294117647,-0.0034607389813177,outcome_based,500,0,1.3838981321939226e-05,3.1353588311392776e-05,0.0007005228189746,0.0,4.336808689942019e-19,0.0076243404615522,0.0,0.0,0.0,-0.0001448285645434,2.0531065736406613e-09,0.0051871516534236,False,0.6426480286486637,0.6648979352782041,0.0
14,0.2,0.05,1.1,50.0,0.9,0.1,1.0,10000,0.0588235294117647,-0.0034607389813177,beta_known_mean,500,0,0.0033190222503922,1.6447883941414212e-06,0.003319225611148,0.0,4.336808689942019e-19,0.0076243404615522,0.0,0.0,0.0,-0.0001448285645434,2.0531065736406613e-09,0.0051871516534236,False,0.6426480286486637,0.6648979352782041,0.0
14,0.2,0.05,1.1,50.0,0.9,0.1,1.0,10000,0.1111111111111111,-0.0123219241839348,beta_estimated_mean,500,0,0.0114463152624117,5.946848336514779e-05,0.0115231439652068,0.242,0.2065178085511286,0.2814163511270323,0.0,0.0029819056525122,0.0002362493081005,-0.0008863961521738,2.0531065736406613e-09,0.0051871516534236,False,0.6426480286486637,0.6648979352782041,0.24199999999999827
14,0.2,0.05,1.1,50.0,0.9,0.1,1.0,10000,0.1111111111111111,-0.0123219241839348,risk_only,500,0,1.6282436017323376e-05,5.751560142109425e-05,0.0012849043842757,0.0,4.336808689942019e-19,0.0076243404615522,0.0,0.0,0.0,-0.0008863961521738,2.0531065736406613e-09,0.0051871516534236,False,0.6426480286486637,0.6648979352782041,0.0
14,0.2,0.05,1.1,50.0,0.9,0.1,1.0,10000,0.1111111111111111,-0.0123219241839348,outcome_based,500,0,2.347418393641124e-05,6.52990956199104e-05,0.0014588601748665,0.0,4.336808689942019e-19,0.0076243404615522,0.0,0.0,0.0,-0.0008863961521738,2.0531065736406613e-09,0.0051871516534236,False,0.6426480286486637,0.6648979352782041,0.0
14,0.2,0.05,1.1,50.0,0.9,0.1,1.0,10000,0.1111111111111111,-0.0123219241839348,beta_known_mean,500,0,0.0114517235291395,1.0416105151093407e-05,0.0114540870834764,0.0,4.336808689942019e-19,0.0076243404615522,0.0,0.0,0.0,-0.0008863961521738,2.0531065736406613e-09,0.0051871516534236,False,0.6426480286486637,0.6648979352782041,0.0
14,0.2,0.05,1.1,50.0,0.9,0.1,1.0,10000,0.2,-0.0071506360514512,beta_estimated_mean,500,0,0.004992126460531,4.838372472053371e-05,0.0051077860196011,0.028,0.0167509747207564,0.0464464026749488,0.0,0.0002002178094406,5.280883046777242e-05,-0.0021931319985467,2.0531065736406613e-09,0.0051871516534236,False,0.6426480286486637,0.6648979352782041,0.027999999999995303
14,0.2,0.05,1.1,50.0,0.9,0.1,1.0,10000,0.2,-0.0071506360514512,risk_only,500,0,3.374598148016769e-05,4.676206408268232e-05,0.001045130336018,0.0,4.336808689942019e-19,0.0076243404615522,0.0,0.0,0.0,-0.0021931319985467,2.0531065736406613e-09,0.0051871516534236,False,0.6426480286486637,0.6648979352782041,0.0
14,0.2,0.05,1.1,50.0,0.9,0.1,1.0,10000,0.2,-0.0071506360514512,outcome_based,500,0,-0.0001764139485508,0.0001577361895888,0.0035279730623609,0.018,0.009498193296197,0.0338516709087392,0.0,0.0001287114489261,4.2558508349657685e-05,-0.0021931319985467,2.0531065736406613e-09,0.0051871516534236,False,0.6426480286486637,0.6648979352782041,0.01799999999999698
14,0.2,0.05,1.1,50.0,0.9,0.1,1.0,10000,0.2,-0.0071506360514512,beta_known_mean,500,0,0.0049942835037702,2.6186121839209857e-05,0.0050284230621083,0.0,4.336808689942019e-19,0.0076243404615522,0.0,0.0,0.0,-0.0021931319985467,2.0531065736406613e-09,0.0051871516534236,False,0.6426480286486637,0.6648979352782041,0.0
14,0.2,0.05,1.1,50.0,0.9,0.1,1.0,10000,0.3333333333333333,0.0101628731484624,beta_estimated_mean,500,0,-0.0114571764247652,1.836112795673198e-05,0.0114645156900366,1.0,0.992375659538448,1.0,0.0,0.0101628731484624,7.765688804434268e-20,-0.0013204894972434,2.0531065736406613e-09,0.0051871516534236,True,0.6426480286486637,0.6648979352782041,1.0
14,0.2,0.05,1.1,50.0,0.9,0.1,1.0,10000,0.3333333333333333,0.0101628731484624,risk_only,500,0,2.1539587019858983e-05,2.3233084306427903e-05,0.0005194345779762,0.0,4.336808689942019e-19,0.0076243404615522,0.0,0.0,0.0,-0.0013204894972434,2.0531065736406613e-09,0.0051871516534236,True,0.6426480286486637,0.6648979352782041,0.0
14,0.2,0.05,1.1,50.0,0.9,0.1,1.0,10000,0.3333333333333333,0.0101628731484624,outcome_based,500,0,-0.0001592731484624,0.000121716489794,0.0027236014715485,0.0,4.336808689942019e-19,0.0076243404615522,0.0,0.0,0.0,-0.0013204894972434,2.0531065736406613e-09,0.0051871516534236,True,0.6426480286486637,0.6648979352782041,0.0
14,0.2,0.05,1.1,50.0,0.9,0.1,1.0,10000,0.3333333333333333,0.0101628731484624,beta_known_mean,500,0,-0.0114585644929632,1.5432749549740896e-05,0.0114637492535807,1.0,0.992375659538448,1.0,0.0,0.0101628731484624,7.765688804434268e-20,-0.0013204894972434,2.0531065736406613e-09,0.0051871516534236,True,0.6426480286486637,0.6648979352782041,1.0
14,0.2,0.05,1.1,50.0,0.9,0.1,1.0,10000,0.5,0.000763980252163,beta_estimated_mean,500,0,-0.000879119788888,1.354366242647106e-06,0.0008796402235381,1.0,0.992375659538448,1.0,0.0,0.000763980252163,9.707111005542835e-21,-0.000118134186694,2.0531065736406613e-09,0.0051871516534236,True,0.6426480286486637,0.6648979352782041,1.0
14,0.2,0.05,1.1,50.0,0.9,0.1,1.0,10000,0.5,0.000763980252163,risk_only,500,0,2.8984591445643576e-06,4.306843436642543e-06,9.62512460121968e-05,0.0,4.336808689942019e-19,0.0076243404615522,0.0,0.0,0.0,-0.000118134186694,2.0531065736406613e-09,0.0051871516534236,True,0.6426480286486637,0.6648979352782041,0.0
14,0.2,0.05,1.1,50.0,0.9,0.1,1.0,10000,0.5,0.000763980252163,outcome_based,500,0,-0.000117980252163,4.7855075137678606e-05,0.0010754921384652,0.256,0.2197077081917188,0.2960129699535187,0.034,0.0001955789445537,1.4925823799125289e-05,-0.000118134186694,2.0531065736406613e-09,0.0051871516534236,True,0.6426480286486637,0.6648979352782041,0.2559999999999633
14,0.2,0.05,1.1,50.0,0.9,0.1,1.0,10000,0.5,0.000763980252163,beta_known_mean,500,0,-0.0008792784923809,1.307529811329674e-06,0.0008797634765284,1.0,0.992375659538448,1.0,0.0,0.000763980252163,9.707111005542835e-21,-0.000118134186694,2.0531065736406613e-09,0.0051871516534236,True,0.6426480286486637,0.6648979352782041,1.0
15,0.2,0.05,1.1,50.0,0.9,0.5,0.5,500,0.0588235294117647,-0.0001718294305275,beta_estimated_mean,500,0,-0.0004520570213557,0.0002527780372249,0.005664700068503,0.436,0.393185603123056,0.4797903124560227,0.0,7.491763171000854e-05,3.8144337343517216e-06,-0.0001448285645434,2.7026618766301524e-05,6.224025640610975e-05,False,0.6503087238738147,0.6654994588889998,0.4360000000001079
15,0.2,0.05,1.1,50.0,0.9,0.5,0.5,500,0.0588235294117647,-0.0001718294305275,risk_only,500,0,-0.0004838429085657,0.0002529841660071,0.0056719130015436,0.436,0.393185603123056,0.4797903124560227,0.0,7.491763171000854e-05,3.8144337343517216e-06,-0.0001448285645434,2.7026618766301524e-05,6.224025640610975e-05,False,0.6503087238738147,0.6654994588889998,0.4360000000001079
15,0.2,0.05,1.1,50.0,0.9,0.5,0.5,500,0.0588235294117647,-0.0001718294305275,outcome_based,500,0,0.0001033294305275,8.260607136313868e-05,0.0018481706418004,0.386,0.3443514767140062,0.4293868729112278,0.02,6.976274879418226e-05,3.777491686678632e-06,-0.0001448285645434,2.7026618766301524e-05,6.224025640610975e-05,False,0.6503087238738147,0.6654994588889998,0.40600000000010045
15,0.2,0.05,1.1,50.0,0.9,0.5,0.5,500,0.0588235294117647,-0.0001718294305275,beta_known_mean,500,0,2.425209922001653e-05,7.019569947954972e-06,0.0001586696917544,0.168,0.1377882329768441,0.2032743290896265,0.0,2.886734432862714e-05,2.875832464036865e-06,-0.0001448285645434,2.7026618766301524e-05,6.224025640610975e-05,False,0.6503087238738147,0.6654994588889998,0.16800000000004156
15,0.2,0.05,1.1,50.0,0.9,0.5,0.5,500,0.1111111111111111,-0.0024694790473312,beta_estimated_mean,500,0,0.0010962300481545,0.0002548722790272,0.0057979910096619,0.374,0.3326999999948793,0.4172213338014318,0.0,0.0009235851637018,5.349067035273198e-05,-0.0008863961521738,2.7026618766301524e-05,6.224025640610975e-05,False,0.6503087238738147,0.6654994588889998,0.3739999999999722
15,0.2,0.05,1.1,50.0,0.9,0.5,0.5,500,0.1111111111111111,-0.0024694790473312,risk_only,500,0,-0.00047167219946,0.0002552321054408,0.0057209304365623,0.304,0.2653020630572646,0.3456866784036638,0.0,0.0007507216303886,5.0850647166126864e-05,-0.0008863961521738,2.7026618766301524e-05,6.224025640610975e-05,False,0.6503087238738147,0.6654994588889998,0.3039999999999657
15,0.2,0.05,1.1,50.0,0.9,0.5,0.5,500,0.1111111111111111,-0.0024694790473312,outcome_based,500,0,0.0003529790473312,0.0003409693912237,0.0076248538974758,0.382,0.3404646252341933,0.4253347191147331,0.01,0.0009680357865538,5.396968658390664e-05,-0.0008863961521738,2.7026618766301524e-05,6.224025640610975e-05,False,0.6503087238738147,0.6654994588889998,0.3919999999999877
15,0.2,0.05,1.1,50.0,0.9,0.5,0.5,500,0.1111111111111111,-0.0024694790473312,beta_known_mean,500,0,0.0015448868536531,4.324365958053692e-05,0.0018220352421002,0.168,0.1377882329768441,0.2032743290896265,0.0,0.0004148724799516,4.133056829537476e-05,-0.0008863961521738,2.7026618766301524e-05,6.224025640610975e-05,False,0.6503087238738147,0.6654994588889998,0.16799999999998316
15,0.2,0.05,1.1,50.0,0.9,0.5,0.5,500,0.2,-0.0061299620361914,beta_estimated_mean,500,0,0.0035486097408132,0.0002127514244138,0.0059311847230598,0.276,0.2386381329433981,0.3167775715833774,0.0,0.0016918695219888,0.000122668014595,-0.0021931319985467,2.7026618766301524e-05,6.224025640610975e-05,False,0.6503087238738147,0.6654994588889998,0.2759999999999957
15,0.2,0.05,1.1,50.0,0.9,0.5,0.5,500,0.2,-0.0061299620361914,risk_only,500,0,-0.0003215583657846,0.0002094674670797,0.0046901847559822,0.088,0.0662059844749289,0.1160764720653901,0.0,0.0005394366591848,7.774030985578832e-05,-0.0021931319985467,2.7026618766301524e-05,6.224025640610975e-05,False,0.6503087238738147,0.6654994588889998,0.08799999999999294
15,0.2,0.05,1.1,50.0,0.9,0.5,0.5,500,0.2,-0.0061299620361914,outcome_based,500,0,0.0002659620361913,0.0006605889520171,0.0147588359908461,0.342,0.3017655066658599,0.3846437849199907,0.012,0.0021700065608117,0.0001312276652403,-0.0021931319985467,2.7026618766301524e-05,6.224025640610975e-05,False,0.6503087238738147,0.6654994588889998,0.35399999999999093
15,0.2,0.05,1.1,50.0,0.9,0.5,0.5,500,0.2,-0.0061299620361914,beta_known_mean,500,0,0.0038121590128052,0.0001081508579366,0.0045132209969222,0.168,0.1377882329768441,0.2032743290896265,0.0,0.0010298336220801,0.0001025944378263,-0.0021931319985467,2.7026618766301524e-05,6.224025640610975e-05,False,0.6503087238738147,0.6654994588889998,0.16799999999999102
15,0.2,0.05,1.1,50.0,0.9,0.5,0.5,500,0.3333333333333333,0.0027122082946305,beta_estimated_mean,500,0,-0.0041305649205405,8.12443417533088e-05,0.0045116834389391,0.798,0.7605971137604937,0.8308587793244213,0.0,0.0021643422191152,4.8747224938412446e-05,-0.0013204894972434,2.7026618766301524e-05,6.224025640610975e-05,True,0.6503087238738147,0.6654994588889998,0.7980000000000225
15,0.2,0.05,1.1,50.0,0.9,0.5,0.5,500,0.3333333333333333,0.0027122082946305,risk_only,500,0,-0.0001343272341116,0.0001012551124222,0.0022658530631642,0.13,0.1033206503646345,0.1623213615769141,0.0,0.0003525870783019,4.083232124243503e-05,-0.0013204894972434,2.7026618766301524e-05,6.224025640610975e-05,True,0.6503087238738147,0.6654994588889998,0.12999999999997602
15,0.2,0.05,1.1,50.0,0.9,0.5,0.5,500,0.3333333333333333,0.0027122082946305,outcome_based,500,0,-0.0003002082946305,0.000588980737051,0.0131602576350223,0.426,0.3833825783667519,0.4697458240215578,0.034,0.0011554007335126,6.003900866295054e-05,-0.0013204894972434,2.7026618766301524e-05,6.224025640610975e-05,True,0.6503087238738147,0.6654994588889998,0.4260000000000026
15,0.2,0.05,1.1,50.0,0.9,0.5,0.5,500,0.3333333333333333,0.0027122082946305,beta_known_mean,500,0,-0.0040840002742215,6.426024535062851e-05,0.004328928092146,0.832,0.7967256709103735,0.8622117670231558,0.0,0.0022565573011326,4.539301933889877e-05,-0.0013204894972434,2.7026618766301524e-05,6.224025640610975e-05,True,0.6503087238738147,0.6654994588889998,0.8320000000000088
15,0.2,0.05,1.1,50.0,0.9,0.5,0.5,500,0.5,0.0003157020505413,beta_estimated_mean,500,0,-0.0004364575214505,6.388684913413207e-06,0.0004591971256413,0.82,0.7839253300173655,0.851195092087241,0.0,0.0002588756814438,5.429630911197139e-06,-0.000118134186694,2.7026618766301524e-05,6.224025640610975e-05,True,0.6503087238738147,0.6654994588889998,0.8199999999997909
15,0.2,0.05,1.1,50.0,0.9,0.5,0.5,500,0.5,0.0003157020505413,risk_only,500,0,-1.3961577342445933e-05,1.7509794018352456e-05,0.0003913882676293,0.184,0.1524894793781606,0.2203291037935404,0.006,5.8089177299605206e-05,5.476222947647723e-06,-0.000118134186694,2.7026618766301524e-05,6.224025640610975e-05,True,0.6503087238738147,0.6654994588889998,0.18400000000001904
15,0.2,0.05,1.1,50.0,0.9,0.5,0.5,500,0.5,0.0003157020505413,outcome_based,500,0,-0.0001077020505413,0.0001838615842538,0.0041085685745391,0.368,0.3268845483787568,0.4111282775030931,0.198,0.0001161783545992,6.815686065930301e-06,-0.000118134186694,2.7026618766301524e-05,6.224025640610975e-05,True,0.6503087238738147,0.6654994588889998,0.3680000000000051
15,0.2,0.05,1.1,50.0,0.9,0.5,0.5,500,0.5,0.0003157020505413,beta_known_mean,500,0,-0.0004347706262481,5.839182644626894e-06,0.0004539156621806,0.832,0.7967256709103735,0.8622117670231558,0.0,0.0002626641060503,5.283764272059572e-06,-0.000118134186694,2.7026618766301524e-05,6.224025640610975e-05,True,0.6503087238738147,0.6654994588889998,0.8319999999998049
15,0.2,0.05,1.1,50.0,0.9,0.5,0.5,3000,0.0588235294117647,-0.0001718294305275,beta_estimated_mean,500,0,0.0002320170158984,0.0001105752179429,0.0024809361999867,0.526,0.4822016483694956,0.5694018859265038,0.0,9.038228045748736e-05,3.840867460077389e-06,-0.0001448285645434,2.7026618766301524e-05,6.224025640610975e-05,False,0.6503087238738147,0.6654994588889998,0.5260000000001301
15,0.2,0.05,1.1,50.0,0.9,0.5,0.5,3000,0.0588235294117647,-0.0001718294305275,risk_only,500,0,0.0002108388595055,0.0001109139884774,0.0024865855166926,0.516,0.4722414643366831,0.5595145567685472,0.0,8.866398615221193e-05,3.8441011751205056e-06,-0.0001448285645434,2.7026618766301524e-05,6.224025640610975e-05,False,0.6503087238738147,0.6654994588889998,0.5160000000001277
15,0.2,0.05,1.1,50.0,0.9,0.5,0.5,3000,0.0588235294117647,-0.0001718294305275,outcome_based,500,0,1.812109719416805e-05,3.589543769804127e-05,0.0008020480755434,0.414,0.3716426089098014,0.4576687776495856,0.004,7.182470196051277e-05,3.793996371224874e-06,-0.0001448285645434,2.7026618766301524e-05,6.224025640610975e-05,False,0.6503087238738147,0.6654994588889998,0.41800000000010346
15,0.2,0.05,1.1,50.0,0.9,0.5,0.5,3000,0.0588235294117647,-0.0001718294305275,beta_known_mean,500,0,2.7945312596654227e-05,2.672355861626949e-06,6.59131393263855e-05,0.008,0.0031153151800622,0.0203870358341051,0.0,1.37463544422034e-06,6.852485220645738e-07,-0.0001448285645434,2.7026618766301524e-05,6.224025640610975e-05,False,0.6503087238738147,0.6654994588889998,0.00800000000000198
15,0.2,0.05,1.1,50.0,0.9,0.5,0.5,3000,0.1111111111111111,-0.0024694790473312,beta_estimated_mean,500,0,0.0017723453044793,0.0001102046183912,0.0030334125630671,0.406,0.3638304421340635,0.4496029338727085,0.0,0.0010026084932164,5.428893375879224e-05,-0.0008863961521738,2.7026618766301524e-05,6.224025640610975e-05,False,0.6503087238738147,0.6654994588889998,0.40599999999997277
15,0.2,0.05,1.1,50.0,0.9,0.5,0.5,3000,0.1111111111111111,-0.0024694790473312,risk_only,500,0,0.0002074314048745,0.0001101459743295,0.0024692030055401,0.2,0.1672854989717574,0.2372891053051739,0.0,0.0004938958094662,4.421962590861125e-05,-0.0008863961521738,2.7026618766301524e-05,6.224025640610975e-05,False,0.6503087238738147,0.6654994588889998,0.1999999999999838
15,0.2,0.05,1.1,50.0,0.9,0.5,0.5,3000,0.1111111111111111,-0.0024694790473312,outcome_based,500,0,-6.785428600261953e-05,0.0001465028906599,0.0032733300464545,0.21,0.1765772705084025,0.2478448469592978,0.002,0.0005235295580342,4.5184149509656215e-05,-0.0008863961521738,2.7026618766301524e-05,6.224025640610975e-05,False,0.6503087238738147,0.6654994588889998,0.2119999999999942
15,0.2,0.05,1.1,50.0,0.9,0.5,0.5,3000,0.1111111111111111,-0.0024694790473312,beta_known_mean,500,0,0.0015861298673097,1.6621921237177447e-05,0.0016290106815223,0.008,0.0031153151800622,0.0203870358341051,0.0,1.975583237864975e-05,9.848178290865635e-06,-0.0008863961521738,2.7026618766301524e-05,6.224025640610975e-05,False,0.6503087238738147,0.6654994588889998,0.008000000000000061
15,0.2,0.05,1.1,50.0,0.9,0.5,0.5,3000,0.2,-0.0061299620361914,beta_estimated_mean,500,0,0.0040507948444669,8.857742121711584e-05,0.0045082227858822,0.144,0.1159380741103497,0.1774904562982754,0.0,0.0008827145332115,9.634421454258922e-05,-0.0021931319985467,2.7026618766301524e-05,6.224025640610975e-05,False,0.6503087238738147,0.6654994588889998,0.14399999999998994
15,0.2,0.05,1.1,50.0,0.9,0.5,0.5,3000,0.2,-0.0061299620361914,risk_only,500,0,0.0001208661299739,8.677553410198151e-05,0.0019421831240638,0.002,0.0003531363945592,0.0112407067051467,0.0,1.2259924072382828e-05,1.2259924072382826e-05,-0.0021931319985467,2.7026618766301524e-05,6.224025640610975e-05,False,0.6503087238738147,0.6654994588889998,0.002000000000000005
15,0.2,0.05,1.1,50.0,0.9,0.5,0.5,3000,0.2,-0.0061299620361914,outcome_based,500,0,0.0001156287028581,0.0002842824297923,0.0063514410523416,0.162,0.1323017883898392,0.19685226576217,0.0,0.000993053849863,0.0001011083512824,-0.0021931319985467,2.7026618766301524e-05,6.224025640610975e-05,False,0.6503087238738147,0.6654994588889998,0.16199999999999892
15,0.2,0.05,1.1,50.0,0.9,0.5,0.5,3000,0.2,-0.0061299620361914,beta_known_mean,500,0,0.0039403321459019,4.154217839786677e-05,0.0040481314159081,0.008,0.0031153151800622,0.0203870358341051,0.0,4.903969628953131e-05,2.4446030070144507e-05,-0.0021931319985467,2.7026618766301524e-05,6.224025640610975e-05,False,0.6503087238738147,0.6654994588889998,0.00800000000000002
15,0.2,0.05,1.1,50.0,0.9,0.5,0.5,3000,0.3333333333333333,0.0027122082946305,beta_estimated_mean,500,0,-0.0040049223396235,3.219729963471744e-05,0.0040689924222337,0.968,0.9486551309545582,0.9802084863734288,0.0,0.0026254176292024,2.136906080411577e-05,-0.0013204894972434,2.7026618766301524e-05,6.224025640610975e-05,True,0.6503087238738147,0.6654994588889998,0.9680000000000281
15,0.2,0.05,1.1,50.0,0.9,0.5,0.5,3000,0.3333333333333333,0.0027122082946305,risk_only,500,0,2.866892826174002e-05,3.940230707344748e-05,0.00088064764066,0.002,0.0003531363945592,0.0112407067051467,0.0,5.4244165892611725e-06,5.4244165892611725e-06,-0.0013204894972434,2.7026618766301524e-05,6.224025640610975e-05,True,0.6503087238738147,0.6654994588889998,0.002000000000000064
15,0.2,0.05,1.1,50.0,0.9,0.5,0.5,3000,0.3333333333333333,0.0027122082946305,outcome_based,500,0,0.0002677917053694,0.0002410681899148,0.0053917098048473,0.276,0.2386381329433981,0.3167775715833774,0.016,0.000748569489318,5.427459496590672e-05,-0.0013204894972434,2.7026618766301524e-05,6.224025640610975e-05,True,0.6503087238738147,0.6654994588889998,0.27599999999999336
15,0.2,0.05,1.1,50.0,0.9,0.5,0.5,3000,0.3333333333333333,0.0027122082946305,beta_known_mean,500,0,-0.0040274225278877,2.4685797476545244e-05,0.0040649990317424,0.992,0.9796129641658948,0.9968846848199376,0.0,0.0026905106282735,1.0816172292027604e-05,-0.0013204894972434,2.7026618766301524e-05,6.224025640610975e-05,True,0.6503087238738147,0.6654994588889998,0.9920000000000163
15,0.2,0.05,1.1,50.0,0.9,0.5,0.5,3000,0.5,0.0003157020505413,beta_estimated_mean,500,0,-0.0004322729665389,2.3711728804209234e-06,0.000435506056851,0.99,0.9768069002442692,0.9957212461034096,0.0,0.0003125450300359,1.40619233789662e-06,-0.000118134186694,2.7026618766301524e-05,6.224025640610975e-05,True,0.6503087238738147,0.6654994588889998,0.9900000000000412
15,0.2,0.05,1.1,50.0,0.9,0.5,0.5,3000,0.5,0.0003157020505413,risk_only,500,0,-6.967078993618138e-06,7.306457216824567e-06,0.0001633625244763,0.012,0.0055109951740277,0.0259303611164472,0.0,3.788424606495992e-06,1.538849774488312e-06,-0.000118134186694,2.7026618766301524e-05,6.224025640610975e-05,True,0.6503087238738147,0.6654994588889998,0.012000000000001242
15,0.2,0.05,1.1,50.0,0.9,0.5,0.5,3000,0.5,0.0003157020505413,outcome_based,500,0,-7.17020505413326e-05,7.479531335600022e-05,0.0016723385707334,0.392,0.3501873777896792,0.4354594797500162,0.078,0.0001237552038122,6.899568854421266e-06,-0.000118134186694,2.7026618766301524e-05,6.224025640610975e-05,True,0.6503087238738147,0.6654994588889998,0.39200000000003293
15,0.2,0.05,1.1,50.0,0.9,0.5,0.5,3000,0.5,0.0003157020505413,beta_known_mean,500,0,-0.0004329455986039,2.172170321654167e-06,0.0004356562119145,0.992,0.9796129641658948,0.9968846848199376,0.0,0.000313176434137,1.2590064628743988e-06,-0.000118134186694,2.7026618766301524e-05,6.224025640610975e-05,True,0.6503087238738147,0.6654994588889998,0.9920000000000962
15,0.2,0.05,1.1,50.0,0.9,0.5,0.5,10000,0.0588235294117647,-0.0001718294305275,beta_estimated_mean,500,0,-3.192158422311575e-05,5.697268873237753e-05,0.001273073733519,0.436,0.393185603123056,0.4797903124560227,0.0,7.491763171000854e-05,3.8144337343517216e-06,-0.0001448285645434,2.7026618766301524e-05,6.224025640610975e-05,False,0.6503087238738147,0.6654994588889998,0.4360000000001079
15,0.2,0.05,1.1,50.0,0.9,0.5,0.5,10000,0.0588235294117647,-0.0001718294305275,risk_only,500,0,-6.142258128737732e-05,5.727593817116082e-05,0.0012809210541996,0.434,0.3912235726331776,0.4777828403077473,0.0,7.457397284895345e-05,3.8124166564261672e-06,-0.0001448285645434,2.7026618766301524e-05,6.224025640610975e-05,False,0.6503087238738147,0.6654994588889998,0.4340000000001074
15,0.2,0.05,1.1,50.0,0.9,0.5,0.5,10000,0.0588235294117647,-0.0001718294305275,outcome_based,500,0,-1.667056947204626e-05,2.027053994296362e-05,0.0004531163293091,0.326,0.2863753160352474,0.3682779544453728,0.004,5.670371207408903e-05,3.6169428713325695e-06,-0.0001448285645434,2.7026618766301524e-05,6.224025640610975e-05,False,0.6503087238738147,0.6654994588889998,0.3300000000000817
15,0.2,0.05,1.1,50.0,0.9,0.5,0.5,10000,0.0588235294117647,-0.0001718294305275,beta_known_mean,500,0,2.7603879549716103e-05,1.530062261302814e-06,4.393379493514432e-05,0.0,4.336808689942019e-19,0.0076243404615522,0.0,0.0,0.0,-0.0001448285645434,2.7026618766301524e-05,6.224025640610975e-05,False,0.6503087238738147,0.6654994588889998,0.0
15,0.2,0.05,1.1,50.0,0.9,0.5,0.5,10000,0.1111111111111111,-0.0024694790473312,beta_estimated_mean,500,0,0.0015314170444437,5.708184274929445e-05,0.0019927739994963,0.22,0.1859009325716236,0.2583686980868456,0.0,0.0005432853904128,4.57945414418694e-05,-0.0008863961521738,2.7026618766301524e-05,6.224025640610975e-05,False,0.6503087238738147,0.6654994588889998,0.21999999999997408
15,0.2,0.05,1.1,50.0,0.9,0.5,0.5,10000,0.1111111111111111,-0.0024694790473312,risk_only,500,0,-5.2981444130229785e-05,5.779456292689254e-05,0.0012921194116154,0.026,0.0152563839233272,0.0439714908342242,0.0,6.420645523061169e-05,1.759224340612563e-05,-0.0008863961521738,2.7026618766301524e-05,6.224025640610975e-05,False,0.6503087238738147,0.6654994588889998,0.026000000000000197
15,0.2,0.05,1.1,50.0,0.9,0.5,0.5,10000,0.1111111111111111,-0.0024694790473312,outcome_based,500,0,-8.484595266770989e-05,7.103009935075625e-05,0.0015889591145021,0.048,0.0324652069413531,0.07042719683589,0.0,0.0001185349942718,2.3631656524799377e-05,-0.0008863961521738,2.7026618766301524e-05,6.224025640610975e-05,False,0.6503087238738147,0.6654994588889998,0.04799999999996048
15,0.2,0.05,1.1,50.0,0.9,0.5,0.5,10000,0.1111111111111111,-0.0024694790473312,beta_known_mean,500,0,0.0015867766983083,9.525110348872458e-06,0.0016009788962214,0.0,4.336808689942019e-19,0.0076243404615522,0.0,0.0,0.0,-0.0008863961521738,2.7026618766301524e-05,6.224025640610975e-05,False,0.6503087238738147,0.6654994588889998,0.0
15,0.2,0.05,1.1,50.0,0.9,0.5,0.5,10000,0.2,-0.0061299620361914,beta_estimated_mean,500,0,0.0039127032621336,4.709125350318658e-05,0.0040516443957491,0.018,0.009498193296197,0.0338516709087392,0.0,0.0001103393166514,3.648375314072797e-05,-0.0021931319985467,2.7026618766301524e-05,6.224025640610975e-05,False,0.6503087238738147,0.6654994588889998,0.017999999999992626
15,0.2,0.05,1.1,50.0,0.9,0.5,0.5,10000,0.2,-0.0061299620361914,risk_only,500,0,-3.719789385904333e-05,4.661765164172472e-05,0.0010420236082534,0.0,4.336808689942019e-19,0.0076243404615522,0.0,0.0,0.0,-0.0021931319985467,2.7026618766301524e-05,6.224025640610975e-05,False,0.6503087238738147,0.6654994588889998,0.0
15,0.2,0.05,1.1,50.0,0.9,0.5,0.5,10000,0.2,-0.0061299620361914,outcome_based,500,0,7.731203619073938e-05,0.0001488689099836,0.0033263781171781,0.026,0.0152563839233272,0.0439714908342242,0.0,0.0001593790129409,4.366904198986096e-05,-0.0021931319985467,2.7026618766301524e-05,6.224025640610975e-05,False,0.6503087238738147,0.6654994588889998,0.025999999999987537
15,0.2,0.05,1.1,50.0,0.9,0.5,0.5,10000,0.2,-0.0061299620361914,beta_known_mean,500,0,0.0039455911568719,2.3789775214592933e-05,0.0039812184474306,0.0,4.336808689942019e-19,0.0076243404615522,0.0,0.0,0.0,-0.0021931319985467,2.7026618766301524e-05,6.224025640610975e-05,False,0.6503087238738147,0.6654994588889998,0.0
15,0.2,0.05,1.1,50.0,0.9,0.5,0.5,10000,0.3333333333333333,0.0027122082946305,beta_estimated_mean,500,0,-0.0040334854091831,1.779400550378301e-05,0.0040530237151286,0.998,0.9887592932948532,0.9996468636054407,0.0,0.0027067838780413,5.424416589261174e-06,-0.0013204894972434,2.7026618766301524e-05,6.224025640610975e-05,True,0.6503087238738147,0.6654994588889998,0.9980000000000225
15,0.2,0.05,1.1,50.0,0.9,0.5,0.5,10000,0.3333333333333333,0.0027122082946305,risk_only,500,0,4.8578025494883765e-06,2.1865267232003085e-05,0.0004884572283198,0.0,4.336808689942019e-19,0.0076243404615522,0.0,0.0,0.0,-0.0013204894972434,2.7026618766301524e-05,6.224025640610975e-05,True,0.6503087238738147,0.6654994588889998,0.0
15,0.2,0.05,1.1,50.0,0.9,0.5,0.5,10000,0.3333333333333333,0.0027122082946305,outcome_based,500,0,8.409170536942043e-05,0.0001264552271317,0.0028260471908501,0.148,0.1195614053892054,0.1818061302957273,0.006,0.0004014068276053,4.311450676507712e-05,-0.0013204894972434,2.7026618766301524e-05,6.224025640610975e-05,True,0.6503087238738147,0.6654994588889998,0.14799999999999483
15,0.2,0.05,1.1,50.0,0.9,0.5,0.5,10000,0.3333333333333333,0.0027122082946305,beta_known_mean,500,0,-0.0040271556774624,1.414712396755468e-05,0.00403953626889,1.0,0.992375659538448,1.0,0.0,0.0027122082946305,1.941422201108567e-20,-0.0013204894972434,2.7026618766301524e-05,6.224025640610975e-05,True,0.6503087238738147,0.6654994588889998,1.0
15,0.2,0.05,1.1,50.0,0.9,0.5,0.5,10000,0.5,0.0003157020505413,beta_estimated_mean,500,0,-0.0004336338775253,1.3341497880109814e-06,0.000434656804399,1.0,0.992375659538448,1.0,0.0,0.0003157020505413,0.0,-0.000118134186694,2.7026618766301524e-05,6.224025640610975e-05,True,0.6503087238738147,0.6654994588889998,1.0
15,0.2,0.05,1.1,50.0,0.9,0.5,0.5,10000,0.5,0.0003157020505413,risk_only,500,0,3.953769158534543e-06,3.8107730486716968e-06,8.521799055112591e-05,0.0,4.336808689942019e-19,0.0076243404615522,0.0,0.0,0.0,-0.000118134186694,2.7026618766301524e-05,6.224025640610975e-05,True,0.6503087238738147,0.6654994588889998,0.0
15,0.2,0.05,1.1,50.0,0.9,0.5,0.5,10000,0.5,0.0003157020505413,outcome_based,500,0,6.209794945866738e-05,4.114998131134263e-05,0.0009213160778619,0.322,0.2825360924255015,0.3641781727788112,0.044,0.0001016560602743,6.603435082280224e-06,-0.000118134186694,2.7026618766301524e-05,6.224025640610975e-05,True,0.6503087238738147,0.6654994588889998,0.32200000000000445
15,0.2,0.05,1.1,50.0,0.9,0.5,0.5,10000,0.5,0.0003157020505413,beta_known_mean,500,0,-0.0004334165294495,1.2385289248738729e-06,0.0004342986656611,1.0,0.992375659538448,1.0,0.0,0.0003157020505413,0.0,-0.000118134186694,2.7026618766301524e-05,6.224025640610975e-05,True,0.6503087238738147,0.6654994588889998,1.0
16,0.2,0.05,1.1,50.0,0.9,0.5,1.0,500,0.0588235294117647,-0.0001988302965116,beta_estimated_mean,500,0,-8.90320521654363e-05,0.000278711594251,0.006226581962724,0.494,0.4503901309190321,0.5377013611665066,0.0,9.82221664767598e-05,4.450112807829893e-06,-0.0001448285645434,2.0531065736406613e-09,9.710024069242706e-07,False,0.6426480286486637,0.6667953814020248,0.4940000000001479
16,0.2,0.05,1.1,50.0,0.9,0.5,1.0,500,0.0588235294117647,-0.0001988302965116,risk_only,500,0,-0.0001480551836045,0.0002791676253053,0.0062378896498476,0.488,0.4444452370209479,0.5317377471501294,0.0,9.702918469768984e-05,4.449151341162583e-06,-0.0001448285645434,2.0531065736406613e-09,9.710024069242706e-07,False,0.6426480286486637,0.6667953814020248,0.48800000000014604
16,0.2,0.05,1.1,50.0,0.9,0.5,1.0,500,0.0588235294117647,-0.0001988302965116,outcome_based,500,0,-9.316970348836998e-05,6.954239202513143e-05,0.00155625081322,0.334,0.2940638124558771,0.3764674685773583,0.004,6.720464022094092e-05,4.210363889010272e-06,-0.0001448285645434,2.0531065736406613e-09,9.710024069242706e-07,False,0.6426480286486637,0.6667953814020248,0.3380000000001012
16,0.2,0.05,1.1,50.0,0.9,0.5,1.0,500,0.0588235294117647,-0.0001988302965116,beta_known_mean,500,0,6.39602016359651e-05,7.05090174996791e-06,0.0001699964703212,0.202,0.1691412206755787,0.2394028862395064,0.0,4.016371989535522e-05,3.573628621302206e-06,-0.0001448285645434,2.0531065736406613e-09,9.710024069242706e-07,False,0.6426480286486637,0.6667953814020248,0.2020000000000605
16,0.2,0.05,1.1,50.0,0.9,0.5,1.0,500,0.1111111111111111,-0.0040525619424886,beta_estimated_mean,500,0,0.0030096882905479,0.000283265771161,0.0070069774271699,0.438,0.3951483440866656,0.4817970741305669,0.0,0.00177502213081,9.000872335290651e-05,-0.0008863961521738,2.0531065736406613e-09,9.710024069242706e-07,False,0.6426480286486637,0.6667953814020248,0.43799999999999834
16,0.2,0.05,1.1,50.0,0.9,0.5,1.0,500,0.1111111111111111,-0.0040525619424886,risk_only,500,0,-0.0001618411140713,0.0002829551047553,0.0063228098665424,0.264,0.2272678314130519,0.3043308572848008,0.0,0.0010698763528169,7.996874114099046e-05,-0.0008863961521738,2.0531065736406613e-09,9.710024069242706e-07,False,0.6426480286486637,0.6667953814020248,0.2639999999999777
16,0.2,0.05,1.1,50.0,0.9,0.5,1.0,500,0.1111111111111111,-0.0040525619424886,outcome_based,500,0,-0.0001389380575113,0.0003293133767404,0.007357615546753,0.27,0.2329485392031058,0.3105586574092084,0.008,0.0011266122200118,8.127750913966966e-05,-0.0008863961521738,2.0531065736406613e-09,9.710024069242706e-07,False,0.6426480286486637,0.6667953814020248,0.2779999999999924
16,0.2,0.05,1.1,50.0,0.9,0.5,1.0,500,0.1111111111111111,-0.0040525619424886,beta_known_mean,500,0,0.0031769860115809,4.441876479990174e-05,0.0033283299752712,0.202,0.1691412206755787,0.2394028862395064,0.0,0.0008186175123827,7.283774958525078e-05,-0.0008863961521738,2.0531065736406613e-09,9.710024069242706e-07,False,0.6426480286486637,0.6667953814020248,0.20200000000000068
16,0.2,0.05,1.1,50.0,0.9,0.5,1.0,500,0.2,-0.010066792073836,beta_estimated_mean,500,0,0.007762095329738,0.0002364599813516,0.0093888695792177,0.352,0.3114108418907427,0.3948459628858768,0.0,0.0035435108099902,0.0002152284412291,-0.0021931319985467,2.0531065736406613e-09,9.710024069242706e-07,False,0.6426480286486637,0.6667953814020248,0.3519999999999929
16,0.2,0.05,1.1,50.0,0.9,0.5,1.0,500,0.2,-0.010066792073836,risk_only,500,0,-6.243516353104203e-05,0.0002315024172735,0.0051717491607948,0.022,0.0123280082699275,0.0389608612113163,0.0,0.0002214694256243,6.610306448449283e-05,-0.0021931319985467,2.0531065736406613e-09,9.710024069242706e-07,False,0.6426480286486637,0.6667953814020248,0.021999999999990864
16,0.2,0.05,1.1,50.0,0.9,0.5,1.0,500,0.2,-0.010066792073836,outcome_based,500,0,-0.000984207926164,0.0006786626289459,0.0151920888702615,0.224,0.1896389712599083,0.2625696646748685,0.01,0.0023556293452776,0.0001907933085629,-0.0021931319985467,2.0531065736406613e-09,9.710024069242706e-07,False,0.6426480286486637,0.6667953814020248,0.23399999999999763
16,0.2,0.05,1.1,50.0,0.9,0.5,1.0,500,0.2,-0.010066792073836,beta_known_mean,500,0,0.00783970966662,0.0001122586712492,0.0082310054235766,0.202,0.1691412206755787,0.2394028862395064,0.0,0.0020334919989148,0.0001809330716239,-0.0021931319985467,2.0531065736406613e-09,9.710024069242706e-07,False,0.6426480286486637,0.6667953814020248,0.20199999999999285
16,0.2,0.05,1.1,50.0,0.9,0.5,1.0,500,0.3333333333333333,0.0067449060865046,beta_estimated_mean,500,0,-0.0080216596744495,8.647478315970656e-05,0.0082509690404113,0.73,0.6894413425907917,0.7670514607968943,0.0,0.0049237814431483,0.0001340506568669,-0.0013204894972434,2.0531065736406613e-09,9.710024069242706e-07,True,0.6426480286486637,0.6667953814020248,0.7299999999999914
16,0.2,0.05,1.1,50.0,0.9,0.5,1.0,500,0.3333333333333333,0.0067449060865046,risk_only,500,0,3.304025758474067e-06,0.0001097701292519,0.0024520811718434,0.002,0.0003531363945592,0.0112407067051467,0.0,1.3489812173009294e-05,1.348981217300929e-05,-0.0013204894972434,2.0531065736406613e-09,9.710024069242706e-07,True,0.6426480286486637,0.6667953814020248,0.002000000000000014
16,0.2,0.05,1.1,50.0,0.9,0.5,1.0,500,0.3333333333333333,0.0067449060865046,outcome_based,500,0,0.0001690939134953,0.0005977623672458,0.0133540704188491,0.28,0.2424360430412755,0.3209186667618076,0.028,0.0018885737042213,0.0001355722794607,-0.0013204894972434,2.0531065736406613e-09,9.710024069242706e-07,True,0.6426480286486637,0.6667953814020248,0.2800000000000018
16,0.2,0.05,1.1,50.0,0.9,0.5,1.0,500,0.3333333333333333,0.0067449060865046,beta_known_mean,500,0,-0.0080371952118646,6.577396835261987e-05,0.0081703909401651,0.798,0.7605971137604937,0.8308587793244213,0.0,0.0053824350570307,0.0001212279509793,-0.0013204894972434,2.0531065736406613e-09,9.710024069242706e-07,True,0.6426480286486637,0.6667953814020248,0.7980000000000044
16,0.2,0.05,1.1,50.0,0.9,0.5,1.0,500,0.5,0.0007495382877767,beta_estimated_mean,500,0,-0.000852612207116,6.397729938268972e-06,0.0008645068646091,0.77,0.7311377813252322,0.8047450748255296,0.0,0.000577144481588,1.4120589573502315e-05,-0.000118134186694,2.0531065736406613e-09,9.710024069242706e-07,True,0.6426480286486637,0.6667953814020248,0.7699999999999212
16,0.2,0.05,1.1,50.0,0.9,0.5,1.0,500,0.5,0.0007495382877767,risk_only,500,0,-2.192744068493853e-05,1.8392191745327176e-05,0.0004114351692991,0.0,4.336808689942019e-19,0.0076243404615522,0.004,0.0,0.0,-0.000118134186694,2.0531065736406613e-09,9.710024069242706e-07,True,0.6426480286486637,0.6667953814020248,0.0
16,0.2,0.05,1.1,50.0,0.9,0.5,1.0,500,0.5,0.0007495382877767,outcome_based,500,0,0.0002344617122232,0.0002132661550875,0.0047697710945598,0.368,0.3268845483787568,0.4111282775030931,0.15,0.0002758300899018,1.618176902912575e-05,-0.000118134186694,2.0531065736406613e-09,9.710024069242706e-07,True,0.6426480286486637,0.6667953814020248,0.3679999999999658
16,0.2,0.05,1.1,50.0,0.9,0.5,1.0,500,0.5,0.0007495382877767,beta_known_mean,500,0,-0.0008545779536896,5.753774952758992e-06,0.0008641894098573,0.798,0.7605971137604937,0.8308587793244213,0.0,0.0005981315536458,1.347164654961805e-05,-0.000118134186694,2.0531065736406613e-09,9.710024069242706e-07,True,0.6426480286486637,0.6667953814020248,0.7979999999999912
16,0.2,0.05,1.1,50.0,0.9,0.5,1.0,3000,0.0588235294117647,-0.0001988302965116,beta_estimated_mean,500,0,0.0001117749440561,0.0001042891189374,0.0023323223581144,0.482,0.4385065876245351,0.5257678886320809,0.0,9.583620291861988e-05,4.447548434830595e-06,-0.0001448285645434,2.0531065736406613e-09,9.710024069242706e-07,False,0.6426480286486637,0.6667953814020248,0.48200000000014426
16,0.2,0.05,1.1,50.0,0.9,0.5,1.0,3000,0.0588235294117647,-0.0001988302965116,risk_only,500,0,5.66506978549372e-05,0.0001044263856131,0.0023333965453097,0.472,0.4286227347300628,0.5158042283357841,0.0,9.384789995350328e-05,4.443449491657075e-06,-0.0001448285645434,2.0531065736406613e-09,9.710024069242706e-07,False,0.6426480286486637,0.6667953814020248,0.47200000000014125
16,0.2,0.05,1.1,50.0,0.9,0.5,1.0,3000,0.0588235294117647,-0.0001988302965116,outcome_based,500,0,1.687196317826978e-05,2.840594764649849e-05,0.0006347650716033,0.36,0.3191414324050707,0.402993382924164,0.012,7.396487030233734e-05,4.302130491182654e-06,-0.0001448285645434,2.0531065736406613e-09,9.710024069242706e-07,False,0.6426480286486637,0.6667953814020248,0.3720000000001114
16,0.2,0.05,1.1,50.0,0.9,0.5,1.0,3000,0.0588235294117647,-0.0001988302965116,beta_known_mean,500,0,5.754431713971292e-05,2.9131659457683118e-06,8.686846270678655e-05,0.016,0.0081292530333883,0.0312511085333942,0.0,3.1812847441865523e-06,1.1168370887769665e-06,-0.0001448285645434,2.0531065736406613e-09,9.710024069242706e-07,False,0.6426480286486637,0.6667953814020248,0.01600000000000479
16,0.2,0.05,1.1,50.0,0.9,0.5,1.0,3000,0.1111111111111111,-0.0040525619424886,beta_estimated_mean,500,0,0.0032297522401077,0.0001067285935432,0.0040143996910701,0.374,0.3326999999948793,0.4172213338014318,0.0,0.0015156581664907,8.778137040035042e-05,-0.0008863961521738,2.0531065736406613e-09,9.710024069242706e-07,False,0.6426480286486637,0.6667953814020248,0.373999999999991
16,0.2,0.05,1.1,50.0,0.9,0.5,1.0,3000,0.1111111111111111,-0.0040525619424886,risk_only,500,0,6.047767317376093e-05,0.0001060682159806,0.0023701561769569,0.052,0.0357302651157052,0.0751011439378455,0.0,0.0002107332210094,4.027960744146873e-05,-0.0008863961521738,2.0531065736406613e-09,9.710024069242706e-07,False,0.6426480286486637,0.6667953814020248,0.05199999999999822
16,0.2,0.05,1.1,50.0,0.9,0.5,1.0,3000,0.1111111111111111,-0.0040525619424886,outcome_based,500,0,-8.843805751219452e-05,0.0001353054890718,0.0030237892454883,0.09,0.0679425478891394,0.1183094112893334,0.002,0.0003728356987089,5.243439082316611e-05,-0.0008863961521738,2.0531065736406613e-09,9.710024069242706e-07,False,0.6426480286486637,0.6667953814020248,0.09199999999998737
16,0.2,0.05,1.1,50.0,0.9,0.5,1.0,3000,0.1111111111111111,-0.0040525619424886,beta_known_mean,500,0,0.0031827924376054,1.836550716930884e-05,0.0032091239202963,0.016,0.0081292530333883,0.0312511085333942,0.0,6.4840991079818e-05,2.276338949015204e-05,-0.0008863961521738,2.0531065736406613e-09,9.710024069242706e-07,False,0.6426480286486637,0.6667953814020248,0.016000000000000097
16,0.2,0.05,1.1,50.0,0.9,0.5,1.0,3000,0.2,-0.010066792073836,beta_estimated_mean,500,0,0.007938889781807,9.15568335148597e-05,0.008198104365983,0.136,0.1087154434072372,0.1688350764487728,0.0,0.0013690837220417,0.0001544781824878,-0.0021931319985467,2.0531065736406613e-09,9.710024069242706e-07,False,0.6426480286486637,0.6667953814020248,0.1360000000000004
16,0.2,0.05,1.1,50.0,0.9,0.5,1.0,3000,0.2,-0.010066792073836,risk_only,500,0,6.086090273432868e-05,8.946792693314744e-05,0.0019994885632054,0.0,4.336808689942019e-19,0.0076243404615522,0.0,0.0,0.0,-0.0021931319985467,2.0531065736406613e-09,9.710024069242706e-07,False,0.6426480286486637,0.6667953814020248,0.0
16,0.2,0.05,1.1,50.0,0.9,0.5,1.0,3000,0.2,-0.010066792073836,outcome_based,500,0,-0.0004207079261638,0.0002793673941119,0.0062547597447618,0.046,0.0308451083708162,0.0680777927682732,0.002,0.0004832060195441,9.633407210017073e-05,-0.0021931319985467,2.0531065736406613e-09,9.710024069242706e-07,False,0.6426480286486637,0.6667953814020248,0.04799999999999722
16,0.2,0.05,1.1,50.0,0.9,0.5,1.0,3000,0.2,-0.010066792073836,beta_known_mean,500,0,0.0079082933266439,4.613953458975364e-05,0.0079751741554444,0.016,0.0081292530333883,0.0312511085333942,0.0,0.0001610686731813,5.654554135016748e-05,-0.0021931319985467,2.0531065736406613e-09,9.710024069242706e-07,False,0.6426480286486637,0.6667953814020248,0.01599999999999245
16,0.2,0.05,1.1,50.0,0.9,0.5,1.0,3000,0.3333333333333333,0.0067449060865046,beta_estimated_mean,500,0,-0.0080296380235417,3.47241747328842e-05,0.0080670171176362,0.958,0.93664841424567,0.9723676898915484,0.0,0.0064616200308714,6.056657761290064e-05,-0.0013204894972434,2.0531065736406613e-09,9.710024069242706e-07,True,0.6426480286486637,0.6667953814020248,0.957999999999999
16,0.2,0.05,1.1,50.0,0.9,0.5,1.0,3000,0.3333333333333333,0.0067449060865046,risk_only,500,0,3.062302006865066e-05,4.278820194009316e-05,0.0009563064633086,0.0,4.336808689942019e-19,0.0076243404615522,0.0,0.0,0.0,-0.0013204894972434,2.0531065736406613e-09,9.710024069242706e-07,True,0.6426480286486637,0.6667953814020248,0.0
16,0.2,0.05,1.1,50.0,0.9,0.5,1.0,3000,0.3333333333333333,0.0067449060865046,outcome_based,500,0,-0.0003192394198379,0.0002463222111541,0.0055116744306427,0.112,0.0872628001941022,0.1426536880040623,0.006,0.0007554294816885,9.522283965892292e-05,-0.0013204894972434,2.0531065736406613e-09,9.710024069242706e-07,True,0.6426480286486637,0.6667953814020248,0.11199999999999775
16,0.2,0.05,1.1,50.0,0.9,0.5,1.0,3000,0.3333333333333333,0.0067449060865046,beta_known_mean,500,0,-0.0080393662308682,2.7223094631477544e-05,0.0080623332068205,0.984,0.9687488914666058,0.9918707469666116,0.0,0.0066369875891205,3.7886385575470657e-05,-0.0013204894972434,2.0531065736406613e-09,9.710024069242706e-07,True,0.6426480286486637,0.6667953814020248,0.9839999999999962
16,0.2,0.05,1.1,50.0,0.9,0.5,1.0,3000,0.5,0.0007495382877767,beta_estimated_mean,500,0,-0.0008639140660465,2.537204064755449e-06,0.0008657712043846,0.978,0.9610391387886836,0.9876719917300724,0.0,0.0007330484454456,4.921804027250788e-06,-0.000118134186694,2.0531065736406613e-09,9.710024069242706e-07,True,0.6426480286486637,0.6667953814020248,0.9779999999999832
16,0.2,0.05,1.1,50.0,0.9,0.5,1.0,3000,0.5,0.0007495382877767,risk_only,500,0,5.739135997706682e-06,7.963536170217174e-06,0.000177984476685,0.0,4.336808689942019e-19,0.0076243404615522,0.0,0.0,0.0,-0.000118134186694,2.0531065736406613e-09,9.710024069242706e-07,True,0.6426480286486637,0.6667953814020248,0.0
16,0.2,0.05,1.1,50.0,0.9,0.5,1.0,3000,0.5,0.0007495382877767,outcome_based,500,0,3.646171222325338e-05,9.112698483897508e-05,0.0020359491673452,0.31,0.2710389112735686,0.3518583381018213,0.07,0.0002323568692107,1.5518471457483045e-05,-0.000118134186694,2.0531065736406613e-09,9.710024069242706e-07,True,0.6426480286486637,0.6667953814020248,0.30999999999989725
16,0.2,0.05,1.1,50.0,0.9,0.5,1.0,3000,0.5,0.0007495382877767,beta_known_mean,500,0,-0.0008643744865213,2.3342382843954064e-06,0.0008659458057319,0.984,0.9687488914666058,0.9918707469666116,0.0,0.0007375456751723,4.210184131563497e-06,-0.000118134186694,2.0531065736406613e-09,9.710024069242706e-07,True,0.6426480286486637,0.6667953814020248,0.9840000000000363
16,0.2,0.05,1.1,50.0,0.9,0.5,1.0,10000,0.0588235294117647,-0.0001988302965116,beta_estimated_mean,500,0,7.048711975232019e-05,5.647317848702397e-05,0.0012634829474022,0.458,0.4148146097748511,0.5018258348239194,0.0,9.106427580234004e-05,4.434704327114285e-06,-0.0001448285645434,2.0531065736406613e-09,9.710024069242706e-07,False,0.6426480286486637,0.6667953814020248,0.458000000000137
16,0.2,0.05,1.1,50.0,0.9,0.5,1.0,10000,0.0588235294117647,-0.0001988302965116,risk_only,500,0,1.8520284040553785e-05,5.6587571054440455e-05,0.0012642062516234,0.44,0.397111794441699,0.4838031264136874,0.0,8.748533046513019e-05,4.418273937817553e-06,-0.0001448285645434,2.0531065736406613e-09,9.710024069242706e-07,False,0.6426480286486637,0.6667953814020248,0.44000000000013173
16,0.2,0.05,1.1,50.0,0.9,0.5,1.0,10000,0.0588235294117647,-0.0001988302965116,outcome_based,500,0,9.280296512246376e-06,1.517008719787872e-05,0.0003390011285429,0.284,0.2462377719556586,0.325055943123732,0.006,5.766078598838126e-05,4.038875449742369e-06,-0.0001448285645434,2.0531065736406613e-09,9.710024069242706e-07,False,0.6426480286486637,0.6667953814020248,0.2900000000000868
16,0.2,0.05,1.1,50.0,0.9,0.5,1.0,10000,0.0588235294117647,-0.0001988302965116,beta_known_mean,500,0,5.420318909509958e-05,1.6082753450449658e-06,6.502825502220857e-05,0.0,4.336808689942019e-19,0.0076243404615522,0.0,0.0,0.0,-0.0001448285645434,2.0531065736406613e-09,9.710024069242706e-07,False,0.6426480286486637,0.6667953814020248,0.0
16,0.2,0.05,1.1,50.0,0.9,0.5,1.0,10000,0.1111111111111111,-0.0040525619424886,beta_estimated_mean,500,0,0.0031773270682559,5.76865635470077e-05,0.0034286949945991,0.23,0.1952549251744704,0.2688622186747678,0.0,0.0009320892467723,7.634641864769125e-05,-0.0008863961521738,2.0531065736406613e-09,9.710024069242706e-07,False,0.6426480286486637,0.6667953814020248,0.22999999999998075
16,0.2,0.05,1.1,50.0,0.9,0.5,1.0,10000,0.1111111111111111,-0.0040525619424886,risk_only,500,0,2.3288260307070595e-05,5.727987697037576e-05,0.0012797474405651,0.002,0.0003531363945592,0.0112407067051467,0.0,8.10512388497725e-06,8.10512388497725e-06,-0.0008863961521738,2.0531065736406613e-09,9.710024069242706e-07,False,0.6426480286486637,0.6667953814020248,0.002000000000000012
16,0.2,0.05,1.1,50.0,0.9,0.5,1.0,10000,0.1111111111111111,-0.0040525619424886,outcome_based,500,0,-6.258805750945972e-05,7.29138794924961e-05,0.0016299747674253,0.006,0.0020425962719602,0.0174902521040533,0.0,2.431537165493175e-05,1.4010324884948764e-05,-0.0008863961521738,2.0531065736406613e-09,9.710024069242706e-07,False,0.6426480286486637,0.6667953814020248,0.006000000000000037
16,0.2,0.05,1.1,50.0,0.9,0.5,1.0,10000,0.1111111111111111,-0.0040525619424886,beta_known_mean,500,0,0.0031638296051386,1.0269818476616468e-05,0.003172136013312,0.0,4.336808689942019e-19,0.0076243404615522,0.0,0.0,0.0,-0.0008863961521738,2.0531065736406613e-09,9.710024069242706e-07,False,0.6426480286486637,0.6667953814020248,0.0
16,0.2,0.05,1.1,50.0,0.9,0.5,1.0,10000,0.2,-0.010066792073836,beta_estimated_mean,500,0,0.0078724592092642,4.978843703744713e-05,0.0079506338957583,0.032,0.0197915136265711,0.0513448690454417,0.0,0.0003221373463627,7.93146648633391e-05,-0.0021931319985467,2.0531065736406613e-09,9.710024069242706e-07,False,0.6426480286486637,0.6667953814020248,0.03199999999999483
16,0.2,0.05,1.1,50.0,0.9,0.5,1.0,10000,0.2,-0.010066792073836,risk_only,500,0,1.5487315540268027e-05,4.78366943094659e-05,0.0010687030311778,0.0,4.336808689942019e-19,0.0076243404615522,0.0,0.0,0.0,-0.0021931319985467,2.0531065736406613e-09,9.710024069242706e-07,False,0.6426480286486637,0.6667953814020248,0.0
16,0.2,0.05,1.1,50.0,0.9,0.5,1.0,10000,0.2,-0.010066792073836,outcome_based,500,0,3.0142073834874104e-05,0.0001552274530466,0.0034676496466795,0.0,4.336808689942019e-19,0.0076243404615522,0.0,0.0,0.0,-0.0021931319985467,2.0531065736406613e-09,9.710024069242706e-07,False,0.6426480286486637,0.6667953814020248,0.0
16,0.2,0.05,1.1,50.0,0.9,0.5,1.0,10000,0.2,-0.010066792073836,beta_known_mean,500,0,0.0078638138392757,2.590296554859502e-05,0.0078850731732347,0.0,4.336808689942019e-19,0.0076243404615522,0.0,0.0,0.0,-0.0021931319985467,2.0531065736406613e-09,9.710024069242706e-07,False,0.6426480286486637,0.6667953814020248,0.0
16,0.2,0.05,1.1,50.0,0.9,0.5,1.0,10000,0.3333333333333333,0.0067449060865046,beta_estimated_mean,500,0,-0.0080649506208053,1.9071446297449495e-05,0.0080761949473686,1.0,0.992375659538448,1.0,0.0,0.0067449060865046,0.0,-0.0013204894972434,2.0531065736406613e-09,9.710024069242706e-07,True,0.6426480286486637,0.6667953814020248,1.0
16,0.2,0.05,1.1,50.0,0.9,0.5,1.0,10000,0.3333333333333333,0.0067449060865046,risk_only,500,0,-1.1342265066347248e-05,2.4394304401081707e-05,0.0005450455104814,0.0,4.336808689942019e-19,0.0076243404615522,0.0,0.0,0.0,-0.0013204894972434,2.0531065736406613e-09,9.710024069242706e-07,True,0.6426480286486637,0.6667953814020248,0.0
16,0.2,0.05,1.1,50.0,0.9,0.5,1.0,10000,0.3333333333333333,0.0067449060865046,outcome_based,500,0,0.0001491939134954,0.0001383419581137,0.0030939245326646,0.006,0.0020425962719602,0.0174902521040533,0.002,4.046943651902788e-05,2.3318169328799527e-05,-0.0013204894972434,2.0531065736406613e-09,9.710024069242706e-07,True,0.6426480286486637,0.6667953814020248,0.006000000000000043
16,0.2,0.05,1.1,50.0,0.9,0.5,1.0,10000,0.3333333333333333,0.0067449060865046,beta_known_mean,500,0,-0.0080680411193262,1.5197776840590375e-05,0.0080751806630667,1.0,0.992375659538448,1.0,0.0,0.0067449060865046,0.0,-0.0013204894972434,2.0531065736406613e-09,9.710024069242706e-07,True,0.6426480286486637,0.6667953814020248,1.0
16,0.2,0.05,1.1,50.0,0.9,0.5,1.0,10000,0.5,0.0007495382877767,beta_estimated_mean,500,0,-0.0008669581669557,1.368958146806598e-06,0.0008674973270326,1.0,0.992375659538448,1.0,0.0,0.0007495382877767,4.8535555027714175e-21,-0.000118134186694,2.0531065736406613e-09,9.710024069242706e-07,True,0.6426480286486637,0.6667953814020248,1.0
16,0.2,0.05,1.1,50.0,0.9,0.5,1.0,10000,0.5,0.0007495382877767,risk_only,500,0,-5.257101841021806e-06,4.159290390595421e-06,9.306011873978712e-05,0.0,4.336808689942019e-19,0.0076243404615522,0.0,0.0,0.0,-0.000118134186694,2.0531065736406613e-09,9.710024069242706e-07,True,0.6426480286486637,0.6667953814020248,0.0
16,0.2,0.05,1.1,50.0,0.9,0.5,1.0,10000,0.5,0.0007495382877767,outcome_based,500,0,6.486171222325334e-05,4.791091934397387e-05,0.0010722125170471,0.2,0.1672854989717574,0.2372891053051739,0.028,0.0001499076575553,1.3421576799968398e-05,-0.000118134186694,2.0531065736406613e-09,9.710024069242706e-07,True,0.6426480286486637,0.6667953814020248,0.1999999999999466
16,0.2,0.05,1.1,50.0,0.9,0.5,1.0,10000,0.5,0.0007495382877767,beta_known_mean,500,0,-0.0008671245587843,1.2678091467819214e-06,0.0008675869196358,1.0,0.992375659538448,1.0,0.0,0.0007495382877767,4.8535555027714175e-21,-0.000118134186694,2.0531065736406613e-09,9.710024069242706e-07,True,0.6426480286486637,0.6667953814020248,1.0
17,0.2,0.05,1.1,50.0,0.9,0.9,0.5,500,0.0588235294117647,-7.361965843585838e-05,beta_estimated_mean,500,0,-0.0003605967956514,0.0002775849850781,0.0062112549935998,0.474,0.4305981140734963,0.5177983516305045,0.0,3.489571809859687e-05,1.645604886428208e-06,-0.0001448285645434,2.7026618766301524e-05,6.175610527958675e-05,False,0.6503087238738147,0.6566501267978964,0.474
17,0.2,0.05,1.1,50.0,0.9,0.9,0.5,500,0.0588235294117647,-7.361965843585838e-05,risk_only,500,0,-0.0002939311718649,0.000277062276102,0.006196078150603,0.484,0.4404854432314528,0.527758535663317,0.0,3.5631914682955454e-05,1.6469903591974666e-06,-0.0001448285645434,2.7026618766301524e-05,6.175610527958675e-05,False,0.6503087238738147,0.6566501267978964,0.484
17,0.2,0.05,1.1,50.0,0.9,0.9,0.5,500,0.0588235294117647,-7.361965843585838e-05,outcome_based,500,0,0.0001451196584358,8.27827365030036e-05,0.0018549117136037,0.412,0.369688475931219,0.4556534079900142,0.058,3.460123946485344e-05,1.6448654904504484e-06,-0.0001448285645434,2.7026618766301524e-05,6.175610527958675e-05,False,0.6503087238738147,0.6566501267978964,0.47000000000000003
17,0.2,0.05,1.1,50.0,0.9,0.9,0.5,500,0.0588235294117647,-7.361965843585838e-05,beta_known_mean,500,0,-6.999273174491732e-05,7.976588421509925e-06,0.0001914375562875,0.216,0.1821677448541941,0.2541628805279675,0.0,1.5901846222145412e-05,1.3562146528375964e-06,-0.0001448285645434,2.7026618766301524e-05,6.175610527958675e-05,False,0.6503087238738147,0.6566501267978964,0.21600000000000003
17,0.2,0.05,1.1,50.0,0.9,0.9,0.5,500,0.1111111111111111,-0.0005121173535643,beta_estimated_mean,500,0,-0.0006208491073146,0.0002831737728759,0.0063560175464525,0.43,0.3873016475903593,0.4737657600742581,0.0,0.0002202104620326,1.1349869690592562e-05,-0.0008863961521738,2.7026618766301524e-05,6.175610527958675e-05,False,0.6503087238738147,0.6566501267978964,0.42999999999990435
17,0.2,0.05,1.1,50.0,0.9,0.9,0.5,500,0.1111111111111111,-0.0005121173535643,risk_only,500,0,-0.0002674964516184,0.0002783591867508,0.0062238243017513,0.464,0.4207281870075268,0.5078207655057051,0.0,0.0002376224520538,1.1433010566235284e-05,-0.0008863961521738,2.7026618766301524e-05,6.175610527958675e-05,False,0.6503087238738147,0.6566501267978964,0.46399999999993125
17,0.2,0.05,1.1,50.0,0.9,0.9,0.5,500,0.1111111111111111,-0.0005121173535643,outcome_based,500,0,0.0001761173535643,0.0003229338640668,0.0072159456291067,0.514,0.470251511580072,0.5575350068870044,0.006,0.0002663010238534,1.1453586768500431e-05,-0.0008863961521738,2.7026618766301524e-05,6.175610527958675e-05,False,0.6503087238738147,0.6566501267978964,0.5199999999999296
17,0.2,0.05,1.1,50.0,0.9,0.9,0.5,500,0.1111111111111111,-0.0005121173535643,beta_known_mean,500,0,-0.0003539397277314,4.764726067989624e-05,0.0011216656340306,0.216,0.1821677448541941,0.2541628805279675,0.0,0.0001106173483699,9.434179316134218e-06,-0.0008863961521738,2.7026618766301524e-05,6.175610527958675e-05,False,0.6503087238738147,0.6566501267978964,0.21600000000002187
17,0.2,0.05,1.1,50.0,0.9,0.9,0.5,500,0.2,-0.0017519030870762,beta_estimated_mean,500,0,-0.0005491545549096,0.0002393947310907,0.0053757957108617,0.328,0.2882961898405897,0.3703265832781843,0.0,0.000574624212561,3.6819794771836845e-05,-0.0021931319985467,2.7026618766301524e-05,6.175610527958675e-05,False,0.6503087238738147,0.6566501267978964,0.3280000000000036
17,0.2,0.05,1.1,50.0,0.9,0.9,0.5,500,0.2,-0.0017519030870762,risk_only,500,0,-0.0001738386393117,0.0002289765935165,0.0051179028694728,0.362,0.3210760441781857,0.4050282737892027,0.0,0.0006341889175216,3.768985179638873e-05,-0.0021931319985467,2.7026618766301524e-05,6.175610527958675e-05,False,0.6503087238738147,0.6566501267978964,0.3620000000000089
17,0.2,0.05,1.1,50.0,0.9,0.9,0.5,500,0.2,-0.0017519030870762,outcome_based,500,0,0.0004409030870762,0.0007324510407215,0.016367656354292,0.466,0.4227007774569098,0.5098176776944758,0.01,0.0008339058694483,3.916777713076255e-05,-0.0021931319985467,2.7026618766301524e-05,6.175610527958675e-05,False,0.6503087238738147,0.6566501267978964,0.47600000000001647
17,0.2,0.05,1.1,50.0,0.9,0.9,0.5,500,0.2,-0.0017519030870762,beta_known_mean,500,0,-0.0003892520448495,0.000118129284608,0.0026673632237741,0.216,0.1821677448541941,0.2541628805279675,0.0,0.0003784110668084,3.227339935452612e-05,-0.0021931319985467,2.7026618766301524e-05,6.175610527958675e-05,False,0.6503087238738147,0.6566501267978964,0.21599999999996622
17,0.2,0.05,1.1,50.0,0.9,0.9,0.5,500,0.3333333333333333,-0.0017826859742619,beta_estimated_mean,500,0,0.0004531754137051,9.162583419499024e-05,0.0020963347557245,0.26,0.2234857231853828,0.3001739602361623,0.0,0.000463498353308,3.500476034093227e-05,-0.0013204894972434,2.7026618766301524e-05,6.175610527958675e-05,False,0.6503087238738147,0.6566501267978964,0.2599999999999473
17,0.2,0.05,1.1,50.0,0.9,0.9,0.5,500,0.3333333333333333,-0.0017826859742619,risk_only,500,0,1.1145401569203114e-05,0.00011767911355,0.002628775899383,0.254,0.2178202549151866,0.2939309205918972,0.0,0.0004528022374625,3.473848280438696e-05,-0.0013204894972434,2.7026618766301524e-05,6.175610527958675e-05,False,0.6503087238738147,0.6566501267978964,0.2539999999999873
17,0.2,0.05,1.1,50.0,0.9,0.9,0.5,500,0.3333333333333333,-0.0017826859742619,outcome_based,500,0,0.0002126859742619,0.0005723297324491,0.0127866467583822,0.428,0.3853417553894058,0.4717561496370578,0.02,0.0007986433164693,3.968561552619448e-05,-0.0013204894972434,2.7026618766301524e-05,6.175610527958675e-05,False,0.6503087238738147,0.6566501267978964,0.44799999999998247
17,0.2,0.05,1.1,50.0,0.9,0.9,0.5,500,0.3333333333333333,-0.0017826859742619,beta_known_mean,500,0,0.0004908403663535,7.1075638145456e-05,0.0016618500798195,0.216,0.1821677448541941,0.2541628805279675,0.0,0.0003850601704405,3.284047890290779e-05,-0.0013204894972434,2.7026618766301524e-05,6.175610527958675e-05,False,0.6503087238738147,0.6566501267978964,0.2159999999999605
17,0.2,0.05,1.1,50.0,0.9,0.9,0.5,500,0.5,-0.0003018922141655,beta_estimated_mean,500,0,0.0001782076286222,7.655511572524599e-06,0.000246987410125,0.232,0.1971292384527146,0.2709574080346774,0.0,7.003899368640185e-05,5.7046137227748064e-06,-0.000118134186694,2.7026618766301524e-05,6.175610527958675e-05,False,0.6503087238738147,0.6566501267978964,0.23200000000001936
17,0.2,0.05,1.1,50.0,0.9,0.9,0.5,500,0.5,-0.0003018922141655,risk_only,500,0,2.41618535281702e-05,2.478805542771677e-05,0.0005542501181035,0.322,0.2825360924255015,0.3641781727788112,0.0,9.72092929612991e-05,6.314579315115613e-06,-0.000118134186694,2.7026618766301524e-05,6.175610527958675e-05,False,0.6503087238738147,0.6566501267978964,0.3220000000000268
17,0.2,0.05,1.1,50.0,0.9,0.9,0.5,500,0.5,-0.0003018922141655,outcome_based,500,0,9.892214165525298e-06,0.0002576397260845,0.00575524403096,0.398,0.3560299779038944,0.4415253875502624,0.152,0.000166040717791,6.723404515464616e-06,-0.000118134186694,2.7026618766301524e-05,6.175610527958675e-05,False,0.6503087238738147,0.6566501267978964,0.5499999999999172
17,0.2,0.05,1.1,50.0,0.9,0.9,0.5,500,0.5,-0.0003018922141655,beta_known_mean,500,0,0.0001808832260879,6.931821846350577e-06,0.0002381087322645,0.216,0.1821677448541941,0.2541628805279675,0.0,6.520871825975343e-05,5.561430915705623e-06,-0.000118134186694,2.7026618766301524e-05,6.175610527958675e-05,False,0.6503087238738147,0.6566501267978964,0.216000000000018
17,0.2,0.05,1.1,50.0,0.9,0.9,0.5,3000,0.0588235294117647,-7.361965843585838e-05,beta_estimated_mean,500,0,-4.086155199451025e-05,0.0001073294655927,0.0023979068256415,0.474,0.4305981140734963,0.5177983516305045,0.0,3.489571809859687e-05,1.645604886428208e-06,-0.0001448285645434,2.7026618766301524e-05,6.175610527958675e-05,False,0.6503087238738147,0.6566501267978964,0.474
17,0.2,0.05,1.1,50.0,0.9,0.9,0.5,3000,0.0588235294117647,-7.361965843585838e-05,risk_only,500,0,2.641234804544984e-05,0.0001069491941511,0.0023892100256764,0.486,0.4424649931129956,0.5297484884199279,0.0,3.577915399982717e-05,1.6471881887489711e-06,-0.0001448285645434,2.7026618766301524e-05,6.175610527958675e-05,False,0.6503087238738147,0.6566501267978964,0.48599999999999993
17,0.2,0.05,1.1,50.0,0.9,0.9,0.5,3000,0.0588235294117647,-7.361965843585838e-05,outcome_based,500,0,-6.129700823082171e-05,3.2963956036448686e-05,0.0007389058800733,0.406,0.3638304421340635,0.4496029338727085,0.012,3.07730172261888e-05,1.6255231487349333e-06,-0.0001448285645434,2.7026618766301524e-05,6.175610527958675e-05,False,0.6503087238738147,0.6566501267978964,0.418
17,0.2,0.05,1.1,50.0,0.9,0.9,0.5,3000,0.0588235294117647,-7.361965843585838e-05,beta_known_mean,500,0,-7.099335678279328e-05,3.3822314888520485e-06,0.0001036743080012,0.026,0.0152563839233272,0.0439714908342242,0.0,1.914111119332318e-06,5.244567481060877e-07,-0.0001448285645434,2.7026618766301524e-05,6.175610527958675e-05,False,0.6503087238738147,0.6566501267978964,0.026
17,0.2,0.05,1.1,50.0,0.9,0.9,0.5,3000,0.1111111111111111,-0.0005121173535643,beta_estimated_mean,500,0,-0.0003447474789327,0.0001106716219894,0.0024961383321458,0.346,0.3056212317880792,0.3887270650740789,0.0,0.0001771926043332,1.0905514092380113e-05,-0.0008863961521738,2.7026618766301524e-05,6.175610527958675e-05,False,0.6503087238738147,0.6566501267978964,0.34599999999990666
17,0.2,0.05,1.1,50.0,0.9,0.9,0.5,3000,0.1111111111111111,-0.0005121173535643,risk_only,500,0,1.5132439533867448e-05,0.0001086114785491,0.0024262438405418,0.396,0.3540817035027573,0.4395041593132456,0.0,0.0002027984720114,1.1212056613908632e-05,-0.0008863961521738,2.7026618766301524e-05,6.175610527958675e-05,False,0.6503087238738147,0.6566501267978964,0.3959999999998774
17,0.2,0.05,1.1,50.0,0.9,0.9,0.5,3000,0.1111111111111111,-0.0005121173535643,outcome_based,500,0,6.034020230938686e-06,0.0001255079398765,0.0028036414985619,0.418,0.3755530480719333,0.4616973437637613,0.008,0.0002181619926184,1.133652540181754e-05,-0.0008863961521738,2.7026618766301524e-05,6.175610527958675e-05,False,0.6503087238738147,0.6566501267978964,0.426000000000016
17,0.2,0.05,1.1,50.0,0.9,0.9,0.5,3000,0.1111111111111111,-0.0005121173535643,beta_known_mean,500,0,-0.0003727672852485,2.052890597889868e-05,0.0005909754676093,0.026,0.0152563839233272,0.0439714908342242,0.0,1.3315051192674203e-05,3.6482565608896703e-06,-0.0008863961521738,2.7026618766301524e-05,6.175610527958675e-05,False,0.6503087238738147,0.6566501267978964,0.026000000000004693
17,0.2,0.05,1.1,50.0,0.9,0.9,0.5,3000,0.2,-0.0017519030870762,beta_estimated_mean,500,0,-0.0004217557204801,9.689395228559249e-05,0.002205154970638,0.146,0.1177487668264692,0.1796492662203097,0.0,0.0002557778507131,2.769269154559326e-05,-0.0021931319985467,2.7026618766301524e-05,6.175610527958675e-05,False,0.6503087238738147,0.6566501267978964,0.1459999999999856
17,0.2,0.05,1.1,50.0,0.9,0.9,0.5,3000,0.2,-0.0017519030870762,risk_only,500,0,4.587168954118815e-06,9.228138553095392e-05,0.0020614151075801,0.184,0.1524894793781606,0.2203291037935404,0.0,0.000322350168022,3.0388817149117443e-05,-0.0021931319985467,2.7026618766301524e-05,6.175610527958675e-05,False,0.6503087238738147,0.6566501267978964,0.18399999999998815
17,0.2,0.05,1.1,50.0,0.9,0.9,0.5,3000,0.2,-0.0017519030870762,outcome_based,500,0,0.0001934030870762,0.0002891855341427,0.0064628099971796,0.402,0.359928740326145,0.4455656304043193,0.0,0.0007042650410046,3.8452397541671495e-05,-0.0021931319985467,2.7026618766301524e-05,6.175610527958675e-05,False,0.6503087238738147,0.6566501267978964,0.40199999999998154
17,0.2,0.05,1.1,50.0,0.9,0.9,0.5,3000,0.2,-0.0017519030870762,beta_known_mean,500,0,-0.0004390027576447,5.079458126657805e-05,0.0012166298018531,0.026,0.0152563839233272,0.0439714908342242,0.0,4.554948026398317e-05,1.248032679811396e-05,-0.0021931319985467,2.7026618766301524e-05,6.175610527958675e-05,False,0.6503087238738147,0.6566501267978964,0.026000000000001126
17,0.2,0.05,1.1,50.0,0.9,0.9,0.5,3000,0.3333333333333333,-0.0017826859742619,beta_estimated_mean,500,0,0.0004677001954602,3.838888446597048e-05,0.0009767921947137,0.062,0.0440192091426815,0.0866597131016382,0.0,0.0001105265304042,1.924517385366678e-05,-0.0013204894972434,2.7026618766301524e-05,6.175610527958675e-05,False,0.6503087238738147,0.6566501267978964,0.061999999999978794
17,0.2,0.05,1.1,50.0,0.9,0.9,0.5,3000,0.3333333333333333,-0.0017826859742619,risk_only,500,0,1.4801748016285424e-05,4.934844225922944e-05,0.0011024600671666,0.062,0.0440192091426815,0.0866597131016382,0.0,0.0001105265304042,1.924517385366678e-05,-0.0013204894972434,2.7026618766301524e-05,6.175610527958675e-05,False,0.6503087238738147,0.6566501267978964,0.061999999999978794
17,0.2,0.05,1.1,50.0,0.9,0.9,0.5,3000,0.3333333333333333,-0.0017826859742619,outcome_based,500,0,-0.000108314025738,0.0002478316434425,0.0055371990347461,0.364,0.3230114359189264,0.4070623846866158,0.008,0.0006631591824254,3.857232937147552e-05,-0.0013204894972434,2.7026618766301524e-05,6.175610527958675e-05,False,0.6503087238738147,0.6566501267978964,0.3719999999999849
17,0.2,0.05,1.1,50.0,0.9,0.9,0.5,3000,0.3333333333333333,-0.0017826859742619,beta_known_mean,500,0,0.0004645854072516,3.059963778221626e-05,0.0008264818080273,0.026,0.0152563839233272,0.0439714908342242,0.0,4.634983533080997e-05,1.269962003111322e-05,-0.0013204894972434,2.7026618766301524e-05,6.175610527958675e-05,False,0.6503087238738147,0.6566501267978964,0.026000000000000318
17,0.2,0.05,1.1,50.0,0.9,0.9,0.5,3000,0.5,-0.0003018922141655,beta_estimated_mean,500,0,0.0001835173365533,3.043885706191605e-06,0.0001957088850093,0.044,0.0292339556286071,0.0657194428723284,0.0,1.3283257423283109e-05,2.7717683043882258e-06,-0.000118134186694,2.7026618766301524e-05,6.175610527958675e-05,False,0.6503087238738147,0.6566501267978964,0.04400000000000367
17,0.2,0.05,1.1,50.0,0.9,0.9,0.5,3000,0.5,-0.0003018922141655,risk_only,500,0,7.692693189223568e-06,1.00840960601275e-05,0.0002253929573214,0.094,0.0714264085922213,0.1227645558625591,0.0,2.837786813155937e-05,3.943934244168862e-06,-0.000118134186694,2.7026618766301524e-05,6.175610527958675e-05,False,0.6503087238738147,0.6566501267978964,0.09400000000000784
17,0.2,0.05,1.1,50.0,0.9,0.9,0.5,3000,0.5,-0.0003018922141655,outcome_based,500,0,0.0001078922141655,0.0001146565801594,0.0025635054681886,0.462,0.418756295158793,0.505823154716285,0.036,0.0001503423226544,6.757221726903961e-06,-0.000118134186694,2.7026618766301524e-05,6.175610527958675e-05,False,0.6503087238738147,0.6566501267978964,0.49799999999993705
17,0.2,0.05,1.1,50.0,0.9,0.9,0.5,3000,0.5,-0.0003018922141655,beta_known_mean,500,0,0.0001835806972613,2.814241465078794e-06,0.0001940462057444,0.026,0.0152563839233272,0.0439714908342242,0.0,7.849197568303655e-06,2.1506403626925747e-06,-0.000118134186694,2.7026618766301524e-05,6.175610527958675e-05,False,0.6503087238738147,0.6566501267978964,0.02600000000000217
17,0.2,0.05,1.1,50.0,0.9,0.9,0.5,10000,0.0588235294117647,-7.361965843585838e-05,beta_estimated_mean,500,0,-0.0001088516951057,5.963083165215568e-05,0.0013364920116512,0.46,0.4167851025299866,0.5038248447069378,0.0,3.386504288049486e-05,1.6425527327668316e-06,-0.0001448285645434,2.7026618766301524e-05,6.175610527958675e-05,False,0.6503087238738147,0.6566501267978964,0.46
17,0.2,0.05,1.1,50.0,0.9,0.9,0.5,10000,0.0588235294117647,-7.361965843585838e-05,risk_only,500,0,-3.941707555636276e-05,5.941166049770514e-05,0.0013277411878787,0.474,0.4305981140734963,0.5177983516305045,0.0,3.489571809859687e-05,1.645604886428208e-06,-0.0001448285645434,2.7026618766301524e-05,6.175610527958675e-05,False,0.6503087238738147,0.6566501267978964,0.474
17,0.2,0.05,1.1,50.0,0.9,0.9,0.5,10000,0.0588235294117647,-7.361965843585838e-05,outcome_based,500,0,2.6594658435985185e-05,1.6997660196461468e-05,0.0003806291915793,0.444,0.4010408191814197,0.4878131069502743,0.01,3.34233249298797e-05,1.6408458128304554e-06,-0.0001448285645434,2.7026618766301524e-05,6.175610527958675e-05,False,0.6503087238738147,0.6566501267978964,0.45399999999999996
17,0.2,0.05,1.1,50.0,0.9,0.9,0.5,10000,0.0588235294117647,-7.361965843585838e-05,beta_known_mean,500,0,-7.185489754114305e-05,1.922897093737086e-06,8.371496511357051e-05,0.0,4.336808689942019e-19,0.0076243404615522,0.0,0.0,0.0,-0.0001448285645434,2.7026618766301524e-05,6.175610527958675e-05,False,0.6503087238738147,0.6566501267978964,0.0
17,0.2,0.05,1.1,50.0,0.9,0.9,0.5,10000,0.1111111111111111,-0.0005121173535643,beta_estimated_mean,500,0,-0.0004119912162482,6.154516477528422e-05,0.0014352186622835,0.234,0.1990046985940334,0.2730514505315124,0.0,0.000119835460734,9.70602785300325e-06,-0.0008863961521738,2.7026618766301524e-05,6.175610527958675e-05,False,0.6503087238738147,0.6566501267978964,0.2339999999999098
17,0.2,0.05,1.1,50.0,0.9,0.9,0.5,10000,0.1111111111111111,-0.0005121173535643,risk_only,500,0,-4.055400624702973e-05,6.059516852540224e-05,0.0013542008998981,0.346,0.3056212317880792,0.3887270650740789,0.0,0.0001771926043332,1.0905514092380113e-05,-0.0008863961521738,2.7026618766301524e-05,6.175610527958675e-05,False,0.6503087238738147,0.6566501267978964,0.34599999999990666
17,0.2,0.05,1.1,50.0,0.9,0.9,0.5,10000,0.1111111111111111,-0.0005121173535643,outcome_based,500,0,-1.2557646435438246e-05,7.224233227752549e-05,0.0016138203203452,0.346,0.3056212317880792,0.3887270650740789,0.004,0.0001792410737475,1.0934776738624558e-05,-0.0008863961521738,2.7026618766301524e-05,6.175610527958675e-05,False,0.6503087238738147,0.6566501267978964,0.34999999999999026
17,0.2,0.05,1.1,50.0,0.9,0.9,0.5,10000,0.1111111111111111,-0.0005121173535643,beta_known_mean,500,0,-0.0003776205549751,1.1622156373675623e-05,0.0004582569894808,0.0,4.336808689942019e-19,0.0076243404615522,0.0,0.0,0.0,-0.0008863961521738,2.7026618766301524e-05,6.175610527958675e-05,False,0.6503087238738147,0.6566501267978964,0.0
17,0.2,0.05,1.1,50.0,0.9,0.9,0.5,10000,0.2,-0.0017519030870762,beta_estimated_mean,500,0,-0.0004698556776954,5.416714527040937e-05,0.0012980254587675,0.03,0.0182632131979133,0.0489036668359457,0.0,5.255709261228827e-05,1.337846539388283e-05,-0.0021931319985467,2.7026618766301524e-05,6.175610527958675e-05,False,0.6503087238738147,0.6566501267978964,0.030000000000001296
17,0.2,0.05,1.1,50.0,0.9,0.9,0.5,10000,0.2,-0.0017519030870762,risk_only,500,0,-2.1054934326846603e-05,5.139523760816182e-05,0.0011482756917266,0.064,0.0456960160447894,0.0889524088376841,0.0,0.0001121217975728,1.9194982321002643e-05,-0.0021931319985467,2.7026618766301524e-05,6.175610527958675e-05,False,0.6503087238738147,0.6566501267978964,0.06399999999995616
17,0.2,0.05,1.1,50.0,0.9,0.9,0.5,10000,0.2,-0.0017519030870762,outcome_based,500,0,-0.0001238469129238,0.000158870469336,0.0035510577642925,0.28,0.2424360430412755,0.3209186667618076,0.002,0.0004940366705555,3.5289587455914474e-05,-0.0021931319985467,2.7026618766301524e-05,6.175610527958675e-05,False,0.6503087238738147,0.6566501267978964,0.28200000000000663
17,0.2,0.05,1.1,50.0,0.9,0.9,0.5,10000,0.2,-0.0017519030870762,beta_known_mean,500,0,-0.0004494958528175,2.869755543866417e-05,0.0007829417705612,0.0,4.336808689942019e-19,0.0076243404615522,0.0,0.0,0.0,-0.0021931319985467,2.7026618766301524e-05,6.175610527958675e-05,False,0.6503087238738147,0.6566501267978964,0.0
17,0.2,0.05,1.1,50.0,0.9,0.9,0.5,10000,0.3333333333333333,-0.0017826859742619,beta_estimated_mean,500,0,0.0004531548457925,2.162960378405317e-05,0.0006624208288036,0.0,4.336808689942019e-19,0.0076243404615522,0.0,0.0,0.0,-0.0013204894972434,2.7026618766301524e-05,6.175610527958675e-05,False,0.6503087238738147,0.6566501267978964,0.0
17,0.2,0.05,1.1,50.0,0.9,0.9,0.5,10000,0.3333333333333333,-0.0017826859742619,risk_only,500,0,-3.0784444606475787e-06,2.776935020588053e-05,0.0006203279337881,0.002,0.0003531363945592,0.0112407067051467,0.0,3.565371948523844e-06,3.565371948523844e-06,-0.0013204894972434,2.7026618766301524e-05,6.175610527958675e-05,False,0.6503087238738147,0.6566501267978964,0.0020000000000000243
17,0.2,0.05,1.1,50.0,0.9,0.9,0.5,10000,0.3333333333333333,-0.0017826859742619,outcome_based,500,0,1.1859742618743342e-06,0.0001348926891093,0.0030132746566709,0.268,0.231053973436348,0.3084837205378122,0.004,0.0004848905849992,3.551196601821361e-05,-0.0013204894972434,2.7026618766301524e-05,6.175610527958675e-05,False,0.6503087238738147,0.6566501267978964,0.2719999999999793
17,0.2,0.05,1.1,50.0,0.9,0.9,0.5,10000,0.3333333333333333,-0.0017826859742619,beta_known_mean,500,0,0.0004571482638331,1.733533054344828e-05,0.0005991167365096,0.0,4.336808689942019e-19,0.0076243404615522,0.0,0.0,0.0,-0.0013204894972434,2.7026618766301524e-05,6.175610527958675e-05,False,0.6503087238738147,0.6566501267978964,0.0
17,0.2,0.05,1.1,50.0,0.9,0.9,0.5,10000,0.5,-0.0003018922141655,beta_estimated_mean,500,0,0.0001828593817272,1.728672356940459e-06,0.00018689226639,0.0,4.336808689942019e-19,0.0076243404615522,0.0,0.0,0.0,-0.000118134186694,2.7026618766301524e-05,6.175610527958675e-05,False,0.6503087238738147,0.6566501267978964,0.0
17,0.2,0.05,1.1,50.0,0.9,0.9,0.5,10000,0.5,-0.0003018922141655,risk_only,500,0,-1.0247932161683333e-05,5.99423379830956e-06,0.0001342926233609,0.014,0.0067977897908434,0.0286130691377852,0.0,4.226490998317352e-06,1.5878304096367445e-06,-0.000118134186694,2.7026618766301524e-05,6.175610527958675e-05,False,0.6503087238738147,0.6566501267978964,0.014000000000001164
17,0.2,0.05,1.1,50.0,0.9,0.9,0.5,10000,0.5,-0.0003018922141655,outcome_based,500,0,1.7692214165525178e-05,6.044607660016244e-05,0.0013503789743779,0.424,0.381424117793864,0.467734781956292,0.036,0.0001388704185161,6.735617794405367e-06,-0.000118134186694,2.7026618766301524e-05,6.175610527958675e-05,False,0.6503087238738147,0.6566501267978964,0.45999999999990066
17,0.2,0.05,1.1,50.0,0.9,0.9,0.5,10000,0.5,-0.0003018922141655,beta_known_mean,500,0,0.0001830316093312,1.6046085545366718e-06,0.0001865083900322,0.0,4.336808689942019e-19,0.0076243404615522,0.0,0.0,0.0,-0.000118134186694,2.7026618766301524e-05,6.175610527958675e-05,False,0.6503087238738147,0.6566501267978964,0.0
18,0.2,0.05,1.1,50.0,0.9,0.9,1.0,500,0.0588235294117647,-2.4107523282912435e-06,beta_estimated_mean,500,0,-0.0005036243806148,0.0002665930543286,0.005976495124089,0.46,0.4167851025299866,0.5038248447069378,0.0,1.108946071013972e-06,5.378709856836372e-08,-0.0001448285645434,2.0531065736406613e-09,2.7001538782656102e-09,False,0.6426480286486637,0.6473630593954074,0.46
18,0.2,0.05,1.1,50.0,0.9,0.9,1.0,500,0.0588235294117647,-2.4107523282912435e-06,risk_only,500,0,-0.0003690929804162,0.0002640296681835,0.0059095135843026,0.46,0.4167851025299866,0.5038248447069378,0.0,1.108946071013972e-06,5.378709856836372e-08,-0.0001448285645434,2.0531065736406613e-09,2.7001538782656102e-09,False,0.6426480286486637,0.6473630593954074,0.46
18,0.2,0.05,1.1,50.0,0.9,0.9,1.0,500,0.0588235294117647,-2.4107523282912435e-06,outcome_based,500,0,-2.8589247671709727e-05,3.349547572117081e-05,0.0007487782349149,0.316,0.2767836281199081,0.3580221291699432,0.268,1.407879359722086e-06,5.31931134676683e-08,-0.0001448285645434,2.0531065736406613e-09,2.7001538782656102e-09,False,0.6426480286486637,0.6473630593954074,0.5839999999999999
18,0.2,0.05,1.1,50.0,0.9,0.9,1.0,500,0.0588235294117647,-2.4107523282912435e-06,beta_known_mean,500,0,-0.000146933750408,1.0136000975093232e-05,0.0002699185921287,0.254,0.2178202549151866,0.2939309205918972,0.0,6.123310913859758e-07,4.697735861003458e-08,-0.0001448285645434,2.0531065736406613e-09,2.7001538782656102e-09,False,0.6426480286486637,0.6473630593954074,0.254
18,0.2,0.05,1.1,50.0,0.9,0.9,1.0,500,0.1111111111111111,-0.0001378385549549,beta_estimated_mean,500,0,-0.0010916610016823,0.0002881249160587,0.0065281460922886,0.428,0.3853417553894058,0.4717561496370578,0.0,5.899490152071618e-05,3.053095137661248e-06,-0.0008863961521738,2.0531065736406613e-09,2.7001538782656102e-09,False,0.6426480286486637,0.6473630593954074,0.42800000000013766
18,0.2,0.05,1.1,50.0,0.9,0.9,1.0,500,0.1111111111111111,-0.0001378385549549,risk_only,500,0,-0.0003817266966098,0.0002756896038905,0.0061702584516271,0.46,0.4167851025299866,0.5038248447069378,0.0,6.34057352792744e-05,3.075361933648927e-06,-0.0008863961521738,2.0531065736406613e-09,2.7001538782656102e-09,False,0.6426480286486637,0.6473630593954074,0.460000000000148
18,0.2,0.05,1.1,50.0,0.9,0.9,1.0,500,0.1111111111111111,-0.0001378385549549,outcome_based,500,0,-9.016144504505988e-05,0.0002615087103926,0.0058423578361968,0.478,0.4345509603938758,0.5217845105864325,0.016,6.809224614774251e-05,3.0850284367090533e-06,-0.0008863961521738,2.0531065736406613e-09,2.7001538782656102e-09,False,0.6426480286486637,0.6473630593954074,0.494000000000159
18,0.2,0.05,1.1,50.0,0.9,0.9,1.0,500,0.1111111111111111,-0.0001378385549549,beta_known_mean,500,0,-0.0007632131202734,6.0531843423122935e-05,0.0015527015801466,0.254,0.2178202549151866,0.2939309205918972,0.0,3.5010992958555865e-05,2.686004344128169e-06,-0.0008863961521738,2.0531065736406613e-09,2.7001538782656102e-09,False,0.6426480286486637,0.6473630593954074,0.2540000000000817
18,0.2,0.05,1.1,50.0,0.9,0.9,1.0,500,0.2,-0.0013106741756057,beta_estimated_mean,500,0,-0.0011204907932243,0.0002744183649031,0.0062316060270827,0.35,0.3094801731446609,0.3928071289938047,0.0,0.000458735961462,2.798563529936681e-05,-0.0021931319985467,2.0531065736406613e-09,2.7001538782656102e-09,False,0.6426480286486637,0.6473630593954074,0.3500000000000038
18,0.2,0.05,1.1,50.0,0.9,0.9,1.0,500,0.2,-0.0013106741756057,risk_only,500,0,-0.0002498269094287,0.000247767296841,0.0055403376741189,0.384,0.3424076746177923,0.4273611723692879,0.0,0.0005032988834326,2.853648240024038e-05,-0.0021931319985467,2.0531065736406613e-09,2.7001538782656102e-09,False,0.6426480286486637,0.6473630593954074,0.3840000000000085
18,0.2,0.05,1.1,50.0,0.9,0.9,1.0,500,0.2,-0.0013106741756057,outcome_based,500,0,0.0001956741756057,0.00072090912738,0.016105078807103,0.452,0.4089073378092892,0.49582459887502,0.012,0.000608152817481,2.9260777035372228e-05,-0.0021931319985467,2.0531065736406613e-09,2.7001538782656102e-09,False,0.6426480286486637,0.6473630593954074,0.46399999999996583
18,0.2,0.05,1.1,50.0,0.9,0.9,1.0,500,0.2,-0.0013106741756057,beta_known_mean,500,0,-0.0009198176715893,0.000149955545942,0.0034737459266045,0.254,0.2178202549151866,0.2939309205918972,0.0,0.0003329112406038,2.5540579198356177e-05,-0.0021931319985467,2.0531065736406613e-09,2.7001538782656102e-09,False,0.6426480286486637,0.6473630593954074,0.2539999999999635
18,0.2,0.05,1.1,50.0,0.9,0.9,1.0,500,0.3333333333333333,-0.0022448824512803,beta_estimated_mean,500,0,0.0008529342891589,0.0001136996150413,0.0026792481276351,0.282,0.2443364332272433,0.3229877792139934,0.0,0.000633056851261,4.5219953190970695e-05,-0.0013204894972434,2.0531065736406613e-09,2.7001538782656102e-09,False,0.6426480286486637,0.6473630593954074,0.2819999999999801
18,0.2,0.05,1.1,50.0,0.9,0.9,1.0,500,0.3333333333333333,-0.0022448824512803,risk_only,500,0,-2.780203373330854e-05,0.0001498294441228,0.0033470517255986,0.266,0.2291604018204711,0.3064077895155354,0.0,0.0005971387320405,4.440503129238291e-05,-0.0013204894972434,2.0531065736406613e-09,2.7001538782656102e-09,False,0.6426480286486637,0.6473630593954074,0.26599999999997337
18,0.2,0.05,1.1,50.0,0.9,0.9,1.0,500,0.3333333333333333,-0.0022448824512803,outcome_based,500,0,0.0008488824512803,0.0006354636071341,0.0142205409677723,0.462,0.418756295158793,0.505823154716285,0.026,0.0010955026362248,5.0232896817516486e-05,-0.0013204894972434,2.0531065736406613e-09,2.7001538782656102e-09,False,0.6426480286486637,0.6473630593954074,0.48800000000000604
18,0.2,0.05,1.1,50.0,0.9,0.9,1.0,500,0.3333333333333333,-0.0022448824512803,beta_known_mean,500,0,0.0009011834811442,9.031377158316246e-05,0.0022095845216097,0.254,0.2178202549151866,0.2939309205918972,0.0,0.0005702001426252,4.374511919518548e-05,-0.0013204894972434,2.0531065736406613e-09,2.7001538782656102e-09,False,0.6426480286486637,0.6473630593954074,0.25400000000000167
18,0.2,0.05,1.1,50.0,0.9,0.9,1.0,500,0.5,-0.0004856502416369,beta_estimated_mean,500,0,0.0003561211927586,9.700205411065704e-06,0.0004168635297735,0.264,0.2272678314130519,0.3043308572848008,0.0,0.0001282116637921,9.583280652997754e-06,-0.000118134186694,2.0531065736406613e-09,2.7001538782656102e-09,False,0.6426480286486637,0.6473630593954074,0.2639999999999143
18,0.2,0.05,1.1,50.0,0.9,0.9,1.0,500,0.5,-0.0004856502416369,risk_only,500,0,6.996924353799824e-06,3.1480370195615966e-05,0.0007032530107075,0.252,0.2159338483813718,0.2918478244875581,0.0,0.0001223838608925,9.438965651014729e-06,-0.000118134186694,2.0531065736406613e-09,2.7001538782656102e-09,False,0.6426480286486637,0.6473630593954074,0.25200000000000244
18,0.2,0.05,1.1,50.0,0.9,0.9,1.0,500,0.5,-0.0004856502416369,outcome_based,500,0,0.0002056502416369,0.0003412625385835,0.0076260010504775,0.444,0.4010408191814197,0.4878131069502743,0.126,0.000276820637733,1.0763288764615772e-05,-0.000118134186694,2.0531065736406613e-09,2.7001538782656102e-09,False,0.6426480286486637,0.6473630593954074,0.569999999999932
18,0.2,0.05,1.1,50.0,0.9,0.9,1.0,500,0.5,-0.0004856502416369,beta_known_mean,500,0,0.0003593922571668,8.783018845897345e-06,0.0004094586219816,0.254,0.2178202549151866,0.2939309205918972,0.0,0.0001233551613757,9.463670445400312e-06,-0.000118134186694,2.0531065736406613e-09,2.7001538782656102e-09,False,0.6426480286486637,0.6473630593954074,0.2539999999998505
18,0.2,0.05,1.1,50.0,0.9,0.9,1.0,3000,0.0588235294117647,-2.4107523282912435e-06,beta_estimated_mean,500,0,-0.0001925725617618,0.0001140764100695,0.0025555399490881,0.46,0.4167851025299866,0.5038248447069378,0.0,1.108946071013972e-06,5.378709856836372e-08,-0.0001448285645434,2.0531065736406613e-09,2.7001538782656102e-09,False,0.6426480286486637,0.6473630593954074,0.46
18,0.2,0.05,1.1,50.0,0.9,0.9,1.0,3000,0.0588235294117647,-2.4107523282912435e-06,risk_only,500,0,-4.9859844307313325e-05,0.0001133326909394,0.0025321514810591,0.482,0.4385065876245351,0.5257678886320809,0.0,1.1619826222363793e-06,5.3925070437277103e-08,-0.0001448285645434,2.0531065736406613e-09,2.7001538782656102e-09,False,0.6426480286486637,0.6473630593954074,0.482
18,0.2,0.05,1.1,50.0,0.9,0.9,1.0,3000,0.0588235294117647,-2.4107523282912435e-06,outcome_based,500,0,-1.8922581005042183e-05,1.3455060782272276e-05,0.0003011583565809,0.426,0.3833825783667519,0.4697458240215578,0.066,1.186090145519292e-06,5.395314055644698e-08,-0.0001448285645434,2.0531065736406613e-09,2.7001538782656102e-09,False,0.6426480286486637,0.6473630593954074,0.4920000000000001
18,0.2,0.05,1.1,50.0,0.9,0.9,1.0,3000,0.0588235294117647,-2.4107523282912435e-06,beta_known_mean,500,0,-0.0001436664170927,3.925790463255841e-06,0.0001683167934289,0.048,0.0324652069413531,0.07042719683589,0.0,1.157161117579797e-07,2.3069671739109093e-08,-0.0001448285645434,2.0531065736406613e-09,2.7001538782656102e-09,False,0.6426480286486637,0.6473630593954074,0.048
18,0.2,0.05,1.1,50.0,0.9,0.9,1.0,3000,0.1111111111111111,-0.0001378385549549,beta_estimated_mean,500,0,-0.0007975643917424,0.0001212043444367,0.0028225281258186,0.36,0.3191414324050707,0.402993382924164,0.0,4.9621879783779965e-05,2.961840559438614e-06,-0.0008863961521738,2.0531065736406613e-09,2.7001538782656102e-09,False,0.6426480286486637,0.6473630593954074,0.36000000000011584
18,0.2,0.05,1.1,50.0,0.9,0.9,1.0,3000,0.1111111111111111,-0.0001378385549549,risk_only,500,0,-5.2355946744953006e-05,0.0001175197179397,0.0026257136769597,0.464,0.4207281870075268,0.5078207655057051,0.0,6.395708949909418e-05,3.077243222214555e-06,-0.0008863961521738,2.0531065736406613e-09,2.7001538782656102e-09,False,0.6426480286486637,0.6473630593954074,0.4640000000001493
18,0.2,0.05,1.1,50.0,0.9,0.9,1.0,3000,0.1111111111111111,-0.0001378385549549,outcome_based,500,0,9.558855495492168e-05,0.0001115354848037,0.0024933469860158,0.472,0.4286227347300628,0.5158042283357841,0.008,6.616250637837328e-05,3.082781394211556e-06,-0.0008863961521738,2.0531065736406613e-09,2.7001538782656102e-09,False,0.6426480286486637,0.6473630593954074,0.48000000000015436
18,0.2,0.05,1.1,50.0,0.9,0.9,1.0,3000,0.1111111111111111,-0.0001378385549549,beta_known_mean,500,0,-0.0007525518271156,2.360646436978259e-05,0.0009189176064021,0.048,0.0324652069413531,0.07042719683589,0.0,6.6162506378373285e-06,1.3190447556500504e-06,-0.0008863961521738,2.0531065736406613e-09,2.7001538782656102e-09,False,0.6426480286486637,0.6473630593954074,0.04800000000001544
18,0.2,0.05,1.1,50.0,0.9,0.9,1.0,3000,0.2,-0.0013106741756057,beta_estimated_mean,500,0,-0.0009186903693064,0.000111365104714,0.0026519206402339,0.176,0.1451264013297259,0.2118141712893599,0.0,0.0002306786549066,2.2344179392978355e-05,-0.0021931319985467,2.0531065736406613e-09,2.7001538782656102e-09,False,0.6426480286486637,0.6473630593954074,0.17599999999999755
18,0.2,0.05,1.1,50.0,0.9,0.9,1.0,3000,0.2,-0.0013106741756057,risk_only,500,0,-4.6937194084924654e-05,0.0001019124108977,0.002277034630433,0.262,0.2253762694172376,0.3022529166424613,0.0,0.0003433966340087,2.5800213291464877e-05,-0.0021931319985467,2.0531065736406613e-09,2.7001538782656102e-09,False,0.6426480286486637,0.6473630593954074,0.26200000000000506
18,0.2,0.05,1.1,50.0,0.9,0.9,1.0,3000,0.2,-0.0013106741756057,outcome_based,500,0,-0.0003986591577275,0.0002794664676999,0.0062555240309519,0.398,0.3560299779038944,0.4415253875502624,0.002,0.0005242696702423,2.874419103827475e-05,-0.0021931319985467,2.0531065736406613e-09,2.7001538782656102e-09,False,0.6426480286486637,0.6473630593954074,0.40000000000001523
18,0.2,0.05,1.1,50.0,0.9,0.9,1.0,3000,0.2,-0.0013106741756057,beta_known_mean,500,0,-0.0008911178689333,5.823169608778521e-05,0.0015767578572923,0.048,0.0324652069413531,0.07042719683589,0.0,6.291236042907733e-05,1.2542484200185246e-05,-0.0021931319985467,2.0531065736406613e-09,2.7001538782656102e-09,False,0.6426480286486637,0.6473630593954074,0.04800000000000284
18,0.2,0.05,1.1,50.0,0.9,0.9,1.0,3000,0.3333333333333333,-0.0022448824512803,beta_estimated_mean,500,0,0.0009109611390876,4.491960032893668e-05,0.0013552555748971,0.088,0.0662059844749289,0.1160764720653901,0.0,0.0001975496557126,2.8469647335823733e-05,-0.0013204894972434,2.0531065736406613e-09,2.7001538782656102e-09,False,0.6426480286486637,0.6473630593954074,0.08799999999997042
18,0.2,0.05,1.1,50.0,0.9,0.9,1.0,3000,0.3333333333333333,-0.0022448824512803,risk_only,500,0,-3.705095865168331e-07,5.868570181265457e-05,0.0013109393289935,0.044,0.0292339556286071,0.0657194428723284,0.0,9.877482785633624e-05,2.0610978798296e-05,-0.0013204894972434,2.0531065736406613e-09,2.7001538782656102e-09,False,0.6426480286486637,0.6473630593954074,0.04400000000000135
18,0.2,0.05,1.1,50.0,0.9,0.9,1.0,3000,0.3333333333333333,-0.0022448824512803,outcome_based,500,0,-0.0003061175487196,0.0002318336628922,0.0051878111695985,0.308,0.2691257480545588,0.3498019986826773,0.012,0.0007183623844097,4.687839970488271e-05,-0.0013204894972434,2.0531065736406613e-09,2.7001538782656102e-09,False,0.6426480286486637,0.6473630593954074,0.3200000000000017
18,0.2,0.05,1.1,50.0,0.9,0.9,1.0,3000,0.3333333333333333,-0.0022448824512803,beta_known_mean,500,0,0.0009178978479658,3.5230435797950664e-05,0.0012090852240229,0.048,0.0324652069413531,0.07042719683589,0.0,0.0001077543576614,2.1482381510602053e-05,-0.0013204894972434,2.0531065736406613e-09,2.7001538782656102e-09,False,0.6426480286486637,0.6473630593954074,0.04799999999997576
18,0.2,0.05,1.1,50.0,0.9,0.9,1.0,3000,0.5,-0.0004856502416369,beta_estimated_mean,500,0,0.0003650002520251,3.6122533250103424e-06,0.0003738132189293,0.062,0.0440192091426815,0.0866597131016382,0.0,3.0110314981492072e-05,5.24288824129466e-06,-0.000118134186694,2.0531065736406613e-09,2.7001538782656102e-09,False,0.6426480286486637,0.6473630593954074,0.0620000000000088
18,0.2,0.05,1.1,50.0,0.9,0.9,1.0,3000,0.5,-0.0004856502416369,risk_only,500,0,-1.0640391630281058e-05,1.288287687881298e-05,0.0002879783112574,0.036,0.0228910609802927,0.0561843269680277,0.0,1.748340869893088e-05,4.050075354834686e-06,-0.000118134186694,2.0531065736406613e-09,2.7001538782656102e-09,False,0.6426480286486637,0.6473630593954074,0.036000000000005104
18,0.2,0.05,1.1,50.0,0.9,0.9,1.0,3000,0.5,-0.0004856502416369,outcome_based,500,0,-2.701642502969778e-05,0.0001388829661618,0.0031025280907492,0.402,0.359928740326145,0.4455656304043193,0.038,0.0002136861063202,1.0791795029051772e-05,-0.000118134186694,2.0531065736406613e-09,2.7001538782656102e-09,False,0.6426480286486637,0.6473630593954074,0.43999999999992584
18,0.2,0.05,1.1,50.0,0.9,0.9,1.0,3000,0.5,-0.0004856502416369,beta_known_mean,500,0,0.0003655413387622,3.3047588862503654e-06,0.000372921257856,0.048,0.0324652069413531,0.07042719683589,0.0,2.331121159857451e-05,4.647425421144444e-06,-0.000118134186694,2.0531065736406613e-09,2.7001538782656102e-09,False,0.6426480286486637,0.6473630593954074,0.048000000000006815
18,0.2,0.05,1.1,50.0,0.9,0.9,1.0,10000,0.0588235294117647,-2.4107523282912435e-06,beta_estimated_mean,500,0,-0.0001776463696029,6.239237553317829e-05,0.0014050159025594,0.448,0.4049726694186174,0.4918202619893841,0.0,1.0800170430744772e-06,5.3667438579055e-08,-0.0001448285645434,2.0531065736406613e-09,2.7001538782656102e-09,False,0.6426480286486637,0.6473630593954074,0.44800000000000006
18,0.2,0.05,1.1,50.0,0.9,0.9,1.0,10000,0.0588235294117647,-2.4107523282912435e-06,risk_only,500,0,-3.412822249106784e-05,6.199448693231713e-05,0.0013852724007071,0.502,0.4583263632298622,0.5456431394082917,0.0,1.2101976688022042e-06,5.39596162025637e-08,-0.0001448285645434,2.0531065736406613e-09,2.7001538782656102e-09,False,0.6426480286486637,0.6473630593954074,0.502
18,0.2,0.05,1.1,50.0,0.9,0.9,1.0,10000,0.0588235294117647,-2.4107523282912435e-06,outcome_based,500,0,-1.501747671699305e-06,7.0273034961048335e-06,0.00015698525238,0.468,0.4246740659219794,0.5118138918675601,0.018,1.1716256315495444e-06,5.393889139841834e-08,-0.0001448285645434,2.0531065736406613e-09,2.7001538782656102e-09,False,0.6426480286486637,0.6473630593954074,0.48600000000000004
18,0.2,0.05,1.1,50.0,0.9,0.9,1.0,10000,0.0588235294117647,-2.4107523282912435e-06,beta_known_mean,500,0,-0.0001442714216069,2.123268334881738e-06,0.0001518679328726,0.002,0.0003531363945592,0.0112407067051467,0.0,4.821504656582487e-09,4.821504656582487e-09,-0.0001448285645434,2.0531065736406613e-09,2.7001538782656102e-09,False,0.6426480286486637,0.6473630593954074,0.002
18,0.2,0.05,1.1,50.0,0.9,0.9,1.0,10000,0.1111111111111111,-0.0001378385549549,beta_estimated_mean,500,0,-0.0007907519011453,6.626420056194269e-05,0.0016782043269356,0.248,0.2121642083459476,0.2876784592466748,0.0,3.41839616288262e-05,2.664742198373192e-06,-0.0008863961521738,2.0531065736406613e-09,2.7001538782656102e-09,False,0.6426480286486637,0.6473630593954074,0.24800000000007977
18,0.2,0.05,1.1,50.0,0.9,0.9,1.0,10000,0.1111111111111111,-0.0001378385549549,risk_only,500,0,-3.5752549965178906e-05,6.428330583717516e-05,0.0014364252873357,0.458,0.4148146097748511,0.5018258348239194,0.0,6.313005816936451e-05,3.0743465499284537e-06,-0.0008863961521738,2.0531065736406613e-09,2.7001538782656102e-09,False,0.6426480286486637,0.6473630593954074,0.45800000000014734
18,0.2,0.05,1.1,50.0,0.9,0.9,1.0,10000,0.1111111111111111,-0.0001378385549549,outcome_based,500,0,-5.186445044945614e-06,6.262815177330101e-05,0.0013990165513986,0.468,0.4246740659219794,0.5118138918675601,0.004,6.505979793873374e-05,3.0804091111405515e-06,-0.0008863961521738,2.0531065736406613e-09,2.7001538782656102e-09,False,0.6426480286486637,0.6473630593954074,0.4720000000001519
18,0.2,0.05,1.1,50.0,0.9,0.9,1.0,10000,0.1111111111111111,-0.0001378385549549,beta_known_mean,500,0,-0.0007601107410289,1.2929617976966116e-05,0.0008131350897124,0.002,0.0003531363945592,0.0112407067051467,0.0,2.756771099098887e-07,2.756771099098887e-07,-0.0008863961521738,2.0531065736406613e-09,2.7001538782656102e-09,False,0.6426480286486637,0.6473630593954074,0.0020000000000006436
18,0.2,0.05,1.1,50.0,0.9,0.9,1.0,10000,0.2,-0.0013106741756057,beta_estimated_mean,500,0,-0.0009304102745802,6.0872706720978026e-05,0.0016476349730416,0.052,0.0357302651157052,0.0751011439378455,0.0,6.815505713150045e-05,1.3027176888665058e-05,-0.0021931319985467,2.0531065736406613e-09,2.7001538782656102e-09,False,0.6426480286486637,0.6473630593954074,0.052000000000003085
18,0.2,0.05,1.1,50.0,0.9,0.9,1.0,10000,0.2,-0.0013106741756057,risk_only,500,0,-4.167972053012903e-05,5.557067510593224e-05,0.0012420543728179,0.13,0.1033206503646345,0.1623213615769141,0.0,0.0001703876428287,1.9732211972232817e-05,-0.0021931319985467,2.0531065736406613e-09,2.7001538782656102e-09,False,0.6426480286486637,0.6473630593954074,0.12999999999996872
18,0.2,0.05,1.1,50.0,0.9,0.9,1.0,10000,0.2,-0.0013106741756057,outcome_based,500,0,-7.38258243942345e-05,0.0001567993672919,0.0035034104815663,0.35,0.3094801731446609,0.3928071289938047,0.006,0.0004666000065156,2.8093923946642543e-05,-0.0021931319985467,2.0531065736406613e-09,2.7001538782656102e-09,False,0.6426480286486637,0.6473630593954074,0.35599999999997767
18,0.2,0.05,1.1,50.0,0.9,0.9,1.0,10000,0.2,-0.0013106741756057,beta_known_mean,500,0,-0.0009119994436606,3.20218378050906e-05,0.0011590585124784,0.002,0.0003531363945592,0.0112407067051467,0.0,2.6213483512115557e-06,2.6213483512115545e-06,-0.0021931319985467,2.0531065736406613e-09,2.7001538782656102e-09,False,0.6426480286486637,0.6473630593954074,0.002000000000000119
18,0.2,0.05,1.1,50.0,0.9,0.9,1.0,10000,0.3333333333333333,-0.0022448824512803,beta_estimated_mean,500,0,0.0009031970409071,2.4442144518538965e-05,0.0010554035676495,0.01,0.0042787538965904,0.0231930997557307,0.0,2.244882451280369e-05,9.99910040830016e-06,-0.0013204894972434,2.0531065736406613e-09,2.7001538782656102e-09,False,0.6426480286486637,0.6473630593954074,0.010000000000000307
18,0.2,0.05,1.1,50.0,0.9,0.9,1.0,10000,0.3333333333333333,-0.0022448824512803,risk_only,500,0,-3.088721212089633e-05,3.2223350938862585e-05,0.0007204775141469,0.002,0.0003531363945592,0.0112407067051467,0.0,4.489764902560738e-06,4.489764902560739e-06,-0.0013204894972434,2.0531065736406613e-09,2.7001538782656102e-09,False,0.6426480286486637,0.6473630593954074,0.002000000000000061
18,0.2,0.05,1.1,50.0,0.9,0.9,1.0,10000,0.3333333333333333,-0.0022448824512803,outcome_based,500,0,0.0001944824512802,0.0001250060506752,0.0027991879650814,0.232,0.1971292384527146,0.2709574080346774,0.006,0.0005342820234047,4.279660283378819e-05,-0.0013204894972434,2.0531065736406613e-09,2.7001538782656102e-09,False,0.6426480286486637,0.6473630593954074,0.2379999999999949
18,0.2,0.05,1.1,50.0,0.9,0.9,1.0,10000,0.3333333333333333,-0.0022448824512803,beta_known_mean,500,0,0.0009073063093358,1.926436203026929e-05,0.00100418695746,0.002,0.0003531363945592,0.0112407067051467,0.0,4.489764902560738e-06,4.489764902560739e-06,-0.0013204894972434,2.0531065736406613e-09,2.7001538782656102e-09,False,0.6426480286486637,0.6473630593954074,0.002000000000000061
18,0.2,0.05,1.1,50.0,0.9,0.9,1.0,10000,0.5,-0.0004856502416369,beta_estimated_mean,500,0,0.0003656652068497,1.913109768578844e-06,0.0003681540139735,0.002,0.0003531363945592,0.0112407067051467,0.0,9.713004832739375e-07,9.71300483273938e-07,-0.000118134186694,2.0531065736406613e-09,2.7001538782656102e-09,False,0.6426480286486637,0.6473630593954074,0.0020000000000002832
18,0.2,0.05,1.1,50.0,0.9,0.9,1.0,10000,0.5,-0.0004856502416369,risk_only,500,0,-8.883726141591647e-06,7.27795001504764e-06,0.0001628196248752,0.0,4.336808689942019e-19,0.0076243404615522,0.0,0.0,0.0,-0.000118134186694,2.0531065736406613e-09,2.7001538782656102e-09,False,0.6426480286486637,0.6473630593954074,0.0
18,0.2,0.05,1.1,50.0,0.9,0.9,1.0,10000,0.5,-0.0004856502416369,outcome_based,500,0,8.365024163696891e-05,7.201808946661138e-05,0.0016109355551746,0.36,0.3191414324050707,0.402993382924164,0.032,0.0001903748947216,1.0613733029592402e-05,-0.000118134186694,2.0531065736406613e-09,2.7001538782656102e-09,False,0.6426480286486637,0.6473630593954074,0.39199999999986657
18,0.2,0.05,1.1,50.0,0.9,0.9,1.0,10000,0.5,-0.0004856502416369,beta_known_mean,500,0,0.000365888660088,1.7586763893209308e-06,0.0003679916982209,0.002,0.0003531363945592,0.0112407067051467,0.0,9.713004832739375e-07,9.71300483273938e-07,-0.000118134186694,2.0531065736406613e-09,2.7001538782656102e-09,False,0.6426480286486637,0.6473630593954074,0.0020000000000002832
19,0.2,0.05,1.5,50.0,0.5,0.5,0.0,500,0.0588235294117647,-0.000927833078047,beta_estimated_mean,500,0,-0.0001082787282933,0.0002680823084241,0.0059894839680826,0.436,0.393185603123056,0.4797903124560227,0.0,0.0004045352220284,2.05969244144273e-05,-0.000927833078047,5.405118442602941e-05,0.0011497847975661,False,0.6563142942588924,0.6904721390926285,0.4359999999999008
19,0.2,0.05,1.5,50.0,0.5,0.5,0.0,500,0.0588235294117647,-0.000927833078047,risk_only,500,0,-9.24585278443969e-05,0.0002696229530438,0.0060236301717987,0.432,0.3892622537365845,0.4757746565661866,0.0,0.0004008238897163,2.0574799885942485e-05,-0.000927833078047,5.405118442602941e-05,0.0011497847975661,False,0.6563142942588924,0.6904721390926285,0.43199999999999567
19,0.2,0.05,1.5,50.0,0.5,0.5,0.0,500,0.0588235294117647,-0.000927833078047,outcome_based,500,0,-0.000177916921953,0.0001314324745476,0.0029413649244214,0.31,0.2710389112735686,0.3518583381018213,0.012,0.0002987622511311,1.9407176759130582e-05,-0.000927833078047,5.405118442602941e-05,0.0011497847975661,False,0.6563142942588924,0.6904721390926285,0.32199999999996337
19,0.2,0.05,1.5,50.0,0.5,0.5,0.0,500,0.0588235294117647,-0.000927833078047,beta_known_mean,500,0,-1.2418513717308732e-05,1.1297750865522732e-05,0.0002526779919542,0.0,4.336808689942019e-19,0.0076243404615522,0.0,0.0,0.0,-0.000927833078047,5.405118442602941e-05,0.0011497847975661,False,0.6563142942588924,0.6904721390926285,0.0
19,0.2,0.05,1.5,50.0,0.5,0.5,0.0,500,0.1111111111111111,-0.0044700500376416,beta_estimated_mean,500,0,-0.0001298774248482,0.0002631060241654,0.00587877821844,0.226,0.191509780865554,0.2646683577073766,0.0,0.001010231308507,8.369255218024158e-05,-0.0044700500376416,5.405118442602941e-05,0.0011497847975661,False,0.6563142942588924,0.6904721390926285,0.22599999999999967
19,0.2,0.05,1.5,50.0,0.5,0.5,0.0,500,0.1111111111111111,-0.0044700500376416,risk_only,500,0,-0.0001025470860214,0.0002666308183309,0.0059569640382892,0.228,0.1933817691150006,0.2667658720960837,0.0,0.0010191714085823,8.395337995853961e-05,-0.0044700500376416,5.405118442602941e-05,0.0011497847975661,False,0.6563142942588924,0.6904721390926285,0.22800000000000345
19,0.2,0.05,1.5,50.0,0.5,0.5,0.0,500,0.1111111111111111,-0.0044700500376416,outcome_based,500,0,0.0001410500376417,0.0003758231020147,0.0083964369891708,0.29,0.2519474198773656,0.3312548031164863,0.014,0.001358895211443,9.204570394095814e-05,-0.0044700500376416,5.405118442602941e-05,0.0011497847975661,False,0.6563142942588924,0.6904721390926285,0.30399999999998967
19,0.2,0.05,1.5,50.0,0.5,0.5,0.0,500,0.1111111111111111,-0.0044700500376416,beta_known_mean,500,0,-4.477677154367959e-05,4.807028836018194e-05,0.0010747420705277,0.0,4.336808689942019e-19,0.0076243404615522,0.0,0.0,0.0,-0.0044700500376416,5.405118442602941e-05,0.0011497847975661,False,0.6563142942588924,0.6904721390926285,0.0
19,0.2,0.05,1.5,50.0,0.5,0.5,0.0,500,0.2,-0.0101068065182592,beta_estimated_mean,500,0,-0.0001677008723627,0.0002132931838259,0.0047675592008529,0.016,0.0081292530333883,0.0312511085333942,0.0,0.0001617089042921,5.677030395628261e-05,-0.0101068065182592,5.405118442602941e-05,0.0011497847975661,False,0.6563142942588924,0.6904721390926285,0.01599999999999533
19,0.2,0.05,1.5,50.0,0.5,0.5,0.0,500,0.2,-0.0101068065182592,risk_only,500,0,-0.0001944742397626,0.0002162616363713,0.004834831829295,0.016,0.0081292530333883,0.0312511085333942,0.0,0.0001617089042921,5.677030395628261e-05,-0.0101068065182592,5.405118442602941e-05,0.0011497847975661,False,0.6563142942588924,0.6904721390926285,0.01599999999999533
19,0.2,0.05,1.5,50.0,0.5,0.5,0.0,500,0.2,-0.0101068065182592,outcome_based,500,0,-0.0005041934817408,0.0006990118691312,0.0156228803383701,0.242,0.2065178085511286,0.2814163511270323,0.004,0.0024862744034917,0.0001948574009096,-0.0101068065182592,5.405118442602941e-05,0.0011497847975661,False,0.6563142942588924,0.6904721390926285,0.24599999999999372
19,0.2,0.05,1.5,50.0,0.5,0.5,0.0,500,0.2,-0.0101068065182592,beta_known_mean,500,0,-0.0001121195094562,0.0001063223826938,0.0023777070606339,0.0,4.336808689942019e-19,0.0076243404615522,0.0,0.0,0.0,-0.0101068065182592,5.405118442602941e-05,0.0011497847975661,False,0.6563142942588924,0.6904721390926285,0.0
19,0.2,0.05,1.5,50.0,0.5,0.5,0.0,500,0.3333333333333333,-0.0068970258953131,beta_estimated_mean,500,0,-0.0001023125804005,9.616808959705896e-05,0.0021506674059522,0.0,4.336808689942019e-19,0.0076243404615522,0.0,0.0,0.0,-0.0068970258953131,5.405118442602941e-05,0.0011497847975661,False,0.6563142942588924,0.6904721390926285,0.0
19,0.2,0.05,1.5,50.0,0.5,0.5,0.0,500,0.3333333333333333,-0.0068970258953131,risk_only,500,0,-0.0001147422608256,0.000109113470217,0.00244010957304,0.004,0.0010976305226827,0.014465715215177,0.0,2.7588103581252497e-05,1.948817849077525e-05,-0.0068970258953131,5.405118442602941e-05,0.0011497847975661,False,0.6563142942588924,0.6904721390926285,0.004000000000000014
19,0.2,0.05,1.5,50.0,0.5,0.5,0.0,500,0.3333333333333333,-0.0068970258953131,outcome_based,500,0,0.0005510258953131,0.0006017514250544,0.0134533978435674,0.316,0.2767836281199081,0.3580221291699432,0.026,0.002358782856197,0.0001464662571543,-0.0068970258953131,5.405118442602941e-05,0.0011497847975661,False,0.6563142942588924,0.6904721390926285,0.34199999999998837
19,0.2,0.05,1.5,50.0,0.5,0.5,0.0,500,0.3333333333333333,-0.0068970258953131,beta_known_mean,500,0,-7.017022611741087e-05,7.52662282408718e-05,0.0016827838281619,0.0,4.336808689942019e-19,0.0076243404615522,0.0,0.0,0.0,-0.0068970258953131,5.405118442602941e-05,0.0011497847975661,False,0.6563142942588924,0.6904721390926285,0.0
19,0.2,0.05,1.5,50.0,0.5,0.5,0.0,500,0.5,-0.0009849664903685,beta_estimated_mean,500,0,-3.2116520649095874e-05,1.567682710634283e-05,0.0003516634215433,0.0,4.336808689942019e-19,0.0076243404615522,0.0,0.0,0.0,-0.0009849664903685,5.405118442602941e-05,0.0011497847975661,False,0.6563142942588924,0.6904721390926285,0.0
19,0.2,0.05,1.5,50.0,0.5,0.5,0.0,500,0.5,-0.0009849664903685,risk_only,500,0,-8.174464550461409e-06,3.0485593013399925e-05,0.0006810456234193,0.052,0.0357302651157052,0.0751011439378455,0.0,5.121825749916412e-05,9.789872218629852e-06,-0.0009849664903685,5.405118442602941e-05,0.0011497847975661,False,0.6563142942588924,0.6904721390926285,0.05200000000000215
19,0.2,0.05,1.5,50.0,0.5,0.5,0.0,500,0.5,-0.0009849664903685,outcome_based,500,0,0.0003809664903685,0.0002366566727593,0.0053002188131042,0.37,0.3288222637742394,0.4131600647457642,0.166,0.0005279420388375,2.198935891039916e-05,-0.0009849664903685,5.405118442602941e-05,0.0011497847975661,False,0.6563142942588924,0.6904721390926285,0.5359999999999838
19,0.2,0.05,1.5,50.0,0.5,0.5,0.0,500,0.5,-0.0009849664903685,beta_known_mean,500,0,-2.4832563568442905e-05,1.4352358801560832e-05,0.0003215676718741,0.0,4.336808689942019e-19,0.0076243404615522,0.0,0.0,0.0,-0.0009849664903685,5.405118442602941e-05,0.0011497847975661,False,0.6563142942588924,0.6904721390926285,0.0
19,0.2,0.05,1.5,50.0,0.5,0.5,0.0,3000,0.0588235294117647,-0.000927833078047,beta_estimated_mean,500,0,-2.716541598844491e-07,0.000116664162425,0.0026060799957342,0.36,0.3191414324050707,0.402993382924164,0.0,0.0003340199080969,1.9937046233883264e-05,-0.000927833078047,5.405118442602941e-05,0.0011497847975661,False,0.6563142942588924,0.6904721390926285,0.3599999999999784
19,0.2,0.05,1.5,50.0,0.5,0.5,0.0,3000,0.0588235294117647,-0.000927833078047,risk_only,500,0,-3.350143192110133e-08,0.000116835943837,0.0026099172878642,0.366,0.3249476048822134,0.4090957183614825,0.0,0.0003395869065652,2.0008049365780343e-05,-0.000927833078047,5.405118442602941e-05,0.0011497847975661,False,0.6563142942588924,0.6904721390926285,0.3659999999999978
19,0.2,0.05,1.5,50.0,0.5,0.5,0.0,3000,0.0588235294117647,-0.000927833078047,outcome_based,500,0,2.2874744713538285e-05,5.379418002621391e-05,0.0012018886564434,0.204,0.1709982729111479,0.241515336642091,0.004,0.0001929892802337,1.685830228582876e-05,-0.000927833078047,5.405118442602941e-05,0.0011497847975661,False,0.6563142942588924,0.6904721390926285,0.20799999999991808
19,0.2,0.05,1.5,50.0,0.5,0.5,0.0,3000,0.0588235294117647,-0.000927833078047,beta_known_mean,500,0,-2.910441773377181e-07,4.807719054271386e-06,0.0001073967029131,0.0,4.336808689942019e-19,0.0076243404615522,0.0,0.0,0.0,-0.000927833078047,5.405118442602941e-05,0.0011497847975661,False,0.6563142942588924,0.6904721390926285,0.0
19,0.2,0.05,1.5,50.0,0.5,0.5,0.0,3000,0.1111111111111111,-0.0044700500376416,beta_estimated_mean,500,0,8.073000950347464e-06,0.0001146285499959,0.002560620570478,0.038,0.0244601180558303,0.0585847725306438,0.0,0.0001698619014303,3.825968994123254e-05,-0.0044700500376416,5.405118442602941e-05,0.0011497847975661,False,0.6563142942588924,0.6904721390926285,0.03799999999998193
19,0.2,0.05,1.5,50.0,0.5,0.5,0.0,3000,0.1111111111111111,-0.0044700500376416,risk_only,500,0,8.25079989598873e-06,0.0001157196933611,0.0025849953083253,0.036,0.0228910609802927,0.0561843269680277,0.0,0.0001609218013551,3.727793778359416e-05,-0.0044700500376416,5.405118442602941e-05,0.0011497847975661,False,0.6563142942588924,0.6904721390926285,0.03600000000000054
19,0.2,0.05,1.5,50.0,0.5,0.5,0.0,3000,0.1111111111111111,-0.0044700500376416,outcome_based,500,0,-9.053329569250729e-05,0.0001516346106664,0.003388470274101,0.08,0.0592981294098525,0.1071063165778513,0.006,0.0003844243032371,5.610278689930153e-05,-0.0044700500376416,5.405118442602941e-05,0.0011497847975661,False,0.6563142942588924,0.6904721390926285,0.08599999999998265
19,0.2,0.05,1.5,50.0,0.5,0.5,0.0,3000,0.1111111111111111,-0.0044700500376416,beta_known_mean,500,0,8.843878807808625e-06,2.0487396081802595e-05,0.0004577392051162,0.0,4.336808689942019e-19,0.0076243404615522,0.0,0.0,0.0,-0.0044700500376416,5.405118442602941e-05,0.0011497847975661,False,0.6563142942588924,0.6904721390926285,0.0
19,0.2,0.05,1.5,50.0,0.5,0.5,0.0,3000,0.2,-0.0101068065182592,beta_estimated_mean,500,0,2.4251989945360124e-05,9.296820682014366e-05,0.0020768940298468,0.0,4.336808689942019e-19,0.0076243404615522,0.0,0.0,0.0,-0.0101068065182592,5.405118442602941e-05,0.0011497847975661,False,0.6563142942588924,0.6904721390926285,0.0
19,0.2,0.05,1.5,50.0,0.5,0.5,0.0,3000,0.2,-0.0101068065182592,risk_only,500,0,1.732008666049363e-05,9.432901622536732e-05,0.0021072217902068,0.0,4.336808689942019e-19,0.0076243404615522,0.0,0.0,0.0,-0.0101068065182592,5.405118442602941e-05,0.0011497847975661,False,0.6563142942588924,0.6904721390926285,0.0
19,0.2,0.05,1.5,50.0,0.5,0.5,0.0,3000,0.2,-0.0101068065182592,outcome_based,500,0,-0.0001688601484077,0.0002959489795317,0.0066131556154507,0.06,0.0423483564809462,0.0843610631252197,0.002,0.000626622004132,0.0001091090923233,-0.0101068065182592,5.405118442602941e-05,0.0011497847975661,False,0.6563142942588924,0.6904721390926285,0.06199999999999303
19,0.2,0.05,1.5,50.0,0.5,0.5,0.0,3000,0.2,-0.0101068065182592,beta_known_mean,500,0,2.61659273788184e-05,4.507149960060121e-05,0.0010071609870337,0.0,4.336808689942019e-19,0.0076243404615522,0.0,0.0,0.0,-0.0101068065182592,5.405118442602941e-05,0.0011497847975661,False,0.6563142942588924,0.6904721390926285,0.0
19,0.2,0.05,1.5,50.0,0.5,0.5,0.0,3000,0.3333333333333333,-0.0068970258953131,beta_estimated_mean,500,0,7.931990292018126e-06,4.159752972234084e-05,0.0009292522808643,0.0,4.336808689942019e-19,0.0076243404615522,0.0,0.0,0.0,-0.0068970258953131,5.405118442602941e-05,0.0011497847975661,False,0.6563142942588924,0.6904721390926285,0.0
19,0.2,0.05,1.5,50.0,0.5,0.5,0.0,3000,0.3333333333333333,-0.0068970258953131,risk_only,500,0,1.779912496063816e-05,4.741860830134484e-05,0.0010594010057831,0.0,4.336808689942019e-19,0.0076243404615522,0.0,0.0,0.0,-0.0068970258953131,5.405118442602941e-05,0.0011497847975661,False,0.6563142942588924,0.6904721390926285,0.0
19,0.2,0.05,1.5,50.0,0.5,0.5,0.0,3000,0.3333333333333333,-0.0068970258953131,outcome_based,500,0,4.6359228646436766e-05,0.0002520096452084,0.0056296599325233,0.112,0.0872628001941022,0.1426536880040623,0.006,0.0008138490556469,9.960631651240676e-05,-0.0068970258953131,5.405118442602941e-05,0.0011497847975661,False,0.6563142942588924,0.6904721390926285,0.11799999999999336
19,0.2,0.05,1.5,50.0,0.5,0.5,0.0,3000,0.3333333333333333,-0.0068970258953131,beta_known_mean,500,0,1.150703550120887e-05,3.2104966130426e-05,0.0007172629281746,0.0,4.336808689942019e-19,0.0076243404615522,0.0,0.0,0.0,-0.0068970258953131,5.405118442602941e-05,0.0011497847975661,False,0.6563142942588924,0.6904721390926285,0.0
19,0.2,0.05,1.5,50.0,0.5,0.5,0.0,3000,0.5,-0.0009849664903685,beta_estimated_mean,500,0,-4.830939268814703e-06,6.562010735418374e-06,0.000146663800698,0.0,4.336808689942019e-19,0.0076243404615522,0.0,0.0,0.0,-0.0009849664903685,5.405118442602941e-05,0.0011497847975661,False,0.6563142942588924,0.6904721390926285,0.0
19,0.2,0.05,1.5,50.0,0.5,0.5,0.0,3000,0.5,-0.0009849664903685,risk_only,500,0,-1.6727839888707774e-06,1.2782323261411846e-05,0.0002855403726234,0.0,4.336808689942019e-19,0.0076243404615522,0.0,0.0,0.0,-0.0009849664903685,5.405118442602941e-05,0.0011497847975661,False,0.6563142942588924,0.6904721390926285,0.0
19,0.2,0.05,1.5,50.0,0.5,0.5,0.0,3000,0.5,-0.0009849664903685,outcome_based,500,0,-5.770017629812592e-05,9.817258806524453e-05,0.0021937684419763,0.282,0.2443364332272433,0.3229877792139934,0.042,0.0003191291428794,2.0635596907335983e-05,-0.0009849664903685,5.405118442602941e-05,0.0011497847975661,False,0.6563142942588924,0.6904721390926285,0.3240000000000061
19,0.2,0.05,1.5,50.0,0.5,0.5,0.0,3000,0.5,-0.0009849664903685,beta_known_mean,500,0,-3.712063525486773e-06,6.021300448555396e-06,0.0001345568760874,0.0,4.336808689942019e-19,0.0076243404615522,0.0,0.0,0.0,-0.0009849664903685,5.405118442602941e-05,0.0011497847975661,False,0.6563142942588924,0.6904721390926285,0.0
19,0.2,0.05,1.5,50.0,0.5,0.5,0.0,10000,0.0588235294117647,-0.000927833078047,beta_estimated_mean,500,0,7.630390511959084e-05,6.5060065736354e-05,0.0014553334843231,0.272,0.2348440922052204,0.3126326070452475,0.0,0.0002523705972287,1.8482883252515347e-05,-0.000927833078047,5.405118442602941e-05,0.0011497847975661,False,0.6563142942588924,0.6904721390926285,0.2719999999999095
19,0.2,0.05,1.5,50.0,0.5,0.5,0.0,10000,0.0588235294117647,-0.000927833078047,risk_only,500,0,8.011008526554864e-05,6.516466189991567e-05,0.0014578709726398,0.268,0.231053973436348,0.3084837205378122,0.0,0.0002486592649165,1.839680970880933e-05,-0.000927833078047,5.405118442602941e-05,0.0011497847975661,False,0.6563142942588924,0.6904721390926285,0.26799999999989654
19,0.2,0.05,1.5,50.0,0.5,0.5,0.0,10000,0.0588235294117647,-0.000927833078047,outcome_based,500,0,-9.741921951705869e-06,2.78832263623659e-05,0.0006229402755629,0.068,0.0490665074249068,0.0935209227338743,0.0,6.309264930719616e-05,1.0456395250167503e-05,-0.000927833078047,5.405118442602941e-05,0.0011497847975661,False,0.6563142942588924,0.6904721390926285,0.06800000000000017
19,0.2,0.05,1.5,50.0,0.5,0.5,0.0,10000,0.0588235294117647,-0.000927833078047,beta_known_mean,500,0,1.0730174443285837e-06,2.5229261693941905e-06,5.63681154384874e-05,0.0,4.336808689942019e-19,0.0076243404615522,0.0,0.0,0.0,-0.000927833078047,5.405118442602941e-05,0.0011497847975661,False,0.6563142942588924,0.6904721390926285,0.0
19,0.2,0.05,1.5,50.0,0.5,0.5,0.0,10000,0.1111111111111111,-0.0044700500376416,beta_estimated_mean,500,0,7.004145112142882e-05,6.365939788924746e-05,0.0014237671002472,0.002,0.0003531363945592,0.0112407067051467,0.0,8.94010007528334e-06,8.940100075283342e-06,-0.0044700500376416,5.405118442602941e-05,0.0011497847975661,False,0.6563142942588924,0.6904721390926285,0.0020000000000000317
19,0.2,0.05,1.5,50.0,0.5,0.5,0.0,10000,0.1111111111111111,-0.0044700500376416,risk_only,500,0,8.209673759971253e-05,6.377832888372871e-05,0.0014270633541261,0.004,0.0010976305226827,0.014465715215177,0.0,1.788020015056668e-05,1.263053587423171e-05,-0.0044700500376416,5.405118442602941e-05,0.0011497847975661,False,0.6563142942588924,0.6904721390926285,0.004000000000000063
19,0.2,0.05,1.5,50.0,0.5,0.5,0.0,10000,0.1111111111111111,-0.0044700500376416,outcome_based,500,0,-4.3374962357225154e-05,7.821135913117152e-05,0.0017476477674963,0.002,0.0003531363945592,0.0112407067051467,0.0,8.94010007528334e-06,8.94010007528334e-06,-0.0044700500376416,5.405118442602941e-05,0.0011497847975661,False,0.6563142942588924,0.6904721390926285,0.0020000000000000317
19,0.2,0.05,1.5,50.0,0.5,0.5,0.0,10000,0.1111111111111111,-0.0044700500376416,beta_known_mean,500,0,2.7780508258955226e-06,1.08654286722481e-05,0.000242731189059,0.0,4.336808689942019e-19,0.0076243404615522,0.0,0.0,0.0,-0.0044700500376416,5.405118442602941e-05,0.0011497847975661,False,0.6563142942588924,0.6904721390926285,0.0
19,0.2,0.05,1.5,50.0,0.5,0.5,0.0,10000,0.2,-0.0101068065182592,beta_estimated_mean,500,0,4.367405535097317e-05,5.103561830118797e-05,0.001140885601832,0.0,4.336808689942019e-19,0.0076243404615522,0.0,0.0,0.0,-0.0101068065182592,5.405118442602941e-05,0.0011497847975661,False,0.6563142942588924,0.6904721390926285,0.0
19,0.2,0.05,1.5,50.0,0.5,0.5,0.0,10000,0.2,-0.0101068065182592,risk_only,500,0,4.9845045910707874e-05,5.0913472114047846e-05,0.0011384125650716,0.0,4.336808689942019e-19,0.0076243404615522,0.0,0.0,0.0,-0.0101068065182592,5.405118442602941e-05,0.0011497847975661,False,0.6563142942588924,0.6904721390926285,0.0
19,0.2,0.05,1.5,50.0,0.5,0.5,0.0,10000,0.2,-0.0101068065182592,outcome_based,500,0,-0.0001471934817411,0.0001595434461908,0.0035669689403004,0.002,0.0003531363945592,0.0112407067051467,0.0,2.021361303651846e-05,2.021361303651845e-05,-0.0101068065182592,5.405118442602941e-05,0.0011497847975661,False,0.6563142942588924,0.6904721390926285,0.002000000000000006
19,0.2,0.05,1.5,50.0,0.5,0.5,0.0,10000,0.2,-0.0101068065182592,beta_known_mean,500,0,2.859127445780582e-06,2.4114830994569905e-05,0.0005386921073156,0.0,4.336808689942019e-19,0.0076243404615522,0.0,0.0,0.0,-0.0101068065182592,5.405118442602941e-05,0.0011497847975661,False,0.6563142942588924,0.6904721390926285,0.0
19,0.2,0.05,1.5,50.0,0.5,0.5,0.0,10000,0.3333333333333333,-0.0068970258953131,beta_estimated_mean,500,0,1.4654502186130371e-05,2.235359933549928e-05,0.0004995565760322,0.0,4.336808689942019e-19,0.0076243404615522,0.0,0.0,0.0,-0.0068970258953131,5.405118442602941e-05,0.0011497847975661,False,0.6563142942588924,0.6904721390926285,0.0
19,0.2,0.05,1.5,50.0,0.5,0.5,0.0,10000,0.3333333333333333,-0.0068970258953131,risk_only,500,0,3.5553066193300363e-06,2.591410248307862e-05,0.0005788881180758,0.0,4.336808689942019e-19,0.0076243404615522,0.0,0.0,0.0,-0.0068970258953131,5.405118442602941e-05,0.0011497847975661,False,0.6563142942588924,0.6904721390926285,0.0
19,0.2,0.05,1.5,50.0,0.5,0.5,0.0,10000,0.3333333333333333,-0.0068970258953131,outcome_based,500,0,-6.227410468703417e-05,0.000138088355076,0.0030852887343188,0.006,0.0020425962719602,0.0174902521040533,0.0,4.1382155371878745e-05,2.3844070714907468e-05,-0.0068970258953131,5.405118442602941e-05,0.0011497847975661,False,0.6563142942588924,0.6904721390926285,0.006000000000000021
19,0.2,0.05,1.5,50.0,0.5,0.5,0.0,10000,0.3333333333333333,-0.0068970258953131,beta_known_mean,500,0,4.9906728433587856e-06,1.6981771231500536e-05,0.0003793768618943,0.0,4.336808689942019e-19,0.0076243404615522,0.0,0.0,0.0,-0.0068970258953131,5.405118442602941e-05,0.0011497847975661,False,0.6563142942588924,0.6904721390926285,0.0
19,0.2,0.05,1.5,50.0,0.5,0.5,0.0,10000,0.5,-0.0009849664903685,beta_estimated_mean,500,0,1.625806769430008e-06,3.462449651666453e-06,7.736235185943981e-05,0.0,4.336808689942019e-19,0.0076243404615522,0.0,0.0,0.0,-0.0009849664903685,5.405118442602941e-05,0.0011497847975661,False,0.6563142942588924,0.6904721390926285,0.0
19,0.2,0.05,1.5,50.0,0.5,0.5,0.0,10000,0.5,-0.0009849664903685,risk_only,500,0,-1.4123451134112113e-06,7.0945048572838405e-06,0.0001584855271138,0.0,4.336808689942019e-19,0.0076243404615522,0.0,0.0,0.0,-0.0009849664903685,5.405118442602941e-05,0.0011497847975661,False,0.6563142942588924,0.6904721390926285,0.0
19,0.2,0.05,1.5,50.0,0.5,0.5,0.0,10000,0.5,-0.0009849664903685,outcome_based,500,0,-7.563350963145918e-05,5.293751070913857e-05,0.001184950660483,0.16,0.130476372350164,0.1947081791636914,0.024,0.0001812338342278,1.7085400896102383e-05,-0.0009849664903685,5.405118442602941e-05,0.0011497847975661,False,0.6563142942588924,0.6904721390926285,0.18399999999999594
19,0.2,0.05,1.5,50.0,0.5,0.5,0.0,10000,0.5,-0.0009849664903685,beta_known_mean,500,0,1.2569682824106146e-06,3.155380444248361e-06,7.049706672966994e-05,0.0,4.336808689942019e-19,0.0076243404615522,0.0,0.0,0.0,-0.0009849664903685,5.405118442602941e-05,0.0011497847975661,False,0.6563142942588924,0.6904721390926285,0.0
20,0.2,0.05,1.5,50.0,0.1,0.1,0.5,500,0.0588235294117647,-0.0022868321377234,beta_estimated_mean,500,0,0.0020205321611915,0.0002872896546501,0.0067281266117138,0.486,0.4424649931129956,0.5297484884199279,0.0,0.0011114004189335,5.116626410582222e-05,-0.000927833078047,0.0015412490330286,0.0106508621924177,False,0.6579915324927065,0.6942837011781271,0.4859999999999684
20,0.2,0.05,1.5,50.0,0.1,0.1,0.5,500,0.0588235294117647,-0.0022868321377234,risk_only,500,0,0.000620629749953,0.00028435597671,0.0063822788806501,0.412,0.369688475931219,0.4556534079900142,0.0,0.000942174840742,5.038732294833572e-05,-0.000927833078047,0.0015412490330286,0.0106508621924177,False,0.6579915324927065,0.6942837011781271,0.4119999999999822
20,0.2,0.05,1.5,50.0,0.1,0.1,0.5,500,0.0588235294117647,-0.0022868321377234,outcome_based,500,0,0.0001175821377233,0.0001783364212191,0.0039854687612138,0.284,0.2462377719556586,0.325055943123732,0.002,0.0006540339913888,4.626111931070034e-05,-0.000927833078047,0.0015412490330286,0.0106508621924177,False,0.6579915324927065,0.6942837011781271,0.2859999999999596
20,0.2,0.05,1.5,50.0,0.1,0.1,0.5,500,0.0588235294117647,-0.0022868321377234,beta_known_mean,500,0,0.0013616644668783,1.0238525792873215e-05,0.0013807385698076,0.0,4.336808689942019e-19,0.0076243404615522,0.0,0.0,0.0,-0.000927833078047,0.0015412490330286,0.0106508621924177,False,0.6579915324927065,0.6942837011781271,0.0
20,0.2,0.05,1.5,50.0,0.1,0.1,0.5,500,0.1111111111111111,-0.0065708344430626,beta_estimated_mean,500,0,0.0027178315342154,0.000269778759422,0.0066109089531614,0.262,0.2253762694172376,0.3022529166424613,0.0,0.0017215586240824,0.0001293448313007,-0.0044700500376416,0.0015412490330286,0.0106508621924177,False,0.6579915324927065,0.6942837011781271,0.2619999999999998
20,0.2,0.05,1.5,50.0,0.1,0.1,0.5,500,0.1111111111111111,-0.0065708344430626,risk_only,500,0,0.0005009231040182,0.0002712309085249,0.006079511544527,0.162,0.1323017883898392,0.19685226576217,0.0,0.0010644751797761,0.0001083801552383,-0.0044700500376416,0.0015412490330286,0.0106508621924177,False,0.6579915324927065,0.6942837011781271,0.16199999999999376
20,0.2,0.05,1.5,50.0,0.1,0.1,0.5,500,0.1111111111111111,-0.0065708344430626,outcome_based,500,0,-5.566555693723818e-05,0.000346680140388,0.0077444477791658,0.192,0.159876218595883,0.2288203751284331,0.006,0.0013010252197264,0.000117216845988,-0.0044700500376416,0.0015412490330286,0.0106508621924177,False,0.6579915324927065,0.6942837011781271,0.1980000000000008
20,0.2,0.05,1.5,50.0,0.1,0.1,0.5,500,0.1111111111111111,-0.0065708344430626,beta_known_mean,500,0,0.002129400403196,4.417800683398957e-05,0.0023469645341921,0.0,4.336808689942019e-19,0.0076243404615522,0.0,0.0,0.0,-0.0044700500376416,0.0015412490330286,0.0106508621924177,False,0.6579915324927065,0.6942837011781271,0.0
20,0.2,0.05,1.5,50.0,0.1,0.1,0.5,500,0.2,-0.0112468917949122,beta_estimated_mean,500,0,0.001546530748437,0.0001996294022802,0.0047199422226321,0.006,0.0020425962719602,0.0174902521040533,0.0,6.748135076947332e-05,3.88822207356124e-05,-0.0101068065182592,0.0015412490330286,0.0106508621924177,False,0.6579915324927065,0.6942837011781271,0.0060000000000000105
20,0.2,0.05,1.5,50.0,0.1,0.1,0.5,500,0.2,-0.0112468917949122,risk_only,500,0,0.0003589804494711,0.0002126514418812,0.0047638182369237,0.006,0.0020425962719602,0.0174902521040533,0.0,6.748135076947332e-05,3.888222073561241e-05,-0.0101068065182592,0.0015412490330286,0.0106508621924177,False,0.6579915324927065,0.6942837011781271,0.0060000000000000105
20,0.2,0.05,1.5,50.0,0.1,0.1,0.5,500,0.2,-0.0112468917949122,outcome_based,500,0,-0.0002961082050878,0.0006263272896397,0.0139942249184841,0.21,0.1765772705084025,0.2478448469592978,0.008,0.0024518224112908,0.0002078805548805,-0.0101068065182592,0.0015412490330286,0.0106508621924177,False,0.6579915324927065,0.6942837011781271,0.21799999999999467
20,0.2,0.05,1.5,50.0,0.1,0.1,0.5,500,0.2,-0.0112468917949122,beta_known_mean,500,0,0.001202032676037,9.828793667191938e-05,0.0025030943416853,0.0,4.336808689942019e-19,0.0076243404615522,0.0,0.0,0.0,-0.0101068065182592,0.0015412490330286,0.0106508621924177,False,0.6579915324927065,0.6942837011781271,0.0
20,0.2,0.05,1.5,50.0,0.1,0.1,0.5,500,0.3333333333333333,-0.0044868116798548,beta_estimated_mean,500,0,-0.0023025580421203,8.516762863941676e-05,0.0029868516026739,0.0,4.336808689942019e-19,0.0076243404615522,0.0,0.0,0.0,-0.0068970258953131,0.0015412490330286,0.0106508621924177,False,0.6579915324927065,0.6942837011781271,0.0
20,0.2,0.05,1.5,50.0,0.1,0.1,0.5,500,0.3333333333333333,-0.0044868116798548,risk_only,500,0,0.0002190807729603,8.870648439582095e-05,0.0019936267784216,0.004,0.0010976305226827,0.014465715215177,0.0,1.7947246719419457e-05,1.2677897429807609e-05,-0.0068970258953131,0.0015412490330286,0.0106508621924177,False,0.6579915324927065,0.6942837011781271,0.004000000000000057
20,0.2,0.05,1.5,50.0,0.1,0.1,0.5,500,0.3333333333333333,-0.0044868116798548,outcome_based,500,0,0.0011268116798548,0.0005976212029408,0.0133973170658105,0.396,0.3540817035027573,0.4395041593132456,0.032,0.0019203553989778,9.938193945695602e-05,-0.0068970258953131,0.0015412490330286,0.0106508621924177,False,0.6579915324927065,0.6942837011781271,0.42799999999998783
20,0.2,0.05,1.5,50.0,0.1,0.1,0.5,500,0.3333333333333333,-0.0044868116798548,beta_known_mean,500,0,-0.0023680916001006,6.901489421403448e-05,0.0028257074481501,0.0,4.336808689942019e-19,0.0076243404615522,0.0,0.0,0.0,-0.0068970258953131,0.0015412490330286,0.0106508621924177,False,0.6579915324927065,0.6942837011781271,0.0
20,0.2,0.05,1.5,50.0,0.1,0.1,0.5,500,0.5,-0.000494403416013,beta_estimated_mean,500,0,-0.0004965300925346,1.36460636401853e-05,0.0005826349149987,0.0,4.336808689942019e-19,0.0076243404615522,0.0,0.0,0.0,-0.0009849664903685,0.0015412490330286,0.0106508621924177,False,0.6579915324927065,0.6942837011781271,0.0
20,0.2,0.05,1.5,50.0,0.1,0.1,0.5,500,0.5,-0.000494403416013,risk_only,500,0,1.736118723856788e-05,2.1334184189065587e-05,0.0004768857000517,0.108,0.0837228096370503,0.1382546732848066,0.02,6.32836372496674e-05,7.394254890901301e-06,-0.0009849664903685,0.0015412490330286,0.0106508621924177,False,0.6579915324927065,0.6942837011781271,0.12800000000000689
20,0.2,0.05,1.5,50.0,0.1,0.1,0.5,500,0.5,-0.000494403416013,outcome_based,500,0,6.240341601302681e-05,0.0001685811115824,0.003766333785836,0.362,0.3210760441781857,0.4050282737892027,0.19,0.0002729106856391,1.1006259187546274e-05,-0.0009849664903685,0.0015412490330286,0.0106508621924177,False,0.6579915324927065,0.6942837011781271,0.5519999999998463
20,0.2,0.05,1.5,50.0,0.1,0.1,0.5,500,0.5,-0.000494403416013,beta_known_mean,500,0,-0.000497060651436,1.2902670419004243e-05,0.0005745800764669,0.0,4.336808689942019e-19,0.0076243404615522,0.0,0.0,0.0,-0.0009849664903685,0.0015412490330286,0.0106508621924177,False,0.6579915324927065,0.6942837011781271,0.0
20,0.2,0.05,1.5,50.0,0.1,0.1,0.5,3000,0.0588235294117647,-0.0022868321377234,beta_estimated_mean,500,0,0.0012685473908992,0.0001180494557583,0.0029262798586896,0.348,0.3075503020569475,0.3907674974433643,0.0,0.0007958175839277,4.876378793359677e-05,-0.000927833078047,0.0015412490330286,0.0106508621924177,False,0.6579915324927065,0.6942837011781271,0.34799999999998116
20,0.2,0.05,1.5,50.0,0.1,0.1,0.5,3000,0.0588235294117647,-0.0022868321377234,risk_only,500,0,-7.883969332181156e-05,0.0001158880101318,0.0025899422990707,0.19,0.1580273788297291,0.2266997122564333,0.0,0.0004344981061674,4.016088957560775e-05,-0.000927833078047,0.0015412490330286,0.0106508621924177,False,0.6579915324927065,0.6942837011781271,0.1899999999999799
20,0.2,0.05,1.5,50.0,0.1,0.1,0.5,3000,0.0588235294117647,-0.0022868321377234,outcome_based,500,0,-4.045952894347415e-05,6.85457781099533e-05,0.0015317311442074,0.074,0.0541611847510119,0.1003347533222305,0.002,0.0001737992424669,2.7128563377159592e-05,-0.000927833078047,0.0015412490330286,0.0106508621924177,False,0.6579915324927065,0.6942837011781271,0.07599999999996572
20,0.2,0.05,1.5,50.0,0.1,0.1,0.5,3000,0.0588235294117647,-0.0022868321377234,beta_known_mean,500,0,0.001355907939423,3.839546409725945e-06,0.001358617921415,0.0,4.336808689942019e-19,0.0076243404615522,0.0,0.0,0.0,-0.000927833078047,0.0015412490330286,0.0106508621924177,False,0.6579915324927065,0.6942837011781271,0.0
20,0.2,0.05,1.5,50.0,0.1,0.1,0.5,3000,0.1111111111111111,-0.0065708344430626,beta_estimated_mean,500,0,0.0020106697672342,0.0001106792948118,0.0031867689211165,0.032,0.0197915136265711,0.0513448690454417,0.0,0.000210266702178,5.177056682024109e-05,-0.0044700500376416,0.0015412490330286,0.0106508621924177,False,0.6579915324927065,0.6942837011781271,0.031999999999999515
20,0.2,0.05,1.5,50.0,0.1,0.1,0.5,3000,0.1111111111111111,-0.0065708344430626,risk_only,500,0,-6.67107077488483e-05,0.0001097945766462,0.0024535321477272,0.006,0.0020425962719602,0.0174902521040533,0.0,3.942500665837617e-05,2.2716377101440983e-05,-0.0044700500376416,0.0015412490330286,0.0106508621924177,False,0.6579915324927065,0.6942837011781271,0.006000000000000087
20,0.2,0.05,1.5,50.0,0.1,0.1,0.5,3000,0.1111111111111111,-0.0065708344430626,outcome_based,500,0,-5.991555693848499e-05,0.0001316616533274,0.0029417087825729,0.01,0.0042787538965904,0.0231930997557307,0.0,6.570834443062695e-05,2.926764977160721e-05,-0.0044700500376416,0.0015412490330286,0.0106508621924177,False,0.6579915324927065,0.6942837011781271,0.010000000000000146
20,0.2,0.05,1.5,50.0,0.1,0.1,0.5,3000,0.1111111111111111,-0.0065708344430626,beta_known_mean,500,0,0.0020892860437711,1.675143721103843e-05,0.0021225317162214,0.0,4.336808689942019e-19,0.0076243404615522,0.0,0.0,0.0,-0.0044700500376416,0.0015412490330286,0.0106508621924177,False,0.6579915324927065,0.6942837011781271,0.0
20,0.2,0.05,1.5,50.0,0.1,0.1,0.5,3000,0.2,-0.0112468917949122,beta_estimated_mean,500,0,0.0010646339326271,8.034293305737549e-05,0.002086740010097,0.0,4.336808689942019e-19,0.0076243404615522,0.0,0.0,0.0,-0.0101068065182592,0.0015412490330286,0.0106508621924177,False,0.6579915324927065,0.6942837011781271,0.0
20,0.2,0.05,1.5,50.0,0.1,0.1,0.5,3000,0.2,-0.0112468917949122,risk_only,500,0,-7.575039505237846e-05,8.48627662650656e-05,0.0018972034636095,0.0,4.336808689942019e-19,0.0076243404615522,0.0,0.0,0.0,-0.0101068065182592,0.0015412490330286,0.0106508621924177,False,0.6579915324927065,0.6942837011781271,0.0
20,0.2,0.05,1.5,50.0,0.1,0.1,0.5,3000,0.2,-0.0112468917949122,outcome_based,500,0,0.0006135584615784,0.0002587891662222,0.0058133809809973,0.042,0.0276323101084517,0.0633515857543301,0.0,0.0004723694553863,0.0001009926211075,-0.0101068065182592,0.0015412490330286,0.0106508621924177,False,0.6579915324927065,0.6942837011781271,0.0419999999999989
20,0.2,0.05,1.5,50.0,0.1,0.1,0.5,3000,0.2,-0.0112468917949122,beta_known_mean,500,0,0.0011140027984564,3.746129979293895e-05,0.0013932958684625,0.0,4.336808689942019e-19,0.0076243404615522,0.0,0.0,0.0,-0.0101068065182592,0.0015412490330286,0.0106508621924177,False,0.6579915324927065,0.6942837011781271,0.0
20,0.2,0.05,1.5,50.0,0.1,0.1,0.5,3000,0.3333333333333333,-0.0044868116798548,beta_estimated_mean,500,0,-0.0024441998666783,3.29665256180599e-05,0.0025527283643431,0.0,4.336808689942019e-19,0.0076243404615522,0.0,0.0,0.0,-0.0068970258953131,0.0015412490330286,0.0106508621924177,False,0.6579915324927065,0.6942837011781271,0.0
20,0.2,0.05,1.5,50.0,0.1,0.1,0.5,3000,0.3333333333333333,-0.0044868116798548,risk_only,500,0,-4.342570435294178e-05,3.63718130396498e-05,0.0008136444401029,0.0,4.336808689942019e-19,0.0076243404615522,0.0,0.0,0.0,-0.0068970258953131,0.0015412490330286,0.0106508621924177,False,0.6579915324927065,0.6942837011781271,0.0
20,0.2,0.05,1.5,50.0,0.1,0.1,0.5,3000,0.3333333333333333,-0.0044868116798548,outcome_based,500,0,0.0001344783465215,0.0002216561069503,0.0049532482140639,0.192,0.159876218595883,0.2288203751284331,0.014,0.0009242832060501,8.123280134807489e-05,-0.0068970258953131,0.0015412490330286,0.0106508621924177,False,0.6579915324927065,0.6942837011781271,0.2060000000000025
20,0.2,0.05,1.5,50.0,0.1,0.1,0.5,3000,0.3333333333333333,-0.0044868116798548,beta_known_mean,500,0,-0.0024284419752572,2.6113995719218742e-05,0.0024975225469714,0.0,4.336808689942019e-19,0.0076243404615522,0.0,0.0,0.0,-0.0068970258953131,0.0015412490330286,0.0106508621924177,False,0.6579915324927065,0.6942837011781271,0.0
20,0.2,0.05,1.5,50.0,0.1,0.1,0.5,3000,0.5,-0.000494403416013,beta_estimated_mean,500,0,-0.0004972903116244,5.090466751545725e-06,0.0005101256385029,0.0,4.336808689942019e-19,0.0076243404615522,0.0,0.0,0.0,-0.0009849664903685,0.0015412490330286,0.0106508621924177,False,0.6579915324927065,0.6942837011781271,0.0
20,0.2,0.05,1.5,50.0,0.1,0.1,0.5,3000,0.5,-0.000494403416013,risk_only,500,0,-1.2792243031654845e-05,8.875167005563394e-06,0.0001986684866321,0.004,0.0010976305226827,0.014465715215177,0.0,1.9776136640521064e-06,1.3969821433117071e-06,-0.0009849664903685,0.0015412490330286,0.0106508621924177,False,0.6579915324927065,0.6942837011781271,0.004000000000000215
20,0.2,0.05,1.5,50.0,0.1,0.1,0.5,3000,0.5,-0.000494403416013,outcome_based,500,0,-8.62632506536401e-05,6.887368188940456e-05,0.0015409379587958,0.318,0.2787002611764217,0.3600749987515833,0.088,0.0002007277869012,1.0868945954839598e-05,-0.0009849664903685,0.0015412490330286,0.0106508621924177,False,0.6579915324927065,0.6942837011781271,0.40599999999984226
20,0.2,0.05,1.5,50.0,0.1,0.1,0.5,3000,0.5,-0.000494403416013,beta_known_mean,500,0,-0.0004956565063062,4.778318670932732e-06,0.0005070194321472,0.0,4.336808689942019e-19,0.0076243404615522,0.0,0.0,0.0,-0.0009849664903685,0.0015412490330286,0.0106508621924177,False,0.6579915324927065,0.6942837011781271,0.0
20,0.2,0.05,1.5,50.0,0.1,0.1,0.5,10000,0.0588235294117647,-0.0022868321377234,beta_estimated_mean,500,0,0.0014514023550219,6.27634449151967e-05,0.0020179827935235,0.278,0.2405366075286252,0.3188485996363041,0.0,0.0006357393342871,4.5864325484082605e-05,-0.000927833078047,0.0015412490330286,0.0106508621924177,False,0.6579915324927065,0.6942837011781271,0.27799999999999775
20,0.2,0.05,1.5,50.0,0.1,0.1,0.5,10000,0.0588235294117647,-0.0022868321377234,risk_only,500,0,8.352395110195133e-05,6.192148253166667e-05,0.0013857405889518,0.06,0.0423483564809462,0.0843610631252197,0.0,0.0001372099282634,2.431216116819298e-05,-0.000927833078047,0.0015412490330286,0.0106508621924177,False,0.6579915324927065,0.6942837011781271,0.05999999999999825
20,0.2,0.05,1.5,50.0,0.1,0.1,0.5,10000,0.0588235294117647,-0.0022868321377234,outcome_based,500,0,-2.526786227455108e-05,3.876396483772305e-05,0.0008662899658105,0.0,4.336808689942019e-19,0.0076243404615522,0.0,0.0,0.0,-0.000927833078047,0.0015412490330286,0.0106508621924177,False,0.6579915324927065,0.6942837011781271,0.0
20,0.2,0.05,1.5,50.0,0.1,0.1,0.5,10000,0.0588235294117647,-0.0022868321377234,beta_known_mean,500,0,0.0013571639792841,2.276383953617055e-06,0.0013581162861458,0.0,4.336808689942019e-19,0.0076243404615522,0.0,0.0,0.0,-0.000927833078047,0.0015412490330286,0.0106508621924177,False,0.6579915324927065,0.6942837011781271,0.0
20,0.2,0.05,1.5,50.0,0.1,0.1,0.5,10000,0.1111111111111111,-0.0065708344430626,beta_estimated_mean,500,0,0.0021758596460414,5.862733064165364e-05,0.0025395885462917,0.0,4.336808689942019e-19,0.0076243404615522,0.0,0.0,0.0,-0.0044700500376416,0.0015412490330286,0.0106508621924177,False,0.6579915324927065,0.6942837011781271,0.0
20,0.2,0.05,1.5,50.0,0.1,0.1,0.5,10000,0.1111111111111111,-0.0065708344430626,risk_only,500,0,6.627899536703419e-05,5.8014989555843257e-05,0.0012976504432226,0.0,4.336808689942019e-19,0.0076243404615522,0.0,0.0,0.0,-0.0044700500376416,0.0015412490330286,0.0106508621924177,False,0.6579915324927065,0.6942837011781271,0.0
20,0.2,0.05,1.5,50.0,0.1,0.1,0.5,10000,0.1111111111111111,-0.0065708344430626,outcome_based,500,0,-6.064055693626144e-05,7.609290067290247e-05,0.0017008679884167,0.0,4.336808689942019e-19,0.0076243404615522,0.0,0.0,0.0,-0.0044700500376416,0.0015412490330286,0.0106508621924177,False,0.6579915324927065,0.6942837011781271,0.0
20,0.2,0.05,1.5,50.0,0.1,0.1,0.5,10000,0.1111111111111111,-0.0065708344430626,beta_known_mean,500,0,0.0020906049807061,9.86814248885897e-06,0.0021021945493239,0.0,4.336808689942019e-19,0.0076243404615522,0.0,0.0,0.0,-0.0044700500376416,0.0015412490330286,0.0106508621924177,False,0.6579915324927065,0.6942837011781271,0.0
20,0.2,0.05,1.5,50.0,0.1,0.1,0.5,10000,0.2,-0.0112468917949122,beta_estimated_mean,500,0,0.0011665223706885,4.253182525377588e-05,0.0015044745145286,0.0,4.336808689942019e-19,0.0076243404615522,0.0,0.0,0.0,-0.0101068065182592,0.0015412490330286,0.0106508621924177,False,0.6579915324927065,0.6942837011781271,0.0
20,0.2,0.05,1.5,50.0,0.1,0.1,0.5,10000,0.2,-0.0112468917949122,risk_only,500,0,1.929108249757129e-05,4.510217348446087e-05,0.0010076909081271,0.0,4.336808689942019e-19,0.0076243404615522,0.0,0.0,0.0,-0.0101068065182592,0.0015412490330286,0.0106508621924177,False,0.6579915324927065,0.6942837011781271,0.0
20,0.2,0.05,1.5,50.0,0.1,0.1,0.5,10000,0.2,-0.0112468917949122,outcome_based,500,0,-0.0002058082050885,0.0001457729396007,0.0032628181419262,0.0,4.336808689942019e-19,0.0076243404615522,0.0,0.0,0.0,-0.0101068065182592,0.0015412490330286,0.0106508621924177,False,0.6579915324927065,0.6942837011781271,0.0
20,0.2,0.05,1.5,50.0,0.1,0.1,0.5,10000,0.2,-0.0112468917949122,beta_known_mean,500,0,0.0011145507495017,2.1905376516552248e-05,0.0012172371534999,0.0,4.336808689942019e-19,0.0076243404615522,0.0,0.0,0.0,-0.0101068065182592,0.0015412490330286,0.0106508621924177,False,0.6579915324927065,0.6942837011781271,0.0
20,0.2,0.05,1.5,50.0,0.1,0.1,0.5,10000,0.3333333333333333,-0.0044868116798548,beta_estimated_mean,500,0,-0.0024133507213653,1.8116762640942837e-05,0.0024470476152948,0.0,4.336808689942019e-19,0.0076243404615522,0.0,0.0,0.0,-0.0068970258953131,0.0015412490330286,0.0106508621924177,False,0.6579915324927065,0.6942837011781271,0.0
20,0.2,0.05,1.5,50.0,0.1,0.1,0.5,10000,0.3333333333333333,-0.0044868116798548,risk_only,500,0,9.365390112979183e-06,1.981625019602208e-05,0.0004427605590788,0.0,4.336808689942019e-19,0.0076243404615522,0.0,0.0,0.0,-0.0068970258953131,0.0015412490330286,0.0106508621924177,False,0.6579915324927065,0.6942837011781271,0.0
20,0.2,0.05,1.5,50.0,0.1,0.1,0.5,10000,0.3333333333333333,-0.0044868116798548,outcome_based,500,0,3.59116798549283e-05,0.0001212428473604,0.0027085981316448,0.058,0.0406837291117572,0.0820561878562549,0.004,0.000278182324151,4.843784720032953e-05,-0.0068970258953131,0.0015412490330286,0.0106508621924177,False,0.6579915324927065,0.6942837011781271,0.062000000000000534
20,0.2,0.05,1.5,50.0,0.1,0.1,0.5,10000,0.3333333333333333,-0.0044868116798548,beta_known_mean,500,0,-0.0024254632028662,1.5414664877179034e-05,0.0024497836808998,0.0,4.336808689942019e-19,0.0076243404615522,0.0,0.0,0.0,-0.0068970258953131,0.0015412490330286,0.0106508621924177,False,0.6579915324927065,0.6942837011781271,0.0
20,0.2,0.05,1.5,50.0,0.1,0.1,0.5,10000,0.5,-0.000494403416013,beta_estimated_mean,500,0,-0.0004920510106444,2.9176993158777296e-06,0.0004963488377701,0.0,4.336808689942019e-19,0.0076243404615522,0.0,0.0,0.0,-0.0009849664903685,0.0015412490330286,0.0106508621924177,False,0.6579915324927065,0.6942837011781271,0.0
20,0.2,0.05,1.5,50.0,0.1,0.1,0.5,10000,0.5,-0.000494403416013,risk_only,500,0,4.369666282253032e-07,4.96462577342273e-06,0.0001109022000044,0.0,4.336808689942019e-19,0.0076243404615522,0.0,0.0,0.0,-0.0009849664903685,0.0015412490330286,0.0106508621924177,False,0.6579915324927065,0.6942837011781271,0.0
20,0.2,0.05,1.5,50.0,0.1,0.1,0.5,10000,0.5,-0.000494403416013,outcome_based,500,0,-8.796583986973427e-06,3.7400228263318086e-05,0.0008355041232033,0.252,0.2159338483813718,0.2918478244875581,0.05,0.0001493098316359,1.0161606489964229e-05,-0.0009849664903685,0.0015412490330286,0.0106508621924177,False,0.6579915324927065,0.6942837011781271,0.3019999999999474
20,0.2,0.05,1.5,50.0,0.1,0.1,0.5,10000,0.5,-0.000494403416013,beta_known_mean,500,0,-0.0004926480638107,2.821666697628136e-06,0.0004966639250537,0.0,4.336808689942019e-19,0.0076243404615522,0.0,0.0,0.0,-0.0009849664903685,0.0015412490330286,0.0106508621924177,False,0.6579915324927065,0.6942837011781271,0.0
21,0.2,0.05,1.5,50.0,0.1,0.1,1.0,500,0.0588235294117647,-0.0036458311973998,beta_estimated_mean,500,0,0.0023099589968033,0.0002631338338392,0.0063155663568582,0.41,0.3677350694076764,0.453637311875403,0.0,0.0014947907909339,8.027202487154465e-05,-0.000927833078047,0.0030284468816312,0.0201519395872695,False,0.6572348254094391,0.6926600929128244,0.40999999999999504
21,0.2,0.05,1.5,50.0,0.1,0.1,1.0,500,0.0588235294117647,-0.0036458311973998,risk_only,500,0,-0.0003687138801629,0.0002550689956271,0.0057097273138051,0.246,0.2102809916856707,0.2855921732687978,0.0,0.0008968744745603,7.029096579587309e-05,-0.000927833078047,0.0030284468816312,0.0201519395872695,False,0.6572348254094391,0.6926600929128244,0.24599999999998606
21,0.2,0.05,1.5,50.0,0.1,0.1,1.0,500,0.0588235294117647,-0.0036458311973998,outcome_based,500,0,0.0003018311973996,0.0002062128766614,0.0046163246822253,0.224,0.1896389712599083,0.2625696646748685,0.01,0.0008531245001915,6.909849647354567e-05,-0.000927833078047,0.0030284468816312,0.0201519395872695,False,0.6572348254094391,0.6926600929128244,0.23399999999998541
21,0.2,0.05,1.5,50.0,0.1,0.1,1.0,500,0.0588235294117647,-0.0036458311973998,beta_known_mean,500,0,0.0027306037445165,7.916547933775382e-06,0.0027363241773281,0.0,4.336808689942019e-19,0.0076243404615522,0.0,0.0,0.0,-0.000927833078047,0.0030284468816312,0.0201519395872695,False,0.6572348254094391,0.6926600929128244,0.0
21,0.2,0.05,1.5,50.0,0.1,0.1,1.0,500,0.1111111111111111,-0.0086716188484837,beta_estimated_mean,500,0,0.0038658842112988,0.0002332007201006,0.0064870614369723,0.17,0.1396203661039611,0.2054116986006633,0.0,0.0014741752042422,0.00014581876468,-0.0044700500376416,0.0030284468816312,0.0201519395872695,False,0.6572348254094391,0.6926600929128244,0.16999999999999665
21,0.2,0.05,1.5,50.0,0.1,0.1,1.0,500,0.1111111111111111,-0.0086716188484837,risk_only,500,0,-0.0002736866855753,0.0002274083998705,0.0050872861121985,0.046,0.0308451083708162,0.0680777927682732,0.0,0.0003988944670302,8.132105627969328e-05,-0.0044700500376416,0.0030284468816312,0.0201519395872695,False,0.6572348254094391,0.6926600929128244,0.045999999999994205
21,0.2,0.05,1.5,50.0,0.1,0.1,1.0,500,0.1111111111111111,-0.0086716188484837,outcome_based,500,0,0.0006826188484838,0.0003073046212807,0.0068985213989886,0.114,0.0890369009940028,0.1448490898423155,0.006,0.001040594261818,0.0001261484349829,-0.0044700500376416,0.0030284468816312,0.0201519395872695,False,0.6572348254094391,0.6926600929128244,0.11999999999999492
21,0.2,0.05,1.5,50.0,0.1,0.1,1.0,500,0.1111111111111111,-0.0086716188484837,beta_known_mean,500,0,0.0042577799204757,3.49996888946346e-05,0.0043289668495316,0.0,4.336808689942019e-19,0.0076243404615522,0.0,0.0,0.0,-0.0044700500376416,0.0030284468816312,0.0201519395872695,False,0.6572348254094391,0.6926600929128244,0.0
21,0.2,0.05,1.5,50.0,0.1,0.1,1.0,500,0.2,-0.0123869770715652,beta_estimated_mean,500,0,0.0021581050336348,0.000144997298528,0.0038921075794277,0.0,4.336808689942019e-19,0.0076243404615522,0.0,0.0,0.0,-0.0101068065182592,0.0030284468816312,0.0201519395872695,False,0.6572348254094391,0.6926600929128244,0.0
21,0.2,0.05,1.5,50.0,0.1,0.1,1.0,500,0.2,-0.0123869770715652,risk_only,500,0,-0.0001490605249075,0.0001685892930781,0.003768948336159,0.0,4.336808689942019e-19,0.0076243404615522,0.0,0.0,0.0,-0.0101068065182592,0.0030284468816312,0.0201519395872695,False,0.6572348254094391,0.6926600929128244,0.0
21,0.2,0.05,1.5,50.0,0.1,0.1,1.0,500,0.2,-0.0123869770715652,outcome_based,500,0,0.0005699770715651,0.0005846037504927,0.0130714913021472,0.174,0.1432894720810641,0.2096815978998678,0.01,0.0022792037811679,0.0002148666693009,-0.0101068065182592,0.0030284468816312,0.0201519395872695,False,0.6572348254094391,0.6926600929128244,0.18399999999999217
21,0.2,0.05,1.5,50.0,0.1,0.1,1.0,500,0.2,-0.0123869770715652,beta_known_mean,500,0,0.0023915713928461,7.877809494457637e-05,0.0029692426408741,0.0,4.336808689942019e-19,0.0076243404615522,0.0,0.0,0.0,-0.0101068065182592,0.0030284468816312,0.0201519395872695,False,0.6572348254094391,0.6926600929128244,0.0
21,0.2,0.05,1.5,50.0,0.1,0.1,1.0,500,0.3333333333333333,-0.0020765974643966,beta_estimated_mean,500,0,-0.0047840104530092,5.5517535113471184e-05,0.0049421424676282,0.0,4.336808689942019e-19,0.0076243404615522,0.0,0.0,0.0,-0.0068970258953131,0.0030284468816312,0.0201519395872695,False,0.6572348254094391,0.6926600929128244,0.0
21,0.2,0.05,1.5,50.0,0.1,0.1,1.0,500,0.3333333333333333,-0.0020765974643966,risk_only,500,0,-6.4540020628345126e-06,4.61604646672263e-05,0.0010311668704877,0.014,0.0067977897908434,0.0286130691377852,0.0,2.907236450155249e-05,1.0922059092042742e-05,-0.0068970258953131,0.0030284468816312,0.0201519395872695,False,0.6572348254094391,0.6926600929128244,0.014000000000000042
21,0.2,0.05,1.5,50.0,0.1,0.1,1.0,500,0.3333333333333333,-0.0020765974643966,outcome_based,500,0,0.0002385974643966,0.000477232662365,0.0106632398805436,0.402,0.359928740326145,0.4455656304043193,0.048,0.0009344688589784,4.624764771598703e-05,-0.0068970258953131,0.0030284468816312,0.0201519395872695,False,0.6572348254094391,0.6926600929128244,0.44999999999996626
21,0.2,0.05,1.5,50.0,0.1,0.1,1.0,500,0.3333333333333333,-0.0020765974643966,beta_known_mean,500,0,-0.0047314110061497,5.443495699922818e-05,0.0048851682894579,0.0,4.336808689942019e-19,0.0076243404615522,0.0,0.0,0.0,-0.0068970258953131,0.0030284468816312,0.0201519395872695,False,0.6572348254094391,0.6926600929128244,0.0
21,0.2,0.05,1.5,50.0,0.1,0.1,1.0,500,0.5,-3.840341657512354e-06,beta_estimated_mean,500,0,-0.0009726114935533,9.300107381725664e-06,0.000994551468779,0.0,4.336808689942019e-19,0.0076243404615522,0.0,0.0,0.0,-0.0009849664903685,0.0030284468816312,0.0201519395872695,False,0.6572348254094391,0.6926600929128244,0.0
21,0.2,0.05,1.5,50.0,0.1,0.1,1.0,500,0.5,-3.840341657512354e-06,risk_only,500,0,-5.113076594283352e-07,1.8169187480489028e-06,4.059011099136556e-05,0.038,0.0244601180558303,0.0585847725306438,0.896,3.58687910811654e-06,4.26839887079412e-08,-0.0009849664903685,0.0030284468816312,0.0201519395872695,False,0.6572348254094391,0.6926600929128244,0.9340000000000003
21,0.2,0.05,1.5,50.0,0.1,0.1,1.0,500,0.5,-3.840341657512354e-06,outcome_based,500,0,-4.015965834248768e-05,3.0165342626789157e-05,0.0006750383679156,0.04,0.0260407973897772,0.0609735958348508,0.898,3.6022404747465893e-06,4.1458812109016536e-08,-0.0009849664903685,0.0030284468816312,0.0201519395872695,False,0.6572348254094391,0.6926600929128244,0.9380000000000003
21,0.2,0.05,1.5,50.0,0.1,0.1,1.0,500,0.5,-3.840341657512354e-06,beta_known_mean,500,0,-0.000970459534555,9.769990906654093e-06,0.0009946972487367,0.0,4.336808689942019e-19,0.0076243404615522,0.0,0.0,0.0,-0.0009849664903685,0.0030284468816312,0.0201519395872695,False,0.6572348254094391,0.6926600929128244,0.0
21,0.2,0.05,1.5,50.0,0.1,0.1,1.0,3000,0.0588235294117647,-0.0036458311973998,beta_estimated_mean,500,0,0.0028695792947928,0.0001127784483962,0.0038185410253157,0.382,0.3404646252341933,0.4253347191147331,0.0,0.0013927075174067,7.929982028062877e-05,-0.000927833078047,0.0030284468816312,0.0201519395872695,False,0.6572348254094391,0.6926600929128244,0.3819999999999935
21,0.2,0.05,1.5,50.0,0.1,0.1,1.0,3000,0.0588235294117647,-0.0036458311973998,risk_only,500,0,0.0001493596398413,0.0001088095481191,0.0024352058773743,0.064,0.0456960160447894,0.0889524088376841,0.0,0.0002333331966335,3.99460825748304e-05,-0.000927833078047,0.0030284468816312,0.0201519395872695,False,0.6572348254094391,0.6926600929128244,0.06399999999997608
21,0.2,0.05,1.5,50.0,0.1,0.1,1.0,3000,0.0588235294117647,-0.0036458311973998,outcome_based,500,0,3.724786406618114e-05,9.055671301817688e-05,0.0020232266362009,0.04,0.0260407973897772,0.0609735958348508,0.0,0.0001458332478959,3.198246227226576e-05,-0.000927833078047,0.0030284468816312,0.0201519395872695,False,0.6572348254094391,0.6926600929128244,0.03999999999997477
21,0.2,0.05,1.5,50.0,0.1,0.1,1.0,3000,0.0588235294117647,-0.0036458311973998,beta_known_mean,500,0,0.0027157738307327,3.2721205236351523e-06,0.0027167572911985,0.0,4.336808689942019e-19,0.0076243404615522,0.0,0.0,0.0,-0.000927833078047,0.0030284468816312,0.0201519395872695,False,0.6572348254094391,0.6926600929128244,0.0
21,0.2,0.05,1.5,50.0,0.1,0.1,1.0,3000,0.1111111111111111,-0.0086716188484837,beta_estimated_mean,500,0,0.0043326319525877,9.95490448663873e-05,0.0048699893009282,0.03,0.0182632131979133,0.0489036668359457,0.0,0.0002601485654545,6.622110180021106e-05,-0.0044700500376416,0.0030284468816312,0.0201519395872695,False,0.6572348254094391,0.6926600929128244,0.02999999999999873
21,0.2,0.05,1.5,50.0,0.1,0.1,1.0,3000,0.1111111111111111,-0.0086716188484837,risk_only,500,0,0.0001201792696235,9.658502616231896e-05,0.0021608905638547,0.0,4.336808689942019e-19,0.0076243404615522,0.0,0.0,0.0,-0.0044700500376416,0.0030284468816312,0.0201519395872695,False,0.6572348254094391,0.6926600929128244,0.0
21,0.2,0.05,1.5,50.0,0.1,0.1,1.0,3000,0.1111111111111111,-0.0086716188484837,outcome_based,500,0,0.0001043688484824,0.0001328045234844,0.0029684636672926,0.0,4.336808689942019e-19,0.0076243404615522,0.0,0.0,0.0,-0.0044700500376416,0.0030284468816312,0.0201519395872695,False,0.6572348254094391,0.6926600929128244,0.0
21,0.2,0.05,1.5,50.0,0.1,0.1,1.0,3000,0.1111111111111111,-0.0086716188484837,beta_known_mean,500,0,0.00419368405862,1.4804953551580516e-05,0.0042067041875684,0.0,4.336808689942019e-19,0.0076243404615522,0.0,0.0,0.0,-0.0044700500376416,0.0030284468816312,0.0201519395872695,False,0.6572348254094391,0.6926600929128244,0.0
21,0.2,0.05,1.5,50.0,0.1,0.1,1.0,3000,0.2,-0.0123869770715652,beta_estimated_mean,500,0,0.0023469885999438,6.094355316860371e-05,0.0027132452355068,0.0,4.336808689942019e-19,0.0076243404615522,0.0,0.0,0.0,-0.0101068065182592,0.0030284468816312,0.0201519395872695,False,0.6572348254094391,0.6926600929128244,0.0
21,0.2,0.05,1.5,50.0,0.1,0.1,1.0,3000,0.2,-0.0123869770715652,risk_only,500,0,6.141425864377912e-05,7.046732382853564e-05,0.0015753183586866,0.0,4.336808689942019e-19,0.0076243404615522,0.0,0.0,0.0,-0.0101068065182592,0.0030284468816312,0.0201519395872695,False,0.6572348254094391,0.6926600929128244,0.0
21,0.2,0.05,1.5,50.0,0.1,0.1,1.0,3000,0.2,-0.0123869770715652,outcome_based,500,0,0.0002201437382313,0.0002554871546785,0.0057113949856539,0.016,0.0081292530333883,0.0312511085333942,0.0,0.000198191633145,6.957810582223156e-05,-0.0101068065182592,0.0030284468816312,0.0201519395872695,False,0.6572348254094391,0.6926600929128244,0.015999999999996514
21,0.2,0.05,1.5,50.0,0.1,0.1,1.0,3000,0.2,-0.0123869770715652,beta_known_mean,500,0,0.0022626294416022,3.35860649535314e-05,0.0023837734468228,0.0,4.336808689942019e-19,0.0076243404615522,0.0,0.0,0.0,-0.0101068065182592,0.0030284468816312,0.0201519395872695,False,0.6572348254094391,0.6926600929128244,0.0
21,0.2,0.05,1.5,50.0,0.1,0.1,1.0,3000,0.3333333333333333,-0.0020765974643966,beta_estimated_mean,500,0,-0.0048140555390828,2.304706783540587e-05,0.0048415062980381,0.0,4.336808689942019e-19,0.0076243404615522,0.0,0.0,0.0,-0.0068970258953131,0.0030284468816312,0.0201519395872695,False,0.6572348254094391,0.6926600929128244,0.0
21,0.2,0.05,1.5,50.0,0.1,0.1,1.0,3000,0.3333333333333333,-0.0020765974643966,risk_only,500,0,1.8807352128180264e-05,1.8429825185720823e-05,0.000412120475378,0.0,4.336808689942019e-19,0.0076243404615522,0.0,0.0,0.0,-0.0068970258953131,0.0030284468816312,0.0201519395872695,False,0.6572348254094391,0.6926600929128244,0.0
21,0.2,0.05,1.5,50.0,0.1,0.1,1.0,3000,0.3333333333333333,-0.0020765974643966,outcome_based,500,0,0.0001609307977299,0.0001901121157803,0.0042498311011526,0.312,0.2729529487252849,0.3539138032882587,0.016,0.000681123968322,4.364390532035796e-05,-0.0068970258953131,0.0030284468816312,0.0201519395872695,False,0.6572348254094391,0.6926600929128244,0.32799999999995916
21,0.2,0.05,1.5,50.0,0.1,0.1,1.0,3000,0.3333333333333333,-0.0020765974643966,beta_known_mean,500,0,-0.0048330366055939,2.294666275886821e-05,0.0048601430994945,0.0,4.336808689942019e-19,0.0076243404615522,0.0,0.0,0.0,-0.0068970258953131,0.0030284468816312,0.0201519395872695,False,0.6572348254094391,0.6926600929128244,0.0
21,0.2,0.05,1.5,50.0,0.1,0.1,1.0,3000,0.5,-3.840341657512354e-06,beta_estimated_mean,500,0,-0.0009837883879964,3.747986695013587e-06,0.0009873445432499,0.0,4.336808689942019e-19,0.0076243404615522,0.0,0.0,0.0,-0.0009849664903685,0.0030284468816312,0.0201519395872695,False,0.6572348254094391,0.6926600929128244,0.0
21,0.2,0.05,1.5,50.0,0.1,0.1,1.0,3000,0.5,-3.840341657512354e-06,risk_only,500,0,-2.467189748469352e-07,6.099668240247972e-07,1.3627860211037813e-05,0.094,0.0714264085922213,0.1227645558625591,0.586,2.6114323271084013e-06,8.019532208534855e-08,-0.0009849664903685,0.0030284468816312,0.0201519395872695,False,0.6572348254094391,0.6926600929128244,0.6800000000000002
21,0.2,0.05,1.5,50.0,0.1,0.1,1.0,3000,0.5,-3.840341657512354e-06,outcome_based,500,0,-2.0159658342487646e-05,1.028232069644181e-05,0.0002305726461612,0.148,0.1195614053892054,0.1818061302957273,0.644,3.0415505927497857e-06,6.977724989011895e-08,-0.0009849664903685,0.0030284468816312,0.0201519395872695,False,0.6572348254094391,0.6926600929128244,0.7920000000000003
21,0.2,0.05,1.5,50.0,0.1,0.1,1.0,3000,0.5,-3.840341657512354e-06,beta_known_mean,500,0,-0.0009848613638872,3.962792657957704e-06,0.0009888316667548,0.0,4.336808689942019e-19,0.0076243404615522,0.0,0.0,0.0,-0.0009849664903685,0.0030284468816312,0.0201519395872695,False,0.6572348254094391,0.6926600929128244,0.0
21,0.2,0.05,1.5,50.0,0.1,0.1,1.0,10000,0.0588235294117647,-0.0036458311973998,beta_estimated_mean,500,0,0.0027363283924764,6.221469705606647e-05,0.0030690318779432,0.26,0.2234857231853828,0.3001739602361623,0.0,0.0009479161113239,7.158941571934057e-05,-0.000927833078047,0.0030284468816312,0.0201519395872695,False,0.6572348254094391,0.6926600929128244,0.25999999999998685
21,0.2,0.05,1.5,50.0,0.1,0.1,1.0,10000,0.0588235294117647,-0.0036458311973998,risk_only,500,0,1.9903538530814112e-05,6.00850481155044e-05,0.0013423458724785,0.002,0.0003531363945592,0.0112407067051467,0.0,7.291662394799614e-06,7.291662394799615e-06,-0.000927833078047,0.0030284468816312,0.0201519395872695,False,0.6572348254094391,0.6926600929128244,0.002000000000000004
21,0.2,0.05,1.5,50.0,0.1,0.1,1.0,10000,0.0588235294117647,-0.0036458311973998,outcome_based,500,0,-1.836880259735452e-05,4.6084235194558586e-05,0.0010296077034041,0.0,4.336808689942019e-19,0.0076243404615522,0.0,0.0,0.0,-0.000927833078047,0.0030284468816312,0.0201519395872695,False,0.6572348254094391,0.6926600929128244,0.0
21,0.2,0.05,1.5,50.0,0.1,0.1,1.0,10000,0.0588235294117647,-0.0036458311973998,beta_known_mean,500,0,0.0027168563187321,1.790525032687679e-06,0.0027171507209945,0.0,4.336808689942019e-19,0.0076243404615522,0.0,0.0,0.0,-0.000927833078047,0.0030284468816312,0.0201519395872695,False,0.6572348254094391,0.6926600929128244,0.0
21,0.2,0.05,1.5,50.0,0.1,0.1,1.0,10000,0.1111111111111111,-0.0086716188484837,beta_estimated_mean,500,0,0.0042128748991494,5.460624896265439e-05,0.0043859154445045,0.0,4.336808689942019e-19,0.0076243404615522,0.0,0.0,0.0,-0.0044700500376416,0.0030284468816312,0.0201519395872695,False,0.6572348254094391,0.6926600929128244,0.0
21,0.2,0.05,1.5,50.0,0.1,0.1,1.0,10000,0.1111111111111111,-0.0086716188484837,risk_only,500,0,1.5142129850183372e-05,5.31590532548734e-05,0.0011875798375817,0.0,4.336808689942019e-19,0.0076243404615522,0.0,0.0,0.0,-0.0044700500376416,0.0030284468816312,0.0201519395872695,False,0.6572348254094391,0.6926600929128244,0.0
21,0.2,0.05,1.5,50.0,0.1,0.1,1.0,10000,0.1111111111111111,-0.0086716188484837,outcome_based,500,0,-5.068115151526512e-05,7.017482227525164e-05,0.0015684058512129,0.0,4.336808689942019e-19,0.0076243404615522,0.0,0.0,0.0,-0.0044700500376416,0.0030284468816312,0.0201519395872695,False,0.6572348254094391,0.6926600929128244,0.0
21,0.2,0.05,1.5,50.0,0.1,0.1,1.0,10000,0.1111111111111111,-0.0086716188484837,beta_known_mean,500,0,0.0041965055665588,7.992096252335879e-06,0.004200301405591,0.0,4.336808689942019e-19,0.0076243404615522,0.0,0.0,0.0,-0.0044700500376416,0.0030284468816312,0.0201519395872695,False,0.6572348254094391,0.6926600929128244,0.0
21,0.2,0.05,1.5,50.0,0.1,0.1,1.0,10000,0.2,-0.0123869770715652,beta_estimated_mean,500,0,0.0022788069800718,3.282082054228953e-05,0.0023938435990468,0.0,4.336808689942019e-19,0.0076243404615522,0.0,0.0,0.0,-0.0101068065182592,0.0030284468816312,0.0201519395872695,False,0.6572348254094391,0.6926600929128244,0.0
21,0.2,0.05,1.5,50.0,0.1,0.1,1.0,10000,0.2,-0.0123869770715652,risk_only,500,0,-8.153769134781677e-06,3.843454879676095e-05,0.0008586015024533,0.0,4.336808689942019e-19,0.0076243404615522,0.0,0.0,0.0,-0.0101068065182592,0.0030284468816312,0.0201519395872695,False,0.6572348254094391,0.6926600929128244,0.0
21,0.2,0.05,1.5,50.0,0.1,0.1,1.0,10000,0.2,-0.0123869770715652,outcome_based,500,0,-2.727292843583562e-05,0.0001351883061927,0.003020001158961,0.0,4.336808689942019e-19,0.0076243404615522,0.0,0.0,0.0,-0.0101068065182592,0.0030284468816312,0.0201519395872695,False,0.6572348254094391,0.6926600929128244,0.0
21,0.2,0.05,1.5,50.0,0.1,0.1,1.0,10000,0.2,-0.0123869770715652,beta_known_mean,500,0,0.0022683054880119,1.805569244262417e-05,0.0023038853690465,0.0,4.336808689942019e-19,0.0076243404615522,0.0,0.0,0.0,-0.0101068065182592,0.0030284468816312,0.0201519395872695,False,0.6572348254094391,0.6926600929128244,0.0
21,0.2,0.05,1.5,50.0,0.1,0.1,1.0,10000,0.3333333333333333,-0.0020765974643966,beta_estimated_mean,500,0,-0.0048247779761019,1.205516996007947e-05,0.004832287321025,0.0,4.336808689942019e-19,0.0076243404615522,0.0,0.0,0.0,-0.0068970258953131,0.0030284468816312,0.0201519395872695,False,0.6572348254094391,0.6926600929128244,0.0
21,0.2,0.05,1.5,50.0,0.1,0.1,1.0,10000,0.3333333333333333,-0.0020765974643966,risk_only,500,0,4.300952267463978e-07,9.65701584734016e-06,0.0002157218221801,0.0,4.336808689942019e-19,0.0076243404615522,0.0,0.0,0.0,-0.0068970258953131,0.0030284468816312,0.0201519395872695,False,0.6572348254094391,0.6926600929128244,0.0
21,0.2,0.05,1.5,50.0,0.1,0.1,1.0,10000,0.3333333333333333,-0.0020765974643966,outcome_based,500,0,-6.240253560339123e-05,0.0001099777623723,0.0024575095272347,0.2,0.1672854989717574,0.2372891053051739,0.002,0.0004194726878081,3.73232262079141e-05,-0.0068970258953131,0.0030284468816312,0.0201519395872695,False,0.6572348254094391,0.6926600929128244,0.20199999999999366
21,0.2,0.05,1.5,50.0,0.1,0.1,1.0,10000,0.3333333333333333,-0.0020765974643966,beta_known_mean,500,0,-0.0048282609949968,1.2410233015855824e-05,0.0048362131015577,0.0,4.336808689942019e-19,0.0076243404615522,0.0,0.0,0.0,-0.0068970258953131,0.0030284468816312,0.0201519395872695,False,0.6572348254094391,0.6926600929128244,0.0
21,0.2,0.05,1.5,50.0,0.1,0.1,1.0,10000,0.5,-3.840341657512354e-06,beta_estimated_mean,500,0,-0.000982355608191,2.027496585600352e-06,0.000983399105859,0.0,4.336808689942019e-19,0.0076243404615522,0.0,0.0,0.0,-0.0009849664903685,0.0030284468816312,0.0201519395872695,False,0.6572348254094391,0.6926600929128244,0.0
21,0.2,0.05,1.5,50.0,0.1,0.1,1.0,10000,0.5,-3.840341657512354e-06,risk_only,500,0,1.670657804428203e-07,2.909053512184571e-07,6.500480500347214e-06,0.172,0.1414541198436514,0.2075474474991268,0.182,1.3594809467593733e-06,8.221242912522735e-08,-0.0009849664903685,0.0030284468816312,0.0201519395872695,False,0.6572348254094391,0.6926600929128244,0.354
21,0.2,0.05,1.5,50.0,0.1,0.1,1.0,10000,0.5,-3.840341657512354e-06,outcome_based,500,0,-8.959658342487643e-06,6.361860304428739e-06,0.0001423953492134,0.298,0.2595732118784324,0.3395070216680347,0.33,2.411734560917759e-06,8.30942327764119e-08,-0.0009849664903685,0.0030284468816312,0.0201519395872695,False,0.6572348254094391,0.6926600929128244,0.6280000000000001
21,0.2,0.05,1.5,50.0,0.1,0.1,1.0,10000,0.5,-3.840341657512354e-06,beta_known_mean,500,0,-0.0009827017577142,2.1946070382649147e-06,0.000983923817346,0.0,4.336808689942019e-19,0.0076243404615522,0.0,0.0,0.0,-0.0009849664903685,0.0030284468816312,0.0201519395872695,False,0.6572348254094391,0.6926600929128244,0.0
22,0.2,0.05,1.5,50.0,0.1,0.5,0.5,500,0.0588235294117647,0.0006778889659035,beta_estimated_mean,500,0,-0.0018740033337511,0.0002684091780026,0.0062818459409716,0.596,0.5524153513244502,0.6381207753069317,0.0,0.0004040218236785,1.489093968371717e-05,-0.000927833078047,0.0015412490330286,0.0005777404424469,True,0.6579915324927065,0.6925716226151373,0.5960000000000206
22,0.2,0.05,1.5,50.0,0.1,0.5,0.5,500,0.0588235294117647,0.0006778889659035,risk_only,500,0,-0.0002811987275584,0.0002687215378965,0.0060093671816748,0.474,0.4305981140734963,0.5177983516305045,0.0,0.0003213193698382,1.5152710817296094e-05,-0.000927833078047,0.0015412490330286,0.0005777404424469,True,0.6579915324927065,0.6925716226151373,0.47399999999991294
22,0.2,0.05,1.5,50.0,0.1,0.5,0.5,500,0.0588235294117647,0.0006778889659035,outcome_based,500,0,-5.7888965903543006e-05,0.0001410145212039,0.0031505576700598,0.406,0.3638304421340635,0.4496029338727085,0.014,0.0002752229201568,1.49026853277119e-05,-0.000927833078047,0.0015412490330286,0.0005777404424469,True,0.6579915324927065,0.6925716226151373,0.405999999999969
22,0.2,0.05,1.5,50.0,0.1,0.5,0.5,500,0.0588235294117647,0.0006778889659035,beta_known_mean,500,0,-0.0016095982921016,1.0349471566122113e-05,0.0016261166413341,1.0,0.992375659538448,1.0,0.0,0.0006778889659035,0.0,-0.000927833078047,0.0015412490330286,0.0005777404424469,True,0.6579915324927065,0.6925716226151373,1.0
22,0.2,0.05,1.5,50.0,0.1,0.5,0.5,500,0.1111111111111111,-0.0005970207286057,beta_estimated_mean,500,0,-0.0041044749131685,0.0002566117031225,0.0070502232472727,0.192,0.159876218595883,0.2288203751284331,0.0,0.0001146279798923,1.052677722177114e-05,-0.0044700500376416,0.0015412490330286,0.0005777404424469,False,0.6579915324927065,0.6925716226151373,0.19200000000000936
22,0.2,0.05,1.5,50.0,0.1,0.5,0.5,500,0.1111111111111111,-0.0005970207286057,risk_only,500,0,-0.0002560503269967,0.000261790516535,0.0058535600081704,0.44,0.397111794441699,0.4838031264136874,0.0,0.0002626891205865,1.3266595543104606e-05,-0.0044700500376416,0.0015412490330286,0.0005777404424469,False,0.6579915324927065,0.6925716226151373,0.43999999999998657
22,0.2,0.05,1.5,50.0,0.1,0.5,0.5,500,0.1111111111111111,-0.0005970207286057,outcome_based,500,0,0.0001110207286056,0.0003556086655947,0.0079444716376973,0.468,0.4246740659219794,0.5118138918675601,0.02,0.0002913461155596,1.335931003463796e-05,-0.0044700500376416,0.0015412490330286,0.0005777404424469,False,0.6579915324927065,0.6925716226151373,0.48800000000003074
22,0.2,0.05,1.5,50.0,0.1,0.5,0.5,500,0.1111111111111111,-0.0005970207286057,beta_known_mean,500,0,-0.0038745041641474,4.429253195938601e-05,0.0039988416927023,0.0,4.336808689942019e-19,0.0076243404615522,0.0,0.0,0.0,-0.0044700500376416,0.0015412490330286,0.0005777404424469,False,0.6579915324927065,0.6925716226151373,0.0
22,0.2,0.05,1.5,50.0,0.1,0.5,0.5,500,0.2,-0.0127331145393961,beta_estimated_mean,500,0,0.0024626182189745,0.0001974571543794,0.0050517485163471,0.012,0.0055109951740277,0.0259303611164472,0.0,0.0001527973744727,6.206595872242578e-05,-0.0101068065182592,0.0015412490330286,0.0005777404424469,False,0.6579915324927065,0.6925716226151373,0.011999999999995823
22,0.2,0.05,1.5,50.0,0.1,0.5,0.5,500,0.2,-0.0127331145393961,risk_only,500,0,-0.0001304120326886,0.0002076123348689,0.0046395414872114,0.004,0.0010976305226827,0.014465715215177,0.0,5.09324581575844e-05,3.59785815877339e-05,-0.0101068065182592,0.0015412490330286,0.0005777404424469,False,0.6579915324927065,0.6925716226151373,0.004
22,0.2,0.05,1.5,50.0,0.1,0.5,0.5,500,0.2,-0.0127331145393961,outcome_based,500,0,0.000990114539396,0.0006697941103806,0.014994791689154,0.216,0.1821677448541941,0.2541628805279675,0.012,0.0029031501149823,0.0002391445272378,-0.0101068065182592,0.0015412490330286,0.0005777404424469,False,0.6579915324927065,0.6925716226151373,0.22799999999999915
22,0.2,0.05,1.5,50.0,0.1,0.5,0.5,500,0.2,-0.0127331145393961,beta_known_mean,500,0,0.0026208515695775,9.797706010397066e-05,0.0034145300699743,0.0,4.336808689942019e-19,0.0076243404615522,0.0,0.0,0.0,-0.0101068065182592,0.0015412490330286,0.0005777404424469,False,0.6579915324927065,0.6925716226151373,0.0
22,0.2,0.05,1.5,50.0,0.1,0.5,0.5,500,0.3333333333333333,-0.0077887575076142,beta_estimated_mean,500,0,0.0008138179847001,8.844001737295792e-05,0.0021366554265985,0.0,4.336808689942019e-19,0.0076243404615522,0.0,0.0,0.0,-0.0068970258953131,0.0015412490330286,0.0005777404424469,False,0.6579915324927065,0.6925716226151373,0.0
22,0.2,0.05,1.5,50.0,0.1,0.5,0.5,500,0.3333333333333333,-0.0077887575076142,risk_only,500,0,-6.942470825664435e-05,9.499513605262184e-05,0.0021231659499603,0.0,4.336808689942019e-19,0.0076243404615522,0.0,0.0,0.0,-0.0068970258953131,0.0015412490330286,0.0005777404424469,False,0.6579915324927065,0.6925716226151373,0.0
22,0.2,0.05,1.5,50.0,0.1,0.5,0.5,500,0.3333333333333333,-0.0077887575076142,outcome_based,500,0,-0.0005772424923857,0.0006318913366415,0.0141271813499726,0.272,0.2348440922052204,0.3126326070452475,0.032,0.0023677822823147,0.000160383365192,-0.0068970258953131,0.0015412490330286,0.0005777404424469,False,0.6579915324927065,0.6925716226151373,0.3039999999999978
22,0.2,0.05,1.5,50.0,0.1,0.5,0.5,500,0.3333333333333333,-0.0077887575076142,beta_known_mean,500,0,0.0008871526394244,6.931709821751034e-05,0.0017845629712006,0.0,4.336808689942019e-19,0.0076243404615522,0.0,0.0,0.0,-0.0068970258953131,0.0015412490330286,0.0005777404424469,False,0.6579915324927065,0.6925716226151373,0.0
22,0.2,0.05,1.5,50.0,0.1,0.5,0.5,500,0.5,-0.0005230856532768,beta_estimated_mean,500,0,-0.0004862705422462,1.4328179893417051e-05,0.0005821529979708,0.0,4.336808689942019e-19,0.0076243404615522,0.0,0.0,0.0,-0.0009849664903685,0.0015412490330286,0.0005777404424469,False,0.6579915324927065,0.6925716226151373,0.0
22,0.2,0.05,1.5,50.0,0.1,0.5,0.5,500,0.5,-0.0005230856532768,risk_only,500,0,-4.371664284111211e-05,2.2488248400911963e-05,0.0005042480358074,0.084,0.0627441368038303,0.1115993144601811,0.01,4.917005140802821e-05,6.833615852911842e-06,-0.0009849664903685,0.0015412490330286,0.0005777404424469,False,0.6579915324927065,0.6925716226151373,0.09400000000001722
22,0.2,0.05,1.5,50.0,0.1,0.5,0.5,500,0.5,-0.0005230856532768,outcome_based,500,0,0.0001310856532768,0.0001848269298234,0.0041308013082808,0.358,0.317207603401289,0.4009577092897918,0.196,0.0002897894519154,1.1639782029934845e-05,-0.0009849664903685,0.0015412490330286,0.0005777404424469,False,0.6579915324927065,0.6925716226151373,0.554000000000101
22,0.2,0.05,1.5,50.0,0.1,0.5,0.5,500,0.5,-0.0005230856532768,beta_known_mean,500,0,-0.0004759175512646,1.3054249113600934e-05,0.0005581521406765,0.0,4.336808689942019e-19,0.0076243404615522,0.0,0.0,0.0,-0.0009849664903685,0.0015412490330286,0.0005777404424469,False,0.6579915324927065,0.6925716226151373,0.0
22,0.2,0.05,1.5,50.0,0.1,0.5,0.5,3000,0.0588235294117647,0.0006778889659035,beta_estimated_mean,500,0,-0.0015376709997952,0.0001187269541939,0.0030656778761068,0.644,0.601078749973113,0.68472543997396,0.0,0.0004365604940418,1.4530354993498523e-05,-0.000927833078047,0.0015412490330286,0.0005777404424469,True,0.6579915324927065,0.6925716226151373,0.6439999999999204
22,0.2,0.05,1.5,50.0,0.1,0.5,0.5,3000,0.0588235294117647,0.0006778889659035,risk_only,500,0,6.817968190960144e-05,0.0001193240415459,0.0026663690081391,0.4,0.3579789907947376,0.4435458772975729,0.0,0.0002711555863614,1.486667724239302e-05,-0.000927833078047,0.0015412490330286,0.0005777404424469,True,0.6579915324927065,0.6925716226151373,0.4
22,0.2,0.05,1.5,50.0,0.1,0.5,0.5,3000,0.0588235294117647,0.0006778889659035,outcome_based,500,0,-3.626396590351194e-05,6.106480367264339e-05,0.0013645663372532,0.318,0.2787002611764217,0.3600749987515833,0.006,0.0002155686911573,1.4132338767634162e-05,-0.000927833078047,0.0015412490330286,0.0005777404424469,True,0.6579915324927065,0.6925716226151373,0.31799999999998085
22,0.2,0.05,1.5,50.0,0.1,0.5,0.5,3000,0.0588235294117647,0.0006778889659035,beta_known_mean,500,0,-0.0016067816074356,4.293383186868114e-06,0.0016096413483907,1.0,0.992375659538448,1.0,0.0,0.0006778889659035,0.0,-0.000927833078047,0.0015412490330286,0.0005777404424469,True,0.6579915324927065,0.6925716226151373,1.0
22,0.2,0.05,1.5,50.0,0.1,0.5,0.5,3000,0.1111111111111111,-0.0005970207286057,beta_estimated_mean,500,0,-0.0038111788147588,0.0001150881339324,0.0045972250288103,0.052,0.0357302651157052,0.0751011439378455,0.0,3.104507788750038e-05,5.933964964368419e-06,-0.0044700500376416,0.0015412490330286,0.0005777404424469,False,0.6579915324927065,0.6925716226151373,0.052000000000006666
22,0.2,0.05,1.5,50.0,0.1,0.5,0.5,3000,0.1111111111111111,-0.0005970207286057,risk_only,500,0,7.051454272282443e-05,0.0001174636438459,0.0026248863605676,0.392,0.3501873777896792,0.4354594797500162,0.0,0.0002340321256134,1.3047699935648697e-05,-0.0044700500376416,0.0015412490330286,0.0005777404424469,False,0.6579915324927065,0.6925716226151373,0.39199999999994234
22,0.2,0.05,1.5,50.0,0.1,0.5,0.5,3000,0.1111111111111111,-0.0005970207286057,outcome_based,500,0,4.210406193908936e-05,0.0001515615032409,0.003385889321152,0.434,0.3912235726331776,0.4777828403077473,0.006,0.0002626891205865,1.3266595543104606e-05,-0.0044700500376416,0.0015412490330286,0.0005777404424469,False,0.6579915324927065,0.6925716226151373,0.43999999999998657
22,0.2,0.05,1.5,50.0,0.1,0.5,0.5,3000,0.1111111111111111,-0.0005970207286057,beta_known_mean,500,0,-0.0038750684134791,1.892666895519456e-05,0.0038980644413882,0.0,4.336808689942019e-19,0.0076243404615522,0.0,0.0,0.0,-0.0044700500376416,0.0015412490330286,0.0005777404424469,False,0.6579915324927065,0.6925716226151373,0.0
22,0.2,0.05,1.5,50.0,0.1,0.5,0.5,3000,0.2,-0.0127331145393961,beta_estimated_mean,500,0,0.0026567358618856,9.035463459200797e-05,0.0033364744081087,0.0,4.336808689942019e-19,0.0076243404615522,0.0,0.0,0.0,-0.0101068065182592,0.0015412490330286,0.0005777404424469,False,0.6579915324927065,0.6925716226151373,0.0
22,0.2,0.05,1.5,50.0,0.1,0.5,0.5,3000,0.2,-0.0127331145393961,risk_only,500,0,2.915864542575766e-05,9.461989030402404e-05,0.0021138493615995,0.0,4.336808689942019e-19,0.0076243404615522,0.0,0.0,0.0,-0.0101068065182592,0.0015412490330286,0.0005777404424469,False,0.6579915324927065,0.6925716226151373,0.0
22,0.2,0.05,1.5,50.0,0.1,0.5,0.5,3000,0.2,-0.0127331145393961,outcome_based,500,0,8.911453939547475e-05,0.000267507182389,0.0059763222489551,0.016,0.0081292530333883,0.0312511085333942,0.0,0.0002037298326303,7.152237271048321e-05,-0.0101068065182592,0.0015412490330286,0.0005777404424469,False,0.6579915324927065,0.6925716226151373,0.015999999999997048
22,0.2,0.05,1.5,50.0,0.1,0.5,0.5,3000,0.2,-0.0127331145393961,beta_known_mean,500,0,0.0026212897470622,4.230307437770167e-05,0.0027864216190042,0.0,4.336808689942019e-19,0.0076243404615522,0.0,0.0,0.0,-0.0101068065182592,0.0015412490330286,0.0005777404424469,False,0.6579915324927065,0.6925716226151373,0.0
22,0.2,0.05,1.5,50.0,0.1,0.5,0.5,3000,0.3333333333333333,-0.0077887575076142,beta_estimated_mean,500,0,0.0008905638009915,3.919247750802478e-05,0.001248836650628,0.0,4.336808689942019e-19,0.0076243404615522,0.0,0.0,0.0,-0.0068970258953131,0.0015412490330286,0.0005777404424469,False,0.6579915324927065,0.6925716226151373,0.0
22,0.2,0.05,1.5,50.0,0.1,0.5,0.5,3000,0.3333333333333333,-0.0077887575076142,risk_only,500,0,-5.684843477642615e-06,4.159474330374622e-05,0.000929173573681,0.0,4.336808689942019e-19,0.0076243404615522,0.0,0.0,0.0,-0.0068970258953131,0.0015412490330286,0.0005777404424469,False,0.6579915324927065,0.6925716226151373,0.0
22,0.2,0.05,1.5,50.0,0.1,0.5,0.5,3000,0.3333333333333333,-0.0077887575076142,outcome_based,500,0,6.375750761424101e-05,0.0002521203226476,0.0056323022742628,0.098,0.0749239188646062,0.1272060508664818,0.012,0.0008567633258375,0.0001090961076351,-0.0068970258953131,0.0015412490330286,0.0005777404424469,False,0.6579915324927065,0.6925716226151373,0.10999999999999203
22,0.2,0.05,1.5,50.0,0.1,0.5,0.5,3000,0.3333333333333333,-0.0077887575076142,beta_known_mean,500,0,0.0008881800046333,2.9484629207560302e-05,0.0011057423104071,0.0,4.336808689942019e-19,0.0076243404615522,0.0,0.0,0.0,-0.0068970258953131,0.0015412490330286,0.0005777404424469,False,0.6579915324927065,0.6925716226151373,0.0
22,0.2,0.05,1.5,50.0,0.1,0.5,0.5,3000,0.5,-0.0005230856532768,beta_estimated_mean,500,0,-0.0004657184032929,5.830926914644726e-06,0.0004835902044076,0.0,4.336808689942019e-19,0.0076243404615522,0.0,0.0,0.0,-0.0009849664903685,0.0015412490330286,0.0005777404424469,False,0.6579915324927065,0.6925716226151373,0.0
22,0.2,0.05,1.5,50.0,0.1,0.5,0.5,3000,0.5,-0.0005230856532768,risk_only,500,0,-2.320676547333209e-06,9.642469640770968e-06,0.000215408956883,0.002,0.0003531363945592,0.0112407067051467,0.0,1.0461713065537918e-06,1.046171306553792e-06,-0.0009849664903685,0.0015412490330286,0.0005777404424469,False,0.6579915324927065,0.6925716226151373,0.0020000000000003665
22,0.2,0.05,1.5,50.0,0.1,0.5,0.5,3000,0.5,-0.0005230856532768,outcome_based,500,0,0.0001097523199435,7.19026036612791e-05,0.0016099278847063,0.336,0.2959880078270491,0.37851277584434,0.098,0.0002270191735221,1.1605814272722898e-05,-0.0009849664903685,0.0015412490330286,0.0005777404424469,False,0.6579915324927065,0.6925716226151373,0.4339999999999403
22,0.2,0.05,1.5,50.0,0.1,0.5,0.5,3000,0.5,-0.0005230856532768,beta_known_mean,500,0,-0.0004647603430378,5.255785390237026e-06,0.0004793601915206,0.0,4.336808689942019e-19,0.0076243404615522,0.0,0.0,0.0,-0.0009849664903685,0.0015412490330286,0.0005777404424469,False,0.6579915324927065,0.6925716226151373,0.0
22,0.2,0.05,1.5,50.0,0.1,0.5,0.5,10000,0.0588235294117647,0.0006778889659035,beta_estimated_mean,500,0,-0.0016001040618657,6.05773868219427e-05,0.0020955842350267,0.748,0.7081521755124419,0.7840661516186281,0.0,0.0005070609464958,1.3175265068947896e-05,-0.000927833078047,0.0015412490330286,0.0005777404424469,True,0.6579915324927065,0.6925716226151373,0.7479999999999735
22,0.2,0.05,1.5,50.0,0.1,0.5,0.5,10000,0.0588235294117647,0.0006778889659035,risk_only,500,0,6.358101859109233e-06,6.065208165789776e-05,0.001354879793623,0.33,0.2902178997291812,0.3723743760277467,0.0,0.0002237033587481,1.4269299823972246e-05,-0.000927833078047,0.0015412490330286,0.0005777404424469,True,0.6579915324927065,0.6925716226151373,0.3299999999999189
22,0.2,0.05,1.5,50.0,0.1,0.5,0.5,10000,0.0588235294117647,0.0006778889659035,outcome_based,500,0,-2.3126465904084625e-05,3.020850295428704e-05,0.0006752030103191,0.172,0.1414541198436514,0.2075474474991268,0.002,0.0001165969021354,1.1452167302697656e-05,-0.000927833078047,0.0015412490330286,0.0005777404424469,True,0.6579915324927065,0.6925716226151373,0.17199999999999707
22,0.2,0.05,1.5,50.0,0.1,0.5,0.5,10000,0.0588235294117647,0.0006778889659035,beta_known_mean,500,0,-0.0016078842636318,2.3064969206775337e-06,0.0016087095602778,1.0,0.992375659538448,1.0,0.0,0.0006778889659035,0.0,-0.000927833078047,0.0015412490330286,0.0005777404424469,True,0.6579915324927065,0.6925716226151373,1.0
22,0.2,0.05,1.5,50.0,0.1,0.5,0.5,10000,0.1111111111111111,-0.0005970207286057,beta_estimated_mean,500,0,-0.0038797235479915,5.820526053360674e-05,0.0040917958323184,0.0,4.336808689942019e-19,0.0076243404615522,0.0,0.0,0.0,-0.0044700500376416,0.0015412490330286,0.0005777404424469,False,0.6579915324927065,0.6925716226151373,0.0
22,0.2,0.05,1.5,50.0,0.1,0.5,0.5,10000,0.1111111111111111,-0.0005970207286057,risk_only,500,0,-6.059652459915216e-06,5.917162083640503e-05,0.0013218077753134,0.316,0.2767836281199081,0.3580221291699432,0.0,0.0001886585502394,1.2425410042161612e-05,-0.0044700500376416,0.0015412490330286,0.0005777404424469,False,0.6579915324927065,0.6925716226151373,0.31599999999999795
22,0.2,0.05,1.5,50.0,0.1,0.5,0.5,10000,0.1111111111111111,-0.0005970207286057,outcome_based,500,0,4.967072860725852e-05,8.302320706177554e-05,0.0018552629958528,0.392,0.3501873777896792,0.4354594797500162,0.004,0.0002364202085278,1.307089119752565e-05,-0.0044700500376416,0.0015412490330286,0.0005777404424469,False,0.6579915324927065,0.6925716226151373,0.39599999999990415
22,0.2,0.05,1.5,50.0,0.1,0.5,0.5,10000,0.1111111111111111,-0.0005970207286057,beta_known_mean,500,0,-0.0038854053279597,9.95672890743114e-06,0.0038917661352341,0.0,4.336808689942019e-19,0.0076243404615522,0.0,0.0,0.0,-0.0044700500376416,0.0015412490330286,0.0005777404424469,False,0.6579915324927065,0.6925716226151373,0.0
22,0.2,0.05,1.5,50.0,0.1,0.5,0.5,10000,0.2,-0.0127331145393961,beta_estimated_mean,500,0,0.0025988659946717,4.5158515264013135e-05,0.0027877788501215,0.0,4.336808689942019e-19,0.0076243404615522,0.0,0.0,0.0,-0.0101068065182592,0.0015412490330286,0.0005777404424469,False,0.6579915324927065,0.6925716226151373,0.0
22,0.2,0.05,1.5,50.0,0.1,0.5,0.5,10000,0.2,-0.0127331145393961,risk_only,500,0,-4.482492660137083e-05,4.679144931087894e-05,0.0010462025131983,0.0,4.336808689942019e-19,0.0076243404615522,0.0,0.0,0.0,-0.0101068065182592,0.0015412490330286,0.0005777404424469,False,0.6579915324927065,0.6925716226151373,0.0
22,0.2,0.05,1.5,50.0,0.1,0.5,0.5,10000,0.2,-0.0127331145393961,outcome_based,500,0,0.0001510645393961,0.0001427794103329,0.0031930259226263,0.0,4.336808689942019e-19,0.0076243404615522,0.0,0.0,0.0,-0.0101068065182592,0.0015412490330286,0.0005777404424469,False,0.6579915324927065,0.6925716226151373,0.0
22,0.2,0.05,1.5,50.0,0.1,0.5,0.5,10000,0.2,-0.0127331145393961,beta_known_mean,500,0,0.0025950970762791,2.208324246602453e-05,0.0026415669525153,0.0,4.336808689942019e-19,0.0076243404615522,0.0,0.0,0.0,-0.0101068065182592,0.0015412490330286,0.0005777404424469,False,0.6579915324927065,0.6925716226151373,0.0
22,0.2,0.05,1.5,50.0,0.1,0.5,0.5,10000,0.3333333333333333,-0.0077887575076142,beta_estimated_mean,500,0,0.0008748115737565,2.0218153567265497e-05,0.0009845168270169,0.0,4.336808689942019e-19,0.0076243404615522,0.0,0.0,0.0,-0.0068970258953131,0.0015412490330286,0.0005777404424469,False,0.6579915324927065,0.6925716226151373,0.0
22,0.2,0.05,1.5,50.0,0.1,0.5,0.5,10000,0.3333333333333333,-0.0077887575076142,risk_only,500,0,-3.917168191492581e-06,2.2110279960074044e-05,0.0004939217748623,0.0,4.336808689942019e-19,0.0076243404615522,0.0,0.0,0.0,-0.0068970258953131,0.0015412490330286,0.0005777404424469,False,0.6579915324927065,0.6925716226151373,0.0
22,0.2,0.05,1.5,50.0,0.1,0.5,0.5,10000,0.3333333333333333,-0.0077887575076142,outcome_based,500,0,1.4257507614224952e-05,0.0001381249670154,0.0030855109830503,0.004,0.0010976305226827,0.014465715215177,0.0,3.115503003045709e-05,2.2007847851187672e-05,-0.0068970258953131,0.0015412490330286,0.0005777404424469,False,0.6579915324927065,0.6925716226151373,0.0040000000000000365
22,0.2,0.05,1.5,50.0,0.1,0.5,0.5,10000,0.3333333333333333,-0.0077887575076142,beta_known_mean,500,0,0.0008732578038817,1.5561071333732536e-05,0.0009398992050353,0.0,4.336808689942019e-19,0.0076243404615522,0.0,0.0,0.0,-0.0068970258953131,0.0015412490330286,0.0005777404424469,False,0.6579915324927065,0.6925716226151373,0.0
22,0.2,0.05,1.5,50.0,0.1,0.5,0.5,10000,0.5,-0.0005230856532768,beta_estimated_mean,500,0,-0.0004641930296434,3.1817365415125107e-06,0.0004696027779219,0.0,4.336808689942019e-19,0.0076243404615522,0.0,0.0,0.0,-0.0009849664903685,0.0015412490330286,0.0005777404424469,False,0.6579915324927065,0.6925716226151373,0.0
22,0.2,0.05,1.5,50.0,0.1,0.5,0.5,10000,0.5,-0.0005230856532768,risk_only,500,0,-5.480455602649771e-06,5.035652642975942e-06,0.0001126213850315,0.0,4.336808689942019e-19,0.0076243404615522,0.0,0.0,0.0,-0.0009849664903685,0.0015412490330286,0.0005777404424469,False,0.6579915324927065,0.6925716226151373,0.0
22,0.2,0.05,1.5,50.0,0.1,0.5,0.5,10000,0.5,-0.0005230856532768,outcome_based,500,0,-2.971434672310412e-05,3.822337469069798e-05,0.0008543623952405,0.234,0.1990046985940334,0.2730514505315124,0.028,0.0001370484411585,1.029677831106392e-05,-0.0009849664903685,0.0015412490330286,0.0005777404424469,False,0.6579915324927065,0.6925716226151373,0.2619999999999587
22,0.2,0.05,1.5,50.0,0.1,0.5,0.5,10000,0.5,-0.0005230856532768,beta_known_mean,500,0,-0.0004642216379829,2.8713789438524524e-06,0.000468631937531,0.0,4.336808689942019e-19,0.0076243404615522,0.0,0.0,0.0,-0.0009849664903685,0.0015412490330286,0.0005777404424469,False,0.6579915324927065,0.6925716226151373,0.0
23,0.2,0.05,1.5,50.0,0.1,0.5,1.0,500,0.0588235294117647,0.0022836110098541,beta_estimated_mean,500,0,-0.0027986377285136,0.0002988259847489,0.0072382014856514,0.534,0.4901823223055243,0.5772992225430903,0.0,0.0012194482792621,5.0995921300916696e-05,-0.000927833078047,0.0030284468816312,5.696087327589083e-06,True,0.6572348254094391,0.6935842277864341,0.5340000000000047
23,0.2,0.05,1.5,50.0,0.1,0.5,1.0,500,0.0588235294117647,0.0022836110098541,risk_only,500,0,0.0004087478453287,0.000300193576554,0.0067182624479695,0.364,0.3230114359189264,0.4070623846866158,0.0,0.0008312344075869,4.918708721050552e-05,-0.000927833078047,0.0030284468816312,5.696087327589083e-06,True,0.6572348254094391,0.6935842277864341,0.3640000000000034
23,0.2,0.05,1.5,50.0,0.1,0.5,1.0,500,0.0588235294117647,0.0022836110098541,outcome_based,500,0,-5.486100985402587e-05,0.0001560062828721,0.0034853481774281,0.226,0.191509780865554,0.2646683577073766,0.01,0.000516096088227,4.275594948427559e-05,-0.000927833078047,0.0030284468816312,5.696087327589083e-06,True,0.6572348254094391,0.6935842277864341,0.22599999999998838
23,0.2,0.05,1.5,50.0,0.1,0.5,1.0,500,0.0588235294117647,0.0022836110098541,beta_known_mean,500,0,-0.0032053093313417,7.77275950371846e-06,0.0032100086275503,1.0,0.992375659538448,1.0,0.0,0.0022836110098541,0.0,-0.000927833078047,0.0030284468816312,5.696087327589083e-06,True,0.6572348254094391,0.6935842277864341,1.0
23,0.2,0.05,1.5,50.0,0.1,0.5,1.0,500,0.1111111111111111,0.0032760085804301,beta_estimated_mean,500,0,-0.0073623749849009,0.0002788209727503,0.0096435155263099,0.754,0.7144078267312022,0.7897190083143293,0.0,0.0024701104696442,6.316085265775047e-05,-0.0044700500376416,0.0030284468816312,5.696087327589083e-06,True,0.6572348254094391,0.6935842277864341,0.7539999999999708
23,0.2,0.05,1.5,50.0,0.1,0.5,1.0,500,0.1111111111111111,0.0032760085804301,risk_only,500,0,0.0004122331914502,0.0002884855640553,0.0064574509380746,0.306,0.2672134637311363,0.3477447803679459,0.0,0.0010024586256116,6.758264832516302e-05,-0.0044700500376416,0.0030284468816312,5.696087327589083e-06,True,0.6572348254094391,0.6935842277864341,0.3059999999999967
23,0.2,0.05,1.5,50.0,0.1,0.5,1.0,500,0.1111111111111111,0.0032760085804301,outcome_based,500,0,6.049141956975845e-05,0.0003882663867425,0.0086734250421525,0.36,0.3191414324050707,0.402993382924164,0.014,0.0011793630889548,7.03940569440709e-05,-0.0044700500376416,0.0030284468816312,5.696087327589083e-06,True,0.6572348254094391,0.6935842277864341,0.359999999999989
23,0.2,0.05,1.5,50.0,0.1,0.5,1.0,500,0.1111111111111111,0.0032760085804301,beta_known_mean,500,0,-0.0077285424150628,3.450594419160796e-05,0.0077668853019416,1.0,0.992375659538448,1.0,0.0,0.0032760085804301,0.0,-0.0044700500376416,0.0030284468816312,5.696087327589083e-06,True,0.6572348254094391,0.6935842277864341,1.0
23,0.2,0.05,1.5,50.0,0.1,0.5,1.0,500,0.2,-0.0153594225605329,beta_estimated_mean,500,0,0.0054790334233452,0.000194958736613,0.0069990179908353,0.016,0.0081292530333883,0.0312511085333942,0.0,0.0002457507609685,8.627444146468375e-05,-0.0101068065182592,0.0030284468816312,5.696087327589083e-06,False,0.6572348254094391,0.6935842277864341,0.01599999999999828
23,0.2,0.05,1.5,50.0,0.1,0.5,1.0,500,0.2,-0.0153594225605329,risk_only,500,0,0.0002743764318106,0.000213802852898,0.0047838688025593,0.004,0.0010976305226827,0.014465715215177,0.0,6.143769024213183e-05,4.339945549259346e-05,-0.0101068065182592,0.0030284468816312,5.696087327589083e-06,False,0.6572348254094391,0.6935842277864341,0.004000000000000015
23,0.2,0.05,1.5,50.0,0.1,0.5,1.0,500,0.2,-0.0153594225605329,outcome_based,500,0,-0.001087577439467,0.0006921267665116,0.0154991456437714,0.138,0.1105180088988837,0.1710020135952801,0.004,0.0021810380035956,0.0002400006577507,-0.0101068065182592,0.0030284468816312,5.696087327589083e-06,False,0.6572348254094391,0.6935842277864341,0.14199999999999532
23,0.2,0.05,1.5,50.0,0.1,0.5,1.0,500,0.2,-0.0153594225605329,beta_known_mean,500,0,0.0052688775171812,7.783003760684138e-05,0.0055483123698333,0.0,4.336808689942019e-19,0.0076243404615522,0.0,0.0,0.0,-0.0101068065182592,0.0030284468816312,5.696087327589083e-06,False,0.6572348254094391,0.6935842277864341,0.0
23,0.2,0.05,1.5,50.0,0.1,0.5,1.0,500,0.3333333333333333,-0.0086804891199154,beta_estimated_mean,500,0,0.0018431030129838,7.663127310107822e-05,0.0025154189259443,0.0,4.336808689942019e-19,0.0076243404615522,0.0,0.0,0.0,-0.0068970258953131,0.0030284468816312,5.696087327589083e-06,False,0.6572348254094391,0.6935842277864341,0.0
23,0.2,0.05,1.5,50.0,0.1,0.5,1.0,500,0.3333333333333333,-0.0086804891199154,risk_only,500,0,-1.7928549881914938e-06,7.183486427656881e-05,0.0016046703179843,0.0,4.336808689942019e-19,0.0076243404615522,0.0,0.0,0.0,-0.0068970258953131,0.0030284468816312,5.696087327589083e-06,False,0.6572348254094391,0.6935842277864341,0.0
23,0.2,0.05,1.5,50.0,0.1,0.5,1.0,500,0.3333333333333333,-0.0086804891199154,outcome_based,500,0,-0.0010935108800845,0.0005976958496236,0.0133962192444309,0.242,0.2065178085511286,0.2814163511270323,0.01,0.0021874832582186,0.0001687116192112,-0.0068970258953131,0.0030284468816312,5.696087327589083e-06,False,0.6572348254094391,0.6935842277864341,0.25199999999999073
23,0.2,0.05,1.5,50.0,0.1,0.5,1.0,500,0.3333333333333333,-0.0086804891199154,beta_known_mean,500,0,0.001814669555282,5.362893121561081e-05,0.0021744380111349,0.0,4.336808689942019e-19,0.0076243404615522,0.0,0.0,0.0,-0.0068970258953131,0.0030284468816312,5.696087327589083e-06,False,0.6572348254094391,0.6935842277864341,0.0
23,0.2,0.05,1.5,50.0,0.1,0.5,1.0,500,0.5,-6.120481618525086e-05,beta_estimated_mean,500,0,-0.0009207851773569,1.1124769563658972e-05,0.0009537304814593,0.0,4.336808689942019e-19,0.0076243404615522,0.0,0.0,0.0,-0.0009849664903685,0.0030284468816312,5.696087327589083e-06,False,0.6572348254094391,0.6935842277864341,0.0
23,0.2,0.05,1.5,50.0,0.1,0.5,1.0,500,0.5,-6.120481618525086e-05,risk_only,500,0,-8.347371860873655e-06,4.662550798048605e-06,0.0001044874595787,0.012,0.0055109951740277,0.0259303611164472,0.458,2.87662636070679e-05,1.36748379619548e-06,-0.0009849664903685,0.0030284468816312,5.696087327589083e-06,False,0.6572348254094391,0.6935842277864341,0.47
23,0.2,0.05,1.5,50.0,0.1,0.5,1.0,500,0.5,-6.120481618525086e-05,outcome_based,500,0,-3.479518381474911e-05,8.115874249251235e-05,0.0018132828529539,0.22,0.1859009325716236,0.2583686980868456,0.522,4.541397360945613e-05,1.198801094487624e-06,-0.0009849664903685,0.0030284468816312,5.696087327589083e-06,False,0.6572348254094391,0.6935842277864341,0.7419999999999999
23,0.2,0.05,1.5,50.0,0.1,0.5,1.0,500,0.5,-6.120481618525086e-05,beta_known_mean,500,0,-0.0009185339706355,9.580043406099356e-06,0.0009431338684466,0.0,4.336808689942019e-19,0.0076243404615522,0.0,0.0,0.0,-0.0009849664903685,0.0030284468816312,5.696087327589083e-06,False,0.6572348254094391,0.6935842277864341,0.0
23,0.2,0.05,1.5,50.0,0.1,0.5,1.0,3000,0.0588235294117647,0.0022836110098541,beta_estimated_mean,500,0,-0.0030803323906206,0.0001189797428423,0.0040684617561081,0.636,0.5929376153133843,0.6769885640810736,0.0,0.0014523766022672,4.918708721050552e-05,-0.000927833078047,0.0030284468816312,5.696087327589083e-06,True,0.6572348254094391,0.6935842277864341,0.6359999999999968
23,0.2,0.05,1.5,50.0,0.1,0.5,1.0,3000,0.0588235294117647,0.0022836110098541,risk_only,500,0,0.000113790478801,0.0001193482849104,0.0026684660041837,0.174,0.1432894720810641,0.2096815978998678,0.0,0.0003973483157146,3.875578189488484e-05,-0.000927833078047,0.0030284468816312,5.696087327589083e-06,True,0.6572348254094391,0.6935842277864341,0.17399999999999413
23,0.2,0.05,1.5,50.0,0.1,0.5,1.0,3000,0.0588235294117647,0.0022836110098541,outcome_based,500,0,1.622232347943553e-05,6.551162548682198e-05,0.0014635087726651,0.06,0.0423483564809462,0.0843610631252197,0.002,0.0001370166605912,2.427791616235754e-05,-0.000927833078047,0.0030284468816312,5.696087327589083e-06,True,0.6572348254094391,0.6935842277864341,0.05999999999997986
23,0.2,0.05,1.5,50.0,0.1,0.5,1.0,3000,0.0588235294117647,0.0022836110098541,beta_known_mean,500,0,-0.0032021602763087,3.378916176900389e-06,0.0032030497272693,1.0,0.992375659538448,1.0,0.0,0.0022836110098541,0.0,-0.000927833078047,0.0030284468816312,5.696087327589083e-06,True,0.6572348254094391,0.6935842277864341,1.0
23,0.2,0.05,1.5,50.0,0.1,0.5,1.0,3000,0.1111111111111111,0.0032760085804301,beta_estimated_mean,500,0,-0.0075950297554916,0.0001100281664118,0.007982823403494,0.958,0.93664841424567,0.9723676898915484,0.0,0.003138416220052,2.941725583757861e-05,-0.0044700500376416,0.0030284468816312,5.696087327589083e-06,True,0.6572348254094391,0.6935842277864341,0.957999999999989
23,0.2,0.05,1.5,50.0,0.1,0.5,1.0,3000,0.1111111111111111,0.0032760085804301,risk_only,500,0,0.0001195687767259,0.0001131458137773,0.0025303126891475,0.082,0.0610190894684689,0.1093548591573887,0.0,0.0002686327035952,4.023676203524368e-05,-0.0044700500376416,0.0030284468816312,5.696087327589083e-06,True,0.6572348254094391,0.6935842277864341,0.08199999999997917
23,0.2,0.05,1.5,50.0,0.1,0.5,1.0,3000,0.1111111111111111,0.0032760085804301,outcome_based,500,0,0.0001094914195706,0.0001562465374366,0.0034920002320967,0.184,0.1524894793781606,0.2203291037935404,0.0,0.0006027855787991,5.682621742266259e-05,-0.0044700500376416,0.0030284468816312,5.696087327589083e-06,True,0.6572348254094391,0.6935842277864341,0.18399999999998826
23,0.2,0.05,1.5,50.0,0.1,0.5,1.0,3000,0.1111111111111111,0.0032760085804301,beta_known_mean,500,0,-0.0077102491616827,1.5259408899375413e-05,0.0077177803846474,1.0,0.992375659538448,1.0,0.0,0.0032760085804301,0.0,-0.0044700500376416,0.0030284468816312,5.696087327589083e-06,True,0.6572348254094391,0.6935842277864341,1.0
23,0.2,0.05,1.5,50.0,0.1,0.5,1.0,3000,0.2,-0.0153594225605329,beta_estimated_mean,500,0,0.0053886324680068,7.6258554517137e-05,0.0056514801668803,0.0,4.336808689942019e-19,0.0076243404615522,0.0,0.0,0.0,-0.0101068065182592,0.0030284468816312,5.696087327589083e-06,False,0.6572348254094391,0.6935842277864341,0.0
23,0.2,0.05,1.5,50.0,0.1,0.5,1.0,3000,0.2,-0.0153594225605329,risk_only,500,0,0.0001551759397225,8.42252455981936e-05,0.001887837831571,0.0,4.336808689942019e-19,0.0076243404615522,0.0,0.0,0.0,-0.0101068065182592,0.0030284468816312,5.696087327589083e-06,False,0.6572348254094391,0.6935842277864341,0.0
23,0.2,0.05,1.5,50.0,0.1,0.5,1.0,3000,0.2,-0.0153594225605329,outcome_based,500,0,-0.0001194107728013,0.0002602773270241,0.0058153811678262,0.006,0.0020425962719602,0.0174902521040533,0.0,9.215653536319776e-05,5.30998669908381e-05,-0.0101068065182592,0.0030284468816312,5.696087327589083e-06,False,0.6572348254094391,0.6935842277864341,0.0060000000000000235
23,0.2,0.05,1.5,50.0,0.1,0.5,1.0,3000,0.2,-0.0153594225605329,beta_known_mean,500,0,0.0053237860792737,3.459666135977484e-05,0.0053795878817538,0.0,4.336808689942019e-19,0.0076243404615522,0.0,0.0,0.0,-0.0101068065182592,0.0030284468816312,5.696087327589083e-06,False,0.6572348254094391,0.6935842277864341,0.0
23,0.2,0.05,1.5,50.0,0.1,0.5,1.0,3000,0.3333333333333333,-0.0086804891199154,beta_estimated_mean,500,0,0.0018464958463038,3.113012888049872e-05,0.0019730991580636,0.0,4.336808689942019e-19,0.0076243404615522,0.0,0.0,0.0,-0.0068970258953131,0.0030284468816312,5.696087327589083e-06,False,0.6572348254094391,0.6935842277864341,0.0
23,0.2,0.05,1.5,50.0,0.1,0.5,1.0,3000,0.3333333333333333,-0.0086804891199154,risk_only,500,0,8.079246192087512e-05,3.0144568396806552e-05,0.0006782081014071,0.0,4.336808689942019e-19,0.0076243404615522,0.0,0.0,0.0,-0.0068970258953131,0.0030284468816312,5.696087327589083e-06,False,0.6572348254094391,0.6935842277864341,0.0
23,0.2,0.05,1.5,50.0,0.1,0.5,1.0,3000,0.3333333333333333,-0.0086804891199154,outcome_based,500,0,0.0001454891199153,0.0002639222822219,0.0058973720960754,0.064,0.0456960160447894,0.0889524088376841,0.006,0.000607634238394,9.914810511903732e-05,-0.0068970258953131,0.0030284468816312,5.696087327589083e-06,False,0.6572348254094391,0.6935842277864341,0.06999999999999101
23,0.2,0.05,1.5,50.0,0.1,0.5,1.0,3000,0.3333333333333333,-0.0086804891199154,beta_known_mean,500,0,0.0018410334724015,2.3656393293843743e-05,0.0019153738782273,0.0,4.336808689942019e-19,0.0076243404615522,0.0,0.0,0.0,-0.0068970258953131,0.0030284468816312,5.696087327589083e-06,False,0.6572348254094391,0.6935842277864341,0.0
23,0.2,0.05,1.5,50.0,0.1,0.5,1.0,3000,0.5,-6.120481618525086e-05,beta_estimated_mean,500,0,-0.0009134076888031,4.609267721999856e-06,0.000919192599558,0.0,4.336808689942019e-19,0.0076243404615522,0.0,0.0,0.0,-0.0009849664903685,0.0030284468816312,5.696087327589083e-06,False,0.6572348254094391,0.6935842277864341,0.0
23,0.2,0.05,1.5,50.0,0.1,0.5,1.0,3000,0.5,-6.120481618525086e-05,risk_only,500,0,6.093387124866615e-07,1.7651433916112488e-06,3.943502452069755e-05,0.012,0.0055109951740277,0.0259303611164472,0.012,1.4689155884460205e-06,4.193395790025707e-07,-0.0009849664903685,0.0030284468816312,5.696087327589083e-06,False,0.6572348254094391,0.6935842277864341,0.023999999999999997
23,0.2,0.05,1.5,50.0,0.1,0.5,1.0,3000,0.5,-6.120481618525086e-05,outcome_based,500,0,1.5871482851917528e-05,3.0804199166045715e-05,0.0006882967008582,0.39,0.3482413304011046,0.433436024500437,0.176,3.464192596085198e-05,1.3579644648868835e-06,-0.0009849664903685,0.0030284468816312,5.696087327589083e-06,False,0.6572348254094391,0.6935842277864341,0.566
23,0.2,0.05,1.5,50.0,0.1,0.5,1.0,3000,0.5,-6.120481618525086e-05,beta_known_mean,500,0,-0.0009124374330187,4.09530246942093e-06,0.0009170120221837,0.0,4.336808689942019e-19,0.0076243404615522,0.0,0.0,0.0,-0.0009849664903685,0.0030284468816312,5.696087327589083e-06,False,0.6572348254094391,0.6935842277864341,0.0
23,0.2,0.05,1.5,50.0,0.1,0.5,1.0,10000,0.0588235294117647,0.0022836110098541,beta_estimated_mean,500,0,-0.003165700193003,6.586943987719884e-05,0.0034909469322431,0.736,0.6956691427151993,0.7727321685869482,0.0,0.0016807377032526,4.506223478020382e-05,-0.000927833078047,0.0030284468816312,5.696087327589083e-06,True,0.6572348254094391,0.6935842277864341,0.7359999999999924
23,0.2,0.05,1.5,50.0,0.1,0.5,1.0,10000,0.0588235294117647,0.0022836110098541,risk_only,500,0,4.551471869688512e-05,6.560616644783182e-05,0.001466237347271,0.056,0.0390256206831514,0.0797447936467069,0.0,0.0001278822165518,2.35045459455063e-05,-0.000927833078047,0.0030284468816312,5.696087327589083e-06,True,0.6572348254094391,0.6935842277864341,0.05599999999998704
23,0.2,0.05,1.5,50.0,0.1,0.5,1.0,10000,0.0588235294117647,0.0022836110098541,outcome_based,500,0,4.778899014352034e-05,3.56432702684695e-05,0.0007976432175973,0.0,4.336808689942019e-19,0.0076243404615522,0.0,0.0,0.0,-0.000927833078047,0.0030284468816312,5.696087327589083e-06,True,0.6572348254094391,0.6935842277864341,0.0
23,0.2,0.05,1.5,50.0,0.1,0.5,1.0,10000,0.0588235294117647,0.0022836110098541,beta_known_mean,500,0,-0.003209860124501,1.7967228935004665e-06,0.0032101110412611,1.0,0.992375659538448,1.0,0.0,0.0022836110098541,0.0,-0.000927833078047,0.0030284468816312,5.696087327589083e-06,True,0.6572348254094391,0.6935842277864341,1.0
23,0.2,0.05,1.5,50.0,0.1,0.5,1.0,10000,0.1111111111111111,0.0032760085804301,beta_estimated_mean,500,0,-0.0077009733905987,6.08956253103681e-05,0.0078201931866481,1.0,0.992375659538448,1.0,0.0,0.0032760085804301,0.0,-0.0044700500376416,0.0030284468816312,5.696087327589083e-06,True,0.6572348254094391,0.6935842277864341,1.0
23,0.2,0.05,1.5,50.0,0.1,0.5,1.0,10000,0.1111111111111111,0.0032760085804301,risk_only,500,0,4.827163204219995e-05,6.183662347527066e-05,0.0013821687248192,0.006,0.0020425962719602,0.0174902521040533,0.0,1.9656051482580626e-05,1.1325661443072297e-05,-0.0044700500376416,0.0030284468816312,5.696087327589083e-06,True,0.6572348254094391,0.6935842277864341,0.006000000000000007
23,0.2,0.05,1.5,50.0,0.1,0.5,1.0,10000,0.1111111111111111,0.0032760085804301,outcome_based,500,0,1.4841419571729936e-05,8.860130041863092e-05,0.0019792587741968,0.044,0.0292339556286071,0.0657194428723284,0.0,0.0001441443775389,3.007807529332753e-05,-0.0044700500376416,0.0030284468816312,5.696087327589083e-06,True,0.6572348254094391,0.6935842277864341,0.04399999999999255
23,0.2,0.05,1.5,50.0,0.1,0.5,1.0,10000,0.1111111111111111,0.0032760085804301,beta_known_mean,500,0,-0.0077391403149354,7.962826792331697e-06,0.007741184193191,1.0,0.992375659538448,1.0,0.0,0.0032760085804301,0.0,-0.0044700500376416,0.0030284468816312,5.696087327589083e-06,True,0.6572348254094391,0.6935842277864341,1.0
23,0.2,0.05,1.5,50.0,0.1,0.5,1.0,10000,0.2,-0.0153594225605329,beta_estimated_mean,500,0,0.0052913725761141,4.16096517954098e-05,0.005372389965127,0.0,4.336808689942019e-19,0.0076243404615522,0.0,0.0,0.0,-0.0101068065182592,0.0030284468816312,5.696087327589083e-06,False,0.6572348254094391,0.6935842277864341,0.0
23,0.2,0.05,1.5,50.0,0.1,0.5,1.0,10000,0.2,-0.0153594225605329,risk_only,500,0,4.2686736264454085e-05,4.633440360947633e-05,0.0010359120423172,0.0,4.336808689942019e-19,0.0076243404615522,0.0,0.0,0.0,-0.0101068065182592,0.0030284468816312,5.696087327589083e-06,False,0.6572348254094391,0.6935842277864341,0.0
23,0.2,0.05,1.5,50.0,0.1,0.5,1.0,10000,0.2,-0.0153594225605329,outcome_based,500,0,0.0001093225605334,0.0001471942841777,0.0032898881306576,0.0,4.336808689942019e-19,0.0076243404615522,0.0,0.0,0.0,-0.0101068065182592,0.0030284468816312,5.696087327589083e-06,False,0.6572348254094391,0.6935842277864341,0.0
23,0.2,0.05,1.5,50.0,0.1,0.5,1.0,10000,0.2,-0.0153594225605329,beta_known_mean,500,0,0.0052671313909518,1.7916753638735432e-05,0.0052823155064767,0.0,4.336808689942019e-19,0.0076243404615522,0.0,0.0,0.0,-0.0101068065182592,0.0030284468816312,5.696087327589083e-06,False,0.6572348254094391,0.6935842277864341,0.0
23,0.2,0.05,1.5,50.0,0.1,0.5,1.0,10000,0.3333333333333333,-0.0086804891199154,beta_estimated_mean,500,0,0.0018018570958493,1.6578789835513958e-05,0.0018395222949981,0.0,4.336808689942019e-19,0.0076243404615522,0.0,0.0,0.0,-0.0068970258953131,0.0030284468816312,5.696087327589083e-06,False,0.6572348254094391,0.6935842277864341,0.0
23,0.2,0.05,1.5,50.0,0.1,0.5,1.0,10000,0.3333333333333333,-0.0086804891199154,risk_only,500,0,1.3928324040460849e-05,1.654070525492111e-05,0.0003697537943623,0.0,4.336808689942019e-19,0.0076243404615522,0.0,0.0,0.0,-0.0068970258953131,0.0030284468816312,5.696087327589083e-06,False,0.6572348254094391,0.6935842277864341,0.0
23,0.2,0.05,1.5,50.0,0.1,0.5,1.0,10000,0.3333333333333333,-0.0086804891199154,outcome_based,500,0,4.858911991542392e-05,0.0001351871514302,0.0030202430850139,0.004,0.0010976305226827,0.014465715215177,0.0,3.472195647966167e-05,2.45275172116001e-05,-0.0068970258953131,0.0030284468816312,5.696087327589083e-06,False,0.6572348254094391,0.6935842277864341,0.004000000000000008
23,0.2,0.05,1.5,50.0,0.1,0.5,1.0,10000,0.3333333333333333,-0.0086804891199154,beta_known_mean,500,0,0.001794358677995,1.2382061171197816e-05,0.0018155515606231,0.0,4.336808689942019e-19,0.0076243404615522,0.0,0.0,0.0,-0.0068970258953131,0.0030284468816312,5.696087327589083e-06,False,0.6572348254094391,0.6935842277864341,0.0
23,0.2,0.05,1.5,50.0,0.1,0.5,1.0,10000,0.5,-6.120481618525086e-05,beta_estimated_mean,500,0,-0.0009215346941824,2.497177563808752e-06,0.0009232214818659,0.0,4.336808689942019e-19,0.0076243404615522,0.0,0.0,0.0,-0.0009849664903685,0.0030284468816312,5.696087327589083e-06,False,0.6572348254094391,0.6935842277864341,0.0
23,0.2,0.05,1.5,50.0,0.1,0.5,1.0,10000,0.5,-6.120481618525086e-05,risk_only,500,0,1.2488879995315244e-06,9.778617229820376e-07,2.187944885783917e-05,0.002,0.0003531363945592,0.0112407067051467,0.0,1.2240963237050172e-07,1.2240963237050178e-07,-0.0009849664903685,0.0030284468816312,5.696087327589083e-06,False,0.6572348254094391,0.6935842277864341,0.002
23,0.2,0.05,1.5,50.0,0.1,0.5,1.0,10000,0.5,-6.120481618525086e-05,outcome_based,500,0,-2.8595183814749144e-05,1.6740142913653367e-05,0.0003750381907718,0.352,0.3114108418907427,0.3948459628858768,0.068,2.5706022797805365e-05,1.3523028618934009e-06,-0.0009849664903685,0.0030284468816312,5.696087327589083e-06,False,0.6572348254094391,0.6935842277864341,0.42000000000000004
23,0.2,0.05,1.5,50.0,0.1,0.5,1.0,10000,0.5,-6.120481618525086e-05,beta_known_mean,500,0,-0.0009220756646255,2.208425647916909e-06,0.0009233944043971,0.0,4.336808689942019e-19,0.0076243404615522,0.0,0.0,0.0,-0.0009849664903685,0.0030284468816312,5.696087327589083e-06,False,0.6572348254094391,0.6935842277864341,0.0
24,0.2,0.05,1.5,50.0,0.1,0.9,0.5,500,0.0588235294117647,0.0008979881150359,beta_estimated_mean,500,0,-0.0016054777923219,0.0002925592976489,0.0067295942908486,0.538,0.494176845283715,0.581243704841207,0.0,0.0004831176058893,2.0041602378997327e-05,-0.000927833078047,0.0015412490330286,0.0005748958041771,True,0.6579915324927065,0.6791141382331478,0.5379999999999842
24,0.2,0.05,1.5,50.0,0.1,0.9,0.5,500,0.0588235294117647,0.0008979881150359,risk_only,500,0,0.0002151968636713,0.0002900071719327,0.0064818427485237,0.44,0.397111794441699,0.4838031264136874,0.0,0.0003951147706158,1.9954491617933848e-05,-0.000927833078047,0.0015412490330286,0.0005748958041771,True,0.6579915324927065,0.6791141382331478,0.44000000000000444
24,0.2,0.05,1.5,50.0,0.1,0.9,0.5,500,0.0588235294117647,0.0008979881150359,outcome_based,500,0,0.0002227618849641,0.0001317359483785,0.0029511774844784,0.338,0.2979130243450122,0.3805572619645308,0.016,0.0003035199828821,1.9015496122272388e-05,-0.000927833078047,0.0015412490330286,0.0005748958041771,True,0.6579915324927065,0.6791141382331478,0.33799999999996194
24,0.2,0.05,1.5,50.0,0.1,0.9,0.5,500,0.0588235294117647,0.0008979881150359,beta_known_mean,500,0,-0.0018195980135525,1.441806618595346e-05,0.0018478824006313,1.0,0.992375659538448,1.0,0.0,0.0008979881150359,0.0,-0.000927833078047,0.0015412490330286,0.0005748958041771,True,0.6579915324927065,0.6791141382331478,1.0
24,0.2,0.05,1.5,50.0,0.1,0.9,0.5,500,0.1111111111111111,0.002654464118212,beta_estimated_mean,500,0,-0.0068511143474271,0.0002907137916741,0.0094398362076691,0.752,0.7123215407533253,0.7878357916540525,0.0,0.0019961570168954,5.1317010339953215e-05,-0.0044700500376416,0.0015412490330286,0.0005748958041771,True,0.6579915324927065,0.6791141382331478,0.751999999999991
24,0.2,0.05,1.5,50.0,0.1,0.9,0.5,500,0.1111111111111111,0.002654464118212,risk_only,500,0,0.0002527997377836,0.0002844696846493,0.0063595978998827,0.324,0.2844552822318157,0.3662284856106508,0.0,0.0008600463743006,5.5612502642516383e-05,-0.0044700500376416,0.0015412490330286,0.0005748958041771,True,0.6579915324927065,0.6791141382331478,0.3239999999999668
24,0.2,0.05,1.5,50.0,0.1,0.9,0.5,500,0.1111111111111111,0.002654464118212,outcome_based,500,0,0.0003275358817879,0.0003305933088732,0.0073921550141928,0.338,0.2979130243450122,0.3805572619645308,0.008,0.0008972088719556,5.621004476718696e-05,-0.0044700500376416,0.0015412490330286,0.0005748958041771,True,0.6579915324927065,0.6791141382331478,0.3379999999999789
24,0.2,0.05,1.5,50.0,0.1,0.9,0.5,500,0.1111111111111111,0.002654464118212,beta_known_mean,500,0,-0.0070570216446843,5.965797076343699e-05,0.007181749937019,1.0,0.992375659538448,1.0,0.0,0.002654464118212,0.0,-0.0044700500376416,0.0015412490330286,0.0005748958041771,True,0.6579915324927065,0.6791141382331478,1.0
24,0.2,0.05,1.5,50.0,0.1,0.9,0.5,500,0.2,-0.005703854883764,beta_estimated_mean,500,0,-0.0041379397353216,0.0002429209561708,0.0068241358526692,0.044,0.0292339556286071,0.0657194428723284,0.0,0.0002509696148856,5.23689033297784e-05,-0.0101068065182592,0.0015412490330286,0.0005748958041771,False,0.6579915324927065,0.6791141382331478,0.043999999999997194
24,0.2,0.05,1.5,50.0,0.1,0.9,0.5,500,0.2,-0.005703854883764,risk_only,500,0,0.0002456599557227,0.0002356019510574,0.0052686791708679,0.158,0.1286526978644355,0.1925623510112662,0.0,0.0009012090716347,9.313282662019549e-05,-0.0101068065182592,0.0015412490330286,0.0005748958041771,False,0.6579915324927065,0.6791141382331478,0.1579999999999979
24,0.2,0.05,1.5,50.0,0.1,0.9,0.5,500,0.2,-0.005703854883764,outcome_based,500,0,0.000747854883764,0.0006608051565399,0.0147802013155156,0.384,0.3424076746177923,0.4273611723692879,0.014,0.002270134243738,0.0001249850236186,-0.0101068065182592,0.0015412490330286,0.0005748958041771,False,0.6579915324927065,0.6791141382331478,0.39799999999998736
24,0.2,0.05,1.5,50.0,0.1,0.9,0.5,500,0.2,-0.005703854883764,beta_known_mean,500,0,-0.0042417167093256,0.0001289521361182,0.0051273637176912,0.0,4.336808689942019e-19,0.0076243404615522,0.0,0.0,0.0,-0.0101068065182592,0.0015412490330286,0.0005748958041771,False,0.6579915324927065,0.6791141382331478,0.0
24,0.2,0.05,1.5,50.0,0.1,0.9,0.5,500,0.3333333333333333,-0.0138719732269295,beta_estimated_mean,500,0,0.0070556283177116,0.0001183249928785,0.0075344735797271,0.004,0.0010976305226827,0.014465715215177,0.0,5.548789290771839e-05,3.919653113806181e-05,-0.0068970258953131,0.0015412490330286,0.0005748958041771,False,0.6579915324927065,0.6791141382331478,0.004000000000000028
24,0.2,0.05,1.5,50.0,0.1,0.9,0.5,500,0.3333333333333333,-0.0138719732269295,risk_only,500,0,0.0001317433095139,0.0001371586324753,0.003066722850273,0.0,4.336808689942019e-19,0.0076243404615522,0.0,0.0,0.0,-0.0068970258953131,0.0015412490330286,0.0005748958041771,False,0.6579915324927065,0.6791141382331478,0.0
24,0.2,0.05,1.5,50.0,0.1,0.9,0.5,500,0.3333333333333333,-0.0138719732269295,outcome_based,500,0,0.0003599732269295,0.0005755921513096,0.012862792726469,0.14,0.1123226601878635,0.173166864944454,0.032,0.0023859793950318,0.0002343512967519,-0.0068970258953131,0.0015412490330286,0.0005748958041771,False,0.6579915324927065,0.6791141382331478,0.17199999999999466
24,0.2,0.05,1.5,50.0,0.1,0.9,0.5,500,0.3333333333333333,-0.0138719732269295,beta_known_mean,500,0,0.0070726736976466,9.403982497356118e-05,0.0073780494770115,0.0,4.336808689942019e-19,0.0076243404615522,0.0,0.0,0.0,-0.0068970258953131,0.0015412490330286,0.0005748958041771,False,0.6579915324927065,0.6791141382331478,0.0
24,0.2,0.05,1.5,50.0,0.1,0.9,0.5,500,0.5,-0.0029046063411646,beta_estimated_mean,500,0,0.0018990070537532,2.0242989884815288e-05,0.0019521033095878,0.002,0.0003531363945592,0.0112407067051467,0.0,5.809212682329268e-06,5.809212682329267e-06,-0.0009849664903685,0.0015412490330286,0.0005748958041771,False,0.6579915324927065,0.6791141382331478,0.0020000000000000235
24,0.2,0.05,1.5,50.0,0.1,0.9,0.5,500,0.5,-0.0029046063411646,risk_only,500,0,-4.211407075527501e-05,4.5611337101490616e-05,0.0010197500855485,0.0,4.336808689942019e-19,0.0076243404615522,0.0,0.0,0.0,-0.0009849664903685,0.0015412490330286,0.0005748958041771,False,0.6579915324927065,0.6791141382331478,0.0
24,0.2,0.05,1.5,50.0,0.1,0.9,0.5,500,0.5,-0.0029046063411646,outcome_based,500,0,4.060634116463383e-05,0.0003535944939224,0.0078988070539128,0.286,0.2481400532160928,0.3271231645014515,0.094,0.0011037504096425,6.31138468132674e-05,-0.0009849664903685,0.0015412490330286,0.0005748958041771,False,0.6579915324927065,0.6791141382331478,0.37999999999998346
24,0.2,0.05,1.5,50.0,0.1,0.9,0.5,500,0.5,-0.0029046063411646,beta_known_mean,500,0,0.0019083985585129,1.842800404013305e-05,0.001952291252158,0.0,4.336808689942019e-19,0.0076243404615522,0.0,0.0,0.0,-0.0009849664903685,0.0015412490330286,0.0005748958041771,False,0.6579915324927065,0.6791141382331478,0.0
24,0.2,0.05,1.5,50.0,0.1,0.9,0.5,3000,0.0588235294117647,0.0008979881150359,beta_estimated_mean,500,0,-0.0018117833685376,0.0001223082441292,0.0032783003155464,0.648,0.6051540371141233,0.6885891581092574,0.0,0.0005818962985432,1.9199023961544222e-05,-0.000927833078047,0.0015412490330286,0.0005748958041771,True,0.6579915324927065,0.6791141382331478,0.6479999999999295
24,0.2,0.05,1.5,50.0,0.1,0.9,0.5,3000,0.0588235294117647,0.0008979881150359,risk_only,500,0,2.1204238562722967e-05,0.000120930176607,0.0027014587391295,0.358,0.317207603401289,0.4009577092897918,0.0,0.0003214797451828,1.9272113438465514e-05,-0.000927833078047,0.0015412490330286,0.0005748958041771,True,0.6579915324927065,0.6791141382331478,0.35799999999994186
24,0.2,0.05,1.5,50.0,0.1,0.9,0.5,3000,0.0588235294117647,0.0008979881150359,outcome_based,500,0,-6.4047817024945884e-06,5.613787707001663e-05,0.0012540415387661,0.232,0.1971292384527146,0.2709574080346774,0.004,0.0002083332426883,1.696855726499124e-05,-0.000927833078047,0.0015412490330286,0.0005748958041771,True,0.6579915324927065,0.6791141382331478,0.23199999999996793
24,0.2,0.05,1.5,50.0,0.1,0.9,0.5,3000,0.0588235294117647,0.0008979881150359,beta_known_mean,500,0,-0.0018291203770211,6.309817064862425e-06,0.0018345431135676,1.0,0.992375659538448,1.0,0.0,0.0008979881150359,0.0,-0.000927833078047,0.0015412490330286,0.0005748958041771,True,0.6579915324927065,0.6791141382331478,1.0
24,0.2,0.05,1.5,50.0,0.1,0.9,0.5,3000,0.1111111111111111,0.002654464118212,beta_estimated_mean,500,0,-0.0071141744215798,0.0001230610533307,0.0076268174949487,0.958,0.93664841424567,0.9723676898915484,0.0,0.0025429766252471,2.383603344129944e-05,-0.0044700500376416,0.0015412490330286,0.0005748958041771,True,0.6579915324927065,0.6791141382331478,0.9580000000000014
24,0.2,0.05,1.5,50.0,0.1,0.9,0.5,3000,0.1111111111111111,0.002654464118212,risk_only,500,0,9.439407945113776e-06,0.0001195053758496,0.0026695645704959,0.16,0.130476372350164,0.1947081791636914,0.0,0.0004247142589139,4.356384665730992e-05,-0.0044700500376416,0.0015412490330286,0.0005748958041771,True,0.6579915324927065,0.6791141382331478,0.15999999999999245
24,0.2,0.05,1.5,50.0,0.1,0.9,0.5,3000,0.1111111111111111,0.002654464118212,outcome_based,500,0,-2.2964118211521e-05,0.0001434811457243,0.0032052082772776,0.204,0.1709982729111479,0.241515336642091,0.008,0.0005415106801152,4.788485800211868e-05,-0.0044700500376416,0.0015412490330286,0.0005748958041771,True,0.6579915324927065,0.6791141382331478,0.2039999999999819
24,0.2,0.05,1.5,50.0,0.1,0.9,0.5,3000,0.1111111111111111,0.002654464118212,beta_known_mean,500,0,-0.0071346359414769,2.574757463077455e-05,0.0071577814914607,1.0,0.992375659538448,1.0,0.0,0.002654464118212,0.0,-0.0044700500376416,0.0015412490330286,0.0005748958041771,True,0.6579915324927065,0.6791141382331478,1.0
24,0.2,0.05,1.5,50.0,0.1,0.9,0.5,3000,0.2,-0.005703854883764,beta_estimated_mean,500,0,-0.004420278779524,0.0001051993755053,0.005006121441142,0.0,4.336808689942019e-19,0.0076243404615522,0.0,0.0,0.0,-0.0101068065182592,0.0015412490330286,0.0005748958041771,False,0.6579915324927065,0.6791141382331478,0.0
24,0.2,0.05,1.5,50.0,0.1,0.9,0.5,3000,0.2,-0.005703854883764,risk_only,500,0,-4.46855578695282e-05,0.0001020901085274,0.0022809580308274,0.014,0.0067977897908434,0.0286130691377852,0.0,7.985396837269649e-05,2.999995962674892e-05,-0.0101068065182592,0.0015412490330286,0.0005748958041771,False,0.6579915324927065,0.6791141382331478,0.014000000000000087
24,0.2,0.05,1.5,50.0,0.1,0.9,0.5,3000,0.2,-0.005703854883764,outcome_based,500,0,-0.0001854784495696,0.0003089600415607,0.0069041364114992,0.204,0.1709982729111479,0.241515336642091,0.0,0.0011635863962878,0.0001028939435646,-0.0101068065182592,0.0015412490330286,0.0005748958041771,False,0.6579915324927065,0.6791141382331478,0.2039999999999902
24,0.2,0.05,1.5,50.0,0.1,0.9,0.5,3000,0.2,-0.005703854883764,beta_known_mean,500,0,-0.0044263588996838,5.516566690033538e-05,0.004594696427435,0.0,4.336808689942019e-19,0.0076243404615522,0.0,0.0,0.0,-0.0101068065182592,0.0015412490330286,0.0005748958041771,False,0.6579915324927065,0.6791141382331478,0.0
24,0.2,0.05,1.5,50.0,0.1,0.9,0.5,3000,0.3333333333333333,-0.0138719732269295,beta_estimated_mean,500,0,0.0069481947784552,5.2044635281551606e-05,0.007044787013536,0.0,4.336808689942019e-19,0.0076243404615522,0.0,0.0,0.0,-0.0068970258953131,0.0015412490330286,0.0005748958041771,False,0.6579915324927065,0.6791141382331478,0.0
24,0.2,0.05,1.5,50.0,0.1,0.9,0.5,3000,0.3333333333333333,-0.0138719732269295,risk_only,500,0,-9.695601056674992e-06,5.948665302505221e-05,0.0013288665421528,0.0,4.336808689942019e-19,0.0076243404615522,0.0,0.0,0.0,-0.0068970258953131,0.0015412490330286,0.0005748958041771,False,0.6579915324927065,0.6791141382331478,0.0
24,0.2,0.05,1.5,50.0,0.1,0.9,0.5,3000,0.3333333333333333,-0.0138719732269295,outcome_based,500,0,-0.0001720267730703,0.000237893026299,0.0053169113307954,0.004,0.0010976305226827,0.014465715215177,0.002,8.323183936157757e-05,4.7957527722635246e-05,-0.0068970258953131,0.0015412490330286,0.0005748958041771,False,0.6579915324927065,0.6791141382331478,0.006000000000000041
24,0.2,0.05,1.5,50.0,0.1,0.9,0.5,3000,0.3333333333333333,-0.0138719732269295,beta_known_mean,500,0,0.0069585365888015,4.0701691608212407e-05,0.0070176839968663,0.0,4.336808689942019e-19,0.0076243404615522,0.0,0.0,0.0,-0.0068970258953131,0.0015412490330286,0.0005748958041771,False,0.6579915324927065,0.6791141382331478,0.0
24,0.2,0.05,1.5,50.0,0.1,0.9,0.5,3000,0.5,-0.0029046063411646,beta_estimated_mean,500,0,0.0019100528975647,8.859709966473045e-06,0.0019202788358412,0.0,4.336808689942019e-19,0.0076243404615522,0.0,0.0,0.0,-0.0009849664903685,0.0015412490330286,0.0005748958041771,False,0.6579915324927065,0.6791141382331478,0.0
24,0.2,0.05,1.5,50.0,0.1,0.9,0.5,3000,0.5,-0.0029046063411646,risk_only,500,0,-4.38968770747618e-06,1.941378937155801e-05,0.0004336934205426,0.0,4.336808689942019e-19,0.0076243404615522,0.0,0.0,0.0,-0.0009849664903685,0.0015412490330286,0.0005748958041771,False,0.6579915324927065,0.6791141382331478,0.0
24,0.2,0.05,1.5,50.0,0.1,0.9,0.5,3000,0.5,-0.0029046063411646,outcome_based,500,0,-1.6060325502032705e-05,0.0001341369868465,0.002996436353895,0.15,0.1213759576913881,0.1839610806316983,0.022,0.0004995922906803,4.907003866504277e-05,-0.0009849664903685,0.0015412490330286,0.0005748958041771,False,0.6579915324927065,0.6791141382331478,0.17199999999999613
24,0.2,0.05,1.5,50.0,0.1,0.9,0.5,3000,0.5,-0.0029046063411646,beta_known_mean,500,0,0.0019127187892704,8.06397222422312e-06,0.0019211824388111,0.0,4.336808689942019e-19,0.0076243404615522,0.0,0.0,0.0,-0.0009849664903685,0.0015412490330286,0.0005748958041771,False,0.6579915324927065,0.6791141382331478,0.0
24,0.2,0.05,1.5,50.0,0.1,0.9,0.5,10000,0.0588235294117647,0.0008979881150359,beta_estimated_mean,500,0,-0.0018106834332643,6.677392676224332e-05,0.0023459527671774,0.722,0.6811514003636959,0.7594633924713748,0.0,0.0006483474190559,1.800990046862271e-05,-0.000927833078047,0.0015412490330286,0.0005748958041771,True,0.6579915324927065,0.6791141382331478,0.7219999999999779
24,0.2,0.05,1.5,50.0,0.1,0.9,0.5,10000,0.0588235294117647,0.0008979881150359,risk_only,500,0,1.609782497050738e-05,6.589690647752257e-05,0.0014721134057331,0.264,0.2272678314130519,0.3043308572848008,0.0,0.0002370688623694,1.771989673152213e-05,-0.000927833078047,0.0015412490330286,0.0005748958041771,True,0.6579915324927065,0.6791141382331478,0.2639999999999136
24,0.2,0.05,1.5,50.0,0.1,0.9,0.5,10000,0.0588235294117647,0.0008979881150359,outcome_based,500,0,-9.65061503705178e-06,2.9888963535394578e-05,0.0006677386126617,0.088,0.0662059844749289,0.1160764720653901,0.002,7.902295412316285e-05,1.138830451111288e-05,-0.000927833078047,0.0015412490330286,0.0005748958041771,True,0.6579915324927065,0.6791141382331478,0.08800000000000406
24,0.2,0.05,1.5,50.0,0.1,0.9,0.5,10000,0.0588235294117647,0.0008979881150359,beta_known_mean,500,0,-0.0018237703785046,3.3183830964621297e-06,0.0018252762023956,1.0,0.992375659538448,1.0,0.0,0.0008979881150359,0.0,-0.000927833078047,0.0015412490330286,0.0005748958041771,True,0.6579915324927065,0.6791141382331478,1.0
24,0.2,0.05,1.5,50.0,0.1,0.9,0.5,10000,0.1111111111111111,0.002654464118212,beta_estimated_mean,500,0,-0.0071036106042012,6.711445673687848e-05,0.0072600932788333,0.996,0.9855342847848232,0.9989023694773173,0.0,0.0026438462617391,7.500431536472557e-06,-0.0044700500376416,0.0015412490330286,0.0005748958041771,True,0.6579915324927065,0.6791141382331478,0.9959999999999803
24,0.2,0.05,1.5,50.0,0.1,0.9,0.5,10000,0.1111111111111111,0.002654464118212,risk_only,500,0,2.7000690267825533e-05,6.557189997126715e-05,0.0014650141283038,0.04,0.0260407973897772,0.0609735958348508,0.0,0.0001061785647284,2.3285855520230137e-05,-0.0044700500376416,0.0015412490330286,0.0005748958041771,True,0.6579915324927065,0.6791141382331478,0.03999999999996986
24,0.2,0.05,1.5,50.0,0.1,0.9,0.5,10000,0.1111111111111111,0.002654464118212,outcome_based,500,0,-4.661411821192679e-05,7.715607802209794e-05,0.001724166466301,0.056,0.0390256206831514,0.0797447936467069,0.002,0.0001486499906198,2.7321629453519687e-05,-0.0044700500376416,0.0015412490330286,0.0005748958041771,True,0.6579915324927065,0.6791141382331478,0.05599999999997287
24,0.2,0.05,1.5,50.0,0.1,0.9,0.5,10000,0.1111111111111111,0.002654464118212,beta_known_mean,500,0,-0.00711431880379,1.3591733285014651e-05,0.007120794542296,1.0,0.992375659538448,1.0,0.0,0.002654464118212,0.0,-0.0044700500376416,0.0015412490330286,0.0005748958041771,True,0.6579915324927065,0.6791141382331478,1.0
24,0.2,0.05,1.5,50.0,0.1,0.9,0.5,10000,0.2,-0.005703854883764,beta_estimated_mean,500,0,-0.0043740119199287,5.678322522637955e-05,0.0045542203805444,0.0,4.336808689942019e-19,0.0076243404615522,0.0,0.0,0.0,-0.0101068065182592,0.0015412490330286,0.0005748958041771,False,0.6579915324927065,0.6791141382331478,0.0
24,0.2,0.05,1.5,50.0,0.1,0.9,0.5,10000,0.2,-0.005703854883764,risk_only,500,0,1.8540669902534112e-05,5.553560044165973e-05,0.001240709882177,0.0,4.336808689942019e-19,0.0076243404615522,0.0,0.0,0.0,-0.0101068065182592,0.0015412490330286,0.0005748958041771,False,0.6579915324927065,0.6791141382331478,0.0
24,0.2,0.05,1.5,50.0,0.1,0.9,0.5,10000,0.2,-0.005703854883764,outcome_based,500,0,-7.919511623522688e-05,0.0001600404598612,0.0035759101378442,0.056,0.0390256206831514,0.0797447936467069,0.0,0.0003194158734907,5.870812437118864e-05,-0.0101068065182592,0.0015412490330286,0.0005748958041771,False,0.6579915324927065,0.6791141382331478,0.05599999999998528
24,0.2,0.05,1.5,50.0,0.1,0.9,0.5,10000,0.2,-0.005703854883764,beta_known_mean,500,0,-0.004380860314706,2.916063251992644e-05,0.0044290244974439,0.0,4.336808689942019e-19,0.0076243404615522,0.0,0.0,0.0,-0.0101068065182592,0.0015412490330286,0.0005748958041771,False,0.6579915324927065,0.6791141382331478,0.0
24,0.2,0.05,1.5,50.0,0.1,0.9,0.5,10000,0.3333333333333333,-0.0138719732269295,beta_estimated_mean,500,0,0.0069927589160007,2.7502713508156745e-05,0.0070196951844944,0.0,4.336808689942019e-19,0.0076243404615522,0.0,0.0,0.0,-0.0068970258953131,0.0015412490330286,0.0005748958041771,False,0.6579915324927065,0.6791141382331478,0.0
24,0.2,0.05,1.5,50.0,0.1,0.9,0.5,10000,0.3333333333333333,-0.0138719732269295,risk_only,500,0,2.4216242812203286e-05,3.182287045550022e-05,0.00071128143048,0.0,4.336808689942019e-19,0.0076243404615522,0.0,0.0,0.0,-0.0068970258953131,0.0015412490330286,0.0005748958041771,False,0.6579915324927065,0.6791141382331478,0.0
24,0.2,0.05,1.5,50.0,0.1,0.9,0.5,10000,0.3333333333333333,-0.0138719732269295,outcome_based,500,0,9.327322692940532e-05,0.0001408198959885,0.003147060724686,0.0,4.336808689942019e-19,0.0076243404615522,0.0,0.0,0.0,-0.0068970258953131,0.0015412490330286,0.0005748958041771,False,0.6579915324927065,0.6791141382331478,0.0
24,0.2,0.05,1.5,50.0,0.1,0.9,0.5,10000,0.3333333333333333,-0.0138719732269295,beta_known_mean,500,0,0.0069907302470472,2.147338226928816e-05,0.007007167855409,0.0,4.336808689942019e-19,0.0076243404615522,0.0,0.0,0.0,-0.0068970258953131,0.0015412490330286,0.0005748958041771,False,0.6579915324927065,0.6791141382331478,0.0
24,0.2,0.05,1.5,50.0,0.1,0.9,0.5,10000,0.5,-0.0029046063411646,beta_estimated_mean,500,0,0.0019212203810839,4.611115483471207e-06,0.0019239796473215,0.0,4.336808689942019e-19,0.0076243404615522,0.0,0.0,0.0,-0.0009849664903685,0.0015412490330286,0.0005748958041771,False,0.6579915324927065,0.6791141382331478,0.0
24,0.2,0.05,1.5,50.0,0.1,0.9,0.5,10000,0.5,-0.0029046063411646,risk_only,500,0,2.718990217468128e-06,1.020048039136363e-05,0.0002278776935438,0.0,4.336808689942019e-19,0.0076243404615522,0.0,0.0,0.0,-0.0009849664903685,0.0015412490330286,0.0005748958041771,False,0.6579915324927065,0.6791141382331478,0.0
24,0.2,0.05,1.5,50.0,0.1,0.9,0.5,10000,0.5,-0.0029046063411646,outcome_based,500,0,4.360634116463397e-05,7.912926691031282e-05,0.0017681517222766,0.052,0.0357302651157052,0.0751011439378455,0.004,0.0001626579551052,2.989627082060437e-05,-0.0009849664903685,0.0015412490330286,0.0005748958041771,False,0.6579915324927065,0.6791141382331478,0.05599999999999394
24,0.2,0.05,1.5,50.0,0.1,0.9,0.5,10000,0.5,-0.0029046063411646,beta_known_mean,500,0,0.0019212764153061,4.221884283371363e-06,0.0019235897153904,0.0,4.336808689942019e-19,0.0076243404615522,0.0,0.0,0.0,-0.0009849664903685,0.0015412490330286,0.0005748958041771,False,0.6579915324927065,0.6791141382331478,0.0
25,0.2,0.05,1.5,50.0,0.1,0.9,1.0,500,0.0588235294117647,0.0027238093081188,beta_estimated_mean,500,0,-0.0031112088413591,0.0002886728719547,0.0071597696840637,0.52,0.4762234529552701,0.5634715734262677,0.0,0.0014163808402218,6.0918432141092775e-05,-0.000927833078047,0.0030284468816312,6.8107881556755964e-09,True,0.6572348254094391,0.6634323416562644,0.5200000000000088
25,0.2,0.05,1.5,50.0,0.1,0.9,1.0,500,0.0588235294117647,0.0027238093081188,risk_only,500,0,0.0005124711150911,0.0002829635558252,0.0063416673858304,0.29,0.2519474198773656,0.3312548031164863,0.0,0.0007899046993544,5.532922666891407e-05,-0.000927833078047,0.0030284468816312,6.8107881556755964e-09,True,0.6572348254094391,0.6634323416562644,0.28999999999998094
25,0.2,0.05,1.5,50.0,0.1,0.9,1.0,500,0.0588235294117647,0.0027238093081188,outcome_based,500,0,3.8190691881318986e-05,0.000140266036952,0.0031335386592391,0.186,0.1543339917500702,0.2224540940597845,0.004,0.0005066285313101,4.744550804527853e-05,-0.000927833078047,0.0030284468816312,6.8107881556755964e-09,True,0.6572348254094391,0.6634323416562644,0.1860000000000012
25,0.2,0.05,1.5,50.0,0.1,0.9,1.0,500,0.0588235294117647,0.0027238093081188,beta_known_mean,500,0,-0.0036384485523642,1.540365482647274e-05,0.0036546828708693,1.0,0.992375659538448,1.0,0.0,0.0027238093081188,1.941422201108567e-20,-0.000927833078047,0.0030284468816312,6.8107881556755964e-09,True,0.6572348254094391,0.6634323416562644,1.0
25,0.2,0.05,1.5,50.0,0.1,0.9,1.0,500,0.1111111111111111,0.0097789782740657,beta_estimated_mean,500,0,-0.0136306383703161,0.0002919284477568,0.0151102676835514,0.728,0.6873673929547526,0.7651559077947796,0.0,0.0071190961835198,0.0001948019725152,-0.0044700500376416,0.0030284468816312,6.8107881556755964e-09,True,0.6572348254094391,0.6634323416562644,0.727999999999997
25,0.2,0.05,1.5,50.0,0.1,0.9,1.0,500,0.1111111111111111,0.0097789782740657,risk_only,500,0,0.0005187234412822,0.0002804409459033,0.0062860153478946,0.05,0.0340937452438494,0.0727681611715476,0.0,0.0004889489137032,9.540914703905036e-05,-0.0044700500376416,0.0030284468816312,6.8107881556755964e-09,True,0.6572348254094391,0.6634323416562644,0.049999999999991315
25,0.2,0.05,1.5,50.0,0.1,0.9,1.0,500,0.1111111111111111,0.0097789782740657,outcome_based,500,0,2.0021725934144045e-05,0.000301516205276,0.0067353915899157,0.064,0.0456960160447894,0.0889524088376841,0.006,0.0006258546095402,0.0001071448052537,-0.0044700500376416,0.0030284468816312,6.8107881556755964e-09,True,0.6572348254094391,0.6634323416562644,0.06399999999999952
25,0.2,0.05,1.5,50.0,0.1,0.9,1.0,500,0.1111111111111111,0.0097789782740657,beta_known_mean,500,0,-0.0141377256990745,6.21768120074655e-05,0.0142057875516293,1.0,0.992375659538448,1.0,0.0,0.0097789782740657,7.765688804434268e-20,-0.0044700500376416,0.0030284468816312,6.8107881556755964e-09,True,0.6572348254094391,0.6634323416562644,1.0
25,0.2,0.05,1.5,50.0,0.1,0.9,1.0,500,0.2,-0.0013009032492688,beta_estimated_mean,500,0,-0.00825869774097,0.000249432791272,0.0099625413595238,0.04,0.0260407973897772,0.0609735958348508,0.0,5.203612997075335e-05,1.1411962550345644e-05,-0.0101068065182592,0.0030284468816312,6.8107881556755964e-09,False,0.6572348254094391,0.6634323416562644,0.04000000000000104
25,0.2,0.05,1.5,50.0,0.1,0.9,1.0,500,0.2,-0.0013009032492688,risk_only,500,0,0.0004349378526243,0.0002363913092804,0.0052984635165487,0.416,0.3735974667931464,0.4596834224043944,0.0,0.0005411757516958,2.870435645202268e-05,-0.0101068065182592,0.0030284468816312,6.8107881556755964e-09,False,0.6572348254094391,0.6634323416562644,0.415999999999984
25,0.2,0.05,1.5,50.0,0.1,0.9,1.0,500,0.2,-0.0013009032492688,outcome_based,500,0,0.0007079032492689,0.0007290203311887,0.0163004594416945,0.51,0.4662736879310782,0.5535738252596908,0.014,0.0006816733026168,2.9084650236607567e-05,-0.0101068065182592,0.0030284468816312,6.8107881556755964e-09,False,0.6572348254094391,0.6634323416562644,0.5239999999999607
25,0.2,0.05,1.5,50.0,0.1,0.9,1.0,500,0.2,-0.0013009032492688,beta_known_mean,500,0,-0.0085360783099716,0.0001323336725776,0.0090334501250641,0.0,4.336808689942019e-19,0.0076243404615522,0.0,0.0,0.0,-0.0101068065182592,0.0030284468816312,6.8107881556755964e-09,False,0.6572348254094391,0.6634323416562644,0.0
25,0.2,0.05,1.5,50.0,0.1,0.9,1.0,500,0.3333333333333333,-0.020846920558546,beta_estimated_mean,500,0,0.0141173720715698,0.0001249733864059,0.0143907522219904,0.008,0.0031153151800622,0.0203870358341051,0.0,0.0001667753644683,8.313663997187883e-05,-0.0068970258953131,0.0030284468816312,6.8107881556755964e-09,False,0.6572348254094391,0.6634323416562644,0.007999999999996739
25,0.2,0.05,1.5,50.0,0.1,0.9,1.0,500,0.3333333333333333,-0.020846920558546,risk_only,500,0,0.0002269117858938,0.0001446842394399,0.0032399567899261,0.0,4.336808689942019e-19,0.0076243404615522,0.0,0.0,0.0,-0.0068970258953131,0.0030284468816312,6.8107881556755964e-09,False,0.6572348254094391,0.6634323416562644,0.0
25,0.2,0.05,1.5,50.0,0.1,0.9,1.0,500,0.3333333333333333,-0.020846920558546,outcome_based,500,0,0.000684920558546,0.0005426125401586,0.0121403818791469,0.044,0.0292339556286071,0.0657194428723284,0.008,0.0010840398690443,0.0002072036870449,-0.0068970258953131,0.0030284468816312,6.8107881556755964e-09,False,0.6572348254094391,0.6634323416562644,0.05199999999999559
25,0.2,0.05,1.5,50.0,0.1,0.9,1.0,500,0.3333333333333333,-0.020846920558546,beta_known_mean,500,0,0.0141127202375258,9.85021887466528e-05,0.0142832247904814,0.0,4.336808689942019e-19,0.0076243404615522,0.0,0.0,0.0,-0.0068970258953131,0.0030284468816312,6.8107881556755964e-09,False,0.6572348254094391,0.6634323416562644,0.0
25,0.2,0.05,1.5,50.0,0.1,0.9,1.0,500,0.5,-0.0048242461919607,beta_estimated_mean,500,0,0.0038225139754546,2.197644827751942e-05,0.0038539086999713,0.0,4.336808689942019e-19,0.0076243404615522,0.0,0.0,0.0,-0.0009849664903685,0.0030284468816312,6.8107881556755964e-09,False,0.6572348254094391,0.6634323416562644,0.0
25,0.2,0.05,1.5,50.0,0.1,0.9,1.0,500,0.5,-0.0048242461919607,risk_only,500,0,0.0001178138953933,5.262989965012044e-05,0.0011815512583893,0.0,4.336808689942019e-19,0.0076243404615522,0.0,0.0,0.0,-0.0009849664903685,0.0030284468816312,6.8107881556755964e-09,False,0.6572348254094391,0.6634323416562644,0.0
25,0.2,0.05,1.5,50.0,0.1,0.9,1.0,500,0.5,-0.0048242461919607,outcome_based,500,0,8.246191960726706e-06,0.0004226601130249,0.0094415153444604,0.284,0.2462377719556586,0.325055943123732,0.062,0.0016691891824184,0.0001027320876071,-0.0009849664903685,0.0030284468816312,6.8107881556755964e-09,False,0.6572348254094391,0.6634323416562644,0.34599999999999953
25,0.2,0.05,1.5,50.0,0.1,0.9,1.0,500,0.5,-0.0048242461919607,beta_known_mean,500,0,0.0038327379340231,1.994987484180053e-05,0.0038585594237351,0.0,4.336808689942019e-19,0.0076243404615522,0.0,0.0,0.0,-0.0009849664903685,0.0030284468816312,6.8107881556755964e-09,False,0.6572348254094391,0.6634323416562644,0.0
25,0.2,0.05,1.5,50.0,0.1,0.9,1.0,3000,0.0588235294117647,0.0027238093081188,beta_estimated_mean,500,0,-0.0035910993359204,0.0001193261350087,0.0044722610570064,0.634,0.5909042816385175,0.6750523951177865,0.0,0.0017268951013473,5.873697800743134e-05,-0.000927833078047,0.0030284468816312,6.8107881556755964e-09,True,0.6572348254094391,0.6634323416562644,0.633999999999993
25,0.2,0.05,1.5,50.0,0.1,0.9,1.0,3000,0.0588235294117647,0.0027238093081188,risk_only,500,0,6.334450379887935e-05,0.0001166223189055,0.002605915269987,0.144,0.1159380741103497,0.1774904562982754,0.0,0.0003922285403691,4.280993370026644e-05,-0.000927833078047,0.0030284468816312,6.8107881556755964e-09,True,0.6572348254094391,0.6634323416562644,0.14399999999999738
25,0.2,0.05,1.5,50.0,0.1,0.9,1.0,3000,0.0588235294117647,0.0027238093081188,outcome_based,500,0,0.0001278156918814,5.438419078646226e-05,0.0012215561037597,0.004,0.0010976305226827,0.014465715215177,0.0,1.089523723247543e-05,7.69637272313669e-06,-0.000927833078047,0.0030284468816312,6.8107881556755964e-09,True,0.6572348254094391,0.6634323416562644,0.004000000000000084
25,0.2,0.05,1.5,50.0,0.1,0.9,1.0,3000,0.0588235294117647,0.0027238093081188,beta_known_mean,500,0,-0.0036624821733176,7.179501100039261e-06,0.0036659919179747,1.0,0.992375659538448,1.0,0.0,0.0027238093081188,1.941422201108567e-20,-0.000927833078047,0.0030284468816312,6.8107881556755964e-09,True,0.6572348254094391,0.6634323416562644,1.0
25,0.2,0.05,1.5,50.0,0.1,0.9,1.0,3000,0.1111111111111111,0.0097789782740657,beta_estimated_mean,500,0,-0.0142105366670388,0.0001216937644367,0.0144682144421608,0.952,0.92957280316411,0.9675347930586468,0.0,0.0093095873169105,9.357984064936312e-05,-0.0044700500376416,0.0030284468816312,6.8107881556755964e-09,True,0.6572348254094391,0.6634323416562644,0.9519999999999954
25,0.2,0.05,1.5,50.0,0.1,0.9,1.0,3000,0.1111111111111111,0.0097789782740657,risk_only,500,0,3.3204493832443724e-05,0.0001166117402912,0.0026051205782687,0.0,4.336808689942019e-19,0.0076243404615522,0.0,0.0,0.0,-0.0044700500376416,0.0030284468816312,6.8107881556755964e-09,True,0.6572348254094391,0.6634323416562644,0.0
25,0.2,0.05,1.5,50.0,0.1,0.9,1.0,3000,0.1111111111111111,0.0097789782740657,outcome_based,500,0,2.0188392602840304e-05,0.0001242286880021,0.0027751321167906,0.0,4.336808689942019e-19,0.0076243404615522,0.0,0.0,0.0,-0.0044700500376416,0.0030284468816312,6.8107881556755964e-09,True,0.6572348254094391,0.6634323416562644,0.0
25,0.2,0.05,1.5,50.0,0.1,0.9,1.0,3000,0.1111111111111111,0.0097789782740657,beta_known_mean,500,0,-0.0142836845223499,2.8938038989494043e-05,0.014298304485994,1.0,0.992375659538448,1.0,0.0,0.0097789782740657,7.765688804434268e-20,-0.0044700500376416,0.0030284468816312,6.8107881556755964e-09,True,0.6572348254094391,0.6634323416562644,1.0
25,0.2,0.05,1.5,50.0,0.1,0.9,1.0,3000,0.2,-0.0013009032492688,beta_estimated_mean,500,0,-0.0088390063263937,0.0001080132119893,0.0091624119622616,0.0,4.336808689942019e-19,0.0076243404615522,0.0,0.0,0.0,-0.0101068065182592,0.0030284468816312,6.8107881556755964e-09,False,0.6572348254094391,0.6634323416562644,0.0
25,0.2,0.05,1.5,50.0,0.1,0.9,1.0,3000,0.2,-0.0013009032492688,risk_only,500,0,-4.694363595139579e-05,0.0001030414428463,0.0023022501249737,0.278,0.2405366075286252,0.3188485996363041,0.0,0.0003616511032967,2.609069947178738e-05,-0.0101068065182592,0.0030284468816312,6.8107881556755964e-09,False,0.6572348254094391,0.6634323416562644,0.2779999999999797
25,0.2,0.05,1.5,50.0,0.1,0.9,1.0,3000,0.2,-0.0013009032492688,outcome_based,500,0,-1.0596750731625736e-05,0.0002824894441782,0.0063103450809862,0.412,0.369688475931219,0.4556534079900142,0.002,0.0005385739451972,2.868426355369561e-05,-0.0101068065182592,0.0030284468816312,6.8107881556755964e-09,False,0.6572348254094391,0.6634323416562644,0.41399999999993603
25,0.2,0.05,1.5,50.0,0.1,0.9,1.0,3000,0.2,-0.0013009032492688,beta_known_mean,500,0,-0.0088751792043975,6.140631419454142e-05,0.0089805569363056,0.0,4.336808689942019e-19,0.0076243404615522,0.0,0.0,0.0,-0.0101068065182592,0.0030284468816312,6.8107881556755964e-09,False,0.6572348254094391,0.6634323416562644,0.0
25,0.2,0.05,1.5,50.0,0.1,0.9,1.0,3000,0.3333333333333333,-0.020846920558546,beta_estimated_mean,500,0,0.013885244324539,5.714634687443727e-05,0.0139438013729301,0.0,4.336808689942019e-19,0.0076243404615522,0.0,0.0,0.0,-0.0068970258953131,0.0030284468816312,6.8107881556755964e-09,False,0.6572348254094391,0.6634323416562644,0.0
25,0.2,0.05,1.5,50.0,0.1,0.9,1.0,3000,0.3333333333333333,-0.020846920558546,risk_only,500,0,-5.014885033286341e-05,6.557751973109343e-05,0.0014657489700274,0.0,4.336808689942019e-19,0.0076243404615522,0.0,0.0,0.0,-0.0068970258953131,0.0030284468816312,6.8107881556755964e-09,False,0.6572348254094391,0.6634323416562644,0.0
25,0.2,0.05,1.5,50.0,0.1,0.9,1.0,3000,0.3333333333333333,-0.020846920558546,outcome_based,500,0,0.0002432538918794,0.0002255983799495,0.0050453535401201,0.0,4.336808689942019e-19,0.0076243404615522,0.0,0.0,0.0,-0.0068970258953131,0.0030284468816312,6.8107881556755964e-09,False,0.6572348254094391,0.6634323416562644,0.0
25,0.2,0.05,1.5,50.0,0.1,0.9,1.0,3000,0.3333333333333333,-0.020846920558546,beta_known_mean,500,0,0.0138929069564532,4.587666622974625e-05,0.0139306530099754,0.0,4.336808689942019e-19,0.0076243404615522,0.0,0.0,0.0,-0.0068970258953131,0.0030284468816312,6.8107881556755964e-09,False,0.6572348254094391,0.6634323416562644,0.0
25,0.2,0.05,1.5,50.0,0.1,0.9,1.0,3000,0.5,-0.0048242461919607,beta_estimated_mean,500,0,0.0038181143753035,1.0091863486495089e-05,0.0038247638347362,0.0,4.336808689942019e-19,0.0076243404615522,0.0,0.0,0.0,-0.0009849664903685,0.0030284468816312,6.8107881556755964e-09,False,0.6572348254094391,0.6634323416562644,0.0
25,0.2,0.05,1.5,50.0,0.1,0.9,1.0,3000,0.5,-0.0048242461919607,risk_only,500,0,-1.804069547788201e-05,2.262634851770757e-05,0.000505756204775,0.0,4.336808689942019e-19,0.0076243404615522,0.0,0.0,0.0,-0.0009849664903685,0.0030284468816312,6.8107881556755964e-09,False,0.6572348254094391,0.6634323416562644,0.0
25,0.2,0.05,1.5,50.0,0.1,0.9,1.0,3000,0.5,-0.0048242461919607,outcome_based,500,0,0.000101579525294,0.0001779768135431,0.0039769983320705,0.1,0.0766775627373017,0.1294219096319401,0.022,0.0005885580354192,7.068159857331134e-05,-0.0009849664903685,0.0030284468816312,6.8107881556755964e-09,False,0.6572348254094391,0.6634323416562644,0.12199999999999889
25,0.2,0.05,1.5,50.0,0.1,0.9,1.0,3000,0.5,-0.0048242461919607,beta_known_mean,500,0,0.0038212027546778,9.21694073760777e-06,0.003826745554468,0.0,4.336808689942019e-19,0.0076243404615522,0.0,0.0,0.0,-0.0009849664903685,0.0030284468816312,6.8107881556755964e-09,False,0.6572348254094391,0.6634323416562644,0.0
25,0.2,0.05,1.5,50.0,0.1,0.9,1.0,10000,0.0588235294117647,0.0027238093081188,beta_estimated_mean,500,0,-0.0036133854288093,6.697239443967982e-05,0.0039108464255205,0.72,0.6790813332381924,0.7575639569587245,0.0,0.0019611427018455,5.474843266639887e-05,-0.000927833078047,0.0030284468816312,6.8107881556755964e-09,True,0.6572348254094391,0.6634323416562644,0.7199999999999869
25,0.2,0.05,1.5,50.0,0.1,0.9,1.0,10000,0.0588235294117647,0.0027238093081188,risk_only,500,0,4.188309581509087e-05,6.560732914858989e-05,0.0014661550706125,0.024,0.0137813146554969,0.0414770574639007,0.0,6.537142339485258e-05,1.8661947208414175e-05,-0.000927833078047,0.0030284468816312,6.8107881556755964e-09,True,0.6572348254094391,0.6634323416562644,0.024000000000000507
25,0.2,0.05,1.5,50.0,0.1,0.9,1.0,10000,0.0588235294117647,0.0027238093081188,outcome_based,500,0,-1.9021808122366035e-05,3.173175163083257e-05,0.0007090888208843,0.0,4.336808689942019e-19,0.0076243404615522,0.0,0.0,0.0,-0.000927833078047,0.0030284468816312,6.8107881556755964e-09,True,0.6572348254094391,0.6634323416562644,0.0
25,0.2,0.05,1.5,50.0,0.1,0.9,1.0,10000,0.0588235294117647,0.0027238093081188,beta_known_mean,500,0,-0.0036537979507447,3.744211034696032e-06,0.0036547551222875,1.0,0.992375659538448,1.0,0.0,0.0027238093081188,1.941422201108567e-20,-0.000927833078047,0.0030284468816312,6.8107881556755964e-09,True,0.6572348254094391,0.6634323416562644,1.0
25,0.2,0.05,1.5,50.0,0.1,0.9,1.0,10000,0.1111111111111111,0.0097789782740657,beta_estimated_mean,500,0,-0.0142135045392425,6.759182501891826e-05,0.0142934764853395,1.0,0.992375659538448,1.0,0.0,0.0097789782740657,7.765688804434268e-20,-0.0044700500376416,0.0030284468816312,6.8107881556755964e-09,True,0.6572348254094391,0.6634323416562644,1.0
25,0.2,0.05,1.5,50.0,0.1,0.9,1.0,10000,0.1111111111111111,0.0097789782740657,risk_only,500,0,4.655481337339687e-05,6.425614621015793e-05,0.0014361283581954,0.0,4.336808689942019e-19,0.0076243404615522,0.0,0.0,0.0,-0.0044700500376416,0.0030284468816312,6.8107881556755964e-09,True,0.6572348254094391,0.6634323416562644,0.0
25,0.2,0.05,1.5,50.0,0.1,0.9,1.0,10000,0.1111111111111111,0.0097789782740657,outcome_based,500,0,1.8371725933448435e-05,6.845756957901665e-05,0.0015293366201768,0.0,4.336808689942019e-19,0.0076243404615522,0.0,0.0,0.0,-0.0044700500376416,0.0030284468816312,6.8107881556755964e-09,True,0.6572348254094391,0.6634323416562644,0.0
25,0.2,0.05,1.5,50.0,0.1,0.9,1.0,10000,0.1111111111111111,0.0097789782740657,beta_known_mean,500,0,-0.01425147207995,1.494716668490967e-05,0.0142553829104572,1.0,0.992375659538448,1.0,0.0,0.0097789782740657,7.765688804434268e-20,-0.0044700500376416,0.0030284468816312,6.8107881556755964e-09,True,0.6572348254094391,0.6634323416562644,1.0
25,0.2,0.05,1.5,50.0,0.1,0.9,1.0,10000,0.2,-0.0013009032492688,beta_estimated_mean,500,0,-0.00878412690544,5.807294132935104e-05,0.0088794001082101,0.0,4.336808689942019e-19,0.0076243404615522,0.0,0.0,0.0,-0.0101068065182592,0.0030284468816312,6.8107881556755964e-09,False,0.6572348254094391,0.6634323416562644,0.0
25,0.2,0.05,1.5,50.0,0.1,0.9,1.0,10000,0.2,-0.0013009032492688,risk_only,500,0,3.020178670436005e-05,5.438381823162907e-05,0.0012152178368342,0.172,0.1414541198436514,0.2075474474991268,0.0,0.0002237553588742,2.1977288913962077e-05,-0.0101068065182592,0.0030284468816312,6.8107881556755964e-09,False,0.6572348254094391,0.6634323416562644,0.17199999999997417
25,0.2,0.05,1.5,50.0,0.1,0.9,1.0,10000,0.2,-0.0013009032492688,outcome_based,500,0,9.340324927067382e-05,0.0001621514838273,0.0036233938396172,0.354,0.3133423051969017,0.3968840022178716,0.002,0.0004631215567397,2.788448695115777e-05,-0.0101068065182592,0.0030284468816312,6.8107881556755964e-09,False,0.6572348254094391,0.6634323416562644,0.35600000000000553
25,0.2,0.05,1.5,50.0,0.1,0.9,1.0,10000,0.2,-0.0013009032492688,beta_known_mean,500,0,-0.0088057332327647,3.152794080371417e-05,0.0088338524597837,0.0,4.336808689942019e-19,0.0076243404615522,0.0,0.0,0.0,-0.0101068065182592,0.0030284468816312,6.8107881556755964e-09,False,0.6572348254094391,0.6634323416562644,0.0
25,0.2,0.05,1.5,50.0,0.1,0.9,1.0,10000,0.3333333333333333,-0.020846920558546,beta_estimated_mean,500,0,0.0139464784898907,2.9907978424648332e-05,0.013962471535102,0.0,4.336808689942019e-19,0.0076243404615522,0.0,0.0,0.0,-0.0068970258953131,0.0030284468816312,6.8107881556755964e-09,False,0.6572348254094391,0.6634323416562644,0.0
25,0.2,0.05,1.5,50.0,0.1,0.9,1.0,10000,0.3333333333333333,-0.020846920558546,risk_only,500,0,-1.6252508245483785e-05,3.478711938734032e-05,0.0007772553235478,0.0,4.336808689942019e-19,0.0076243404615522,0.0,0.0,0.0,-0.0068970258953131,0.0030284468816312,6.8107881556755964e-09,False,0.6572348254094391,0.6634323416562644,0.0
25,0.2,0.05,1.5,50.0,0.1,0.9,1.0,10000,0.3333333333333333,-0.020846920558546,outcome_based,500,0,4.872055854606847e-05,0.0001287902456506,0.0028773686682148,0.0,4.336808689942019e-19,0.0076243404615522,0.0,0.0,0.0,-0.0068970258953131,0.0030284468816312,6.8107881556755964e-09,False,0.6572348254094391,0.6634323416562644,0.0
25,0.2,0.05,1.5,50.0,0.1,0.9,1.0,10000,0.3333333333333333,-0.020846920558546,beta_known_mean,500,0,0.0139443710468001,2.3742063904582944e-05,0.0139544531603522,0.0,4.336808689942019e-19,0.0076243404615522,0.0,0.0,0.0,-0.0068970258953131,0.0030284468816312,6.8107881556755964e-09,False,0.6572348254094391,0.6634323416562644,0.0
25,0.2,0.05,1.5,50.0,0.1,0.9,1.0,10000,0.5,-0.0048242461919607,beta_estimated_mean,500,0,0.0038341549082685,5.271072138926167e-06,0.0038359624838031,0.0,4.336808689942019e-19,0.0076243404615522,0.0,0.0,0.0,-0.0009849664903685,0.0030284468816312,6.8107881556755964e-09,False,0.6572348254094391,0.6634323416562644,0.0
25,0.2,0.05,1.5,50.0,0.1,0.9,1.0,10000,0.5,-0.0048242461919607,risk_only,500,0,-1.04210870982018e-05,1.257790721082417e-05,0.0002811623556035,0.0,4.336808689942019e-19,0.0076243404615522,0.0,0.0,0.0,-0.0009849664903685,0.0030284468816312,6.8107881556755964e-09,False,0.6572348254094391,0.6634323416562644,0.0
25,0.2,0.05,1.5,50.0,0.1,0.9,1.0,10000,0.5,-0.0048242461919607,outcome_based,500,0,6.104619196072673e-05,9.769780571990845e-05,0.0021832572907362,0.014,0.0067977897908434,0.0286130691377852,0.002,7.718793907137163e-05,2.709796830311942e-05,-0.0009849664903685,0.0030284468816312,6.8107881556755964e-09,False,0.6572348254094391,0.6634323416562644,0.01600000000000009
25,0.2,0.05,1.5,50.0,0.1,0.9,1.0,10000,0.5,-0.0048242461919607,beta_known_mean,500,0,0.0038346053178887,4.820777469575005e-06,0.0038361171321781,0.0,4.336808689942019e-19,0.0076243404615522,0.0,0.0,0.0,-0.0009849664903685,0.0030284468816312,6.8107881556755964e-09,False,0.6572348254094391,0.6634323416562644,0.0
26,0.2,0.05,1.5,50.0,0.5,0.1,0.5,500,0.0588235294117647,-0.0035805841352521,beta_estimated_mean,500,0,0.0026173725855255,0.0002959308804122,0.0071098950172464,0.448,0.4049726694186174,0.4918202619893841,0.0,0.0016041016925929,7.970988014848841e-05,-0.000927833078047,2.7297064523645886e-05,0.0106508621924177,False,0.6578455628183637,0.6942837011781271,0.44799999999998863
26,0.2,0.05,1.5,50.0,0.5,0.1,0.5,500,0.0588235294117647,-0.0035805841352521,risk_only,500,0,-4.980559252562799e-06,0.0002949609507176,0.0065889304190938,0.292,0.2538524938356277,0.3333192317963781,0.0,0.0010455305674936,7.288055392855178e-05,-0.000927833078047,2.7297064523645886e-05,0.0106508621924177,False,0.6578455628183637,0.6942837011781271,0.2919999999999964
26,0.2,0.05,1.5,50.0,0.5,0.1,0.5,500,0.0588235294117647,-0.0035805841352521,outcome_based,500,0,0.0001510841352519,0.0001558790590878,0.00348535058006,0.144,0.1159380741103497,0.1774904562982754,0.006,0.0005370876202878,5.723460667774427e-05,-0.000927833078047,2.7297064523645886e-05,0.0106508621924177,False,0.6578455628183637,0.6942837011781271,0.1499999999999958
26,0.2,0.05,1.5,50.0,0.5,0.1,0.5,500,0.0588235294117647,-0.0035805841352521,beta_known_mean,500,0,0.0026553872267578,1.004307184335304e-05,0.0026648474828331,0.0,4.336808689942019e-19,0.0076243404615522,0.0,0.0,0.0,-0.000927833078047,2.7297064523645886e-05,0.0106508621924177,False,0.6578455628183637,0.6942837011781271,0.0
26,0.2,0.05,1.5,50.0,0.5,0.1,0.5,500,0.1111111111111111,-0.01016446504832,beta_estimated_mean,500,0,0.0056661607006235,0.0002787304704603,0.0084186117615462,0.252,0.2159338483813718,0.2918478244875581,0.0,0.0025614451921766,0.0001975537706491,-0.0044700500376416,2.7297064523645886e-05,0.0106508621924177,False,0.6578455628183637,0.6942837011781271,0.25199999999999606
26,0.2,0.05,1.5,50.0,0.5,0.1,0.5,500,0.1111111111111111,-0.01016446504832,risk_only,500,0,-1.5543761468879813e-05,0.0002823442387677,0.0063071116941146,0.038,0.0244601180558303,0.0585847725306438,0.0,0.0003862496718361,8.699886531301368e-05,-0.0044700500376416,2.7297064523645886e-05,0.0106508621924177,False,0.6578455628183637,0.6942837011781271,0.0379999999999941
26,0.2,0.05,1.5,50.0,0.5,0.1,0.5,500,0.1111111111111111,-0.01016446504832,outcome_based,500,0,6.596504832014832e-05,0.0003688121341286,0.0082389030906788,0.114,0.0890369009940028,0.1448490898423155,0.006,0.0012197358057984,0.0001478652810609,-0.0044700500376416,2.7297064523645886e-05,0.0106508621924177,False,0.6578455628183637,0.6942837011781271,0.12
26,0.2,0.05,1.5,50.0,0.5,0.1,0.5,500,0.1111111111111111,-0.01016446504832,beta_known_mean,500,0,0.0057127126239615,4.311919800448868e-05,0.0057933460864174,0.0,4.336808689942019e-19,0.0076243404615522,0.0,0.0,0.0,-0.0044700500376416,2.7297064523645886e-05,0.0106508621924177,False,0.6578455628183637,0.6942837011781271,0.0
26,0.2,0.05,1.5,50.0,0.5,0.1,0.5,500,0.2,-0.0099074024586185,beta_estimated_mean,500,0,-0.0002026545251593,0.000204794058298,0.0045792391734153,0.012,0.0055109951740277,0.0259303611164472,0.0,0.0001188888295034,4.829238205158254e-05,-0.0101068065182592,2.7297064523645886e-05,0.0106508621924177,False,0.6578455628183637,0.6942837011781271,0.01199999999999778
26,0.2,0.05,1.5,50.0,0.5,0.1,0.5,500,0.2,-0.0099074024586185,risk_only,500,0,2.490715514457349e-05,0.0002144805153907,0.0047911965328123,0.02,0.0108991835962108,0.0364201832468793,0.0,0.0001981480491723,6.209227440980678e-05,-0.0101068065182592,2.7297064523645886e-05,0.0106508621924177,False,0.6578455628183637,0.6942837011781271,0.019999999999992937
26,0.2,0.05,1.5,50.0,0.5,0.1,0.5,500,0.2,-0.0099074024586185,outcome_based,500,0,0.0001834024586184,0.0006578747954535,0.0146969541219202,0.238,0.2027590191807921,0.2772361352210613,0.01,0.0024570358097373,0.000191533300798,-0.0101068065182592,2.7297064523645886e-05,0.0106508621924177,False,0.6578455628183637,0.6942837011781271,0.24799999999999112
26,0.2,0.05,1.5,50.0,0.5,0.1,0.5,500,0.2,-0.0099074024586185,beta_known_mean,500,0,-0.0001700234338178,9.557797833527732e-05,0.0021418094661836,0.0,4.336808689942019e-19,0.0076243404615522,0.0,0.0,0.0,-0.0101068065182592,2.7297064523645886e-05,0.0106508621924177,False,0.6578455628183637,0.6942837011781271,0.0
26,0.2,0.05,1.5,50.0,0.5,0.1,0.5,500,0.3333333333333333,-0.0031138498560049,beta_estimated_mean,500,0,-0.0037706022042393,8.383986354863033e-05,0.0042101037065399,0.0,4.336808689942019e-19,0.0076243404615522,0.0,0.0,0.0,-0.0068970258953131,2.7297064523645886e-05,0.0106508621924177,False,0.6578455628183637,0.6942837011781271,0.0
26,0.2,0.05,1.5,50.0,0.5,0.1,0.5,500,0.3333333333333333,-0.0031138498560049,risk_only,500,0,-4.046107179581442e-05,9.038005130448976e-05,0.0020193428093214,0.06,0.0423483564809462,0.0843610631252197,0.0,0.0001868309913602,3.310449346234598e-05,-0.0068970258953131,2.7297064523645886e-05,0.0106508621924177,False,0.6578455628183637,0.6942837011781271,0.05999999999996982
26,0.2,0.05,1.5,50.0,0.5,0.1,0.5,500,0.3333333333333333,-0.0031138498560049,outcome_based,500,0,-0.000206150143995,0.0005937105223665,0.0132640905410762,0.37,0.3288222637742394,0.4131600647457642,0.03,0.0012455399424019,6.828935580739793e-05,-0.0068970258953131,2.7297064523645886e-05,0.0106508621924177,False,0.6578455628183637,0.6942837011781271,0.3999999999999807
26,0.2,0.05,1.5,50.0,0.5,0.1,0.5,500,0.3333333333333333,-0.0031138498560049,beta_known_mean,500,0,-0.0037545268855973,6.743395117561457e-05,0.0040454410986293,0.0,4.336808689942019e-19,0.0076243404615522,0.0,0.0,0.0,-0.0068970258953131,2.7297064523645886e-05,0.0106508621924177,False,0.6578455628183637,0.6942837011781271,0.0
26,0.2,0.05,1.5,50.0,0.5,0.1,0.5,500,0.5,-0.0004896123400227,beta_estimated_mean,500,0,-0.0005035684027852,1.329103509116759e-05,0.0005845770193629,0.0,4.336808689942019e-19,0.0076243404615522,0.0,0.0,0.0,-0.0009849664903685,2.7297064523645886e-05,0.0106508621924177,False,0.6578455628183637,0.6942837011781271,0.0
26,0.2,0.05,1.5,50.0,0.5,0.1,0.5,500,0.5,-0.0004896123400227,risk_only,500,0,1.4255662385241546e-05,2.210823934136154e-05,0.0004940663650267,0.138,0.1105180088988837,0.1710020135952801,0.026,8.029642376373885e-05,8.115721681229295e-06,-0.0009849664903685,2.7297064523645886e-05,0.0106508621924177,False,0.6578455628183637,0.6942837011781271,0.16400000000003276
26,0.2,0.05,1.5,50.0,0.5,0.1,0.5,500,0.5,-0.0004896123400227,outcome_based,500,0,0.0001776123400227,0.0001645949421761,0.0036810599211814,0.35,0.3094801731446609,0.3928071289938047,0.23,0.0002839751572132,1.0817844246556345e-05,-0.0009849664903685,2.7297064523645886e-05,0.0106508621924177,False,0.6578455628183637,0.6942837011781271,0.5800000000000693
26,0.2,0.05,1.5,50.0,0.5,0.1,0.5,500,0.5,-0.0004896123400227,beta_known_mean,500,0,-0.0004996086268925,1.2648858853344956e-05,0.0005739735199302,0.0,4.336808689942019e-19,0.0076243404615522,0.0,0.0,0.0,-0.0009849664903685,2.7297064523645886e-05,0.0106508621924177,False,0.6578455628183637,0.6942837011781271,0.0
26,0.2,0.05,1.5,50.0,0.5,0.1,0.5,3000,0.0588235294117647,-0.0035805841352521,beta_estimated_mean,500,0,0.002421448031993,0.0001137649176262,0.0035102273938323,0.31,0.2710389112735686,0.3518583381018213,0.0,0.0011099810819281,7.41325608179975e-05,-0.000927833078047,2.7297064523645886e-05,0.0106508621924177,False,0.6578455628183637,0.6942837011781271,0.3099999999999858
26,0.2,0.05,1.5,50.0,0.5,0.1,0.5,3000,0.0588235294117647,-0.0035805841352521,risk_only,500,0,-0.0002297513733694,0.0001129374865921,0.0025332723415702,0.062,0.0440192091426815,0.0866597131016382,0.0,0.0002219962163856,3.865457246845687e-05,-0.000927833078047,2.7297064523645886e-05,0.0106508621924177,False,0.6578455628183637,0.6942837011781271,0.06199999999999157
26,0.2,0.05,1.5,50.0,0.5,0.1,0.5,3000,0.0588235294117647,-0.0035805841352521,outcome_based,500,0,-2.8499198081533617e-05,6.291454251502864e-05,0.0014056933501191,0.0,4.336808689942019e-19,0.0076243404615522,0.0,0.0,0.0,-0.000927833078047,2.7297064523645886e-05,0.0106508621924177,False,0.6578455628183637,0.6942837011781271,0.0
26,0.2,0.05,1.5,50.0,0.5,0.1,0.5,3000,0.0588235294117647,-0.0035805841352521,beta_known_mean,500,0,0.0026541325105783,3.824520603860111e-06,0.0026555071522546,0.0,4.336808689942019e-19,0.0076243404615522,0.0,0.0,0.0,-0.000927833078047,2.7297064523645886e-05,0.0106508621924177,False,0.6578455628183637,0.6942837011781271,0.0
26,0.2,0.05,1.5,50.0,0.5,0.1,0.5,3000,0.1111111111111111,-0.01016446504832,beta_estimated_mean,500,0,0.0054863301055921,0.0001078648407274,0.005992127763678,0.024,0.0137813146554969,0.0414770574639007,0.0,0.0002439471611596,6.964096552872272e-05,-0.0044700500376416,2.7297064523645886e-05,0.0106508621924177,False,0.6578455628183637,0.6942837011781271,0.02399999999999213
26,0.2,0.05,1.5,50.0,0.5,0.1,0.5,3000,0.1111111111111111,-0.01016446504832,risk_only,500,0,-0.0001973525185413,0.000109296727238,0.0024494671939961,0.0,4.336808689942019e-19,0.0076243404615522,0.0,0.0,0.0,-0.0044700500376416,2.7297064523645886e-05,0.0106508621924177,False,0.6578455628183637,0.6942837011781271,0.0
26,0.2,0.05,1.5,50.0,0.5,0.1,0.5,3000,0.1111111111111111,-0.01016446504832,outcome_based,500,0,-6.451618348508937e-06,0.0001430618603187,0.0031957663973511,0.0,4.336808689942019e-19,0.0076243404615522,0.0,0.0,0.0,-0.0044700500376416,2.7297064523645886e-05,0.0106508621924177,False,0.6578455628183637,0.6942837011781271,0.0
26,0.2,0.05,1.5,50.0,0.5,0.1,0.5,3000,0.1111111111111111,-0.01016446504832,beta_known_mean,500,0,0.0057005839907626,1.688689265248702e-05,0.005713051394861,0.0,4.336808689942019e-19,0.0076243404615522,0.0,0.0,0.0,-0.0044700500376416,2.7297064523645886e-05,0.0106508621924177,False,0.6578455628183637,0.6942837011781271,0.0
26,0.2,0.05,1.5,50.0,0.5,0.1,0.5,3000,0.2,-0.0099074024586185,beta_estimated_mean,500,0,-0.000318267245816,8.097013121452693e-05,0.0018365236050917,0.0,4.336808689942019e-19,0.0076243404615522,0.0,0.0,0.0,-0.0101068065182592,2.7297064523645886e-05,0.0106508621924177,False,0.6578455628183637,0.6942837011781271,0.0
26,0.2,0.05,1.5,50.0,0.5,0.1,0.5,3000,0.2,-0.0099074024586185,risk_only,500,0,-0.0001292401375045,8.4507860328576e-05,0.0018921814562409,0.0,4.336808689942019e-19,0.0076243404615522,0.0,0.0,0.0,-0.0101068065182592,2.7297064523645886e-05,0.0106508621924177,False,0.6578455628183637,0.6942837011781271,0.0
26,0.2,0.05,1.5,50.0,0.5,0.1,0.5,3000,0.2,-0.0099074024586185,outcome_based,500,0,0.0005002357919515,0.0002708708802913,0.006071439838182,0.064,0.0456960160447894,0.0889524088376841,0.0,0.0006340737573515,0.0001085519036087,-0.0101068065182592,2.7297064523645886e-05,0.0106508621924177,False,0.6578455628183637,0.6942837011781271,0.06399999999999152
26,0.2,0.05,1.5,50.0,0.5,0.1,0.5,3000,0.2,-0.0099074024586185,beta_known_mean,500,0,-0.0001885941365311,3.78899393102502e-05,0.0008671538798276,0.0,4.336808689942019e-19,0.0076243404615522,0.0,0.0,0.0,-0.0101068065182592,2.7297064523645886e-05,0.0106508621924177,False,0.6578455628183637,0.6942837011781271,0.0
26,0.2,0.05,1.5,50.0,0.5,0.1,0.5,3000,0.3333333333333333,-0.0031138498560049,beta_estimated_mean,500,0,-0.0038035920924095,3.346524347382563e-05,0.0038763583610523,0.0,4.336808689942019e-19,0.0076243404615522,0.0,0.0,0.0,-0.0068970258953131,2.7297064523645886e-05,0.0106508621924177,False,0.6578455628183637,0.6942837011781271,0.0
26,0.2,0.05,1.5,50.0,0.5,0.1,0.5,3000,0.3333333333333333,-0.0031138498560049,risk_only,500,0,-3.1625113305484315e-05,3.655098578739017e-05,0.0008170994151537,0.0,4.336808689942019e-19,0.0076243404615522,0.0,0.0,0.0,-0.0068970258953131,2.7297064523645886e-05,0.0106508621924177,False,0.6578455628183637,0.6942837011781271,0.0
26,0.2,0.05,1.5,50.0,0.5,0.1,0.5,3000,0.3333333333333333,-0.0031138498560049,outcome_based,500,0,-0.0001544834773283,0.0002332509994064,0.0052127222713377,0.268,0.231053973436348,0.3084837205378122,0.008,0.0008594225602573,6.231193232979001e-05,-0.0068970258953131,2.7297064523645886e-05,0.0106508621924177,False,0.6578455628183637,0.6942837011781271,0.27599999999998315
26,0.2,0.05,1.5,50.0,0.5,0.1,0.5,3000,0.3333333333333333,-0.0031138498560049,beta_known_mean,500,0,-0.0037732608833154,2.6282022450153803e-05,0.0038186619778254,0.0,4.336808689942019e-19,0.0076243404615522,0.0,0.0,0.0,-0.0068970258953131,2.7297064523645886e-05,0.0106508621924177,False,0.6578455628183637,0.6942837011781271,0.0
26,0.2,0.05,1.5,50.0,0.5,0.1,0.5,3000,0.5,-0.0004896123400227,beta_estimated_mean,500,0,-0.0004967259759745,5.0315715133895984e-06,0.0005092835501399,0.0,4.336808689942019e-19,0.0076243404615522,0.0,0.0,0.0,-0.0009849664903685,2.7297064523645886e-05,0.0106508621924177,False,0.6578455628183637,0.6942837011781271,0.0
26,0.2,0.05,1.5,50.0,0.5,0.1,0.5,3000,0.5,-0.0004896123400227,risk_only,500,0,1.422333822624139e-05,8.505652826109678e-06,0.0001905335199366,0.002,0.0003531363945592,0.0112407067051467,0.0,9.792246800455958e-07,9.792246800455956e-07,-0.0009849664903685,2.7297064523645886e-05,0.0106508621924177,False,0.6578455628183637,0.6942837011781271,0.0020000000000004
26,0.2,0.05,1.5,50.0,0.5,0.1,0.5,3000,0.5,-0.0004896123400227,outcome_based,500,0,-1.7054326643868695e-05,6.611259398556627e-05,0.0014769419476485,0.336,0.2959880078270491,0.37851277584434,0.084,0.0002056371828095,1.081784424655634e-05,-0.0009849664903685,2.7297064523645886e-05,0.0106508621924177,False,0.6578455628183637,0.6942837011781271,0.41999999999993054
26,0.2,0.05,1.5,50.0,0.5,0.1,0.5,3000,0.5,-0.0004896123400227,beta_known_mean,500,0,-0.0004946631756522,4.701520450889985e-06,0.0005056893318302,0.0,4.336808689942019e-19,0.0076243404615522,0.0,0.0,0.0,-0.0009849664903685,2.7297064523645886e-05,0.0106508621924177,False,0.6578455628183637,0.6942837011781271,0.0
26,0.2,0.05,1.5,50.0,0.5,0.1,0.5,10000,0.0588235294117647,-0.0035805841352521,beta_estimated_mean,500,0,0.0027353172218709,6.161335645374381e-05,0.0030620690627937,0.254,0.2178202549151866,0.2939309205918972,0.0,0.000909468370354,6.977339935802008e-05,-0.000927833078047,2.7297064523645886e-05,0.0106508621924177,False,0.6578455628183637,0.6942837011781271,0.2539999999999907
26,0.2,0.05,1.5,50.0,0.5,0.1,0.5,10000,0.0588235294117647,-0.0035805841352521,risk_only,500,0,8.036972401293746e-05,6.112424302356952e-05,0.0013677754428468,0.012,0.0055109951740277,0.0259303611164472,0.0,4.296700962302602e-05,1.7453105165523287e-05,-0.000927833078047,2.7297064523645886e-05,0.0106508621924177,False,0.6578455628183637,0.6942837011781271,0.01200000000000023
26,0.2,0.05,1.5,50.0,0.5,0.1,0.5,10000,0.0588235294117647,-0.0035805841352521,outcome_based,500,0,-2.3540864744263255e-05,3.5518331675634224e-05,0.0007937685827355,0.0,4.336808689942019e-19,0.0076243404615522,0.0,0.0,0.0,-0.000927833078047,2.7297064523645886e-05,0.0106508621924177,False,0.6578455628183637,0.6942837011781271,0.0
26,0.2,0.05,1.5,50.0,0.5,0.1,0.5,10000,0.0588235294117647,-0.0035805841352521,beta_known_mean,500,0,0.0026523877702838,2.176225805097745e-06,0.0026528332264524,0.0,4.336808689942019e-19,0.0076243404615522,0.0,0.0,0.0,-0.000927833078047,2.7297064523645886e-05,0.0106508621924177,False,0.6578455628183637,0.6942837011781271,0.0
26,0.2,0.05,1.5,50.0,0.5,0.1,0.5,10000,0.1111111111111111,-0.01016446504832,beta_estimated_mean,500,0,0.0057661911917933,5.818624777301684e-05,0.0059108709117893,0.0,4.336808689942019e-19,0.0076243404615522,0.0,0.0,0.0,-0.0044700500376416,2.7297064523645886e-05,0.0106508621924177,False,0.6578455628183637,0.6942837011781271,0.0
26,0.2,0.05,1.5,50.0,0.5,0.1,0.5,10000,0.1111111111111111,-0.01016446504832,risk_only,500,0,6.352828122037127e-05,5.87443817533498e-05,0.0013137869438835,0.0,4.336808689942019e-19,0.0076243404615522,0.0,0.0,0.0,-0.0044700500376416,2.7297064523645886e-05,0.0106508621924177,False,0.6578455628183637,0.6942837011781271,0.0
26,0.2,0.05,1.5,50.0,0.5,0.1,0.5,10000,0.1111111111111111,-0.01016446504832,outcome_based,500,0,-9.859951679097034e-06,8.10341844028454e-05,0.0018101934152245,0.0,4.336808689942019e-19,0.0076243404615522,0.0,0.0,0.0,-0.0044700500376416,2.7297064523645886e-05,0.0106508621924177,False,0.6578455628183637,0.6942837011781271,0.0
26,0.2,0.05,1.5,50.0,0.5,0.1,0.5,10000,0.1111111111111111,-0.01016446504832,beta_known_mean,500,0,0.0056923356119157,9.3797590834014e-06,0.0056961905409699,0.0,4.336808689942019e-19,0.0076243404615522,0.0,0.0,0.0,-0.0044700500376416,2.7297064523645886e-05,0.0106508621924177,False,0.6578455628183637,0.6942837011781271,0.0
26,0.2,0.05,1.5,50.0,0.5,0.1,0.5,10000,0.2,-0.0099074024586185,beta_estimated_mean,500,0,-0.0001600245078299,4.325983239482772e-05,0.0009795116024946,0.0,4.336808689942019e-19,0.0076243404615522,0.0,0.0,0.0,-0.0101068065182592,2.7297064523645886e-05,0.0106508621924177,False,0.6578455628183637,0.6942837011781271,0.0
26,0.2,0.05,1.5,50.0,0.5,0.1,0.5,10000,0.2,-0.0099074024586185,risk_only,500,0,3.823448318319394e-05,4.588035160150356e-05,0.0010256023598744,0.0,4.336808689942019e-19,0.0076243404615522,0.0,0.0,0.0,-0.0101068065182592,2.7297064523645886e-05,0.0106508621924177,False,0.6578455628183637,0.6942837011781271,0.0
26,0.2,0.05,1.5,50.0,0.5,0.1,0.5,10000,0.2,-0.0099074024586185,outcome_based,500,0,0.0002068524586174,0.000139839665901,0.0031306227634668,0.0,4.336808689942019e-19,0.0076243404615522,0.0,0.0,0.0,-0.0101068065182592,2.7297064523645886e-05,0.0106508621924177,False,0.6578455628183637,0.6942837011781271,0.0
26,0.2,0.05,1.5,50.0,0.5,0.1,0.5,10000,0.2,-0.0099074024586185,beta_known_mean,500,0,-0.0002053453976436,2.0789469181477226e-05,0.0005077750926624,0.0,4.336808689942019e-19,0.0076243404615522,0.0,0.0,0.0,-0.0101068065182592,2.7297064523645886e-05,0.0106508621924177,False,0.6578455628183637,0.6942837011781271,0.0
26,0.2,0.05,1.5,50.0,0.5,0.1,0.5,10000,0.3333333333333333,-0.0031138498560049,beta_estimated_mean,500,0,-0.0037746040067294,1.799919963584301e-05,0.0037959579858312,0.0,4.336808689942019e-19,0.0076243404615522,0.0,0.0,0.0,-0.0068970258953131,2.7297064523645886e-05,0.0106508621924177,False,0.6578455628183637,0.6942837011781271,0.0
26,0.2,0.05,1.5,50.0,0.5,0.1,0.5,10000,0.3333333333333333,-0.0031138498560049,risk_only,500,0,1.2924645150503748e-05,1.925862447513874e-05,0.0004303991870029,0.0,4.336808689942019e-19,0.0076243404615522,0.0,0.0,0.0,-0.0068970258953131,2.7297064523645886e-05,0.0106508621924177,False,0.6578455628183637,0.6942837011781271,0.0
26,0.2,0.05,1.5,50.0,0.5,0.1,0.5,10000,0.3333333333333333,-0.0031138498560049,outcome_based,500,0,0.000157149856005,0.0001281572032993,0.0028671250735261,0.146,0.1177487668264692,0.1796492662203097,0.002,0.0004608497786887,4.949918520194112e-05,-0.0068970258953131,2.7297064523645886e-05,0.0106508621924177,False,0.6578455628183637,0.6942837011781271,0.14799999999999192
26,0.2,0.05,1.5,50.0,0.5,0.1,0.5,10000,0.3333333333333333,-0.0031138498560049,beta_known_mean,500,0,-0.0037862076857059,1.4663181705415315e-05,0.0038003497311778,0.0,4.336808689942019e-19,0.0076243404615522,0.0,0.0,0.0,-0.0068970258953131,2.7297064523645886e-05,0.0106508621924177,False,0.6578455628183637,0.6942837011781271,0.0
26,0.2,0.05,1.5,50.0,0.5,0.1,0.5,10000,0.5,-0.0004896123400227,beta_estimated_mean,500,0,-0.0004953208129104,2.829521215329564e-06,0.0004993373575709,0.0,4.336808689942019e-19,0.0076243404615522,0.0,0.0,0.0,-0.0009849664903685,2.7297064523645886e-05,0.0106508621924177,False,0.6578455628183637,0.6942837011781271,0.0
26,0.2,0.05,1.5,50.0,0.5,0.1,0.5,10000,0.5,-0.0004896123400227,risk_only,500,0,-3.2728327515680907e-06,4.75491583404138e-06,0.0001062671845116,0.0,4.336808689942019e-19,0.0076243404615522,0.0,0.0,0.0,-0.0009849664903685,2.7297064523645886e-05,0.0106508621924177,False,0.6578455628183637,0.6942837011781271,0.0
26,0.2,0.05,1.5,50.0,0.5,0.1,0.5,10000,0.5,-0.0004896123400227,outcome_based,500,0,9.761234002279796e-05,3.833759959995112e-05,0.0008619420913986,0.312,0.2729529487252849,0.3539138032882587,0.042,0.000173322768368,1.0481416340710434e-05,-0.0009849664903685,2.7297064523645886e-05,0.0106508621924177,False,0.6578455628183637,0.6942837011781271,0.3539999999999269
26,0.2,0.05,1.5,50.0,0.5,0.1,0.5,10000,0.5,-0.0004896123400227,beta_known_mean,500,0,-0.0004959838897038,2.713154942558641e-06,0.0004996731556799,0.0,4.336808689942019e-19,0.0076243404615522,0.0,0.0,0.0,-0.0009849664903685,2.7297064523645886e-05,0.0106508621924177,False,0.6578455628183637,0.6942837011781271,0.0
27,0.2,0.05,1.5,50.0,0.5,0.1,1.0,500,0.0588235294117647,-0.0062333351924572,beta_estimated_mean,500,0,0.0049900452637378,0.000270994534905,0.0078451343309347,0.418,0.3755530480719333,0.4616973437637613,0.0,0.0026055341104471,0.000137632133379,-0.000927833078047,5.429446214844091e-07,0.0201519395872695,False,0.6590826397490445,0.6926600929128244,0.41799999999999843
27,0.2,0.05,1.5,50.0,0.5,0.1,1.0,500,0.0588235294117647,-0.0062333351924572,risk_only,500,0,-0.0003033759675278,0.0002660655447785,0.0059511917430637,0.132,0.1051167238483199,0.1644947907313825,0.0,0.0008228002454043,9.445327843978772e-05,-0.000927833078047,5.429446214844091e-07,0.0201519395872695,False,0.6590826397490445,0.6926600929128244,0.13199999999999193
27,0.2,0.05,1.5,50.0,0.5,0.1,1.0,500,0.0588235294117647,-0.0062333351924572,outcome_based,500,0,5.683519245698915e-05,0.0001894412084074,0.0042321776887438,0.074,0.0541611847510119,0.1003347533222305,0.004,0.0004862001450116,7.483124492733056e-05,-0.000927833078047,5.429446214844091e-07,0.0201519395872695,False,0.6590826397490445,0.6926600929128244,0.07799999999999012
27,0.2,0.05,1.5,50.0,0.5,0.1,1.0,500,0.0588235294117647,-0.0062333351924572,beta_known_mean,500,0,0.0053031964927403,7.888352199368624e-06,0.0053061232425117,0.0,4.336808689942019e-19,0.0076243404615522,0.0,0.0,0.0,-0.000927833078047,5.429446214844091e-07,0.0201519395872695,False,0.6590826397490445,0.6926600929128244,0.0
27,0.2,0.05,1.5,50.0,0.5,0.1,1.0,500,0.1111111111111111,-0.0158588800589984,beta_estimated_mean,500,0,0.0110488652930336,0.0002455675782006,0.0123356734133082,0.188,0.1561799641349665,0.224577624313042,0.0,0.0029814694510917,0.0002773825785138,-0.0044700500376416,5.429446214844091e-07,0.0201519395872695,False,0.6590826397490445,0.6926600929128244,0.18800000000000006
27,0.2,0.05,1.5,50.0,0.5,0.1,1.0,500,0.1111111111111111,-0.0158588800589984,risk_only,500,0,-0.0003503081872623,0.0002442198390404,0.0054666934601053,0.002,0.0003531363945592,0.0112407067051467,0.0,3.1717760117996874e-05,3.171776011799687e-05,-0.0044700500376416,5.429446214844091e-07,0.0201519395872695,False,0.6590826397490445,0.6926600929128244,0.002000000000000005
27,0.2,0.05,1.5,50.0,0.5,0.1,1.0,500,0.1111111111111111,-0.0158588800589984,outcome_based,500,0,9.03800589986344e-05,0.000361953846054,0.0080859415843216,0.02,0.0108991835962108,0.0364201832468793,0.0,0.0003171776011799,9.9391736286935e-05,-0.0044700500376416,5.429446214844091e-07,0.0201519395872695,False,0.6590826397490445,0.6926600929128244,0.019999999999995712
27,0.2,0.05,1.5,50.0,0.5,0.1,1.0,500,0.1111111111111111,-0.0158588800589984,beta_known_mean,500,0,0.0113582537229377,3.483352206137616e-05,0.011384875993614,0.0,4.336808689942019e-19,0.0076243404615522,0.0,0.0,0.0,-0.0044700500376416,5.429446214844091e-07,0.0201519395872695,False,0.6590826397490445,0.6926600929128244,0.0
27,0.2,0.05,1.5,50.0,0.5,0.1,1.0,500,0.2,-0.0097079983989778,beta_estimated_mean,500,0,-0.0006828388244554,0.0001635440535568,0.0037165643986927,0.002,0.0003531363945592,0.0112407067051467,0.0,1.9415996797955663e-05,1.9415996797955663e-05,-0.0101068065182592,5.429446214844091e-07,0.0201519395872695,False,0.6590826397490445,0.6926600929128244,0.0020000000000000065
27,0.2,0.05,1.5,50.0,0.5,0.1,1.0,500,0.2,-0.0097079983989778,risk_only,500,0,-0.0002905570423617,0.0001838536266595,0.0041172441337329,0.01,0.0042787538965904,0.0231930997557307,0.0,9.707998398977833e-05,4.3241128594342174e-05,-0.0101068065182592,5.429446214844091e-07,0.0201519395872695,False,0.6590826397490445,0.6926600929128244,0.010000000000000035
27,0.2,0.05,1.5,50.0,0.5,0.1,1.0,500,0.2,-0.0097079983989778,outcome_based,500,0,-0.0002160016010222,0.0006680561698631,0.0149248075596184,0.236,0.2008812954715588,0.2751443562921407,0.01,0.0023881676061485,0.0001871684525316,-0.0101068065182592,5.429446214844091e-07,0.0201519395872695,False,0.6590826397490445,0.6926600929128244,0.24599999999999603
27,0.2,0.05,1.5,50.0,0.5,0.1,1.0,500,0.2,-0.0097079983989778,beta_known_mean,500,0,-0.0005002059528066,7.831357295788153e-05,0.0018195001605464,0.0,4.336808689942019e-19,0.0076243404615522,0.0,0.0,0.0,-0.0101068065182592,5.429446214844091e-07,0.0201519395872695,False,0.6590826397490445,0.6926600929128244,0.0
27,0.2,0.05,1.5,50.0,0.5,0.1,1.0,500,0.3333333333333333,0.0006693261833032,beta_estimated_mean,500,0,-0.00763942600901,5.956844446065451e-05,0.0077544491187507,1.0,0.992375659538448,1.0,0.0,0.0006693261833032,4.8535555027714175e-21,-0.0068970258953131,5.429446214844091e-07,0.0201519395872695,True,0.6590826397490445,0.6926600929128244,1.0
27,0.2,0.05,1.5,50.0,0.5,0.1,1.0,500,0.3333333333333333,0.0006693261833032,risk_only,500,0,-5.719588200304108e-05,5.546540864364561e-05,0.0012403228351382,0.342,0.3017655066658599,0.3846437849199907,0.0,0.0002289095546896,1.4213909353373573e-05,-0.0068970258953131,5.429446214844091e-07,0.0201519395872695,True,0.6590826397490445,0.6926600929128244,0.341999999999859
27,0.2,0.05,1.5,50.0,0.5,0.1,1.0,500,0.3333333333333333,0.0006693261833032,outcome_based,500,0,-1.1326183303201109e-05,0.00060024216222,0.0134083990201078,0.452,0.4089073378092892,0.49582459887502,0.044,0.000302535434853,1.4912382622365736e-05,-0.0068970258953131,5.429446214844091e-07,0.0201519395872695,True,0.6590826397490445,0.6926600929128244,0.4519999999999307
27,0.2,0.05,1.5,50.0,0.5,0.1,1.0,500,0.3333333333333333,0.0006693261833032,beta_known_mean,500,0,-0.0076073363613148,5.419515047188648e-05,0.007703063453405,1.0,0.992375659538448,1.0,0.0,0.0006693261833032,4.8535555027714175e-21,-0.0068970258953131,5.429446214844091e-07,0.0201519395872695,True,0.6590826397490445,0.6926600929128244,1.0
27,0.2,0.05,1.5,50.0,0.5,0.1,1.0,500,0.5,5.741810322944912e-06,beta_estimated_mean,500,0,-0.0009946907877721,9.241669942749088e-06,0.0010158880777333,1.0,0.992375659538448,1.0,0.0,5.7418103229449125e-06,3.79184023654017e-23,-0.0009849664903685,5.429446214844091e-07,0.0201519395872695,True,0.6590826397490445,0.6926600929128244,1.0000000000000002
27,0.2,0.05,1.5,50.0,0.5,0.1,1.0,500,0.5,5.741810322944912e-06,risk_only,500,0,-1.209774109519302e-06,2.104215058384083e-06,4.702016948448079e-05,0.09,0.0679425478891394,0.1183094112893334,0.766,5.167629290650419e-07,7.355979662076173e-08,-0.0009849664903685,5.429446214844091e-07,0.0201519395872695,True,0.6590826397490445,0.6926600929128244,0.08999999999999998
27,0.2,0.05,1.5,50.0,0.5,0.1,1.0,500,0.5,5.741810322944912e-06,outcome_based,500,0,2.6258189677054985e-05,4.598021705822453e-05,0.0010274558348294,0.106,0.0819570502729703,0.1360509300107328,0.772,6.086318942321607e-07,7.912619117117119e-08,-0.0009849664903685,5.429446214844091e-07,0.0201519395872695,True,0.6590826397490445,0.6926600929128244,0.10600000000000001
27,0.2,0.05,1.5,50.0,0.5,0.1,1.0,500,0.5,5.741810322944912e-06,beta_known_mean,500,0,-0.000993498333775,9.73901733040229e-06,0.0010170389963203,1.0,0.992375659538448,1.0,0.0,5.7418103229449125e-06,3.79184023654017e-23,-0.0009849664903685,5.429446214844091e-07,0.0201519395872695,True,0.6590826397490445,0.6926600929128244,1.0000000000000002
27,0.2,0.05,1.5,50.0,0.5,0.1,1.0,3000,0.0588235294117647,-0.0062333351924572,beta_estimated_mean,500,0,0.0053733290082756,0.0001086732201813,0.0058962521278084,0.358,0.317207603401289,0.4009577092897918,0.0,0.0022315339988997,0.0001337763172112,-0.000927833078047,5.429446214844091e-07,0.0201519395872695,False,0.6590826397490445,0.6926600929128244,0.3580000000000036
27,0.2,0.05,1.5,50.0,0.5,0.1,1.0,3000,0.0588235294117647,-0.0062333351924572,risk_only,500,0,6.857628447112823e-05,0.000106427998862,0.0023784102376892,0.006,0.0020425962719602,0.0174902521040533,0.0,3.740001115474368e-05,2.1549590703968927e-05,-0.000927833078047,5.429446214844091e-07,0.0201519395872695,False,0.6590826397490445,0.6926600929128244,0.006000000000000077
27,0.2,0.05,1.5,50.0,0.5,0.1,1.0,3000,0.0588235294117647,-0.0062333351924572,outcome_based,500,0,-2.066480754332861e-05,7.76141090758185e-05,0.001733891013922,0.0,4.336808689942019e-19,0.0076243404615522,0.0,0.0,0.0,-0.000927833078047,5.429446214844091e-07,0.0201519395872695,False,0.6590826397490445,0.6926600929128244,0.0
27,0.2,0.05,1.5,50.0,0.5,0.1,1.0,3000,0.0588235294117647,-0.0062333351924572,beta_known_mean,500,0,0.0053049462655118,3.156125847893797e-06,0.0053054147325182,0.0,4.336808689942019e-19,0.0076243404615522,0.0,0.0,0.0,-0.000927833078047,5.429446214844091e-07,0.0201519395872695,False,0.6590826397490445,0.6926600929128244,0.0
27,0.2,0.05,1.5,50.0,0.5,0.1,1.0,3000,0.1111111111111111,-0.0158588800589984,beta_estimated_mean,500,0,0.0114395544041895,9.784971700081432e-05,0.011646506513022,0.014,0.0067977897908434,0.0286130691377852,0.0,0.0002220243208259,8.341126679952341e-05,-0.0044700500376416,5.429446214844091e-07,0.0201519395872695,False,0.6590826397490445,0.6926600929128244,0.013999999999995108
27,0.2,0.05,1.5,50.0,0.5,0.1,1.0,3000,0.1111111111111111,-0.0158588800589984,risk_only,500,0,7.193776488114792e-05,9.780069226729586e-05,0.0021858860378778,0.0,4.336808689942019e-19,0.0076243404615522,0.0,0.0,0.0,-0.0044700500376416,5.429446214844091e-07,0.0201519395872695,False,0.6590826397490445,0.6926600929128244,0.0
27,0.2,0.05,1.5,50.0,0.5,0.1,1.0,3000,0.1111111111111111,-0.0158588800589984,outcome_based,500,0,-5.786607670947464e-06,0.0001390142087479,0.0031053475894814,0.0,4.336808689942019e-19,0.0076243404615522,0.0,0.0,0.0,-0.0044700500376416,5.429446214844091e-07,0.0201519395872695,False,0.6590826397490445,0.6926600929128244,0.0
27,0.2,0.05,1.5,50.0,0.5,0.1,1.0,3000,0.1111111111111111,-0.0158588800589984,beta_known_mean,500,0,0.0113822678543331,1.3952494521435408e-05,0.011386534279023,0.0,4.336808689942019e-19,0.0076243404615522,0.0,0.0,0.0,-0.0044700500376416,5.429446214844091e-07,0.0201519395872695,False,0.6590826397490445,0.6926600929128244,0.0
27,0.2,0.05,1.5,50.0,0.5,0.1,1.0,3000,0.2,-0.0097079983989778,beta_estimated_mean,500,0,-0.000383204574951,6.417903695648468e-05,0.0014839815328398,0.0,4.336808689942019e-19,0.0076243404615522,0.0,0.0,0.0,-0.0101068065182592,5.429446214844091e-07,0.0201519395872695,False,0.6590826397490445,0.6926600929128244,0.0
27,0.2,0.05,1.5,50.0,0.5,0.1,1.0,3000,0.2,-0.0097079983989778,risk_only,500,0,2.3534391480945997e-05,7.107159623057549e-05,0.0015877936236087,0.0,4.336808689942019e-19,0.0076243404615522,0.0,0.0,0.0,-0.0101068065182592,5.429446214844091e-07,0.0201519395872695,False,0.6590826397490445,0.6926600929128244,0.0
27,0.2,0.05,1.5,50.0,0.5,0.1,1.0,3000,0.2,-0.0097079983989778,outcome_based,500,0,-3.8349343558326805e-06,0.0002731415879044,0.0061015220970813,0.048,0.0324652069413531,0.07042719683589,0.0,0.0004659839231509,9.290059940207948e-05,-0.0101068065182592,5.429446214844091e-07,0.0201519395872695,False,0.6590826397490445,0.6926600929128244,0.04799999999999646
27,0.2,0.05,1.5,50.0,0.5,0.1,1.0,3000,0.2,-0.0097079983989778,beta_known_mean,500,0,-0.0004196156869211,3.1371625507137604e-05,0.0008168124566284,0.0,4.336808689942019e-19,0.0076243404615522,0.0,0.0,0.0,-0.0101068065182592,5.429446214844091e-07,0.0201519395872695,False,0.6590826397490445,0.6926600929128244,0.0
27,0.2,0.05,1.5,50.0,0.5,0.1,1.0,3000,0.3333333333333333,0.0006693261833032,beta_estimated_mean,500,0,-0.0075635358080792,2.3044037013760077e-05,0.0075810326943893,1.0,0.992375659538448,1.0,0.0,0.0006693261833032,4.8535555027714175e-21,-0.0068970258953131,5.429446214844091e-07,0.0201519395872695,True,0.6590826397490445,0.6926600929128244,1.0
27,0.2,0.05,1.5,50.0,0.5,0.1,1.0,3000,0.3333333333333333,0.0006693261833032,risk_only,500,0,-1.05476111545407e-05,2.137149770971468e-05,0.0004775195999798,0.078,0.0575813934761615,0.1048535498733885,0.0,5.220744229764969e-05,8.035266837510194e-06,-0.0068970258953131,5.429446214844091e-07,0.0201519395872695,True,0.6590826397490445,0.6926600929128244,0.07800000000000012
27,0.2,0.05,1.5,50.0,0.5,0.1,1.0,3000,0.3333333333333333,0.0006693261833032,outcome_based,500,0,-7.699284996986844e-05,0.0002279548892428,0.0050927085359639,0.444,0.4010408191814197,0.4878131069502743,0.016,0.0002971808253866,1.4887316536105154e-05,-0.0068970258953131,5.429446214844091e-07,0.0201519395872695,True,0.6590826397490445,0.6926600929128244,0.4439999999999689
27,0.2,0.05,1.5,50.0,0.5,0.1,1.0,3000,0.3333333333333333,0.0006693261833032,beta_known_mean,500,0,-0.0075752895096661,2.170348555233169e-05,0.0075907878877316,1.0,0.992375659538448,1.0,0.0,0.0006693261833032,4.8535555027714175e-21,-0.0068970258953131,5.429446214844091e-07,0.0201519395872695,True,0.6590826397490445,0.6926600929128244,1.0
27,0.2,0.05,1.5,50.0,0.5,0.1,1.0,3000,0.5,5.741810322944912e-06,beta_estimated_mean,500,0,-0.0009902885608711,3.619528104856736e-06,0.0009935838287027,1.0,0.992375659538448,1.0,0.0,5.7418103229449125e-06,3.79184023654017e-23,-0.0009849664903685,5.429446214844091e-07,0.0201519395872695,True,0.6590826397490445,0.6926600929128244,1.0000000000000002
27,0.2,0.05,1.5,50.0,0.5,0.1,1.0,3000,0.5,5.741810322944912e-06,risk_only,500,0,-1.2318050975305958e-06,9.203058466543772e-07,2.059494614316899e-05,0.212,0.1784395042882985,0.2499521158175555,0.292,1.2172637884643211e-06,1.0505811594895181e-07,-0.0009849664903685,5.429446214844091e-07,0.0201519395872695,True,0.6590826397490445,0.6926600929128244,0.21199999999999997
27,0.2,0.05,1.5,50.0,0.5,0.1,1.0,3000,0.5,5.741810322944912e-06,outcome_based,500,0,9.248563437217636e-07,1.6452193856708922e-05,0.0003675153357697,0.266,0.2291604018204711,0.3064077895155354,0.436,1.5273215459033463e-06,1.13576221739306e-07,-0.0009849664903685,5.429446214844091e-07,0.0201519395872695,True,0.6590826397490445,0.6926600929128244,0.26599999999999996
27,0.2,0.05,1.5,50.0,0.5,0.1,1.0,3000,0.5,5.741810322944912e-06,beta_known_mean,500,0,-0.0009912238400649,3.888286617803608e-06,0.0009950220946046,1.0,0.992375659538448,1.0,0.0,5.7418103229449125e-06,3.79184023654017e-23,-0.0009849664903685,5.429446214844091e-07,0.0201519395872695,True,0.6590826397490445,0.6926600929128244,1.0000000000000002
27,0.2,0.05,1.5,50.0,0.5,0.1,1.0,10000,0.0588235294117647,-0.0062333351924572,beta_estimated_mean,500,0,0.0053682366534989,6.280170802445128e-05,0.0055485176379672,0.26,0.2234857231853828,0.3001739602361623,0.0,0.0016206671500388,0.0001223975549743,-0.000927833078047,5.429446214844091e-07,0.0201519395872695,False,0.6590826397490445,0.6926600929128244,0.25999999999998846
27,0.2,0.05,1.5,50.0,0.5,0.1,1.0,10000,0.0588235294117647,-0.0062333351924572,risk_only,500,0,5.948869837987497e-05,6.177834225041572e-05,0.0013813052259614,0.002,0.0003531363945592,0.0112407067051467,0.0,1.2466670384914558e-05,1.2466670384914563e-05,-0.000927833078047,5.429446214844091e-07,0.0201519395872695,False,0.6590826397490445,0.6926600929128244,0.002000000000000025
27,0.2,0.05,1.5,50.0,0.5,0.1,1.0,10000,0.0588235294117647,-0.0062333351924572,outcome_based,500,0,3.679769246322445e-05,3.968169227542616e-05,0.0008871853156976,0.0,4.336808689942019e-19,0.0076243404615522,0.0,0.0,0.0,-0.000927833078047,5.429446214844091e-07,0.0201519395872695,False,0.6590826397490445,0.6926600929128244,0.0
27,0.2,0.05,1.5,50.0,0.5,0.1,1.0,10000,0.0588235294117647,-0.0062333351924572,beta_known_mean,500,0,0.0053032759365044,1.726000300177266e-06,0.0053034160894792,0.0,4.336808689942019e-19,0.0076243404615522,0.0,0.0,0.0,-0.000927833078047,5.429446214844091e-07,0.0201519395872695,False,0.6590826397490445,0.6926600929128244,0.0
27,0.2,0.05,1.5,50.0,0.5,0.1,1.0,10000,0.1111111111111111,-0.0158588800589984,beta_estimated_mean,500,0,0.0114369054051349,5.692556794959106e-05,0.0115073813210873,0.002,0.0003531363945592,0.0112407067051467,0.0,3.1717760117996874e-05,3.1717760117996853e-05,-0.0044700500376416,5.429446214844091e-07,0.0201519395872695,False,0.6590826397490445,0.6926600929128244,0.002000000000000005
27,0.2,0.05,1.5,50.0,0.5,0.1,1.0,10000,0.1111111111111111,-0.0158588800589984,risk_only,500,0,4.1499923543038665e-05,5.726008027852309e-05,0.0012797663550867,0.0,4.336808689942019e-19,0.0076243404615522,0.0,0.0,0.0,-0.0044700500376416,5.429446214844091e-07,0.0201519395872695,False,0.6590826397490445,0.6926600929128244,0.0
27,0.2,0.05,1.5,50.0,0.5,0.1,1.0,10000,0.1111111111111111,-0.0158588800589984,outcome_based,500,0,3.89550589991719e-05,8.06932504307553e-05,0.0018029715550992,0.0,4.336808689942019e-19,0.0076243404615522,0.0,0.0,0.0,-0.0044700500376416,5.429446214844091e-07,0.0201519395872695,False,0.6590826397490445,0.6926600929128244,0.0
27,0.2,0.05,1.5,50.0,0.5,0.1,1.0,10000,0.1111111111111111,-0.0158588800589984,beta_known_mean,500,0,0.0113801498830156,7.698663031393748e-06,0.0113814492397376,0.0,4.336808689942019e-19,0.0076243404615522,0.0,0.0,0.0,-0.0044700500376416,5.429446214844091e-07,0.0201519395872695,False,0.6590826397490445,0.6926600929128244,0.0
27,0.2,0.05,1.5,50.0,0.5,0.1,1.0,10000,0.2,-0.0097079983989778,beta_estimated_mean,500,0,-0.0003816831209848,3.7522970432776974e-05,0.0009210106875515,0.0,4.336808689942019e-19,0.0076243404615522,0.0,0.0,0.0,-0.0101068065182592,5.429446214844091e-07,0.0201519395872695,False,0.6590826397490445,0.6926600929128244,0.0
27,0.2,0.05,1.5,50.0,0.5,0.1,1.0,10000,0.2,-0.0097079983989778,risk_only,500,0,1.0945351263913951e-05,4.140468573295632e-05,0.0009249753796918,0.0,4.336808689942019e-19,0.0076243404615522,0.0,0.0,0.0,-0.0101068065182592,5.429446214844091e-07,0.0201519395872695,False,0.6590826397490445,0.6926600929128244,0.0
27,0.2,0.05,1.5,50.0,0.5,0.1,1.0,10000,0.2,-0.0097079983989778,outcome_based,500,0,1.0848398976083362e-05,0.0001484528975148,0.0033162042782767,0.0,4.336808689942019e-19,0.0076243404615522,0.0,0.0,0.0,-0.0101068065182592,5.429446214844091e-07,0.0201519395872695,False,0.6590826397490445,0.6926600929128244,0.0
27,0.2,0.05,1.5,50.0,0.5,0.1,1.0,10000,0.2,-0.0097079983989778,beta_known_mean,500,0,-0.0004173785514522,1.7387448909209093e-05,0.0005701440358523,0.0,4.336808689942019e-19,0.0076243404615522,0.0,0.0,0.0,-0.0101068065182592,5.429446214844091e-07,0.0201519395872695,False,0.6590826397490445,0.6926600929128244,0.0
27,0.2,0.05,1.5,50.0,0.5,0.1,1.0,10000,0.3333333333333333,0.0006693261833032,beta_estimated_mean,500,0,-0.0075695441270444,1.3076933303474912e-05,0.0075751785706609,1.0,0.992375659538448,1.0,0.0,0.0006693261833032,4.8535555027714175e-21,-0.0068970258953131,5.429446214844091e-07,0.0201519395872695,True,0.6590826397490445,0.6926600929128244,1.0
27,0.2,0.05,1.5,50.0,0.5,0.1,1.0,10000,0.3333333333333333,0.0006693261833032,risk_only,500,0,1.3653909836770245e-05,1.283464532501759e-05,0.0002870291996343,0.012,0.0055109951740277,0.0259303611164472,0.0,8.031914199638415e-06,3.262545949477144e-06,-0.0068970258953131,5.429446214844091e-07,0.0201519395872695,True,0.6590826397490445,0.6926600929128244,0.012000000000000023
27,0.2,0.05,1.5,50.0,0.5,0.1,1.0,10000,0.3333333333333333,0.0006693261833032,outcome_based,500,0,4.007381669678575e-05,0.0001215984195261,0.0027165985258746,0.358,0.317207603401289,0.4009577092897918,0.006,0.0002396187736225,1.4364700284967764e-05,-0.0068970258953131,5.429446214844091e-07,0.0201519395872695,True,0.6590826397490445,0.6926600929128244,0.3579999999999319
27,0.2,0.05,1.5,50.0,0.5,0.1,1.0,10000,0.3333333333333333,0.0006693261833032,beta_known_mean,500,0,-0.0075801527692444,1.1956108046105388e-05,0.0075848564466553,1.0,0.992375659538448,1.0,0.0,0.0006693261833032,4.8535555027714175e-21,-0.0068970258953131,5.429446214844091e-07,0.0201519395872695,True,0.6590826397490445,0.6926600929128244,1.0
27,0.2,0.05,1.5,50.0,0.5,0.1,1.0,10000,0.5,5.741810322944912e-06,beta_estimated_mean,500,0,-0.0009929828963034,1.9705099767708697e-06,0.0009939580495301,1.0,0.992375659538448,1.0,0.0,5.7418103229449125e-06,3.79184023654017e-23,-0.0009849664903685,5.429446214844091e-07,0.0201519395872695,True,0.6590826397490445,0.6926600929128244,1.0000000000000002
27,0.2,0.05,1.5,50.0,0.5,0.1,1.0,10000,0.5,5.741810322944912e-06,risk_only,500,0,-7.351579782133048e-07,4.775479317511238e-07,1.0692914419637844e-05,0.29,0.2519474198773656,0.3312548031164863,0.01,1.665124993654024e-06,1.1663442220466443e-07,-0.0009849664903685,5.429446214844091e-07,0.0201519395872695,True,0.6590826397490445,0.6926600929128244,0.2899999999999999
27,0.2,0.05,1.5,50.0,0.5,0.1,1.0,10000,0.5,5.741810322944912e-06,outcome_based,500,0,-1.941810322944905e-06,9.480024352471194e-06,0.0002117766054769,0.394,0.3521341694850665,0.4374821906927827,0.212,2.2622732672402952e-06,1.2559807753762557e-07,-0.0009849664903685,5.429446214844091e-07,0.0201519395872695,True,0.6590826397490445,0.6926600929128244,0.394
27,0.2,0.05,1.5,50.0,0.5,0.1,1.0,10000,0.5,5.741810322944912e-06,beta_known_mean,500,0,-0.0009937931817961,2.1163838682903063e-06,0.0009949170565644,1.0,0.992375659538448,1.0,0.0,5.7418103229449125e-06,3.79184023654017e-23,-0.0009849664903685,5.429446214844091e-07,0.0201519395872695,True,0.6590826397490445,0.6926600929128244,1.0000000000000002
28,0.2,0.05,1.5,50.0,0.5,0.5,0.5,500,0.0588235294117647,-0.0006158630316251,beta_estimated_mean,500,0,-0.0001606792658972,0.0002767305661287,0.0061837804889257,0.46,0.4167851025299866,0.5038248447069378,0.0,0.0002832969945475,1.374072533204409e-05,-0.000927833078047,2.7297064523645886e-05,0.0005777404424469,False,0.6578455628183637,0.6925716226151373,0.4599999999999253
28,0.2,0.05,1.5,50.0,0.5,0.5,0.5,500,0.0588235294117647,-0.0006158630316251,risk_only,500,0,0.0001395472190182,0.0002794461677021,0.0062439141239616,0.482,0.4385065876245351,0.5257678886320809,0.0,0.0002968459812433,1.377597232630012e-05,-0.000927833078047,2.7297064523645886e-05,0.0005777404424469,False,0.6578455628183637,0.6925716226151373,0.4820000000000029
28,0.2,0.05,1.5,50.0,0.5,0.5,0.5,500,0.0588235294117647,-0.0006158630316251,outcome_based,500,0,4.986303162514485e-05,0.0001243793731167,0.0027788721312652,0.378,0.3365807935394356,0.4212795455331832,0.012,0.0002401865823338,1.3447175834093517e-05,-0.000927833078047,2.7297064523645886e-05,0.0005777404424469,False,0.6578455628183637,0.6925716226151373,0.39000000000001783
28,0.2,0.05,1.5,50.0,0.5,0.5,0.5,500,0.0588235294117647,-0.0006158630316251,beta_known_mean,500,0,-0.000309876224218,9.680087221511078e-06,0.0003778645452474,0.0,4.336808689942019e-19,0.0076243404615522,0.0,0.0,0.0,-0.000927833078047,2.7297064523645886e-05,0.0005777404424469,False,0.6578455628183637,0.6925716226151373,0.0
28,0.2,0.05,1.5,50.0,0.5,0.5,0.5,500,0.1111111111111111,-0.0041906513338631,beta_estimated_mean,500,0,-0.0001376907376076,0.0002685512132397,0.006000559644846,0.214,0.1803029999875953,0.2520581227564126,0.0,0.0008967993854467,7.69395098928348e-05,-0.0044700500376416,2.7297064523645886e-05,0.0005777404424469,False,0.6578455628183637,0.6925716226151373,0.21399999999999922
28,0.2,0.05,1.5,50.0,0.5,0.5,0.5,500,0.1111111111111111,-0.0041906513338631,risk_only,500,0,0.0001185667542981,0.0002763737201594,0.0061748596939047,0.24,0.204637860033381,0.2793267970066262,0.0,0.0010057563201271,8.01205040445294e-05,-0.0044700500376416,2.7297064523645886e-05,0.0005777404424469,False,0.6578455628183637,0.6925716226151373,0.23999999999998953
28,0.2,0.05,1.5,50.0,0.5,0.5,0.5,500,0.1111111111111111,-0.0041906513338631,outcome_based,500,0,0.000719651333863,0.0003711952178834,0.0083230437366583,0.322,0.2825360924255015,0.3641781727788112,0.008,0.0013829149401748,8.82115853013138e-05,-0.0044700500376416,2.7297064523645886e-05,0.0005777404424469,False,0.6578455628183637,0.6925716226151373,0.3299999999999946
28,0.2,0.05,1.5,50.0,0.5,0.5,0.5,500,0.1111111111111111,-0.0041906513338631,beta_known_mean,500,0,-0.0002692425345293,4.248297141000303e-05,0.0009864523148391,0.0,4.336808689942019e-19,0.0076243404615522,0.0,0.0,0.0,-0.0044700500376416,2.7297064523645886e-05,0.0005777404424469,False,0.6578455628183637,0.6925716226151373,0.0
28,0.2,0.05,1.5,50.0,0.5,0.5,0.5,500,0.2,-0.0113936252031024,beta_estimated_mean,500,0,0.0013726624484416,0.0002094168614894,0.0048752495026957,0.016,0.0081292530333883,0.0312511085333942,0.0,0.0001822980032496,6.399841184013204e-05,-0.0101068065182592,2.7297064523645886e-05,0.0005777404424469,False,0.6578455628183637,0.6925716226151373,0.015999999999996628
28,0.2,0.05,1.5,50.0,0.5,0.5,0.5,500,0.2,-0.0113936252031024,risk_only,500,0,8.782463988101255e-05,0.0002214267578276,0.0049470787237837,0.016,0.0081292530333883,0.0312511085333942,0.0,0.0001822980032496,6.399841184013204e-05,-0.0101068065182592,2.7297064523645886e-05,0.0005777404424469,False,0.6578455628183637,0.6925716226151373,0.015999999999996628
28,0.2,0.05,1.5,50.0,0.5,0.5,0.5,500,0.2,-0.0113936252031024,outcome_based,500,0,0.0002556252031023,0.0007022051667371,0.015688157962121,0.238,0.2027590191807921,0.2772361352210613,0.018,0.0029167680519942,0.0002225963848323,-0.0101068065182592,2.7297064523645886e-05,0.0005777404424469,False,0.6578455628183637,0.6925716226151373,0.25599999999999873
28,0.2,0.05,1.5,50.0,0.5,0.5,0.5,500,0.2,-0.0113936252031024,beta_known_mean,500,0,0.001293550370191,9.4939368796564e-05,0.0024841499451963,0.0,4.336808689942019e-19,0.0076243404615522,0.0,0.0,0.0,-0.0101068065182592,2.7297064523645886e-05,0.0005777404424469,False,0.6578455628183637,0.6925716226151373,0.0
28,0.2,0.05,1.5,50.0,0.5,0.5,0.5,500,0.3333333333333333,-0.0064157956837643,beta_estimated_mean,500,0,-0.000455994360779,8.824700022903382e-05,0.0020233412585929,0.002,0.0003531363945592,0.0112407067051467,0.0,1.2831591367528734e-05,1.2831591367528736e-05,-0.0068970258953131,2.7297064523645886e-05,0.0005777404424469,False,0.6578455628183637,0.6925716226151373,0.002000000000000021
28,0.2,0.05,1.5,50.0,0.5,0.5,0.5,500,0.3333333333333333,-0.0064157956837643,risk_only,500,0,5.505361148530422e-05,9.67990972241881e-05,0.002163028766943,0.0,4.336808689942019e-19,0.0076243404615522,0.0,0.0,0.0,-0.0068970258953131,2.7297064523645886e-05,0.0005777404424469,False,0.6578455628183637,0.6925716226151373,0.0
28,0.2,0.05,1.5,50.0,0.5,0.5,0.5,500,0.3333333333333333,-0.0064157956837643,outcome_based,500,0,9.579568376436544e-05,0.0006473649378252,0.0144613545981359,0.308,0.2691257480545588,0.3498019986826773,0.026,0.0021428757583772,0.0001354598530738,-0.0068970258953131,2.7297064523645886e-05,0.0005777404424469,False,0.6578455628183637,0.6925716226151373,0.33399999999998814
28,0.2,0.05,1.5,50.0,0.5,0.5,0.5,500,0.3333333333333333,-0.0064157956837643,beta_known_mean,500,0,-0.0004638904544791,6.621426981954327e-05,0.0015501531498844,0.0,4.336808689942019e-19,0.0076243404615522,0.0,0.0,0.0,-0.0068970258953131,2.7297064523645886e-05,0.0005777404424469,False,0.6578455628183637,0.6925716226151373,0.0
28,0.2,0.05,1.5,50.0,0.5,0.5,0.5,500,0.5,-0.0005182945772866,beta_estimated_mean,500,0,-0.0004733599895891,1.3180651777290269e-05,0.0005574591830795,0.0,4.336808689942019e-19,0.0076243404615522,0.0,0.0,0.0,-0.0009849664903685,2.7297064523645886e-05,0.0005777404424469,False,0.6578455628183637,0.6925716226151373,0.0
28,0.2,0.05,1.5,50.0,0.5,0.5,0.5,500,0.5,-0.0005182945772866,risk_only,500,0,-1.7967558650326095e-05,2.252243572128279e-05,0.0005034338372246,0.086,0.0644731424036077,0.1138398114985575,0.022,5.597581434696006e-05,7.201462393713843e-06,-0.0009849664903685,2.7297064523645886e-05,0.0005777404424469,False,0.6578455628183637,0.6925716226151373,0.10800000000001402
28,0.2,0.05,1.5,50.0,0.5,0.5,0.5,500,0.5,-0.0005182945772866,outcome_based,500,0,-4.570542271333283e-05,0.000168322526555,0.0037603182027144,0.32,0.2806177506894902,0.3621270118766686,0.226,0.0002829888391985,1.1551826034271967e-05,-0.0009849664903685,2.7297064523645886e-05,0.0005777404424469,False,0.6578455628183637,0.6925716226151373,0.5460000000000316
28,0.2,0.05,1.5,50.0,0.5,0.5,0.5,500,0.5,-0.0005182945772866,beta_known_mean,500,0,-0.0004698686971667,1.1948421057115958e-05,0.0005403852428503,0.0,4.336808689942019e-19,0.0076243404615522,0.0,0.0,0.0,-0.0009849664903685,2.7297064523645886e-05,0.0005777404424469,False,0.6578455628183637,0.6925716226151373,0.0
28,0.2,0.05,1.5,50.0,0.5,0.5,0.5,3000,0.0588235294117647,-0.0006158630316251,beta_estimated_mean,500,0,-0.0005136322104329,0.0001213394534034,0.0027587544763481,0.332,0.2921404418575132,0.3744213365375685,0.0,0.0002044665264995,1.2983480672568e-05,-0.000927833078047,2.7297064523645886e-05,0.0005777404424469,False,0.6578455628183637,0.6925716226151373,0.33199999999994606
28,0.2,0.05,1.5,50.0,0.5,0.5,0.5,3000,0.0588235294117647,-0.0006158630316251,risk_only,500,0,-0.0002110907359736,0.0001224466602744,0.0027433844827845,0.372,0.3307607484885237,0.4151910826696337,0.0,0.0002291010477645,1.3325550347361556e-05,-0.000927833078047,2.7297064523645886e-05,0.0005777404424469,False,0.6578455628183637,0.6925716226151373,0.3719999999999396
28,0.2,0.05,1.5,50.0,0.5,0.5,0.5,3000,0.0588235294117647,-0.0006158630316251,outcome_based,500,0,-4.751196837490767e-05,4.85696825841707e-05,0.0010860043306709,0.274,0.2367406256658206,0.3147055762228011,0.004,0.0001712099227918,1.235164666007868e-05,-0.000927833078047,2.7297064523645886e-05,0.0005777404424469,False,0.6578455628183637,0.6925716226151373,0.27800000000003605
28,0.2,0.05,1.5,50.0,0.5,0.5,0.5,3000,0.0588235294117647,-0.0006158630316251,beta_known_mean,500,0,-0.0003138990818903,4.232556699604863e-06,0.0003278292042864,0.0,4.336808689942019e-19,0.0076243404615522,0.0,0.0,0.0,-0.000927833078047,2.7297064523645886e-05,0.0005777404424469,False,0.6578455628183637,0.6925716226151373,0.0
28,0.2,0.05,1.5,50.0,0.5,0.5,0.5,3000,0.1111111111111111,-0.0041906513338631,beta_estimated_mean,500,0,-0.000464206889368,0.000117283907455,0.002660731101625,0.042,0.0276323101084517,0.0633515857543301,0.0,0.0001760073560222,3.763038447175132e-05,-0.0044700500376416,2.7297064523645886e-05,0.0005777404424469,False,0.6578455628183637,0.6925716226151373,0.041999999999988026
28,0.2,0.05,1.5,50.0,0.5,0.5,0.5,3000,0.1111111111111111,-0.0041906513338631,risk_only,500,0,-0.000205420904312,0.0001212490282701,0.0027162768359096,0.058,0.0406837291117572,0.0820561878562549,0.0,0.000243057777364,4.385011170055315e-05,-0.0044700500376416,2.7297064523645886e-05,0.0005777404424469,False,0.6578455628183637,0.6925716226151373,0.05799999999998574
28,0.2,0.05,1.5,50.0,0.5,0.5,0.5,3000,0.1111111111111111,-0.0041906513338631,outcome_based,500,0,5.856800052897865e-05,0.0001535198646771,0.0034298740920155,0.114,0.0890369009940028,0.1448490898423155,0.0,0.0004777342520603,5.962117660255883e-05,-0.0044700500376416,2.7297064523645886e-05,0.0005777404424469,False,0.6578455628183637,0.6925716226151373,0.11399999999997772
28,0.2,0.05,1.5,50.0,0.5,0.5,0.5,3000,0.1111111111111111,-0.0041906513338631,beta_known_mean,500,0,-0.0002836874143804,1.803448071543747e-05,0.0004927215785014,0.0,4.336808689942019e-19,0.0076243404615522,0.0,0.0,0.0,-0.0044700500376416,2.7297064523645886e-05,0.0005777404424469,False,0.6578455628183637,0.6925716226151373,0.0
28,0.2,0.05,1.5,50.0,0.5,0.5,0.5,3000,0.2,-0.0113936252031024,beta_estimated_mean,500,0,0.0011663727795375,9.051524724187084e-05,0.0023342530802146,0.0,4.336808689942019e-19,0.0076243404615522,0.0,0.0,0.0,-0.0101068065182592,2.7297064523645886e-05,0.0005777404424469,False,0.6578455628183637,0.6925716226151373,0.0
28,0.2,0.05,1.5,50.0,0.5,0.5,0.5,3000,0.2,-0.0113936252031024,risk_only,500,0,-0.0001335940226779,9.405059216609677e-05,0.0021051742902679,0.0,4.336808689942019e-19,0.0076243404615522,0.0,0.0,0.0,-0.0101068065182592,2.7297064523645886e-05,0.0005777404424469,False,0.6578455628183637,0.6925716226151373,0.0
28,0.2,0.05,1.5,50.0,0.5,0.5,0.5,3000,0.2,-0.0113936252031024,outcome_based,500,0,8.24585364351851e-05,0.0002901977814147,0.0064830518143002,0.034,0.0213345198085321,0.0537713655016345,0.0,0.0003873832569054,9.243568799790626e-05,-0.0101068065182592,2.7297064523645886e-05,0.0005777404424469,False,0.6578455628183637,0.6925716226151373,0.033999999999992835
28,0.2,0.05,1.5,50.0,0.5,0.5,0.5,3000,0.2,-0.0113936252031024,beta_known_mean,500,0,0.0012786242336665,3.972075462293045e-05,0.0015563326657495,0.0,4.336808689942019e-19,0.0076243404615522,0.0,0.0,0.0,-0.0101068065182592,2.7297064523645886e-05,0.0005777404424469,False,0.6578455628183637,0.6925716226151373,0.0
28,0.2,0.05,1.5,50.0,0.5,0.5,0.5,3000,0.3333333333333333,-0.0064157956837643,beta_estimated_mean,500,0,-0.0005207465043702,3.839871278750646e-05,0.0010034605286401,0.0,4.336808689942019e-19,0.0076243404615522,0.0,0.0,0.0,-0.0068970258953131,2.7297064523645886e-05,0.0005777404424469,False,0.6578455628183637,0.6925716226151373,0.0
28,0.2,0.05,1.5,50.0,0.5,0.5,0.5,3000,0.3333333333333333,-0.0064157956837643,risk_only,500,0,-1.987933572051273e-05,4.220242844418912e-05,0.0009429404150398,0.0,4.336808689942019e-19,0.0076243404615522,0.0,0.0,0.0,-0.0068970258953131,2.7297064523645886e-05,0.0005777404424469,False,0.6578455628183637,0.6925716226151373,0.0
28,0.2,0.05,1.5,50.0,0.5,0.5,0.5,3000,0.3333333333333333,-0.0064157956837643,outcome_based,500,0,-0.0004252043162356,0.0002668381925808,0.0059758603229522,0.122,0.0961592783150937,0.1536047230738397,0.01,0.0008468850302568,9.721808910014548e-05,-0.0068970258953131,2.7297064523645886e-05,0.0005777404424469,False,0.6578455628183637,0.6925716226151373,0.13199999999998635
28,0.2,0.05,1.5,50.0,0.5,0.5,0.5,3000,0.3333333333333333,-0.0064157956837643,beta_known_mean,500,0,-0.0004887349897916,2.8254682364391338e-05,0.0007982650568122,0.0,4.336808689942019e-19,0.0076243404615522,0.0,0.0,0.0,-0.0068970258953131,2.7297064523645886e-05,0.0005777404424469,False,0.6578455628183637,0.6925716226151373,0.0
28,0.2,0.05,1.5,50.0,0.5,0.5,0.5,3000,0.5,-0.0005182945772866,beta_estimated_mean,500,0,-0.000473857883327,5.8955726530166016e-06,0.0004918184871147,0.0,4.336808689942019e-19,0.0076243404615522,0.0,0.0,0.0,-0.0009849664903685,2.7297064523645886e-05,0.0005777404424469,False,0.6578455628183637,0.6925716226151373,0.0
28,0.2,0.05,1.5,50.0,0.5,0.5,0.5,3000,0.5,-0.0005182945772866,risk_only,500,0,6.510652851548719e-06,9.23172507000266e-06,0.0002063238661348,0.008,0.0031153151800622,0.0203870358341051,0.0,4.146356618293338e-06,2.066936915226772e-06,-0.0009849664903685,2.7297064523645886e-05,0.0005777404424469,False,0.6578455628183637,0.6925716226151373,0.008000000000001038
28,0.2,0.05,1.5,50.0,0.5,0.5,0.5,3000,0.5,-0.0005182945772866,outcome_based,500,0,-6.637208937999948e-05,6.78345991619668e-05,0.0015167630477887,0.298,0.2595732118784324,0.3395070216680347,0.096,0.0002042080634509,1.1337330710011032e-05,-0.0009849664903685,2.7297064523645886e-05,0.0005777404424469,False,0.6578455628183637,0.6925716226151373,0.3939999999999606
28,0.2,0.05,1.5,50.0,0.5,0.5,0.5,3000,0.5,-0.0005182945772866,beta_known_mean,500,0,-0.0004708916143243,5.306546667039757e-06,0.0004855826106526,0.0,4.336808689942019e-19,0.0076243404615522,0.0,0.0,0.0,-0.0009849664903685,2.7297064523645886e-05,0.0005777404424469,False,0.6578455628183637,0.6925716226151373,0.0
28,0.2,0.05,1.5,50.0,0.5,0.5,0.5,10000,0.0588235294117647,-0.0006158630316251,beta_estimated_mean,500,0,-0.0002186366699793,6.394830766922464e-05,0.0014451317013631,0.28,0.2424360430412755,0.3209186667618076,0.0,0.000172441648855,1.2378816541288153e-05,-0.000927833078047,2.7297064523645886e-05,0.0005777404424469,False,0.6578455628183637,0.6925716226151373,0.2799999999999545
28,0.2,0.05,1.5,50.0,0.5,0.5,0.5,10000,0.0588235294117647,-0.0006158630316251,risk_only,500,0,9.294855909385012e-05,6.46476947062771e-05,0.0014471082632701,0.366,0.3249476048822134,0.4090957183614825,0.0,0.0002254058695748,1.3280640915770256e-05,-0.000927833078047,2.7297064523645886e-05,0.0005777404424469,False,0.6578455628183637,0.6925716226151373,0.36600000000002175
28,0.2,0.05,1.5,50.0,0.5,0.5,0.5,10000,0.0588235294117647,-0.0006158630316251,outcome_based,500,0,4.368803162623436e-05,2.6808222158524505e-05,0.0006004417964986,0.17,0.1396203661039611,0.2054116986006633,0.0,0.0001046967153762,1.035612704534229e-05,-0.000927833078047,2.7297064523645886e-05,0.0005777404424469,False,0.6578455628183637,0.6925716226151373,0.1699999999998912
28,0.2,0.05,1.5,50.0,0.5,0.5,0.5,10000,0.0588235294117647,-0.0006158630316251,beta_known_mean,500,0,-0.0003095862532716,2.064617684910481e-06,0.0003130027294784,0.0,4.336808689942019e-19,0.0076243404615522,0.0,0.0,0.0,-0.000927833078047,2.7297064523645886e-05,0.0005777404424469,False,0.6578455628183637,0.6925716226151373,0.0
28,0.2,0.05,1.5,50.0,0.5,0.5,0.5,10000,0.1111111111111111,-0.0041906513338631,beta_estimated_mean,500,0,-0.0001875834158419,6.163610890980098e-05,0.0013895659353725,0.0,4.336808689942019e-19,0.0076243404615522,0.0,0.0,0.0,-0.0044700500376416,2.7297064523645886e-05,0.0005777404424469,False,0.6578455628183637,0.6925716226151373,0.0
28,0.2,0.05,1.5,50.0,0.5,0.5,0.5,10000,0.1111111111111111,-0.0041906513338631,risk_only,500,0,8.853906359511409e-05,6.365602711686174e-05,0.0014247217167381,0.002,0.0003531363945592,0.0112407067051467,0.0,8.381302667726214e-06,8.381302667726212e-06,-0.0044700500376416,2.7297064523645886e-05,0.0005777404424469,False,0.6578455628183637,0.6925716226151373,0.0020000000000000035
28,0.2,0.05,1.5,50.0,0.5,0.5,0.5,10000,0.1111111111111111,-0.0041906513338631,outcome_based,500,0,4.752633386443958e-05,8.456821749671701e-05,0.0018897086215303,0.014,0.0067977897908434,0.0286130691377852,0.0,5.86691186740835e-05,2.204112365893698e-05,-0.0044700500376416,2.7297064523645886e-05,0.0005777404424469,False,0.6578455628183637,0.6925716226151373,0.014000000000000026
28,0.2,0.05,1.5,50.0,0.5,0.5,0.5,10000,0.1111111111111111,-0.0041906513338631,beta_known_mean,500,0,-0.0002705562143388,8.976566825689979e-06,0.0003367632140739,0.0,4.336808689942019e-19,0.0076243404615522,0.0,0.0,0.0,-0.0044700500376416,2.7297064523645886e-05,0.0005777404424469,False,0.6578455628183637,0.6925716226151373,0.0
28,0.2,0.05,1.5,50.0,0.5,0.5,0.5,10000,0.2,-0.0113936252031024,beta_estimated_mean,500,0,0.0013534952213176,4.695012592150903e-05,0.0017122798141157,0.0,4.336808689942019e-19,0.0076243404615522,0.0,0.0,0.0,-0.0101068065182592,2.7297064523645886e-05,0.0005777404424469,False,0.6578455628183637,0.6925716226151373,0.0
28,0.2,0.05,1.5,50.0,0.5,0.5,0.5,10000,0.2,-0.0113936252031024,risk_only,500,0,5.69208002037214e-05,4.914757782667306e-05,0.0010993483052263,0.0,4.336808689942019e-19,0.0076243404615522,0.0,0.0,0.0,-0.0101068065182592,2.7297064523645886e-05,0.0005777404424469,False,0.6578455628183637,0.6925716226151373,0.0
28,0.2,0.05,1.5,50.0,0.5,0.5,0.5,10000,0.2,-0.0113936252031024,outcome_based,500,0,-9.627479689790504e-05,0.0001486373846791,0.0033217031514749,0.0,4.336808689942019e-19,0.0076243404615522,0.0,0.0,0.0,-0.0101068065182592,2.7297064523645886e-05,0.0005777404424469,False,0.6578455628183637,0.6925716226151373,0.0
28,0.2,0.05,1.5,50.0,0.5,0.5,0.5,10000,0.2,-0.0113936252031024,beta_known_mean,500,0,0.001303723175881,2.0020599278188734e-05,0.0013782980420296,0.0,4.336808689942019e-19,0.0076243404615522,0.0,0.0,0.0,-0.0101068065182592,2.7297064523645886e-05,0.0005777404424469,False,0.6578455628183637,0.6925716226151373,0.0
28,0.2,0.05,1.5,50.0,0.5,0.5,0.5,10000,0.3333333333333333,-0.0064157956837643,beta_estimated_mean,500,0,-0.0004566273399242,1.9181673179420995e-05,0.0006261859819266,0.0,4.336808689942019e-19,0.0076243404615522,0.0,0.0,0.0,-0.0068970258953131,2.7297064523645886e-05,0.0005777404424469,False,0.6578455628183637,0.6925716226151373,0.0
28,0.2,0.05,1.5,50.0,0.5,0.5,0.5,10000,0.3333333333333333,-0.0064157956837643,risk_only,500,0,3.356616504555353e-05,2.088465616962901e-05,0.0004677338455086,0.0,4.336808689942019e-19,0.0076243404615522,0.0,0.0,0.0,-0.0068970258953131,2.7297064523645886e-05,0.0005777404424469,False,0.6578455628183637,0.6925716226151373,0.0
28,0.2,0.05,1.5,50.0,0.5,0.5,0.5,10000,0.3333333333333333,-0.0064157956837643,outcome_based,500,0,-0.0001300043162357,0.0001443267304772,0.003226635009145,0.02,0.0108991835962108,0.0364201832468793,0.0,0.0001283159136752,4.020946436944276e-05,-0.0068970258953131,2.7297064523645886e-05,0.0005777404424469,False,0.6578455628183637,0.6925716226151373,0.019999999999986598
28,0.2,0.05,1.5,50.0,0.5,0.5,0.5,10000,0.3333333333333333,-0.0064157956837643,beta_known_mean,500,0,-0.0004668806718413,1.4005081803586288e-05,0.0005620076312518,0.0,4.336808689942019e-19,0.0076243404615522,0.0,0.0,0.0,-0.0068970258953131,2.7297064523645886e-05,0.0005777404424469,False,0.6578455628183637,0.6925716226151373,0.0
28,0.2,0.05,1.5,50.0,0.5,0.5,0.5,10000,0.5,-0.0005182945772866,beta_estimated_mean,500,0,-0.00046351237972,2.851958884175022e-06,0.0004678700965254,0.0,4.336808689942019e-19,0.0076243404615522,0.0,0.0,0.0,-0.0009849664903685,2.7297064523645886e-05,0.0005777404424469,False,0.6578455628183637,0.6925716226151373,0.0
28,0.2,0.05,1.5,50.0,0.5,0.5,0.5,10000,0.5,-0.0005182945772866,risk_only,500,0,2.8491529634686e-06,4.648974497056355e-06,0.0001038892999585,0.0,4.336808689942019e-19,0.0076243404615522,0.0,0.0,0.0,-0.0009849664903685,2.7297064523645886e-05,0.0005777404424469,False,0.6578455628183637,0.6925716226151373,0.0
28,0.2,0.05,1.5,50.0,0.5,0.5,0.5,10000,0.5,-0.0005182945772866,outcome_based,500,0,-5.905422713332761e-06,3.913991038786804e-05,0.0008743393128628,0.256,0.2197077081917188,0.2960129699535187,0.036,0.0001513420165677,1.0549562435615447e-05,-0.0009849664903685,2.7297064523645886e-05,0.0005777404424469,False,0.6578455628183637,0.6925716226151373,0.29200000000002474
28,0.2,0.05,1.5,50.0,0.5,0.5,0.5,10000,0.5,-0.0005182945772866,beta_known_mean,500,0,-0.0004637764668824,2.56900230229376e-06,0.0004673134899355,0.0,4.336808689942019e-19,0.0076243404615522,0.0,0.0,0.0,-0.0009849664903685,2.7297064523645886e-05,0.0005777404424469,False,0.6578455628183637,0.6925716226151373,0.0
29,0.2,0.05,1.5,50.0,0.5,0.5,1.0,500,0.0588235294117647,-0.0003038929852033,beta_estimated_mean,500,0,-0.0003255343532274,0.0002983080383443,0.0066716435606097,0.454,0.4108757266738578,0.4978257126486051,0.0,0.0001379674152823,6.7732117061353335e-06,-0.000927833078047,5.429446214844091e-07,5.696087327589083e-06,False,0.6590826397490445,0.6935842277864341,0.4540000000000059
29,0.2,0.05,1.5,50.0,0.5,0.5,1.0,500,0.0588235294117647,-0.0003038929852033,risk_only,500,0,0.0003121020655844,0.0003034370876388,0.0067854525796417,0.49,0.4464261747403093,0.5337263120689218,0.0,0.0001489075627496,6.800698643719747e-06,-0.000927833078047,5.429446214844091e-07,5.696087327589083e-06,False,0.6590826397490445,0.6935842277864341,0.48999999999994404
29,0.2,0.05,1.5,50.0,0.5,0.5,1.0,500,0.0588235294117647,-0.0003038929852033,outcome_based,500,0,-6.607014796700145e-06,0.000107802120082,0.0024081260146936,0.432,0.3892622537365845,0.4757746565661866,0.016,0.000136144057371,6.76517364584097e-06,-0.000927833078047,5.429446214844091e-07,5.696087327589083e-06,False,0.6590826397490445,0.6935842277864341,0.447999999999742
29,0.2,0.05,1.5,50.0,0.5,0.5,1.0,500,0.0588235294117647,-0.0003038929852033,beta_known_mean,500,0,-0.0006266843836438,7.82376759765912e-06,0.0006505980134266,0.0,4.336808689942019e-19,0.0076243404615522,0.0,0.0,0.0,-0.000927833078047,5.429446214844091e-07,5.696087327589083e-06,False,0.6590826397490445,0.6935842277864341,0.0
29,0.2,0.05,1.5,50.0,0.5,0.5,1.0,500,0.1111111111111111,-0.0039112526300845,beta_estimated_mean,500,0,-0.0003084993898347,0.000283050761255,0.0063303965802788,0.25,0.214048496747821,0.2897636734829552,0.0,0.0009778131575211,7.581693637844007e-05,-0.0044700500376416,5.429446214844091e-07,5.696087327589083e-06,False,0.6590826397490445,0.6935842277864341,0.24999999999999362
29,0.2,0.05,1.5,50.0,0.5,0.5,1.0,500,0.1111111111111111,-0.0039112526300845,risk_only,500,0,0.0002508185858945,0.0002992368200271,0.006689148265552,0.276,0.2386381329433981,0.3167775715833774,0.0,0.0010795057259033,7.82689341107893e-05,-0.0044700500376416,5.429446214844091e-07,5.696087327589083e-06,False,0.6590826397490445,0.6935842277864341,0.2759999999999944
29,0.2,0.05,1.5,50.0,0.5,0.5,1.0,500,0.1111111111111111,-0.0039112526300845,outcome_based,500,0,-0.0002032473699154,0.0004094579846362,0.0091488564445713,0.308,0.2691257480545588,0.3498019986826773,0.018,0.0012750683574075,8.207376259063207e-05,-0.0044700500376416,5.429446214844091e-07,5.696087327589083e-06,False,0.6590826397490445,0.6935842277864341,0.32599999999998797
29,0.2,0.05,1.5,50.0,0.5,0.5,1.0,500,0.1111111111111111,-0.0039112526300845,beta_known_mean,500,0,-0.0005731952939521,3.403292292706936e-05,0.0009521105642969,0.0,4.336808689942019e-19,0.0076243404615522,0.0,0.0,0.0,-0.0044700500376416,5.429446214844091e-07,5.696087327589083e-06,False,0.6590826397490445,0.6935842277864341,0.0
29,0.2,0.05,1.5,50.0,0.5,0.5,1.0,500,0.2,-0.0126804438879455,beta_estimated_mean,500,0,0.0026780991160365,0.0002051232465708,0.0053073451433752,0.012,0.0055109951740277,0.0259303611164472,0.0,0.0001521653266553,6.180922228385085e-05,-0.0101068065182592,5.429446214844091e-07,5.696087327589083e-06,False,0.6590826397490445,0.6935842277864341,0.011999999999996373
29,0.2,0.05,1.5,50.0,0.5,0.5,1.0,500,0.2,-0.0126804438879455,risk_only,500,0,0.0001038204632879,0.0002208640361682,0.0049348210709602,0.004,0.0010976305226827,0.014465715215177,0.0,5.072177555178231e-05,3.582975583700116e-05,-0.0101068065182592,5.429446214844091e-07,5.696087327589083e-06,False,0.6590826397490445,0.6935842277864341,0.004000000000000024
29,0.2,0.05,1.5,50.0,0.5,0.5,1.0,500,0.2,-0.0126804438879455,outcome_based,500,0,0.0009514438879455,0.0007053560606847,0.0157851608947108,0.232,0.1971292384527146,0.2709574080346774,0.004,0.0029925847575551,0.0002410387489406,-0.0101068065182592,5.429446214844091e-07,5.696087327589083e-06,False,0.6590826397490445,0.6935842277864341,0.23599999999999702
29,0.2,0.05,1.5,50.0,0.5,0.5,1.0,500,0.2,-0.0126804438879455,beta_known_mean,500,0,0.0025271781874526,7.611715593594945e-05,0.0030459393433877,0.0,4.336808689942019e-19,0.0076243404615522,0.0,0.0,0.0,-0.0101068065182592,5.429446214844091e-07,5.696087327589083e-06,False,0.6590826397490445,0.6935842277864341,0.0
29,0.2,0.05,1.5,50.0,0.5,0.5,1.0,500,0.3333333333333333,-0.0059345654722156,beta_estimated_mean,500,0,-0.0009638400741622,7.851134581835555e-05,0.0020012094763526,0.0,4.336808689942019e-19,0.0076243404615522,0.0,0.0,0.0,-0.0068970258953131,5.429446214844091e-07,5.696087327589083e-06,False,0.6590826397490445,0.6935842277864341,0.0
29,0.2,0.05,1.5,50.0,0.5,0.5,1.0,500,0.3333333333333333,-0.0059345654722156,risk_only,500,0,-4.249276859540193e-05,7.8661595143677e-05,0.0017576806490674,0.002,0.0003531363945592,0.0112407067051467,0.0,1.1869130944431218e-05,1.1869130944431218e-05,-0.0068970258953131,5.429446214844091e-07,5.696087327589083e-06,False,0.6590826397490445,0.6935842277864341,0.002000000000000003
29,0.2,0.05,1.5,50.0,0.5,0.5,1.0,500,0.3333333333333333,-0.0059345654722156,outcome_based,500,0,0.0006185654722156,0.0006350865751343,0.0142002382812196,0.346,0.3056212317880792,0.3887270650740789,0.026,0.0022076583556642,0.0001284073680815,-0.0068970258953131,5.429446214844091e-07,5.696087327589083e-06,False,0.6590826397490445,0.6935842277864341,0.37199999999999944
29,0.2,0.05,1.5,50.0,0.5,0.5,1.0,500,0.3333333333333333,-0.0059345654722156,beta_known_mean,500,0,-0.0009830622937228,5.306933764775209e-05,0.0015400559788289,0.0,4.336808689942019e-19,0.0076243404615522,0.0,0.0,0.0,-0.0068970258953131,5.429446214844091e-07,5.696087327589083e-06,False,0.6590826397490445,0.6935842277864341,0.0
29,0.2,0.05,1.5,50.0,0.5,0.5,1.0,500,0.5,-5.16226642047936e-05,beta_estimated_mean,500,0,-0.0009436175354941,1.1278240401709132e-05,0.0009766709824014,0.0,4.336808689942019e-19,0.0076243404615522,0.0,0.0,0.0,-0.0009849664903685,5.429446214844091e-07,5.696087327589083e-06,False,0.6590826397490445,0.6935842277864341,0.0
29,0.2,0.05,1.5,50.0,0.5,0.5,1.0,500,0.5,-5.16226642047936e-05,risk_only,500,0,2.1708190396119404e-06,5.155436227377222e-06,0.000115184179816,0.106,0.0819570502729703,0.1360509300107328,0.438,2.808272932740771e-05,1.15099122528986e-06,-0.0009849664903685,5.429446214844091e-07,5.696087327589083e-06,False,0.6590826397490445,0.6935842277864341,0.5439999999999999
29,0.2,0.05,1.5,50.0,0.5,0.5,1.0,500,0.5,-5.16226642047936e-05,outcome_based,500,0,-0.0001803773357952,7.94037903619701e-05,0.0017828942714778,0.196,0.1635781066142644,0.2330574923863593,0.524,3.716831822745138e-05,1.0376130028089808e-06,-0.0009849664903685,5.429446214844091e-07,5.696087327589083e-06,False,0.6590826397490445,0.6935842277864341,0.7199999999999999
29,0.2,0.05,1.5,50.0,0.5,0.5,1.0,500,0.5,-5.16226642047936e-05,beta_known_mean,500,0,-0.0009402179322455,9.79226211807508e-06,0.0009653279600287,0.0,4.336808689942019e-19,0.0076243404615522,0.0,0.0,0.0,-0.0009849664903685,5.429446214844091e-07,5.696087327589083e-06,False,0.6590826397490445,0.6935842277864341,0.0
29,0.2,0.05,1.5,50.0,0.5,0.5,1.0,3000,0.0588235294117647,-0.0003038929852033,beta_estimated_mean,500,0,-0.0005568528088341,0.0001159121619177,0.0026484833512125,0.388,0.3462960293500537,0.4314118229133341,0.0,0.0001179104782588,6.6292130463912e-06,-0.000927833078047,5.429446214844091e-07,5.696087327589083e-06,False,0.6590826397490445,0.6935842277864341,0.3879999999997354
29,0.2,0.05,1.5,50.0,0.5,0.5,1.0,3000,0.0588235294117647,-0.0003038929852033,risk_only,500,0,7.279542073268519e-05,0.0001178373812415,0.0026332940841842,0.486,0.4424649931129956,0.5297484884199279,0.0,0.0001476919908088,6.799392261602576e-06,-0.000927833078047,5.429446214844091e-07,5.696087327589083e-06,False,0.6590826397490445,0.6935842277864341,0.4859999999999875
29,0.2,0.05,1.5,50.0,0.5,0.5,1.0,3000,0.0588235294117647,-0.0003038929852033,outcome_based,500,0,-2.87320147967402e-05,4.058131380093085e-05,0.0009069730980295,0.344,0.3036929655617379,0.3866858286622663,0.008,0.0001069703307915,6.497244904438991e-06,-0.000927833078047,5.429446214844091e-07,5.696087327589083e-06,False,0.6590826397490445,0.6935842277864341,0.3519999999997973
29,0.2,0.05,1.5,50.0,0.5,0.5,1.0,3000,0.0588235294117647,-0.0003038929852033,beta_known_mean,500,0,-0.0006221733402145,3.170149472177159e-06,0.0006261904975836,0.0,4.336808689942019e-19,0.0076243404615522,0.0,0.0,0.0,-0.000927833078047,5.429446214844091e-07,5.696087327589083e-06,False,0.6590826397490445,0.6935842277864341,0.0
29,0.2,0.05,1.5,50.0,0.5,0.5,1.0,3000,0.1111111111111111,-0.0039112526300845,beta_estimated_mean,500,0,-0.0004966843023718,0.0001105693264784,0.0025193764504761,0.036,0.0228910609802927,0.0561843269680277,0.0,0.000140805094683,3.261785236684628e-05,-0.0044700500376416,5.429446214844091e-07,5.696087327589083e-06,False,0.6590826397490445,0.6935842277864341,0.03599999999998926
29,0.2,0.05,1.5,50.0,0.5,0.5,1.0,3000,0.1111111111111111,-0.0039112526300845,risk_only,500,0,8.691240734050032e-05,0.0001161802213838,0.0025967244449718,0.064,0.0456960160447894,0.0889524088376841,0.0,0.0002503201683254,4.285421130956641e-05,-0.0044700500376416,5.429446214844091e-07,5.696087327589083e-06,False,0.6590826397490445,0.6935842277864341,0.06399999999999796
29,0.2,0.05,1.5,50.0,0.5,0.5,1.0,3000,0.1111111111111111,-0.0039112526300845,outcome_based,500,0,0.0003092526300839,0.0001633144775287,0.0036612531810686,0.174,0.1432894720810641,0.2096815978998678,0.0,0.0006805579576347,6.637892934183859e-05,-0.0044700500376416,5.429446214844091e-07,5.696087327589083e-06,False,0.6590826397490445,0.6935842277864341,0.17399999999999924
29,0.2,0.05,1.5,50.0,0.5,0.5,1.0,3000,0.1111111111111111,-0.0039112526300845,beta_known_mean,500,0,-0.0005542645208917,1.4028285700002905e-05,0.0006367171790992,0.0,4.336808689942019e-19,0.0076243404615522,0.0,0.0,0.0,-0.0044700500376416,5.429446214844091e-07,5.696087327589083e-06,False,0.6590826397490445,0.6935842277864341,0.0
29,0.2,0.05,1.5,50.0,0.5,0.5,1.0,3000,0.2,-0.0126804438879455,beta_estimated_mean,500,0,0.0026115893936974,8.182466203003512e-05,0.0031876859230673,0.0,4.336808689942019e-19,0.0076243404615522,0.0,0.0,0.0,-0.0101068065182592,5.429446214844091e-07,5.696087327589083e-06,False,0.6590826397490445,0.6935842277864341,0.0
29,0.2,0.05,1.5,50.0,0.5,0.5,1.0,3000,0.2,-0.0126804438879455,risk_only,500,0,3.690887044167258e-05,8.828872522733838e-05,0.0019725660614664,0.0,4.336808689942019e-19,0.0076243404615522,0.0,0.0,0.0,-0.0101068065182592,5.429446214844091e-07,5.696087327589083e-06,False,0.6590826397490445,0.6935842277864341,0.0
29,0.2,0.05,1.5,50.0,0.5,0.5,1.0,3000,0.2,-0.0126804438879455,outcome_based,500,0,0.0002387772212781,0.000276791396098,0.0061876602655127,0.02,0.0108991835962108,0.0364201832468793,0.002,0.0002789697655348,8.326547264201596e-05,-0.0101068065182592,5.429446214844091e-07,5.696087327589083e-06,False,0.6590826397490445,0.6935842277864341,0.021999999999999922
29,0.2,0.05,1.5,50.0,0.5,0.5,1.0,3000,0.2,-0.0126804438879455,beta_known_mean,500,0,0.0025782267671027,3.1510652692075674e-05,0.0026725869411326,0.0,4.336808689942019e-19,0.0076243404615522,0.0,0.0,0.0,-0.0101068065182592,5.429446214844091e-07,5.696087327589083e-06,False,0.6590826397490445,0.6935842277864341,0.0
29,0.2,0.05,1.5,50.0,0.5,0.5,1.0,3000,0.3333333333333333,-0.0059345654722156,beta_estimated_mean,500,0,-0.0009487522521435,3.193309579346464e-05,0.0011870014392652,0.0,4.336808689942019e-19,0.0076243404615522,0.0,0.0,0.0,-0.0068970258953131,5.429446214844091e-07,5.696087327589083e-06,False,0.6590826397490445,0.6935842277864341,0.0
29,0.2,0.05,1.5,50.0,0.5,0.5,1.0,3000,0.3333333333333333,-0.0059345654722156,risk_only,500,0,-1.33695355665224e-06,3.284839782750561e-05,0.0007337788427871,0.0,4.336808689942019e-19,0.0076243404615522,0.0,0.0,0.0,-0.0068970258953131,5.429446214844091e-07,5.696087327589083e-06,False,0.6590826397490445,0.6935842277864341,0.0
29,0.2,0.05,1.5,50.0,0.5,0.5,1.0,3000,0.3333333333333333,-0.0059345654722156,outcome_based,500,0,-0.0001807678611177,0.0002735433004256,0.0061131677292775,0.16,0.130476372350164,0.1947081791636914,0.008,0.0009970069993322,9.932417277152228e-05,-0.0068970258953131,5.429446214844091e-07,5.696087327589083e-06,False,0.6590826397490445,0.6935842277864341,0.16799999999999649
29,0.2,0.05,1.5,50.0,0.5,0.5,1.0,3000,0.3333333333333333,-0.0059345654722156,beta_known_mean,500,0,-0.0009542977901039,2.182464626675925e-05,0.0010716181919635,0.0,4.336808689942019e-19,0.0076243404615522,0.0,0.0,0.0,-0.0068970258953131,5.429446214844091e-07,5.696087327589083e-06,False,0.6590826397490445,0.6935842277864341,0.0
29,0.2,0.05,1.5,50.0,0.5,0.5,1.0,3000,0.5,-5.16226642047936e-05,beta_estimated_mean,500,0,-0.0009316030000302,4.464589980106364e-06,0.0009369260904399,0.0,4.336808689942019e-19,0.0076243404615522,0.0,0.0,0.0,-0.0009849664903685,5.429446214844091e-07,5.696087327589083e-06,False,0.6590826397490445,0.6935842277864341,0.0
29,0.2,0.05,1.5,50.0,0.5,0.5,1.0,3000,0.5,-5.16226642047936e-05,risk_only,500,0,-1.6703405134707803e-06,2.064653265141571e-06,4.615109746209247e-05,0.1,0.0766775627373017,0.1294219096319401,0.006,5.472002405708121e-06,7.113966792512701e-07,-0.0009849664903685,5.429446214844091e-07,5.696087327589083e-06,False,0.6590826397490445,0.6935842277864341,0.10599999999999998
29,0.2,0.05,1.5,50.0,0.5,0.5,1.0,3000,0.5,-5.16226642047936e-05,outcome_based,500,0,-1.904400246187305e-05,3.3430239898288074e-05,0.0007470177795197,0.356,0.3152745600260401,0.398921250026887,0.194,2.839246531263647e-05,1.1496820299728615e-06,-0.0009849664903685,5.429446214844091e-07,5.696087327589083e-06,False,0.6590826397490445,0.6935842277864341,0.5499999999999998
29,0.2,0.05,1.5,50.0,0.5,0.5,1.0,3000,0.5,-5.16226642047936e-05,beta_known_mean,500,0,-0.0009312433405819,3.892824198017897e-06,0.0009352946302723,0.0,4.336808689942019e-19,0.0076243404615522,0.0,0.0,0.0,-0.0009849664903685,5.429446214844091e-07,5.696087327589083e-06,False,0.6590826397490445,0.6935842277864341,0.0
29,0.2,0.05,1.5,50.0,0.5,0.5,1.0,10000,0.0588235294117647,-0.0003038929852033,beta_estimated_mean,500,0,-0.0006927867422668,6.619037969128269e-05,0.0016328366377978,0.264,0.2272678314130519,0.3043308572848008,0.0,8.02277480936806e-05,5.996685507381755e-06,-0.000927833078047,5.429446214844091e-07,5.696087327589083e-06,False,0.6590826397490445,0.6935842277864341,0.26400000000003093
29,0.2,0.05,1.5,50.0,0.5,0.5,1.0,10000,0.0588235294117647,-0.0003038929852033,risk_only,500,0,-7.087668564397082e-05,6.727468101996767e-05,0.0015044729891329,0.418,0.3755530480719333,0.4616973437637613,0.0,0.0001270272678149,6.709961614621894e-06,-0.000927833078047,5.429446214844091e-07,5.696087327589083e-06,False,0.6590826397490445,0.6935842277864341,0.4179999999997387
29,0.2,0.05,1.5,50.0,0.5,0.5,1.0,10000,0.0588235294117647,-0.0003038929852033,outcome_based,500,0,-5.83201479588813e-06,2.178898933780209e-05,0.0004867640912409,0.248,0.2121642083459476,0.2876784592466748,0.008,7.779660421205392e-05,5.937134026819491e-06,-0.000927833078047,5.429446214844091e-07,5.696087327589083e-06,False,0.6590826397490445,0.6935842277864341,0.25600000000003
29,0.2,0.05,1.5,50.0,0.5,0.5,1.0,10000,0.0588235294117647,-0.0003038929852033,beta_known_mean,500,0,-0.0006227639085989,1.7428618872724115e-06,0.0006239796727978,0.0,4.336808689942019e-19,0.0076243404615522,0.0,0.0,0.0,-0.000927833078047,5.429446214844091e-07,5.696087327589083e-06,False,0.6590826397490445,0.6935842277864341,0.0
29,0.2,0.05,1.5,50.0,0.5,0.5,1.0,10000,0.1111111111111111,-0.0039112526300845,beta_estimated_mean,500,0,-0.0006226841935157,6.290687944978456e-05,0.0015370153123593,0.0,4.336808689942019e-19,0.0076243404615522,0.0,0.0,0.0,-0.0044700500376416,5.429446214844091e-07,5.696087327589083e-06,False,0.6590826397490445,0.6935842277864341,0.0
29,0.2,0.05,1.5,50.0,0.5,0.5,1.0,10000,0.1111111111111111,-0.0039112526300845,risk_only,500,0,-6.521526712772496e-05,6.623347986265928e-05,0.0014809804470587,0.002,0.0003531363945592,0.0112407067051467,0.0,7.822505260169143e-06,7.822505260169145e-06,-0.0044700500376416,5.429446214844091e-07,5.696087327589083e-06,False,0.6590826397490445,0.6935842277864341,0.002000000000000037
29,0.2,0.05,1.5,50.0,0.5,0.5,1.0,10000,0.1111111111111111,-0.0039112526300845,outcome_based,500,0,-8.047369913846996e-06,8.394279484036745e-05,0.0018751572654481,0.01,0.0042787538965904,0.0231930997557307,0.0,3.911252630084572e-05,1.742140562778148e-05,-0.0044700500376416,5.429446214844091e-07,5.696087327589083e-06,False,0.6590826397490445,0.6935842277864341,0.010000000000000184
29,0.2,0.05,1.5,50.0,0.5,0.5,1.0,10000,0.1111111111111111,-0.0039112526300845,beta_known_mean,500,0,-0.0005568625892324,7.776182671529544e-06,0.0005833266518343,0.0,4.336808689942019e-19,0.0076243404615522,0.0,0.0,0.0,-0.0044700500376416,5.429446214844091e-07,5.696087327589083e-06,False,0.6590826397490445,0.6935842277864341,0.0
29,0.2,0.05,1.5,50.0,0.5,0.5,1.0,10000,0.2,-0.0126804438879455,beta_estimated_mean,500,0,0.0025353499918386,4.5858601268344847e-05,0.0027344839046793,0.0,4.336808689942019e-19,0.0076243404615522,0.0,0.0,0.0,-0.0101068065182592,5.429446214844091e-07,5.696087327589083e-06,False,0.6590826397490445,0.6935842277864341,0.0
29,0.2,0.05,1.5,50.0,0.5,0.5,1.0,10000,0.2,-0.0126804438879455,risk_only,500,0,-4.2911345088453374e-05,4.916497624237812e-05,0.001099100374445,0.0,4.336808689942019e-19,0.0076243404615522,0.0,0.0,0.0,-0.0101068065182592,5.429446214844091e-07,5.696087327589083e-06,False,0.6590826397490445,0.6935842277864341,0.0
29,0.2,0.05,1.5,50.0,0.5,0.5,1.0,10000,0.2,-0.0126804438879455,outcome_based,500,0,0.0001710438879454,0.0001435341854918,0.0032108698434542,0.0,4.336808689942019e-19,0.0076243404615522,0.0,0.0,0.0,-0.0101068065182592,5.429446214844091e-07,5.696087327589083e-06,False,0.6590826397490445,0.6935842277864341,0.0
29,0.2,0.05,1.5,50.0,0.5,0.5,1.0,10000,0.2,-0.0126804438879455,beta_known_mean,500,0,0.0025739057789253,1.7523152969834345e-05,0.0026035004019391,0.0,4.336808689942019e-19,0.0076243404615522,0.0,0.0,0.0,-0.0101068065182592,5.429446214844091e-07,5.696087327589083e-06,False,0.6590826397490445,0.6935842277864341,0.0
29,0.2,0.05,1.5,50.0,0.5,0.5,1.0,10000,0.3333333333333333,-0.0059345654722156,beta_estimated_mean,500,0,-0.0009654785531475,1.749682785303405e-05,0.0010415911818282,0.0,4.336808689942019e-19,0.0076243404615522,0.0,0.0,0.0,-0.0068970258953131,5.429446214844091e-07,5.696087327589083e-06,False,0.6590826397490445,0.6935842277864341,0.0
29,0.2,0.05,1.5,50.0,0.5,0.5,1.0,10000,0.3333333333333333,-0.0059345654722156,risk_only,500,0,-8.330244013226643e-07,1.7622625771974442e-05,0.0003936605219476,0.0,4.336808689942019e-19,0.0076243404615522,0.0,0.0,0.0,-0.0068970258953131,5.429446214844091e-07,5.696087327589083e-06,False,0.6590826397490445,0.6935842277864341,0.0
29,0.2,0.05,1.5,50.0,0.5,0.5,1.0,10000,0.3333333333333333,-0.0059345654722156,outcome_based,500,0,-5.983452778438615e-05,0.0001369081625394,0.003058881954361,0.022,0.0123280082699275,0.0389608612113163,0.0,0.0001305604403887,3.89690142818084e-05,-0.0068970258953131,5.429446214844091e-07,5.696087327589083e-06,False,0.6590826397490445,0.6935842277864341,0.02199999999999272
29,0.2,0.05,1.5,50.0,0.5,0.5,1.0,10000,0.3333333333333333,-0.0059345654722156,beta_known_mean,500,0,-0.0009585038310016,1.2082027358919284e-05,0.0009957767376327,0.0,4.336808689942019e-19,0.0076243404615522,0.0,0.0,0.0,-0.0068970258953131,5.429446214844091e-07,5.696087327589083e-06,False,0.6590826397490445,0.6935842277864341,0.0
29,0.2,0.05,1.5,50.0,0.5,0.5,1.0,10000,0.5,-5.16226642047936e-05,beta_estimated_mean,500,0,-0.0009317919287439,2.420831669184033e-06,0.0009333598186292,0.0,4.336808689942019e-19,0.0076243404615522,0.0,0.0,0.0,-0.0009849664903685,5.429446214844091e-07,5.696087327589083e-06,False,0.6590826397490445,0.6935842277864341,0.0
29,0.2,0.05,1.5,50.0,0.5,0.5,1.0,10000,0.5,-5.16226642047936e-05,risk_only,500,0,4.723532490319595e-07,1.118166436275916e-06,2.4982412033661766e-05,0.01,0.0042787538965904,0.0231930997557307,0.0,5.162266420479359e-07,2.2993640599457242e-07,-0.0009849664903685,5.429446214844091e-07,5.696087327589083e-06,False,0.6590826397490445,0.6935842277864341,0.009999999999999998
29,0.2,0.05,1.5,50.0,0.5,0.5,1.0,10000,0.5,-5.16226642047936e-05,outcome_based,500,0,-3.377335795206404e-06,1.811978623788408e-05,0.0004047794540204,0.408,0.3657823909308153,0.4516204877141103,0.08,2.5191860131939272e-05,1.1551410912253743e-06,-0.0009849664903685,5.429446214844091e-07,5.696087327589083e-06,False,0.6590826397490445,0.6935842277864341,0.48799999999999993
29,0.2,0.05,1.5,50.0,0.5,0.5,1.0,10000,0.5,-5.16226642047936e-05,beta_known_mean,500,0,-0.000931489744846,2.1267607419620434e-06,0.0009327004756452,0.0,4.336808689942019e-19,0.0076243404615522,0.0,0.0,0.0,-0.0009849664903685,5.429446214844091e-07,5.696087327589083e-06,False,0.6590826397490445,0.6935842277864341,0.0
30,0.2,0.05,1.5,50.0,0.5,0.9,0.5,500,0.0588235294117647,-0.0003957638824928,beta_estimated_mean,500,0,-0.0005269156309124,0.0002833907352403,0.0063523605205717,0.464,0.4207281870075268,0.5078207655057051,0.0,0.0001836344414766,8.835421449364734e-06,-0.000927833078047,2.7297064523645886e-05,0.0005748958041771,False,0.6578455628183637,0.6791141382331478,0.4639999999998504
30,0.2,0.05,1.5,50.0,0.5,0.9,0.5,500,0.0588235294117647,-0.0003957638824928,risk_only,500,0,-4.773967505628751e-06,0.0002813233342721,0.0062842890747763,0.496,0.4523731491140454,0.539687845609647,0.0,0.0001962988857164,8.858128815132754e-06,-0.000927833078047,2.7297064523645886e-05,0.0005748958041771,False,0.6578455628183637,0.6791141382331478,0.4959999999999272
30,0.2,0.05,1.5,50.0,0.5,0.9,0.5,500,0.0588235294117647,-0.0003957638824928,outcome_based,500,0,6.75138824927967e-05,0.0001026377630104,0.0022937477655202,0.404,0.3618792246930682,0.4475846486755498,0.016,0.0001662208306469,8.74428949037605e-06,-0.000927833078047,2.7297064523645886e-05,0.0005748958041771,False,0.6578455628183637,0.6791141382331478,0.4199999999998079
30,0.2,0.05,1.5,50.0,0.5,0.9,0.5,500,0.0588235294117647,-0.0003957638824928,beta_known_mean,500,0,-0.0005361589781704,1.5289354412148357e-05,0.0006357002947022,0.0,4.336808689942019e-19,0.0076243404615522,0.0,0.0,0.0,-0.000927833078047,2.7297064523645886e-05,0.0005748958041771,False,0.6578455628183637,0.6791141382331478,0.0
30,0.2,0.05,1.5,50.0,0.5,0.9,0.5,500,0.1111111111111111,-0.0009391664870452,beta_estimated_mean,500,0,-0.0034810384388187,0.0002887411362512,0.007329391451588,0.262,0.2253762694172376,0.3022529166424613,0.0,0.0002460616196058,1.8487200047842052e-05,-0.0044700500376416,2.7297064523645886e-05,0.0005748958041771,False,0.6578455628183637,0.6791141382331478,0.2619999999999548
30,0.2,0.05,1.5,50.0,0.5,0.9,0.5,500,0.1111111111111111,-0.0009391664870452,risk_only,500,0,1.4144573701423413e-06,0.0002825097455986,0.0063107898414888,0.474,0.4305981140734963,0.5177983516305045,0.0,0.0004451649148594,2.0992992810444538e-05,-0.0044700500376416,2.7297064523645886e-05,0.0005748958041771,False,0.6578455628183637,0.6791141382331478,0.47399999999997355
30,0.2,0.05,1.5,50.0,0.5,0.9,0.5,500,0.1111111111111111,-0.0009391664870452,outcome_based,500,0,-2.283351295467825e-05,0.0003522929642574,0.0078696618332245,0.45,0.4069396517813318,0.4938227822648235,0.014,0.000435773249989,2.0966874672589784e-05,-0.0044700500376416,2.7297064523645886e-05,0.0005748958041771,False,0.6578455628183637,0.6791141382331478,0.46400000000002894
30,0.2,0.05,1.5,50.0,0.5,0.9,0.5,500,0.1111111111111111,-0.0009391664870452,beta_known_mean,500,0,-0.0034961261738935,6.274309066070921e-05,0.0037666044710305,0.0,4.336808689942019e-19,0.0076243404615522,0.0,0.0,0.0,-0.0044700500376416,2.7297064523645886e-05,0.0005748958041771,False,0.6578455628183637,0.6791141382331478,0.0
30,0.2,0.05,1.5,50.0,0.5,0.9,0.5,500,0.2,-0.0043643655474703,beta_estimated_mean,500,0,-0.0056506126842801,0.0002535236991465,0.0080001426522401,0.022,0.0123280082699275,0.0389608612113163,0.0,9.601604204434736e-05,2.865837846876232e-05,-0.0101068065182592,2.7297064523645886e-05,0.0005748958041771,False,0.6578455628183637,0.6791141382331478,0.022000000000000172
30,0.2,0.05,1.5,50.0,0.5,0.9,0.5,500,0.2,-0.0043643655474703,risk_only,500,0,6.3498200224908486e-06,0.000245233244657,0.0054780994074986,0.242,0.2065178085511286,0.2814163511270323,0.0,0.0010561764624878,8.367835457323161e-05,-0.0101068065182592,2.7297064523645886e-05,0.0005748958041771,False,0.6578455628183637,0.6791141382331478,0.2419999999999971
30,0.2,0.05,1.5,50.0,0.5,0.9,0.5,500,0.2,-0.0043643655474703,outcome_based,500,0,-0.0006926344525296,0.0007120312345381,0.0159206467671647,0.37,0.3288222637742394,0.4131600647457642,0.014,0.0016759163702286,9.502257918222896e-05,-0.0101068065182592,2.7297064523645886e-05,0.0005748958041771,False,0.6578455628183637,0.6791141382331478,0.38400000000000106
30,0.2,0.05,1.5,50.0,0.5,0.9,0.5,500,0.2,-0.0043643655474703,beta_known_mean,500,0,-0.0056437273059804,0.0001352827152897,0.0064018796473606,0.0,4.336808689942019e-19,0.0076243404615522,0.0,0.0,0.0,-0.0101068065182592,2.7297064523645886e-05,0.0005748958041771,False,0.6578455628183637,0.6791141382331478,0.0
30,0.2,0.05,1.5,50.0,0.5,0.9,0.5,500,0.3333333333333333,-0.0124990114030796,beta_estimated_mean,500,0,0.0056076194666194,0.0001256862278305,0.0062712130395705,0.0,4.336808689942019e-19,0.0076243404615522,0.0,0.0,0.0,-0.0068970258953131,2.7297064523645886e-05,0.0005748958041771,False,0.6578455628183637,0.6791141382331478,0.0
30,0.2,0.05,1.5,50.0,0.5,0.9,0.5,500,0.3333333333333333,-0.0124990114030796,risk_only,500,0,0.0001044512902337,0.0001490055277407,0.0033301698265077,0.0,4.336808689942019e-19,0.0076243404615522,0.0,0.0,0.0,-0.0068970258953131,2.7297064523645886e-05,0.0005748958041771,False,0.6578455628183637,0.6791141382331478,0.0
30,0.2,0.05,1.5,50.0,0.5,0.9,0.5,500,0.3333333333333333,-0.0124990114030796,outcome_based,500,0,0.0001590114030796,0.0006417292519947,0.0143360275050764,0.182,0.1506464452041556,0.2182026353293916,0.014,0.0024498062350036,0.0002221168222368,-0.0068970258953131,2.7297064523645886e-05,0.0005748958041771,False,0.6578455628183637,0.6791141382331478,0.19599999999999987
30,0.2,0.05,1.5,50.0,0.5,0.9,0.5,500,0.3333333333333333,-0.0124990114030796,beta_known_mean,500,0,0.0056455250347985,9.903282531462972e-05,0.0060634887369357,0.0,4.336808689942019e-19,0.0076243404615522,0.0,0.0,0.0,-0.0068970258953131,2.7297064523645886e-05,0.0005748958041771,False,0.6578455628183637,0.6791141382331478,0.0
30,0.2,0.05,1.5,50.0,0.5,0.9,0.5,500,0.5,-0.0028998152651744,beta_estimated_mean,500,0,0.0018756596635151,2.1785544959787897e-05,0.0019377640589003,0.0,4.336808689942019e-19,0.0076243404615522,0.0,0.0,0.0,-0.0009849664903685,2.7297064523645886e-05,0.0005748958041771,False,0.6578455628183637,0.6791141382331478,0.0
30,0.2,0.05,1.5,50.0,0.5,0.9,0.5,500,0.5,-0.0028998152651744,risk_only,500,0,-2.0813158062461217e-05,4.8560000703523695e-05,0.0010849479010732,0.0,4.336808689942019e-19,0.0076243404615522,0.0,0.0,0.0,-0.0009849664903685,2.7297064523645886e-05,0.0005748958041771,False,0.6578455628183637,0.6791141382331478,0.0
30,0.2,0.05,1.5,50.0,0.5,0.9,0.5,500,0.5,-0.0028998152651744,outcome_based,500,0,-0.0003321847348255,0.0003431382224109,0.0076723218583458,0.286,0.2481400532160928,0.3271231645014515,0.092,0.0010961301702359,6.294498743522216e-05,-0.0009849664903685,2.7297064523645886e-05,0.0005748958041771,False,0.6578455628183637,0.6791141382331478,0.37799999999999206
30,0.2,0.05,1.5,50.0,0.5,0.9,0.5,500,0.5,-0.0028998152651744,beta_known_mean,500,0,0.0018873339757891,1.971965370451474e-05,0.0019380590916013,0.0,4.336808689942019e-19,0.0076243404615522,0.0,0.0,0.0,-0.0009849664903685,2.7297064523645886e-05,0.0005748958041771,False,0.6578455628183637,0.6791141382331478,0.0
30,0.2,0.05,1.5,50.0,0.5,0.9,0.5,3000,0.0588235294117647,-0.0003957638824928,beta_estimated_mean,500,0,-0.0003258498340616,0.000122338075963,0.0027521834831092,0.396,0.3540817035027573,0.4395041593132456,0.0,0.0001567224974671,8.664668411186475e-06,-0.000927833078047,2.7297064523645886e-05,0.0005748958041771,False,0.6578455628183637,0.6791141382331478,0.3959999999998767
30,0.2,0.05,1.5,50.0,0.5,0.9,0.5,3000,0.0588235294117647,-0.0003957638824928,risk_only,500,0,0.0002011661868914,0.0001222232275968,0.0027376610453956,0.476,0.4325741894332142,0.5197917789089403,0.0,0.0001883836080665,8.848201513106448e-06,-0.000927833078047,2.7297064523645886e-05,0.0005748958041771,False,0.6578455628183637,0.6791141382331478,0.47599999999981607
30,0.2,0.05,1.5,50.0,0.5,0.9,0.5,3000,0.0588235294117647,-0.0003957638824928,outcome_based,500,0,-2.431945084055942e-05,4.198609505830918e-05,0.0009382135645116,0.306,0.2672134637311363,0.3477447803679459,0.006,0.0001234783313377,8.20837901049768e-06,-0.000927833078047,2.7297064523645886e-05,0.0005748958041771,False,0.6578455628183637,0.6791141382331478,0.31199999999986455
30,0.2,0.05,1.5,50.0,0.5,0.9,0.5,3000,0.0588235294117647,-0.0003957638824928,beta_known_mean,500,0,-0.0005328377189122,5.849303675519909e-06,0.0005486246413408,0.0,4.336808689942019e-19,0.0076243404615522,0.0,0.0,0.0,-0.000927833078047,2.7297064523645886e-05,0.0005748958041771,False,0.6578455628183637,0.6791141382331478,0.0
30,0.2,0.05,1.5,50.0,0.5,0.9,0.5,3000,0.1111111111111111,-0.0009391664870452,beta_estimated_mean,500,0,-0.003340073591498,0.0001224447865498,0.0043171126632841,0.054,0.0373743501810575,0.077426561510647,0.0,5.07149903004461e-05,9.502431820363948e-06,-0.0044700500376416,2.7297064523645886e-05,0.0005748958041771,False,0.6578455628183637,0.6791141382331478,0.05400000000000564
30,0.2,0.05,1.5,50.0,0.5,0.9,0.5,3000,0.1111111111111111,-0.0009391664870452,risk_only,500,0,0.0001759010291383,0.0001223516488139,0.0027387833484661,0.38,0.3385223307845575,0.423307510926215,0.0,0.0003568832650772,2.040703724820924e-05,-0.0044700500376416,2.7297064523645886e-05,0.0005748958041771,False,0.6578455628183637,0.6791141382331478,0.38000000000002554
30,0.2,0.05,1.5,50.0,0.5,0.9,0.5,3000,0.1111111111111111,-0.0009391664870452,outcome_based,500,0,-3.4166846288241265e-05,0.0001391648916482,0.0031088959519507,0.358,0.317207603401289,0.4009577092897918,0.004,0.0003399782683103,2.0204910859507592e-05,-0.0044700500376416,2.7297064523645886e-05,0.0005748958041771,False,0.6578455628183637,0.6791141382331478,0.36199999999993354
30,0.2,0.05,1.5,50.0,0.5,0.9,0.5,3000,0.1111111111111111,-0.0009391664870452,beta_known_mean,500,0,-0.0035292124228298,2.3785044011983755e-05,0.0035689828742183,0.0,4.336808689942019e-19,0.0076243404615522,0.0,0.0,0.0,-0.0044700500376416,2.7297064523645886e-05,0.0005748958041771,False,0.6578455628183637,0.6791141382331478,0.0
30,0.2,0.05,1.5,50.0,0.5,0.9,0.5,3000,0.2,-0.0043643655474703,beta_estimated_mean,500,0,-0.0056282381025055,0.0001026739143052,0.0060776219481962,0.0,4.336808689942019e-19,0.0076243404615522,0.0,0.0,0.0,-0.0101068065182592,2.7297064523645886e-05,0.0005748958041771,False,0.6578455628183637,0.6791141382331478,0.0
30,0.2,0.05,1.5,50.0,0.5,0.9,0.5,3000,0.2,-0.0043643655474703,risk_only,500,0,8.295818944968912e-05,0.0001001987068129,0.002239806398741,0.028,0.0167509747207564,0.0464464026749488,0.0,0.0001222022353291,3.223168381629097e-05,-0.0101068065182592,2.7297064523645886e-05,0.0005748958041771,False,0.6578455628183637,0.6791141382331478,0.027999999999984326
30,0.2,0.05,1.5,50.0,0.5,0.9,0.5,3000,0.2,-0.0043643655474703,outcome_based,500,0,0.0005876988808034,0.0002871845611563,0.006442080493568,0.27,0.2329485392031058,0.3105586574092084,0.004,0.0011958361600068,8.713937440842141e-05,-0.0101068065182592,2.7297064523645886e-05,0.0005748958041771,False,0.6578455628183637,0.6791141382331478,0.2739999999999857
30,0.2,0.05,1.5,50.0,0.5,0.9,0.5,3000,0.2,-0.0043643655474703,beta_known_mean,500,0,-0.0057385680695821,5.09234528654577e-05,0.0058502281423074,0.0,4.336808689942019e-19,0.0076243404615522,0.0,0.0,0.0,-0.0101068065182592,2.7297064523645886e-05,0.0005748958041771,False,0.6578455628183637,0.6791141382331478,0.0
30,0.2,0.05,1.5,50.0,0.5,0.9,0.5,3000,0.3333333333333333,-0.0124990114030796,beta_estimated_mean,500,0,0.0056223180778452,4.882790122142193e-05,0.0057271422518889,0.0,4.336808689942019e-19,0.0076243404615522,0.0,0.0,0.0,-0.0068970258953131,2.7297064523645886e-05,0.0005748958041771,False,0.6578455628183637,0.6791141382331478,0.0
30,0.2,0.05,1.5,50.0,0.5,0.9,0.5,3000,0.3333333333333333,-0.0124990114030796,risk_only,500,0,3.517453392353704e-05,5.627748549504075e-05,0.001257635789601,0.0,4.336808689942019e-19,0.0076243404615522,0.0,0.0,0.0,-0.0068970258953131,2.7297064523645886e-05,0.0005748958041771,False,0.6578455628183637,0.6791141382331478,0.0
30,0.2,0.05,1.5,50.0,0.5,0.9,0.5,3000,0.3333333333333333,-0.0124990114030796,outcome_based,500,0,0.0003130114030796,0.0002479107247678,0.0055467450039151,0.016,0.0081292530333883,0.0312511085333942,0.0,0.0001999841824492,7.020740678313603e-05,-0.0068970258953131,2.7297064523645886e-05,0.0005748958041771,False,0.6578455628183637,0.6791141382331478,0.015999999999994113
30,0.2,0.05,1.5,50.0,0.5,0.9,0.5,3000,0.3333333333333333,-0.0124990114030796,beta_known_mean,500,0,0.0056037651667862,3.76158723403431e-05,0.0056664138585702,0.0,4.336808689942019e-19,0.0076243404615522,0.0,0.0,0.0,-0.0068970258953131,2.7297064523645886e-05,0.0005748958041771,False,0.6578455628183637,0.6791141382331478,0.0
30,0.2,0.05,1.5,50.0,0.5,0.9,0.5,3000,0.5,-0.0028998152651744,beta_estimated_mean,500,0,0.0019105034734401,8.216005521880847e-06,0.0019192986720799,0.0,4.336808689942019e-19,0.0076243404615522,0.0,0.0,0.0,-0.0009849664903685,2.7297064523645886e-05,0.0005748958041771,False,0.6578455628183637,0.6791141382331478,0.0
30,0.2,0.05,1.5,50.0,0.5,0.9,0.5,3000,0.5,-0.0028998152651744,risk_only,500,0,2.0791346310858203e-05,1.8718461174189616e-05,0.0004186553399366,0.0,4.336808689942019e-19,0.0076243404615522,0.0,0.0,0.0,-0.0009849664903685,2.7297064523645886e-05,0.0005748958041771,False,0.6578455628183637,0.6791141382331478,0.0
30,0.2,0.05,1.5,50.0,0.5,0.9,0.5,3000,0.5,-0.0028998152651744,outcome_based,500,0,0.000310481931841,0.0001373948665904,0.0030848332796657,0.182,0.1506464452041556,0.2182026353293916,0.018,0.0005799630530348,5.1925423853533057e-05,-0.0009849664903685,2.7297064523645886e-05,0.0005748958041771,False,0.6578455628183637,0.6791141382331478,0.19999999999997245
30,0.2,0.05,1.5,50.0,0.5,0.9,0.5,3000,0.5,-0.0028998152651744,beta_known_mean,500,0,0.0019110609674551,7.500621959696116e-06,0.0019183918856406,0.0,4.336808689942019e-19,0.0076243404615522,0.0,0.0,0.0,-0.0009849664903685,2.7297064523645886e-05,0.0005748958041771,False,0.6578455628183637,0.6791141382331478,0.0
30,0.2,0.05,1.5,50.0,0.5,0.9,0.5,10000,0.0588235294117647,-0.0003957638824928,beta_estimated_mean,500,0,-0.000434137133258,6.65257666812836e-05,0.0015481886800733,0.306,0.2672134637311363,0.3477447803679459,0.0,0.0001211037480428,8.164438716702627e-06,-0.000927833078047,2.7297064523645886e-05,0.0005748958041771,False,0.6578455628183637,0.6791141382331478,0.30600000000000804
30,0.2,0.05,1.5,50.0,0.5,0.9,0.5,10000,0.0588235294117647,-0.0003957638824928,risk_only,500,0,9.808461240615255e-05,6.640622589992791e-05,0.0014866419284712,0.45,0.4069396517813318,0.4938227822648235,0.0,0.0001780937471217,8.81400894012824e-06,-0.000927833078047,2.7297064523645886e-05,0.0005748958041771,False,0.6578455628183637,0.6791141382331478,0.44999999999984835
30,0.2,0.05,1.5,50.0,0.5,0.9,0.5,10000,0.0588235294117647,-0.0003957638824928,outcome_based,500,0,-2.0173617506739737e-05,2.3347400297226524e-05,0.0005219314361696,0.194,0.1617264666432368,0.2309396297192332,0.002,7.756972096859316e-05,7.033021500706408e-06,-0.000927833078047,2.7297064523645886e-05,0.0005748958041771,False,0.6578455628183637,0.6791141382331478,0.19600000000001103
30,0.2,0.05,1.5,50.0,0.5,0.9,0.5,10000,0.0588235294117647,-0.0003957638824928,beta_known_mean,500,0,-0.0005289500553878,3.172264850639424e-06,0.0005336756786399,0.0,4.336808689942019e-19,0.0076243404615522,0.0,0.0,0.0,-0.000927833078047,2.7297064523645886e-05,0.0005748958041771,False,0.6578455628183637,0.6791141382331478,0.0
30,0.2,0.05,1.5,50.0,0.5,0.9,0.5,10000,0.1111111111111111,-0.0009391664870452,beta_estimated_mean,500,0,-0.0034312071324433,6.661037440965939e-05,0.003739948720671,0.006,0.0020425962719602,0.0174902521040533,0.0,5.634998922271789e-06,3.246841822849594e-06,-0.0044700500376416,2.7297064523645886e-05,0.0005748958041771,False,0.6578455628183637,0.6791141382331478,0.006000000000000626
30,0.2,0.05,1.5,50.0,0.5,0.9,0.5,10000,0.1111111111111111,-0.0009391664870452,risk_only,500,0,9.542849370012868e-05,6.621560698807394e-05,0.0014822197526684,0.294,0.2557584874357568,0.3353827408344027,0.0,0.0002761149471913,1.9154390179541285e-05,-0.0044700500376416,2.7297064523645886e-05,0.0005748958041771,False,0.6578455628183637,0.6791141382331478,0.2940000000000119
30,0.2,0.05,1.5,50.0,0.5,0.9,0.5,10000,0.1111111111111111,-0.0009391664870452,outcome_based,500,0,1.4766487045276084e-05,8.228263878420191e-05,0.0018381142345186,0.3,0.2614819321406983,0.3415678040439227,0.002,0.0002836282790876,1.93029416076384e-05,-0.0044700500376416,2.7297064523645886e-05,0.0005748958041771,False,0.6578455628183637,0.6791141382331478,0.3019999999999463
30,0.2,0.05,1.5,50.0,0.5,0.9,0.5,10000,0.1111111111111111,-0.0009391664870452,beta_known_mean,500,0,-0.0035179550470398,1.2946484682754084e-05,0.0035298223516698,0.0,4.336808689942019e-19,0.0076243404615522,0.0,0.0,0.0,-0.0044700500376416,2.7297064523645886e-05,0.0005748958041771,False,0.6578455628183637,0.6791141382331478,0.0
30,0.2,0.05,1.5,50.0,0.5,0.9,0.5,10000,0.2,-0.0043643655474703,beta_estimated_mean,500,0,-0.0056648270333258,5.5788249047192925e-05,0.0058002859717985,0.0,4.336808689942019e-19,0.0076243404615522,0.0,0.0,0.0,-0.0101068065182592,2.7297064523645886e-05,0.0005748958041771,False,0.6578455628183637,0.6791141382331478,0.0
30,0.2,0.05,1.5,50.0,0.5,0.9,0.5,10000,0.2,-0.0043643655474703,risk_only,500,0,7.299849462086134e-05,5.344540491473068e-05,0.0011961095360209,0.0,4.336808689942019e-19,0.0076243404615522,0.0,0.0,0.0,-0.0101068065182592,2.7297064523645886e-05,0.0005748958041771,False,0.6578455628183637,0.6791141382331478,0.0
30,0.2,0.05,1.5,50.0,0.5,0.9,0.5,10000,0.2,-0.0043643655474703,outcome_based,500,0,-3.473445252927161e-05,0.0001563667307613,0.0034931408749424,0.114,0.0890369009940028,0.1448490898423155,0.002,0.0005062664035065,6.25642111514767e-05,-0.0101068065182592,2.7297064523645886e-05,0.0005748958041771,False,0.6578455628183637,0.6791141382331478,0.11599999999998745
30,0.2,0.05,1.5,50.0,0.5,0.9,0.5,10000,0.2,-0.0043643655474703,beta_known_mean,500,0,-0.0057163342324844,2.777955769982186e-05,0.0057499180226022,0.0,4.336808689942019e-19,0.0076243404615522,0.0,0.0,0.0,-0.0101068065182592,2.7297064523645886e-05,0.0005748958041771,False,0.6578455628183637,0.6791141382331478,0.0
30,0.2,0.05,1.5,50.0,0.5,0.9,0.5,10000,0.3333333333333333,-0.0124990114030796,beta_estimated_mean,500,0,0.005632401841842,2.65141554565234e-05,0.0056634572239342,0.0,4.336808689942019e-19,0.0076243404615522,0.0,0.0,0.0,-0.0068970258953131,2.7297064523645886e-05,0.0005748958041771,False,0.6578455628183637,0.6791141382331478,0.0
30,0.2,0.05,1.5,50.0,0.5,0.9,0.5,10000,0.3333333333333333,-0.0124990114030796,risk_only,500,0,2.8217980051757208e-05,3.08535526426592e-05,0.000689793569138,0.0,4.336808689942019e-19,0.0076243404615522,0.0,0.0,0.0,-0.0068970258953131,2.7297064523645886e-05,0.0005748958041771,False,0.6578455628183637,0.6791141382331478,0.0
30,0.2,0.05,1.5,50.0,0.5,0.9,0.5,10000,0.3333333333333333,-0.0124990114030796,outcome_based,500,0,6.101140307946914e-05,0.0001340947979216,0.0029960721605638,0.0,4.336808689942019e-19,0.0076243404615522,0.0,0.0,0.0,-0.0068970258953131,2.7297064523645886e-05,0.0005748958041771,False,0.6578455628183637,0.6791141382331478,0.0
30,0.2,0.05,1.5,50.0,0.5,0.9,0.5,10000,0.3333333333333333,-0.0124990114030796,beta_known_mean,500,0,0.0056225627008005,2.046015223773836e-05,0.0056411081908965,0.0,4.336808689942019e-19,0.0076243404615522,0.0,0.0,0.0,-0.0068970258953131,2.7297064523645886e-05,0.0005748958041771,False,0.6578455628183637,0.6791141382331478,0.0
30,0.2,0.05,1.5,50.0,0.5,0.9,0.5,10000,0.5,-0.0028998152651744,beta_estimated_mean,500,0,0.0019182373499517,4.449166399356808e-06,0.0019208103176766,0.0,4.336808689942019e-19,0.0076243404615522,0.0,0.0,0.0,-0.0009849664903685,2.7297064523645886e-05,0.0005748958041771,False,0.6578455628183637,0.6791141382331478,0.0
30,0.2,0.05,1.5,50.0,0.5,0.9,0.5,10000,0.5,-0.0028998152651744,risk_only,500,0,7.23517907112991e-06,1.045839809440992e-05,0.0002337349248102,0.0,4.336808689942019e-19,0.0076243404615522,0.0,0.0,0.0,-0.0009849664903685,2.7297064523645886e-05,0.0005748958041771,False,0.6578455628183637,0.6791141382331478,0.0
30,0.2,0.05,1.5,50.0,0.5,0.9,0.5,10000,0.5,-0.0028998152651744,outcome_based,500,0,-9.278473482559498e-05,7.272708531129068e-05,0.0016272474449255,0.036,0.0228910609802927,0.0561843269680277,0.004,0.0001159926106069,2.543815862377963e-05,-0.0009849664903685,2.7297064523645886e-05,0.0005748958041771,False,0.6578455628183637,0.6791141382331478,0.03999999999997379
30,0.2,0.05,1.5,50.0,0.5,0.9,0.5,10000,0.5,-0.0028998152651744,beta_known_mean,500,0,0.0019181785627307,4.056892984088699e-06,0.0019203181326231,0.0,4.336808689942019e-19,0.0076243404615522,0.0,0.0,0.0,-0.0009849664903685,2.7297064523645886e-05,0.0005748958041771,False,0.6578455628183637,0.6791141382331478,0.0
31,0.2,0.05,1.5,50.0,0.5,0.9,1.0,500,0.0588235294117647,0.0001363053130613,beta_estimated_mean,500,0,-0.0009727070101974,0.0002900359645453,0.0065515241304467,0.554,0.5101829628154826,0.5969936084146699,0.0,7.551314343600763e-05,3.033086691667894e-06,-0.000927833078047,5.429446214844091e-07,6.8107881556755964e-09,True,0.6590826397490445,0.6634323416562644,0.5540000000003479
31,0.2,0.05,1.5,50.0,0.5,0.9,1.0,500,0.0588235294117647,0.0001363053130613,risk_only,500,0,7.193338692475277e-05,0.0002876553193388,0.0064261357129591,0.474,0.4305981140734963,0.5177983516305045,0.0,6.460871839109677e-05,3.046804263773783e-06,-0.000927833078047,5.429446214844091e-07,6.8107881556755964e-09,True,0.6590826397490445,0.6634323416562644,0.4740000000002977
31,0.2,0.05,1.5,50.0,0.5,0.9,1.0,500,0.0588235294117647,0.0001363053130613,outcome_based,500,0,4.044468693863354e-05,6.345083444513145e-05,0.0014179611984118,0.282,0.2443364332272433,0.3229877792139934,0.022,3.843809828331074e-05,2.745676003124789e-06,-0.000927833078047,5.429446214844091e-07,6.8107881556755964e-09,True,0.6590826397490445,0.6634323416562644,0.28200000000017705
31,0.2,0.05,1.5,50.0,0.5,0.9,1.0,500,0.0588235294117647,0.0001363053130613,beta_known_mean,500,0,-0.0010699760635114,1.8326535647873828e-05,0.0011456194259023,1.0,0.992375659538448,1.0,0.0,0.0001363053130613,0.0,-0.000927833078047,5.429446214844091e-07,6.8107881556755964e-09,True,0.6590826397490445,0.6634323416562644,1.0
31,0.2,0.05,1.5,50.0,0.5,0.9,1.0,500,0.1111111111111111,0.002591717063551,beta_estimated_mean,500,0,-0.0068877310701763,0.0003018687124576,0.009639090950704,0.73,0.6894413425907917,0.7670514607968943,0.0,0.0018919534563922,5.150870454331593e-05,-0.0044700500376416,5.429446214844091e-07,6.8107881556755964e-09,True,0.6590826397490445,0.6634323416562644,0.7299999999999884
31,0.2,0.05,1.5,50.0,0.5,0.9,1.0,500,0.1111111111111111,0.002591717063551,risk_only,500,0,8.612178925586628e-05,0.0002927796176653,0.0065407682513751,0.33,0.2902178997291812,0.3723743760277467,0.0,0.0008552666309718,5.455463903210322e-05,-0.0044700500376416,5.429446214844091e-07,6.8107881556755964e-09,True,0.6590826397490445,0.6634323416562644,0.32999999999998847
31,0.2,0.05,1.5,50.0,0.5,0.9,1.0,500,0.1111111111111111,0.002591717063551,outcome_based,500,0,0.0005602829364489,0.0003504424515147,0.0078483159320247,0.328,0.2882961898405897,0.3703265832781843,0.014,0.0008500831968447,5.4470187929101126e-05,-0.0044700500376416,5.429446214844091e-07,6.8107881556755964e-09,True,0.6590826397490445,0.6634323416562644,0.3279999999999892
31,0.2,0.05,1.5,50.0,0.5,0.9,1.0,500,0.1111111111111111,0.002591717063551,beta_known_mean,500,0,-0.0070001677246433,7.202347281349511e-05,0.007182677154833,1.0,0.992375659538448,1.0,0.0,0.002591717063551,0.0,-0.0044700500376416,5.429446214844091e-07,6.8107881556755964e-09,True,0.6590826397490445,0.6634323416562644,1.0
31,0.2,0.05,1.5,50.0,0.5,0.9,1.0,500,0.2,0.0013780754233185,beta_estimated_mean,500,0,-0.0112660740240935,0.0002747306228114,0.0128291622702513,0.956,0.9342805571276716,0.9707660443713928,0.0,0.0013174401046925,1.2652548161829769e-05,-0.0101068065182592,5.429446214844091e-07,6.8107881556755964e-09,True,0.6590826397490445,0.6634323416562644,0.9560000000000102
31,0.2,0.05,1.5,50.0,0.5,0.9,1.0,500,0.2,0.0013780754233185,risk_only,500,0,0.0001151212339503,0.000256129577898,0.0057226594232873,0.388,0.3462960293500537,0.4314118229133341,0.0,0.0005346932642475,3.0061752064009497e-05,-0.0101068065182592,5.429446214844091e-07,6.8107881556755964e-09,True,0.6590826397490445,0.6634323416562644,0.38799999999994345
31,0.2,0.05,1.5,50.0,0.5,0.9,1.0,500,0.2,0.0013780754233185,outcome_based,500,0,0.0006939245766815,0.0006798087317942,0.0152016231803753,0.442,0.3990759531428234,0.4858084703507167,0.02,0.0006091093371067,3.063733242853834e-05,-0.0101068065182592,5.429446214844091e-07,6.8107881556755964e-09,True,0.6590826397490445,0.6634323416562644,0.44199999999994416
31,0.2,0.05,1.5,50.0,0.5,0.9,1.0,500,0.2,0.0013780754233185,beta_known_mean,500,0,-0.0112989409389697,0.0001516455568578,0.0117958152505359,1.0,0.992375659538448,1.0,0.0,0.0013780754233185,0.0,-0.0101068065182592,5.429446214844091e-07,6.8107881556755964e-09,True,0.6590826397490445,0.6634323416562644,1.0
31,0.2,0.05,1.5,50.0,0.5,0.9,1.0,500,0.3333333333333333,-0.0181009969108462,beta_estimated_mean,500,0,0.011221255341181,0.0001444215039771,0.0116758082917925,0.006,0.0020425962719602,0.0174902521040533,0.0,0.000108605981465,6.257790776830849e-05,-0.0068970258953131,5.429446214844091e-07,6.8107881556755964e-09,False,0.6590826397490445,0.6634323416562644,0.0059999999999957344
31,0.2,0.05,1.5,50.0,0.5,0.9,1.0,500,0.3333333333333333,-0.0181009969108462,risk_only,500,0,6.446581673608856e-05,0.0001710697903003,0.0038219533677276,0.0,4.336808689942019e-19,0.0076243404615522,0.0,0.0,0.0,-0.0068970258953131,5.429446214844091e-07,6.8107881556755964e-09,False,0.6590826397490445,0.6634323416562644,0.0
31,0.2,0.05,1.5,50.0,0.5,0.9,1.0,500,0.3333333333333333,-0.0181009969108462,outcome_based,500,0,0.0015729969108462,0.0006108590094767,0.0137359213481124,0.122,0.0961592783150937,0.1536047230738397,0.016,0.0024979375736967,0.0002794765655061,-0.0068970258953131,5.429446214844091e-07,6.8107881556755964e-09,False,0.6590826397490445,0.6634323416562644,0.13799999999999582
31,0.2,0.05,1.5,50.0,0.5,0.9,1.0,500,0.3333333333333333,-0.0181009969108462,beta_known_mean,500,0,0.0112809625570324,0.0001146200743268,0.0115678804960576,0.0,4.336808689942019e-19,0.0076243404615522,0.0,0.0,0.0,-0.0068970258953131,5.429446214844091e-07,6.8107881556755964e-09,False,0.6590826397490445,0.6634323416562644,0.0
31,0.2,0.05,1.5,50.0,0.5,0.9,1.0,500,0.5,-0.0048146640399802,beta_estimated_mean,500,0,0.0037714370058008,2.707569798984352e-05,0.003819627037568,0.0,4.336808689942019e-19,0.0076243404615522,0.0,0.0,0.0,-0.0009849664903685,5.429446214844091e-07,6.8107881556755964e-09,False,0.6590826397490445,0.6634323416562644,0.0
31,0.2,0.05,1.5,50.0,0.5,0.9,1.0,500,0.5,-0.0048146640399802,risk_only,500,0,4.615240825766572e-05,5.987293427305296e-05,0.0013382561061927,0.0,4.336808689942019e-19,0.0076243404615522,0.0,0.0,0.0,-0.0009849664903685,5.429446214844091e-07,6.8107881556755964e-09,False,0.6590826397490445,0.6634323416562644,0.0
31,0.2,0.05,1.5,50.0,0.5,0.9,1.0,500,0.5,-0.0048146640399802,outcome_based,500,0,0.0006746640399802,0.00040085179846,0.0089797311522585,0.29,0.2519474198773656,0.3312548031164863,0.084,0.0018006843509526,0.0001042890431891,-0.0009849664903685,5.429446214844091e-07,6.8107881556755964e-09,False,0.6590826397490445,0.6634323416562644,0.37400000000000105
31,0.2,0.05,1.5,50.0,0.5,0.9,1.0,500,0.5,-0.0048146640399802,beta_known_mean,500,0,0.0037891146936863,2.4460280136916407e-05,0.0038283083090045,0.0,4.336808689942019e-19,0.0076243404615522,0.0,0.0,0.0,-0.0009849664903685,5.429446214844091e-07,6.8107881556755964e-09,False,0.6590826397490445,0.6634323416562644,0.0
31,0.2,0.05,1.5,50.0,0.5,0.9,1.0,3000,0.0588235294117647,0.0001363053130613,beta_estimated_mean,500,0,-0.0012198000539676,0.0001261189179301,0.003070015784997,0.632,0.588871722496907,0.6731154516212433,0.0,8.61449578547957e-05,2.942693027656227e-06,-0.000927833078047,5.429446214844091e-07,6.8107881556755964e-09,True,0.6590826397490445,0.6634323416562644,0.6320000000003969
31,0.2,0.05,1.5,50.0,0.5,0.9,1.0,3000,0.0588235294117647,0.0001363053130613,risk_only,500,0,-0.0001583872797264,0.0001253279105497,0.002804090231536,0.492,0.4484078060892428,0.535714183358142,0.0,6.706221402620171e-05,3.0505413716240504e-06,-0.000927833078047,5.429446214844091e-07,6.8107881556755964e-09,True,0.6590826397490445,0.6634323416562644,0.4920000000003089
31,0.2,0.05,1.5,50.0,0.5,0.9,1.0,3000,0.0588235294117647,0.0001363053130613,outcome_based,500,0,-2.8846979728014087e-05,2.6136908934611965e-05,0.0005845665185065,0.378,0.3365807935394356,0.4212795455331832,0.018,5.152340833720376e-05,2.9587182056188406e-06,-0.000927833078047,5.429446214844091e-07,6.8107881556755964e-09,True,0.6590826397490445,0.6634323416562644,0.37800000000023737
31,0.2,0.05,1.5,50.0,0.5,0.9,1.0,3000,0.0588235294117647,0.0001363053130613,beta_known_mean,500,0,-0.001072680243702,6.903555691602084e-06,0.0010837088108625,1.0,0.992375659538448,1.0,0.0,0.0001363053130613,0.0,-0.000927833078047,5.429446214844091e-07,6.8107881556755964e-09,True,0.6590826397490445,0.6634323416562644,1.0
31,0.2,0.05,1.5,50.0,0.5,0.9,1.0,3000,0.1111111111111111,0.002591717063551,beta_estimated_mean,500,0,-0.0072038612584107,0.0001297232483257,0.0077648470356706,0.95,0.9272318388284524,0.9659062547561506,0.0,0.0024621312103734,2.528623210624548e-05,-0.0044700500376416,5.429446214844091e-07,6.8107881556755964e-09,True,0.6590826397490445,0.6634323416562644,0.9499999999999807
31,0.2,0.05,1.5,50.0,0.5,0.9,1.0,3000,0.1111111111111111,0.002591717063551,risk_only,500,0,-0.0001469204205757,0.0001272487101383,0.0028463152481211,0.198,0.1654311225691935,0.2351739790695841,0.0,0.0005131599785831,4.623353434258992e-05,-0.0044700500376416,5.429446214844091e-07,6.8107881556755964e-09,True,0.6590826397490445,0.6634323416562644,0.1980000000000008
31,0.2,0.05,1.5,50.0,0.5,0.9,1.0,3000,0.1111111111111111,0.002591717063551,outcome_based,500,0,-1.3837302171988696e-06,0.0001366915894475,0.0030534591264556,0.208,0.1747163117096292,0.2457363031199172,0.004,0.0005390771492186,4.709031261167288e-05,-0.0044700500376416,5.429446214844091e-07,6.8107881556755964e-09,True,0.6590826397490445,0.6634323416562644,0.20799999999999694
31,0.2,0.05,1.5,50.0,0.5,0.9,1.0,3000,0.1111111111111111,0.002591717063551,beta_known_mean,500,0,-0.0070771509721669,2.731962720366265e-05,0.0071034147095665,1.0,0.992375659538448,1.0,0.0,0.002591717063551,0.0,-0.0044700500376416,5.429446214844091e-07,6.8107881556755964e-09,True,0.6590826397490445,0.6634323416562644,1.0
31,0.2,0.05,1.5,50.0,0.5,0.9,1.0,3000,0.2,0.0013780754233185,beta_estimated_mean,500,0,-0.0115852010620502,0.0001133107865525,0.0118584868970861,1.0,0.992375659538448,1.0,0.0,0.0013780754233185,0.0,-0.0101068065182592,5.429446214844091e-07,6.8107881556755964e-09,True,0.6590826397490445,0.6634323416562644,1.0
31,0.2,0.05,1.5,50.0,0.5,0.9,1.0,3000,0.2,0.0013780754233185,risk_only,500,0,-8.882905978876929e-05,0.000105834263868,0.0023658265817037,0.282,0.2443364332272433,0.3229877792139934,0.0,0.0003886172693758,2.7759362678678132e-05,-0.0101068065182592,5.429446214844091e-07,6.8107881556755964e-09,True,0.6590826397490445,0.6634323416562644,0.2819999999999877
31,0.2,0.05,1.5,50.0,0.5,0.9,1.0,3000,0.2,0.0013780754233185,outcome_based,500,0,0.0002377579100145,0.00030276360818,0.006767404542396,0.4,0.3579789907947376,0.4435458772975729,0.002,0.0005512301693274,3.022235729540609e-05,-0.0101068065182592,5.429446214844091e-07,6.8107881556755964e-09,True,0.6590826397490445,0.6634323416562644,0.4
31,0.2,0.05,1.5,50.0,0.5,0.9,1.0,3000,0.2,0.0013780754233185,beta_known_mean,500,0,-0.0115017526055685,5.732129460171556e-05,0.011572808331442,1.0,0.992375659538448,1.0,0.0,0.0013780754233185,0.0,-0.0101068065182592,5.429446214844091e-07,6.8107881556755964e-09,True,0.6590826397490445,0.6634323416562644,1.0
31,0.2,0.05,1.5,50.0,0.5,0.9,1.0,3000,0.3333333333333333,-0.0181009969108462,beta_estimated_mean,500,0,0.011140946893883,5.638448213125164e-05,0.0112119188096909,0.0,4.336808689942019e-19,0.0076243404615522,0.0,0.0,0.0,-0.0068970258953131,5.429446214844091e-07,6.8107881556755964e-09,False,0.6590826397490445,0.6634323416562644,0.0
31,0.2,0.05,1.5,50.0,0.5,0.9,1.0,3000,0.3333333333333333,-0.0181009969108462,risk_only,500,0,-6.314706665901298e-05,6.632276296516989e-05,0.0014828834366892,0.0,4.336808689942019e-19,0.0076243404615522,0.0,0.0,0.0,-0.0068970258953131,5.429446214844091e-07,6.8107881556755964e-09,False,0.6590826397490445,0.6634323416562644,0.0
31,0.2,0.05,1.5,50.0,0.5,0.9,1.0,3000,0.3333333333333333,-0.0181009969108462,outcome_based,500,0,-2.733642248701589e-05,0.0002405160686771,0.0053727915413368,0.002,0.0003531363945592,0.0112407067051467,0.0,3.620199382169253e-05,3.620199382169251e-05,-0.0068970258953131,5.429446214844091e-07,6.8107881556755964e-09,False,0.6590826397490445,0.6634323416562644,0.002000000000000007
31,0.2,0.05,1.5,50.0,0.5,0.9,1.0,3000,0.3333333333333333,-0.0181009969108462,beta_known_mean,500,0,0.011174604551826,4.3468755759018895e-05,0.0112167135882388,0.0,4.336808689942019e-19,0.0076243404615522,0.0,0.0,0.0,-0.0068970258953131,5.429446214844091e-07,6.8107881556755964e-09,False,0.6590826397490445,0.6634323416562644,0.0
31,0.2,0.05,1.5,50.0,0.5,0.9,1.0,3000,0.5,-0.0048146640399802,beta_estimated_mean,500,0,0.0038081500795282,9.818262396446476e-06,0.0038144606130063,0.0,4.336808689942019e-19,0.0076243404615522,0.0,0.0,0.0,-0.0009849664903685,5.429446214844091e-07,6.8107881556755964e-09,False,0.6590826397490445,0.6634323416562644,0.0
31,0.2,0.05,1.5,50.0,0.5,0.9,1.0,3000,0.5,-0.0048146640399802,risk_only,500,0,-3.3823396007052004e-05,2.344954862343637e-05,0.000524914094027,0.0,4.336808689942019e-19,0.0076243404615522,0.0,0.0,0.0,-0.0009849664903685,5.429446214844091e-07,6.8107881556755964e-09,False,0.6590826397490445,0.6634323416562644,0.0
31,0.2,0.05,1.5,50.0,0.5,0.9,1.0,3000,0.5,-0.0048146640399802,outcome_based,500,0,-7.333596001973038e-05,0.0001720681848972,0.0038444116363494,0.094,0.0714264085922213,0.1227645558625591,0.018,0.0005392423724777,6.797218167469106e-05,-0.0009849664903685,5.429446214844091e-07,6.8107881556755964e-09,False,0.6590826397490445,0.6634323416562644,0.11199999999998289
31,0.2,0.05,1.5,50.0,0.5,0.9,1.0,3000,0.5,-0.0048146640399802,beta_known_mean,500,0,0.0038126668585003,8.937084885888384e-06,0.003817890051527,0.0,4.336808689942019e-19,0.0076243404615522,0.0,0.0,0.0,-0.0009849664903685,5.429446214844091e-07,6.8107881556755964e-09,False,0.6590826397490445,0.6634323416562644,0.0
31,0.2,0.05,1.5,50.0,0.5,0.9,1.0,10000,0.0588235294117647,0.0001363053130613,beta_estimated_mean,500,0,-0.0011380324838852,6.245176137629331e-05,0.0018003691180921,0.772,0.7332341279039163,0.8066182308849994,0.0,0.0001052277016833,2.559991866186693e-06,-0.000927833078047,5.429446214844091e-07,6.8107881556755964e-09,True,0.6590826397490445,0.6634323416562644,0.7719999999998268
31,0.2,0.05,1.5,50.0,0.5,0.9,1.0,10000,0.0588235294117647,0.0001363053130613,risk_only,500,0,-7.354461280647473e-05,6.19975621020588e-05,0.0013868720076725,0.48,0.4365284265737322,0.5237765470447299,0.0,6.542655026946509e-05,3.048490193292963e-06,-0.000927833078047,5.429446214844091e-07,6.8107881556755964e-09,True,0.6590826397490445,0.6634323416562644,0.48000000000030146
31,0.2,0.05,1.5,50.0,0.5,0.9,1.0,10000,0.0588235294117647,0.0001363053130613,outcome_based,500,0,-5.230313061799163e-06,1.4366200408542608e-05,0.0003209592272388,0.332,0.2921404418575132,0.3744213365375685,0.006,4.525336393638002e-05,2.8735567923775767e-06,-0.000927833078047,5.429446214844091e-07,6.8107881556755964e-09,True,0.6590826397490445,0.6634323416562644,0.33200000000020846
31,0.2,0.05,1.5,50.0,0.5,0.9,1.0,10000,0.0588235294117647,0.0001363053130613,beta_known_mean,500,0,-0.0010686073297577,3.778932650555972e-06,0.0010719363371342,1.0,0.992375659538448,1.0,0.0,0.0001363053130613,0.0,-0.000927833078047,5.429446214844091e-07,6.8107881556755964e-09,True,0.6590826397490445,0.6634323416562644,1.0
31,0.2,0.05,1.5,50.0,0.5,0.9,1.0,10000,0.1111111111111111,0.002591717063551,beta_estimated_mean,500,0,-0.0071383376492265,6.472658527209666e-05,0.0072832987226954,0.998,0.9887592932948532,0.9996468636054407,0.0,0.0025865336294239,5.183434127102093e-06,-0.0044700500376416,5.429446214844091e-07,6.8107881556755964e-09,True,0.6590826397490445,0.6634323416562644,0.9980000000000008
31,0.2,0.05,1.5,50.0,0.5,0.9,1.0,10000,0.1111111111111111,0.002591717063551,risk_only,500,0,-7.343500811952348e-05,6.342152158951325e-05,0.0014186314219632,0.042,0.0276323101084517,0.0633515857543301,0.0,0.0001088521166691,2.327258981326889e-05,-0.0044700500376416,5.429446214844091e-07,6.8107881556755964e-09,True,0.6590826397490445,0.6634323416562644,0.04199999999998379
31,0.2,0.05,1.5,50.0,0.5,0.9,1.0,10000,0.1111111111111111,0.002591717063551,outcome_based,500,0,0.0001529079364478,7.47655928988321e-05,0.0016771219049026,0.046,0.0308451083708162,0.0680777927682732,0.0,0.0001192189849233,2.4304708598086945e-05,-0.0044700500376416,5.429446214844091e-07,6.8107881556755964e-09,True,0.6590826397490445,0.6634323416562644,0.045999999999982256
31,0.2,0.05,1.5,50.0,0.5,0.9,1.0,10000,0.1111111111111111,0.002591717063551,beta_known_mean,500,0,-0.0070772434555076,1.489595591008037e-05,0.0070850615939637,1.0,0.992375659538448,1.0,0.0,0.002591717063551,0.0,-0.0044700500376416,5.429446214844091e-07,6.8107881556755964e-09,True,0.6590826397490445,0.6634323416562644,1.0
31,0.2,0.05,1.5,50.0,0.5,0.9,1.0,10000,0.2,0.0013780754233185,beta_estimated_mean,500,0,-0.0115556281081266,5.815783218176663e-05,0.0116284274672856,1.0,0.992375659538448,1.0,0.0,0.0013780754233185,0.0,-0.0101068065182592,5.429446214844091e-07,6.8107881556755964e-09,True,0.6590826397490445,0.6634323416562644,1.0
31,0.2,0.05,1.5,50.0,0.5,0.9,1.0,10000,0.2,0.0013780754233185,risk_only,500,0,-7.764359859509324e-05,5.3824794945142256e-05,0.0012048592014402,0.142,0.114129360445696,0.1753296673247754,0.0,0.0001956867101112,2.1533297018370187e-05,-0.0101068065182592,5.429446214844091e-07,6.8107881556755964e-09,True,0.6590826397490445,0.6634323416562644,0.14199999999998042
31,0.2,0.05,1.5,50.0,0.5,0.9,1.0,10000,0.2,0.0013780754233185,outcome_based,500,0,0.0002285745766825,0.0001458388047432,0.0032658009529986,0.32,0.2806177506894902,0.3621270118766686,0.002,0.0004409841354619,2.8777440208932324e-05,-0.0101068065182592,5.429446214844091e-07,6.8107881556755964e-09,True,0.6590826397490445,0.6634323416562644,0.3199999999999855
31,0.2,0.05,1.5,50.0,0.5,0.9,1.0,10000,0.2,0.0013780754233185,beta_known_mean,500,0,-0.0115164756458039,3.120785961189178e-05,0.0115375561806073,1.0,0.992375659538448,1.0,0.0,0.0013780754233185,0.0,-0.0101068065182592,5.429446214844091e-07,6.8107881556755964e-09,True,0.6590826397490445,0.6634323416562644,1.0
31,0.2,0.05,1.5,50.0,0.5,0.9,1.0,10000,0.3333333333333333,-0.0181009969108462,beta_estimated_mean,500,0,0.0111654388645696,3.0136473110814893e-05,0.0111857150123364,0.0,4.336808689942019e-19,0.0076243404615522,0.0,0.0,0.0,-0.0068970258953131,5.429446214844091e-07,6.8107881556755964e-09,False,0.6590826397490445,0.6634323416562644,0.0
31,0.2,0.05,1.5,50.0,0.5,0.9,1.0,10000,0.3333333333333333,-0.0181009969108462,risk_only,500,0,-3.744719145359466e-05,3.6028991038360346e-05,0.0008056974007489,0.0,4.336808689942019e-19,0.0076243404615522,0.0,0.0,0.0,-0.0068970258953131,5.429446214844091e-07,6.8107881556755964e-09,False,0.6590826397490445,0.6634323416562644,0.0
31,0.2,0.05,1.5,50.0,0.5,0.9,1.0,10000,0.3333333333333333,-0.0181009969108462,outcome_based,500,0,3.789691084625894e-05,0.0001285185621676,0.0028711373296746,0.0,4.336808689942019e-19,0.0076243404615522,0.0,0.0,0.0,-0.0068970258953131,5.429446214844091e-07,6.8107881556755964e-09,False,0.6590826397490445,0.6634323416562644,0.0
31,0.2,0.05,1.5,50.0,0.5,0.9,1.0,10000,0.3333333333333333,-0.0181009969108462,beta_known_mean,500,0,0.0111788533739292,2.371642687531628e-05,0.0111914000347932,0.0,4.336808689942019e-19,0.0076243404615522,0.0,0.0,0.0,-0.0068970258953131,5.429446214844091e-07,6.8107881556755964e-09,False,0.6590826397490445,0.6634323416562644,0.0
31,0.2,0.05,1.5,50.0,0.5,0.9,1.0,10000,0.5,-0.0048146640399802,beta_estimated_mean,500,0,0.0038212625246434,5.359936377674532e-06,0.0038231378489811,0.0,4.336808689942019e-19,0.0076243404615522,0.0,0.0,0.0,-0.0009849664903685,5.429446214844091e-07,6.8107881556755964e-09,False,0.6590826397490445,0.6634323416562644,0.0
31,0.2,0.05,1.5,50.0,0.5,0.9,1.0,10000,0.5,-0.0048146640399802,risk_only,500,0,-7.054494981671074e-06,1.2525105385994756e-05,0.0002798785809947,0.0,4.336808689942019e-19,0.0076243404615522,0.0,0.0,0.0,-0.0009849664903685,5.429446214844091e-07,6.8107881556755964e-09,False,0.6590826397490445,0.6634323416562644,0.0
31,0.2,0.05,1.5,50.0,0.5,0.9,1.0,10000,0.5,-0.0048146640399802,outcome_based,500,0,5.886403998026971e-05,9.37265279634756e-05,0.0020945193566073,0.014,0.0067977897908434,0.0286130691377852,0.004,8.666395271964485e-05,2.865548159239777e-05,-0.0009849664903685,5.429446214844091e-07,6.8107881556755964e-09,False,0.6590826397490445,0.6634323416562644,0.01800000000000026
31,0.2,0.05,1.5,50.0,0.5,0.9,1.0,10000,0.5,-0.0048146640399802,beta_known_mean,500,0,0.0038227930330032,4.902024146272005e-06,0.0038243610529999,0.0,4.336808689942019e-19,0.0076243404615522,0.0,0.0,0.0,-0.0009849664903685,5.429446214844091e-07,6.8107881556755964e-09,False,0.6590826397490445,0.6634323416562644,0.0
32,0.2,0.05,1.5,50.0,0.9,0.1,0.5,500,0.0588235294117647,-0.0036553283739508,beta_estimated_mean,500,0,0.0024893777358108,0.0002840609915344,0.0068162771598871,0.444,0.4010408191814197,0.4878131069502743,0.0,0.0016229657980341,8.130270696695731e-05,-0.000927833078047,2.7026618766301524e-05,0.0106508621924177,False,0.6503087238738147,0.6942837011781271,0.4439999999999849
32,0.2,0.05,1.5,50.0,0.9,0.1,0.5,500,0.0588235294117647,-0.0036553283739508,risk_only,500,0,-0.0002454597130601,0.0002817361152855,0.0062982929878003,0.266,0.2291604018204711,0.3064077895155354,0.0,0.0009723173474709,7.23044410350502e-05,-0.000927833078047,2.7026618766301524e-05,0.0106508621924177,False,0.6503087238738147,0.6942837011781271,0.2659999999999965
32,0.2,0.05,1.5,50.0,0.9,0.1,0.5,500,0.0588235294117647,-0.0036553283739508,outcome_based,500,0,-6.84216260493782e-05,0.0001477115322801,0.0033003350142691,0.128,0.1015268239952365,0.1601456853081583,0.002,0.0004751926886136,5.50310028574247e-05,-0.000927833078047,2.7026618766301524e-05,0.0106508621924177,False,0.6503087238738147,0.6942837011781271,0.12999999999999892
32,0.2,0.05,1.5,50.0,0.9,0.1,0.5,500,0.0588235294117647,-0.0036553283739508,beta_known_mean,500,0,0.0027344888991613,1.0299022667350116e-05,0.0027441498508135,0.0,4.336808689942019e-19,0.0076243404615522,0.0,0.0,0.0,-0.000927833078047,2.7026618766301524e-05,0.0106508621924177,False,0.6503087238738147,0.6942837011781271,0.0
32,0.2,0.05,1.5,50.0,0.9,0.1,0.5,500,0.1111111111111111,-0.011799775650163,beta_estimated_mean,500,0,0.007084721760781,0.0002754151194814,0.009383185650893,0.228,0.1933817691150006,0.2667658720960837,0.0,0.0026903488482371,0.0002216152034634,-0.0044700500376416,2.7026618766301524e-05,0.0106508621924177,False,0.6503087238738147,0.6942837011781271,0.22799999999999457
32,0.2,0.05,1.5,50.0,0.9,0.1,0.5,500,0.1111111111111111,-0.011799775650163,risk_only,500,0,-0.0002438482221666,0.0002732929813815,0.0061097708416913,0.024,0.0137813146554969,0.0414770574639007,0.0,0.0002831946156039,8.084515667014715e-05,-0.0044700500376416,2.7026618766301524e-05,0.0106508621924177,False,0.6503087238738147,0.6942837011781271,0.023999999999998984
32,0.2,0.05,1.5,50.0,0.9,0.1,0.5,500,0.1111111111111111,-0.011799775650163,outcome_based,500,0,-0.0005232243498368,0.0003191010701736,0.0071473550856425,0.042,0.0276323101084517,0.0633515857543301,0.006,0.0005663892312078,0.0001129178421399,-0.0044700500376416,2.7026618766301524e-05,0.0106508621924177,False,0.6503087238738147,0.6942837011781271,0.04799999999999797
32,0.2,0.05,1.5,50.0,0.9,0.1,0.5,500,0.1111111111111111,-0.011799775650163,beta_known_mean,500,0,0.0073394159945495,4.823713609456528e-05,0.007418093486136,0.0,4.336808689942019e-19,0.0076243404615522,0.0,0.0,0.0,-0.0044700500376416,2.7026618766301524e-05,0.0106508621924177,False,0.6503087238738147,0.6942837011781271,0.0
32,0.2,0.05,1.5,50.0,0.9,0.1,0.5,500,0.2,-0.0135699159560888,beta_estimated_mean,500,0,0.0032953139431954,0.0002210935359093,0.0059372878861523,0.02,0.0108991835962108,0.0364201832468793,0.0,0.0002713983191217,8.504620144208531e-05,-0.0101068065182592,2.7026618766301524e-05,0.0106508621924177,False,0.6503087238738147,0.6942837011781271,0.019999999999994397
32,0.2,0.05,1.5,50.0,0.9,0.1,0.5,500,0.2,-0.0135699159560888,risk_only,500,0,-0.0001596702874624,0.0002183752780133,0.0048807466500896,0.002,0.0003531363945592,0.0112407067051467,0.0,2.713983191217763e-05,2.7139831912177623e-05,-0.0101068065182592,2.7026618766301524e-05,0.0106508621924177,False,0.6503087238738147,0.6942837011781271,0.002000000000000002
32,0.2,0.05,1.5,50.0,0.9,0.1,0.5,500,0.2,-0.0135699159560888,outcome_based,500,0,-0.0002610840439112,0.0006963488216136,0.0155574452876423,0.176,0.1451264013297259,0.2118141712893599,0.008,0.0024968645359203,0.000235386133948,-0.0101068065182592,2.7026618766301524e-05,0.0106508621924177,False,0.6503087238738147,0.6942837011781271,0.1839999999999971
32,0.2,0.05,1.5,50.0,0.9,0.1,0.5,500,0.2,-0.0135699159560888,beta_known_mean,500,0,0.0034348989390223,0.000112061030831,0.0042502717986182,0.0,4.336808689942019e-19,0.0076243404615522,0.0,0.0,0.0,-0.0101068065182592,2.7026618766301524e-05,0.0106508621924177,False,0.6503087238738147,0.6942837011781271,0.0
32,0.2,0.05,1.5,50.0,0.9,0.1,0.5,500,0.3333333333333333,0.0007620997168794,beta_estimated_mean,500,0,-0.0076457656827101,9.152212659215522e-05,0.0079143860408263,1.0,0.992375659538448,1.0,0.0,0.0007620997168794,0.0,-0.0068970258953131,2.7026618766301524e-05,0.0106508621924177,True,0.6503087238738147,0.6942837011781271,1.0
32,0.2,0.05,1.5,50.0,0.9,0.1,0.5,500,0.3333333333333333,0.0007620997168794,risk_only,500,0,1.580226692780978e-05,0.0001071724070965,0.0023941023804822,0.362,0.3210760441781857,0.4050282737892027,0.0,0.0002758800975103,1.6395556121309547e-05,-0.0068970258953131,2.7026618766301524e-05,0.0106508621924177,True,0.6503087238738147,0.6942837011781271,0.3619999999999438
32,0.2,0.05,1.5,50.0,0.9,0.1,0.5,500,0.3333333333333333,0.0007620997168794,outcome_based,500,0,0.0004599002831205,0.0006094853376033,0.0136226364654722,0.44,0.397111794441699,0.4838031264136874,0.038,0.0003353238754269,1.6934870470853785e-05,-0.0068970258953131,2.7026618766301524e-05,0.0106508621924177,True,0.6503087238738147,0.6942837011781271,0.43999999999995276
32,0.2,0.05,1.5,50.0,0.9,0.1,0.5,500,0.3333333333333333,0.0007620997168794,beta_known_mean,500,0,-0.0076354684705991,7.420773790188284e-05,0.0078133389891522,1.0,0.992375659538448,1.0,0.0,0.0007620997168794,0.0,-0.0068970258953131,2.7026618766301524e-05,0.0106508621924177,True,0.6503087238738147,0.6942837011781271,1.0
32,0.2,0.05,1.5,50.0,0.9,0.1,0.5,500,0.5,-0.0001121899181545,beta_estimated_mean,500,0,-0.0008694313296227,1.2982556075896174e-05,0.0009165236883459,0.0,4.336808689942019e-19,0.0076243404615522,0.0,0.0,0.0,-0.0009849664903685,2.7026618766301524e-05,0.0106508621924177,False,0.6503087238738147,0.6942837011781271,0.0
32,0.2,0.05,1.5,50.0,0.9,0.1,0.5,500,0.5,-0.0001121899181545,risk_only,500,0,2.227370089467943e-05,2.6032098320806623e-05,0.000581939446249,0.456,0.4128448175817547,0.499826124378862,0.0,5.1158602678493314e-05,2.5014131554630334e-06,-0.0009849664903685,2.7026618766301524e-05,0.0106508621924177,False,0.6503087238738147,0.6942837011781271,0.4560000000003682
32,0.2,0.05,1.5,50.0,0.9,0.1,0.5,500,0.5,-0.0001121899181545,outcome_based,500,0,-0.0002718100818454,0.0002227022239698,0.0049822108265902,0.396,0.3540817035027573,0.4395041593132456,0.162,6.260197433026155e-05,2.4942029728355315e-06,-0.0009849664903685,2.7026618766301524e-05,0.0106508621924177,False,0.6503087238738147,0.6942837011781271,0.5580000000004506
32,0.2,0.05,1.5,50.0,0.9,0.1,0.5,500,0.5,-0.0001121899181545,beta_known_mean,500,0,-0.0008684301805427,1.242543583496076e-05,0.0009117084593586,0.0,4.336808689942019e-19,0.0076243404615522,0.0,0.0,0.0,-0.0009849664903685,2.7026618766301524e-05,0.0106508621924177,False,0.6503087238738147,0.6942837011781271,0.0
32,0.2,0.05,1.5,50.0,0.9,0.1,0.5,3000,0.0588235294117647,-0.0036553283739508,beta_estimated_mean,500,0,0.0026818327256322,0.0001167716684957,0.0037411766100189,0.354,0.3133423051969017,0.3968840022178716,0.0,0.0012939862443785,7.825174207742895e-05,-0.000927833078047,2.7026618766301524e-05,0.0106508621924177,False,0.6503087238738147,0.6942837011781271,0.3539999999999773
32,0.2,0.05,1.5,50.0,0.9,0.1,0.5,3000,0.0588235294117647,-0.0036553283739508,risk_only,500,0,-3.726561659337618e-05,0.0001149482380325,0.002568019536947,0.078,0.0575813934761615,0.1048535498733885,0.0,0.0002851156131681,4.3882249934501336e-05,-0.000927833078047,2.7026618766301524e-05,0.0106508621924177,False,0.6503087238738147,0.6942837011781271,0.07799999999998294
32,0.2,0.05,1.5,50.0,0.9,0.1,0.5,3000,0.0588235294117647,-0.0036553283739508,outcome_based,500,0,-2.992162604958909e-05,6.0757010874527706e-05,0.0013575386088575,0.004,0.0010976305226827,0.014465715215177,0.0,1.46213134958032e-05,1.0328465178354148e-05,-0.000927833078047,2.7026618766301524e-05,0.0106508621924177,False,0.6503087238738147,0.6942837011781271,0.004
32,0.2,0.05,1.5,50.0,0.9,0.1,0.5,3000,0.0588235294117647,-0.0036553283739508,beta_known_mean,500,0,0.0027280570248446,4.2264888692077385e-06,0.0027296902519657,0.0,4.336808689942019e-19,0.0076243404615522,0.0,0.0,0.0,-0.000927833078047,2.7026618766301524e-05,0.0106508621924177,False,0.6503087238738147,0.6942837011781271,0.0
32,0.2,0.05,1.5,50.0,0.9,0.1,0.5,3000,0.1111111111111111,-0.011799775650163,beta_estimated_mean,500,0,0.0072886282189261,0.0001131514950901,0.0077144622932163,0.044,0.0292339556286071,0.0657194428723284,0.0,0.0005191901286071,0.0001083374880548,-0.0044700500376416,2.7026618766301524e-05,0.0106508621924177,False,0.6503087238738147,0.6942837011781271,0.0439999999999939
32,0.2,0.05,1.5,50.0,0.9,0.1,0.5,3000,0.1111111111111111,-0.011799775650163,risk_only,500,0,-1.297499054427678e-05,0.0001106132133294,0.0024709460837798,0.0,4.336808689942019e-19,0.0076243404615522,0.0,0.0,0.0,-0.0044700500376416,2.7026618766301524e-05,0.0106508621924177,False,0.6503087238738147,0.6942837011781271,0.0
32,0.2,0.05,1.5,50.0,0.9,0.1,0.5,3000,0.1111111111111111,-0.011799775650163,outcome_based,500,0,-6.330768317244937e-05,0.0001366818715881,0.003053897990952,0.0,4.336808689942019e-19,0.0076243404615522,0.0,0.0,0.0,-0.0044700500376416,2.7026618766301524e-05,0.0106508621924177,False,0.6503087238738147,0.6942837011781271,0.0
32,0.2,0.05,1.5,50.0,0.9,0.1,0.5,3000,0.1111111111111111,-0.011799775650163,beta_known_mean,500,0,0.0073303904402326,1.9620314632207896e-05,0.0073434812876892,0.0,4.336808689942019e-19,0.0076243404615522,0.0,0.0,0.0,-0.0044700500376416,2.7026618766301524e-05,0.0106508621924177,False,0.6503087238738147,0.6942837011781271,0.0
32,0.2,0.05,1.5,50.0,0.9,0.1,0.5,3000,0.2,-0.0135699159560888,beta_estimated_mean,500,0,0.0034306369796709,9.068132044460733e-05,0.0039840429118166,0.0,4.336808689942019e-19,0.0076243404615522,0.0,0.0,0.0,-0.0101068065182592,2.7026618766301524e-05,0.0106508621924177,False,0.6503087238738147,0.6942837011781271,0.0
32,0.2,0.05,1.5,50.0,0.9,0.1,0.5,3000,0.2,-0.0135699159560888,risk_only,500,0,-1.4442195753508413e-05,9.147159718824676e-05,0.0020433717405333,0.0,4.336808689942019e-19,0.0076243404615522,0.0,0.0,0.0,-0.0101068065182592,2.7026618766301524e-05,0.0106508621924177,False,0.6503087238738147,0.6942837011781271,0.0
32,0.2,0.05,1.5,50.0,0.9,0.1,0.5,3000,0.2,-0.0135699159560888,outcome_based,500,0,-9.891737724477568e-05,0.0002700834597045,0.0060340183273919,0.012,0.0055109951740277,0.0259303611164472,0.0,0.000162838991473,6.614484154615482e-05,-0.0101068065182592,2.7026618766301524e-05,0.0106508621924177,False,0.6503087238738147,0.6942837011781271,0.011999999999995166
32,0.2,0.05,1.5,50.0,0.9,0.1,0.5,3000,0.2,-0.0135699159560888,beta_known_mean,500,0,0.0034585413397165,4.512294980191886e-05,0.0036024314590762,0.0,4.336808689942019e-19,0.0076243404615522,0.0,0.0,0.0,-0.0101068065182592,2.7026618766301524e-05,0.0106508621924177,False,0.6503087238738147,0.6942837011781271,0.0
32,0.2,0.05,1.5,50.0,0.9,0.1,0.5,3000,0.3333333333333333,0.0007620997168794,beta_estimated_mean,500,0,-0.0076685762014354,3.799610774853346e-05,0.0077154046786307,1.0,0.992375659538448,1.0,0.0,0.0007620997168794,0.0,-0.0068970258953131,2.7026618766301524e-05,0.0106508621924177,True,0.6503087238738147,0.6942837011781271,1.0
32,0.2,0.05,1.5,50.0,0.9,0.1,0.5,3000,0.3333333333333333,0.0007620997168794,risk_only,500,0,-4.203730861088811e-05,4.5350171376365455e-05,0.0010139179055546,0.254,0.2178202549151866,0.2939309205918972,0.0,0.0001935733280873,1.4850729905475542e-05,-0.0068970258953131,2.7026618766301524e-05,0.0106508621924177,True,0.6503087238738147,0.6942837011781271,0.2539999999999113
32,0.2,0.05,1.5,50.0,0.9,0.1,0.5,3000,0.3333333333333333,0.0007620997168794,outcome_based,500,0,-0.000144766383546,0.0002444161976351,0.0054617631641586,0.454,0.4108757266738578,0.4978257126486051,0.014,0.0003459932714632,1.6985790969002404e-05,-0.0068970258953131,2.7026618766301524e-05,0.0106508621924177,True,0.6503087238738147,0.6942837011781271,0.4539999999999375
32,0.2,0.05,1.5,50.0,0.9,0.1,0.5,3000,0.3333333333333333,0.0007620997168794,beta_known_mean,500,0,-0.0076571698682501,3.02622736063452e-05,0.0076869523992246,1.0,0.992375659538448,1.0,0.0,0.0007620997168794,0.0,-0.0068970258953131,2.7026618766301524e-05,0.0106508621924177,True,0.6503087238738147,0.6942837011781271,1.0
32,0.2,0.05,1.5,50.0,0.9,0.1,0.5,3000,0.5,-0.0001121899181545,beta_estimated_mean,500,0,-0.0008746966577721,5.361038137447273e-06,0.0008828566516391,0.0,4.336808689942019e-19,0.0076243404615522,0.0,0.0,0.0,-0.0009849664903685,2.7026618766301524e-05,0.0106508621924177,False,0.6503087238738147,0.6942837011781271,0.0
32,0.2,0.05,1.5,50.0,0.9,0.1,0.5,3000,0.5,-0.0001121899181545,risk_only,500,0,-1.0883854056000564e-05,1.1032937646911497e-05,0.000246697363436,0.31,0.2710389112735686,0.3518583381018213,0.0,3.477887462792309e-05,2.322784667696579e-06,-0.0009849664903685,2.7026618766301524e-05,0.0106508621924177,False,0.6503087238738147,0.6942837011781271,0.3100000000002504
32,0.2,0.05,1.5,50.0,0.9,0.1,0.5,3000,0.5,-0.0001121899181545,outcome_based,500,0,-4.181008184540946e-05,9.078268246375556e-05,0.0020283624688812,0.444,0.4010408191814197,0.4878131069502743,0.064,5.6992478422532025e-05,2.51083379747322e-06,-0.0009849664903685,2.7026618766301524e-05,0.0106508621924177,False,0.6503087238738147,0.6942837011781271,0.5080000000004102
32,0.2,0.05,1.5,50.0,0.9,0.1,0.5,3000,0.5,-0.0001121899181545,beta_known_mean,500,0,-0.0008730339974358,5.061068515989894e-06,0.0008803237776671,0.0,4.336808689942019e-19,0.0076243404615522,0.0,0.0,0.0,-0.0009849664903685,2.7026618766301524e-05,0.0106508621924177,False,0.6503087238738147,0.6942837011781271,0.0
32,0.2,0.05,1.5,50.0,0.9,0.1,0.5,10000,0.0588235294117647,-0.0036553283739508,beta_estimated_mean,500,0,0.0026963022050801,6.190279910335372e-05,0.003030213176164,0.24,0.204637860033381,0.2793267970066262,0.0,0.0008772788097481,6.988573575726998e-05,-0.000927833078047,2.7026618766301524e-05,0.0106508621924177,False,0.6503087238738147,0.6942837011781271,0.23999999999997484
32,0.2,0.05,1.5,50.0,0.9,0.1,0.5,10000,0.0588235294117647,-0.0036553283739508,risk_only,500,0,-3.5273501372185935e-05,6.137221678967276e-05,0.001371405180005,0.002,0.0003531363945592,0.0112407067051467,0.0,7.3106567479016e-06,7.3106567479016e-06,-0.000927833078047,2.7026618766301524e-05,0.0106508621924177,False,0.6503087238738147,0.6942837011781271,0.002
32,0.2,0.05,1.5,50.0,0.9,0.1,0.5,10000,0.0588235294117647,-0.0036553283739508,outcome_based,500,0,2.0153373954605924e-05,3.21383084182444e-05,0.0007181982467305,0.0,4.336808689942019e-19,0.0076243404615522,0.0,0.0,0.0,-0.000927833078047,2.7026618766301524e-05,0.0106508621924177,False,0.6503087238738147,0.6942837011781271,0.0
32,0.2,0.05,1.5,50.0,0.9,0.1,0.5,10000,0.0588235294117647,-0.0036553283739508,beta_known_mean,500,0,0.002729213148425,2.3646783435493588e-06,0.0027297242845508,0.0,4.336808689942019e-19,0.0076243404615522,0.0,0.0,0.0,-0.000927833078047,2.7026618766301524e-05,0.0106508621924177,False,0.6503087238738147,0.6942837011781271,0.0
32,0.2,0.05,1.5,50.0,0.9,0.1,0.5,10000,0.1111111111111111,-0.011799775650163,beta_estimated_mean,500,0,0.0073051259401682,6.033186217630058e-05,0.0074284043956259,0.0,4.336808689942019e-19,0.0076243404615522,0.0,0.0,0.0,-0.0044700500376416,2.7026618766301524e-05,0.0106508621924177,False,0.6503087238738147,0.6942837011781271,0.0
32,0.2,0.05,1.5,50.0,0.9,0.1,0.5,10000,0.1111111111111111,-0.011799775650163,risk_only,500,0,-2.8765802730262747e-05,5.959812369429269e-05,0.0013316319720549,0.0,4.336808689942019e-19,0.0076243404615522,0.0,0.0,0.0,-0.0044700500376416,2.7026618766301524e-05,0.0106508621924177,False,0.6503087238738147,0.6942837011781271,0.0
32,0.2,0.05,1.5,50.0,0.9,0.1,0.5,10000,0.1111111111111111,-0.011799775650163,outcome_based,500,0,-0.0001071493498352,7.582705122279958e-05,0.0016972336580581,0.0,4.336808689942019e-19,0.0076243404615522,0.0,0.0,0.0,-0.0044700500376416,2.7026618766301524e-05,0.0106508621924177,False,0.6503087238738147,0.6942837011781271,0.0
32,0.2,0.05,1.5,50.0,0.9,0.1,0.5,10000,0.1111111111111111,-0.011799775650163,beta_known_mean,500,0,0.0073362039371048,1.1175677302612294e-05,0.0073404503399052,0.0,4.336808689942019e-19,0.0076243404615522,0.0,0.0,0.0,-0.0044700500376416,2.7026618766301524e-05,0.0106508621924177,False,0.6503087238738147,0.6942837011781271,0.0
32,0.2,0.05,1.5,50.0,0.9,0.1,0.5,10000,0.2,-0.0135699159560888,beta_estimated_mean,500,0,0.0034567264765342,4.919725161801862e-05,0.0036272196442164,0.0,4.336808689942019e-19,0.0076243404615522,0.0,0.0,0.0,-0.0101068065182592,2.7026618766301524e-05,0.0106508621924177,False,0.6503087238738147,0.6942837011781271,0.0
32,0.2,0.05,1.5,50.0,0.9,0.1,0.5,10000,0.2,-0.0135699159560888,risk_only,500,0,-1.4538478249871897e-05,4.8934943975133855e-05,0.0010932205219134,0.0,4.336808689942019e-19,0.0076243404615522,0.0,0.0,0.0,-0.0101068065182592,2.7026618766301524e-05,0.0106508621924177,False,0.6503087238738147,0.6942837011781271,0.0
32,0.2,0.05,1.5,50.0,0.9,0.1,0.5,10000,0.2,-0.0135699159560888,outcome_based,500,0,0.0001062159560871,0.0001522321874565,0.0034022678670746,0.0,4.336808689942019e-19,0.0076243404615522,0.0,0.0,0.0,-0.0101068065182592,2.7026618766301524e-05,0.0106508621924177,False,0.6503087238738147,0.6942837011781271,0.0
32,0.2,0.05,1.5,50.0,0.9,0.1,0.5,10000,0.2,-0.0135699159560888,beta_known_mean,500,0,0.0034748946501967,2.586651958014278e-05,0.0035226072972623,0.0,4.336808689942019e-19,0.0076243404615522,0.0,0.0,0.0,-0.0101068065182592,2.7026618766301524e-05,0.0106508621924177,False,0.6503087238738147,0.6942837011781271,0.0
32,0.2,0.05,1.5,50.0,0.9,0.1,0.5,10000,0.3333333333333333,0.0007620997168794,beta_estimated_mean,500,0,-0.0076521066530628,2.0882129584062665e-05,0.0076663114882252,1.0,0.992375659538448,1.0,0.0,0.0007620997168794,0.0,-0.0068970258953131,2.7026618766301524e-05,0.0106508621924177,True,0.6503087238738147,0.6942837011781271,1.0
32,0.2,0.05,1.5,50.0,0.9,0.1,0.5,10000,0.3333333333333333,0.0007620997168794,risk_only,500,0,1.0379657351530832e-05,2.4823452568903075e-05,0.0005546110639083,0.082,0.0610190894684689,0.1093548591573887,0.0,6.249217678411108e-05,9.36030056159903e-06,-0.0068970258953131,2.7026618766301524e-05,0.0106508621924177,True,0.6503087238738147,0.6942837011781271,0.08200000000000036
32,0.2,0.05,1.5,50.0,0.9,0.1,0.5,10000,0.3333333333333333,0.0007620997168794,outcome_based,500,0,-9.169971687939148e-05,0.000136418575478,0.0030487395228316,0.402,0.359928740326145,0.4455656304043193,0.01,0.0003063640861855,1.6727273041540242e-05,-0.0068970258953131,2.7026618766301524e-05,0.0106508621924177,True,0.6503087238738147,0.6942837011781271,0.40199999999997527
32,0.2,0.05,1.5,50.0,0.9,0.1,0.5,10000,0.3333333333333333,0.0007620997168794,beta_known_mean,500,0,-0.0076485697282057,1.7190362924372805e-05,0.0076582032923776,1.0,0.992375659538448,1.0,0.0,0.0007620997168794,0.0,-0.0068970258953131,2.7026618766301524e-05,0.0106508621924177,True,0.6503087238738147,0.6942837011781271,1.0
32,0.2,0.05,1.5,50.0,0.9,0.1,0.5,10000,0.5,-0.0001121899181545,beta_estimated_mean,500,0,-0.0008712024678093,2.917092972664397e-06,0.0008736360490452,0.0,4.336808689942019e-19,0.0076243404615522,0.0,0.0,0.0,-0.0009849664903685,2.7026618766301524e-05,0.0106508621924177,False,0.6503087238738147,0.6942837011781271,0.0
32,0.2,0.05,1.5,50.0,0.9,0.1,0.5,10000,0.5,-0.0001121899181545,risk_only,500,0,5.410860684408932e-06,6.103570474228009e-06,0.0001364507607444,0.212,0.1784395042882985,0.2499521158175555,0.0,2.378426264877321e-05,2.0527430839518308e-06,-0.0009849664903685,2.7026618766301524e-05,0.0106508621924177,False,0.6503087238738147,0.6942837011781271,0.21200000000017122
32,0.2,0.05,1.5,50.0,0.9,0.1,0.5,10000,0.5,-0.0001121899181545,outcome_based,500,0,9.77899181545906e-05,5.021542050918052e-05,0.0011259820194357,0.474,0.4305981140734963,0.5177983516305045,0.018,5.519743973205858e-05,2.51083379747322e-06,-0.0009849664903685,2.7026618766301524e-05,0.0106508621924177,False,0.6503087238738147,0.6942837011781271,0.49200000000039734
32,0.2,0.05,1.5,50.0,0.9,0.1,0.5,10000,0.5,-0.0001121899181545,beta_known_mean,500,0,-0.0008709227908896,2.788607078086798e-06,0.0008731476943104,0.0,4.336808689942019e-19,0.0076243404615522,0.0,0.0,0.0,-0.0009849664903685,2.7026618766301524e-05,0.0106508621924177,False,0.6503087238738147,0.6942837011781271,0.0
33,0.2,0.05,1.5,50.0,0.9,0.1,1.0,500,0.0588235294117647,-0.0063828236698545,beta_estimated_mean,500,0,0.0059851609082945,0.000260576172836,0.0083489054421079,0.47,0.4266480518519465,0.5138094085757468,0.0,0.0029999271248316,0.0001426098220127,-0.000927833078047,2.0531065736406613e-09,0.0201519395872695,False,0.6426480286486637,0.6926600929128244,0.4699999999999976
33,0.2,0.05,1.5,50.0,0.9,0.1,1.0,500,0.0588235294117647,-0.0063828236698545,risk_only,500,0,0.0005373651293043,0.0002566131902731,0.0057574365531757,0.156,0.126830791403845,0.1904147548337029,0.0,0.0009957204924973,0.0001036802645265,-0.000927833078047,2.0531065736406613e-09,0.0201519395872695,False,0.6426480286486637,0.6926600929128244,0.15599999999999967
33,0.2,0.05,1.5,50.0,0.9,0.1,1.0,500,0.0588235294117647,-0.0063828236698545,outcome_based,500,0,5.257366985426224e-05,0.000172128407744,0.0038454167756254,0.07,0.0507597429450181,0.0957971898519168,0.002,0.0004595633042295,7.385889576648567e-05,-0.000927833078047,2.0531065736406613e-09,0.0201519395872695,False,0.6426480286486637,0.6926600929128244,0.07199999999999623
33,0.2,0.05,1.5,50.0,0.9,0.1,1.0,500,0.0588235294117647,-0.0063828236698545,beta_known_mean,500,0,0.0054631658593531,9.656671438227733e-06,0.0054674229402097,0.0,4.336808689942019e-19,0.0076243404615522,0.0,0.0,0.0,-0.000927833078047,2.0531065736406613e-09,0.0201519395872695,False,0.6426480286486637,0.6926600929128244,0.0
33,0.2,0.05,1.5,50.0,0.9,0.1,1.0,500,0.1111111111111111,-0.0191295012626844,beta_estimated_mean,500,0,0.0151161625473583,0.0002501784575329,0.0161161537348196,0.248,0.2121642083459476,0.2876784592466748,0.0,0.0047441163131457,0.0003698180764095,-0.0044700500376416,2.0531065736406613e-09,0.0201519395872695,False,0.6426480286486637,0.6926600929128244,0.2479999999999984
33,0.2,0.05,1.5,50.0,0.9,0.1,1.0,500,0.1111111111111111,-0.0191295012626844,risk_only,500,0,0.0004997482134089,0.0002462107753521,0.0055225901061603,0.0,4.336808689942019e-19,0.0076243404615522,0.0,0.0,0.0,-0.0044700500376416,2.0531065736406613e-09,0.0201519395872695,False,0.6426480286486637,0.6926600929128244,0.0
33,0.2,0.05,1.5,50.0,0.9,0.1,1.0,500,0.1111111111111111,-0.0191295012626844,outcome_based,500,0,-0.0003369987373152,0.0002882171816314,0.0064470978664008,0.006,0.0020425962719602,0.0174902521040533,0.0,0.0001147770075761,6.613360421893167e-05,-0.0044700500376416,2.0531065736406613e-09,0.0201519395872695,False,0.6426480286486637,0.6926600929128244,0.005999999999999666
33,0.2,0.05,1.5,50.0,0.9,0.1,1.0,500,0.1111111111111111,-0.0191295012626844,beta_known_mean,500,0,0.0146819818324609,4.8920091527228856e-05,0.014722594371607,0.0,4.336808689942019e-19,0.0076243404615522,0.0,0.0,0.0,-0.0044700500376416,2.0531065736406613e-09,0.0201519395872695,False,0.6426480286486637,0.6926600929128244,0.0
33,0.2,0.05,1.5,50.0,0.9,0.1,1.0,500,0.2,-0.0170330253939184,beta_estimated_mean,500,0,0.007224382588672,0.000203810083031,0.0085392880388306,0.016,0.0081292530333883,0.0312511085333942,0.0,0.0002725284063026,9.56751301373855e-05,-0.0101068065182592,2.0531065736406613e-09,0.0201519395872695,False,0.6426480286486637,0.6926600929128244,0.015999999999994456
33,0.2,0.05,1.5,50.0,0.9,0.1,1.0,500,0.2,-0.0170330253939184,risk_only,500,0,0.0003695111801685,0.0002002644628168,0.0044888038708387,0.0,4.336808689942019e-19,0.0076243404615522,0.0,0.0,0.0,-0.0101068065182592,2.0531065736406613e-09,0.0201519395872695,False,0.6426480286486637,0.6926600929128244,0.0
33,0.2,0.05,1.5,50.0,0.9,0.1,1.0,500,0.2,-0.0170330253939184,outcome_based,500,0,-0.0002539746060817,0.0007039128131359,0.0157262720980064,0.122,0.0961592783150937,0.1536047230738397,0.006,0.0021802272504215,0.0002547444601849,-0.0101068065182592,2.0531065736406613e-09,0.0201519395872695,False,0.6426480286486637,0.6926600929128244,0.12799999999999673
33,0.2,0.05,1.5,50.0,0.9,0.1,1.0,500,0.2,-0.0170330253939184,beta_known_mean,500,0,0.0069327821340392,0.0001168026220339,0.0074075131807198,0.0,4.336808689942019e-19,0.0076243404615522,0.0,0.0,0.0,-0.0101068065182592,2.0531065736406613e-09,0.0201519395872695,False,0.6426480286486637,0.6926600929128244,0.0
33,0.2,0.05,1.5,50.0,0.9,0.1,1.0,500,0.3333333333333333,0.0084212253290719,beta_estimated_mean,500,0,-0.0151664368632883,8.378440700464275e-05,0.0152814822818277,0.998,0.9887592932948532,0.9996468636054407,0.0,0.0084043828784137,1.6842450658143865e-05,-0.0068970258953131,2.0531065736406613e-09,0.0201519395872695,True,0.6426480286486637,0.6926600929128244,0.9979999999999933
33,0.2,0.05,1.5,50.0,0.9,0.1,1.0,500,0.3333333333333333,0.0084212253290719,risk_only,500,0,7.990717793184651e-05,0.000103188416624,0.002306439240572,0.0,4.336808689942019e-19,0.0076243404615522,0.0,0.0,0.0,-0.0068970258953131,2.0531065736406613e-09,0.0201519395872695,True,0.6426480286486637,0.6926600929128244,0.0
33,0.2,0.05,1.5,50.0,0.9,0.1,1.0,500,0.3333333333333333,0.0084212253290719,outcome_based,500,0,0.000240774670928,0.000582943529269,0.0130241978041705,0.242,0.2065178085511286,0.2814163511270323,0.022,0.0020379365296354,0.0001614608747508,-0.0068970258953131,2.0531065736406613e-09,0.0201519395872695,True,0.6426480286486637,0.6926600929128244,0.24200000000000005
33,0.2,0.05,1.5,50.0,0.9,0.1,1.0,500,0.3333333333333333,0.0084212253290719,beta_known_mean,500,0,-0.0152764110465589,7.43871605647158e-05,0.0153665196398602,1.0,0.992375659538448,1.0,0.0,0.0084212253290719,7.765688804434268e-20,-0.0068970258953131,2.0531065736406613e-09,0.0201519395872695,True,0.6426480286486637,0.6926600929128244,1.0
33,0.2,0.05,1.5,50.0,0.9,0.1,1.0,500,0.5,0.0007605866540593,beta_estimated_mean,500,0,-0.0017326881961257,1.057588551201471e-05,0.0017487198783169,1.0,0.992375659538448,1.0,0.0,0.0007605866540593,0.0,-0.0009849664903685,2.0531065736406613e-09,0.0201519395872695,True,0.6426480286486637,0.6926600929128244,1.0
33,0.2,0.05,1.5,50.0,0.9,0.1,1.0,500,0.5,0.0007605866540593,risk_only,500,0,-1.789849029514183e-05,2.019237235826601e-05,0.0004514184032367,0.0,4.336808689942019e-19,0.0076243404615522,0.012,0.0,0.0,-0.0009849664903685,2.0531065736406613e-09,0.0201519395872695,True,0.6426480286486637,0.6926600929128244,0.0
33,0.2,0.05,1.5,50.0,0.9,0.1,1.0,500,0.5,0.0007605866540593,outcome_based,500,0,-2.4586654059359385e-05,0.0002112008987653,0.0047179347710155,0.354,0.3133423051969017,0.3968840022178716,0.17,0.000269247675537,1.628232120132602e-05,-0.0009849664903685,2.0531065736406613e-09,0.0201519395872695,True,0.6426480286486637,0.6926600929128244,0.35400000000001025
33,0.2,0.05,1.5,50.0,0.9,0.1,1.0,500,0.5,0.0007605866540593,beta_known_mean,500,0,-0.0017411971169214,1.0859759882400366e-05,0.0017580149765979,1.0,0.992375659538448,1.0,0.0,0.0007605866540593,0.0,-0.0009849664903685,2.0531065736406613e-09,0.0201519395872695,True,0.6426480286486637,0.6926600929128244,1.0
33,0.2,0.05,1.5,50.0,0.9,0.1,1.0,3000,0.0588235294117647,-0.0063828236698545,beta_estimated_mean,500,0,0.0054896977805156,0.0001164930393897,0.0060752386954178,0.392,0.3501873777896792,0.4354594797500162,0.0,0.0025020668785829,0.0001394946004318,-0.000927833078047,2.0531065736406613e-09,0.0201519395872695,False,0.6426480286486637,0.6926600929128244,0.39199999999998997
33,0.2,0.05,1.5,50.0,0.9,0.1,1.0,3000,0.0588235294117647,-0.0063828236698545,risk_only,500,0,4.056372711150847e-05,0.0001139710579043,0.0025462437106124,0.008,0.0031153151800622,0.0203870358341051,0.0,5.106258935883656e-05,2.545443160079347e-05,-0.000927833078047,2.0531065736406613e-09,0.0201519395872695,False,0.6426480286486637,0.6926600929128244,0.008000000000000087
33,0.2,0.05,1.5,50.0,0.9,0.1,1.0,3000,0.0588235294117647,-0.0063828236698545,outcome_based,500,0,3.7407003187252765e-05,6.687771630694651e-05,0.0014944032669146,0.0,4.336808689942019e-19,0.0076243404615522,0.0,0.0,0.0,-0.000927833078047,2.0531065736406613e-09,0.0201519395872695,False,0.6426480286486637,0.6926600929128244,0.0
33,0.2,0.05,1.5,50.0,0.9,0.1,1.0,3000,0.0588235294117647,-0.0063828236698545,beta_known_mean,500,0,0.0054605262137562,3.677378986253557e-06,0.0054611440711729,0.0,4.336808689942019e-19,0.0076243404615522,0.0,0.0,0.0,-0.000927833078047,2.0531065736406613e-09,0.0201519395872695,False,0.6426480286486637,0.6926600929128244,0.0
33,0.2,0.05,1.5,50.0,0.9,0.1,1.0,3000,0.1111111111111111,-0.0191295012626844,beta_estimated_mean,500,0,0.0147003581912362,0.0001098737495882,0.0149038444414214,0.02,0.0108991835962108,0.0364201832468793,0.0,0.0003825900252536,0.0001198895721342,-0.0044700500376416,2.0531065736406613e-09,0.0201519395872695,False,0.6426480286486637,0.6926600929128244,0.0199999999999954
33,0.2,0.05,1.5,50.0,0.9,0.1,1.0,3000,0.1111111111111111,-0.0191295012626844,risk_only,500,0,4.986971747475938e-05,0.0001071039888942,0.0023930415672974,0.0,4.336808689942019e-19,0.0076243404615522,0.0,0.0,0.0,-0.0044700500376416,2.0531065736406613e-09,0.0201519395872695,False,0.6426480286486637,0.6926600929128244,0.0
33,0.2,0.05,1.5,50.0,0.9,0.1,1.0,3000,0.1111111111111111,-0.0191295012626844,outcome_based,500,0,8.591792934776001e-05,0.0001242705822756,0.002777323805848,0.0,4.336808689942019e-19,0.0076243404615522,0.0,0.0,0.0,-0.0044700500376416,2.0531065736406613e-09,0.0201519395872695,False,0.6426480286486637,0.6926600929128244,0.0
33,0.2,0.05,1.5,50.0,0.9,0.1,1.0,3000,0.1111111111111111,-0.0191295012626844,beta_known_mean,500,0,0.0146790096069446,1.87095257003028e-05,0.0146849581603212,0.0,4.336808689942019e-19,0.0076243404615522,0.0,0.0,0.0,-0.0044700500376416,2.0531065736406613e-09,0.0201519395872695,False,0.6426480286486637,0.6926600929128244,0.0
33,0.2,0.05,1.5,50.0,0.9,0.1,1.0,3000,0.2,-0.0170330253939184,beta_estimated_mean,500,0,0.0069744721751399,8.456255411324034e-05,0.007225754221901,0.0,4.336808689942019e-19,0.0076243404615522,0.0,0.0,0.0,-0.0101068065182592,2.0531065736406613e-09,0.0201519395872695,False,0.6426480286486637,0.6926600929128244,0.0
33,0.2,0.05,1.5,50.0,0.9,0.1,1.0,3000,0.2,-0.0170330253939184,risk_only,500,0,7.059385729804826e-05,8.282865911525169e-05,0.0018515983072288,0.0,4.336808689942019e-19,0.0076243404615522,0.0,0.0,0.0,-0.0101068065182592,2.0531065736406613e-09,0.0201519395872695,False,0.6426480286486637,0.6926600929128244,0.0
33,0.2,0.05,1.5,50.0,0.9,0.1,1.0,3000,0.2,-0.0170330253939184,outcome_based,500,0,-0.0004749746060817,0.000277848769196,0.0062248188897156,0.004,0.0010976305226827,0.014465715215177,0.0,6.813210157567362e-05,4.812837361393133e-05,-0.0101068065182592,2.0531065736406613e-09,0.0201519395872695,False,0.6426480286486637,0.6926600929128244,0.004000000000000001
33,0.2,0.05,1.5,50.0,0.9,0.1,1.0,3000,0.2,-0.0170330253939184,beta_known_mean,500,0,0.0069596520816446,4.4745166140206416e-05,0.0070310610802428,0.0,4.336808689942019e-19,0.0076243404615522,0.0,0.0,0.0,-0.0101068065182592,2.0531065736406613e-09,0.0201519395872695,False,0.6426480286486637,0.6926600929128244,0.0
33,0.2,0.05,1.5,50.0,0.9,0.1,1.0,3000,0.3333333333333333,0.0084212253290719,beta_estimated_mean,500,0,-0.0152792922278484,3.23051288483022e-05,0.0152963243309493,1.0,0.992375659538448,1.0,0.0,0.0084212253290719,7.765688804434268e-20,-0.0068970258953131,2.0531065736406613e-09,0.0201519395872695,True,0.6426480286486637,0.6926600929128244,1.0
33,0.2,0.05,1.5,50.0,0.9,0.1,1.0,3000,0.3333333333333333,0.0084212253290719,risk_only,500,0,2.382767229019441e-05,4.0336403607777e-05,0.0009013620030351,0.0,4.336808689942019e-19,0.0076243404615522,0.0,0.0,0.0,-0.0068970258953131,2.0531065736406613e-09,0.0201519395872695,True,0.6426480286486637,0.6926600929128244,0.0
33,0.2,0.05,1.5,50.0,0.9,0.1,1.0,3000,0.3333333333333333,0.0084212253290719,outcome_based,500,0,-6.225329071912408e-06,0.0002351226720189,0.0052522463320468,0.042,0.0276323101084517,0.0633515857543301,0.006,0.000353691463821,7.561925858530015e-05,-0.0068970258953131,2.0531065736406613e-09,0.0201519395872695,True,0.6426480286486637,0.6926600929128244,0.04199999999999765
33,0.2,0.05,1.5,50.0,0.9,0.1,1.0,3000,0.3333333333333333,0.0084212253290719,beta_known_mean,500,0,-0.0152859119784644,2.84193921318372e-05,0.0152990891322354,1.0,0.992375659538448,1.0,0.0,0.0084212253290719,7.765688804434268e-20,-0.0068970258953131,2.0531065736406613e-09,0.0201519395872695,True,0.6426480286486637,0.6926600929128244,1.0
33,0.2,0.05,1.5,50.0,0.9,0.1,1.0,3000,0.5,0.0007605866540593,beta_estimated_mean,500,0,-0.0017389720949152,3.935597166519769e-06,0.0017411929590075,1.0,0.992375659538448,1.0,0.0,0.0007605866540593,0.0,-0.0009849664903685,2.0531065736406613e-09,0.0201519395872695,True,0.6426480286486637,0.6926600929128244,1.0
33,0.2,0.05,1.5,50.0,0.9,0.1,1.0,3000,0.5,0.0007605866540593,risk_only,500,0,-4.849829028040227e-06,7.697373291006685e-06,0.0001720146769219,0.0,4.336808689942019e-19,0.0076243404615522,0.0,0.0,0.0,-0.0009849664903685,2.0531065736406613e-09,0.0201519395872695,True,0.6426480286486637,0.6926600929128244,0.0
33,0.2,0.05,1.5,50.0,0.9,0.1,1.0,3000,0.5,0.0007605866540593,outcome_based,500,0,-9.258665405935953e-05,8.772335617657483e-05,0.0019617773856205,0.328,0.2882961898405897,0.3703265832781843,0.05,0.0002494724225314,1.598527036983547e-05,-0.0009849664903685,2.0531065736406613e-09,0.0201519395872695,True,0.6426480286486637,0.6926600929128244,0.3279999999999337
33,0.2,0.05,1.5,50.0,0.9,0.1,1.0,3000,0.5,0.0007605866540593,beta_known_mean,500,0,-0.0017393113619079,4.1587531963237e-06,0.0017417905535706,1.0,0.992375659538448,1.0,0.0,0.0007605866540593,0.0,-0.0009849664903685,2.0531065736406613e-09,0.0201519395872695,True,0.6426480286486637,0.6926600929128244,1.0
33,0.2,0.05,1.5,50.0,0.9,0.1,1.0,10000,0.0588235294117647,-0.0063828236698545,beta_estimated_mean,500,0,0.0054894155699742,6.374649637133398e-05,0.0056711046176108,0.266,0.2291604018204711,0.3064077895155354,0.0,0.0016978310961813,0.0001262558245007,-0.000927833078047,2.0531065736406613e-09,0.0201519395872695,False,0.6426480286486637,0.6926600929128244,0.26600000000000046
33,0.2,0.05,1.5,50.0,0.9,0.1,1.0,10000,0.0588235294117647,-0.0063828236698545,risk_only,500,0,3.2931374888105605e-05,6.247094237254354e-05,0.0013958836546316,0.0,4.336808689942019e-19,0.0076243404615522,0.0,0.0,0.0,-0.000927833078047,2.0531065736406613e-09,0.0201519395872695,False,0.6426480286486637,0.6926600929128244,0.0
33,0.2,0.05,1.5,50.0,0.9,0.1,1.0,10000,0.0588235294117647,-0.0063828236698545,outcome_based,500,0,-4.226383013903878e-05,3.820127292308133e-05,0.0008543977531319,0.0,4.336808689942019e-19,0.0076243404615522,0.0,0.0,0.0,-0.000927833078047,2.0531065736406613e-09,0.0201519395872695,False,0.6426480286486637,0.6926600929128244,0.0
33,0.2,0.05,1.5,50.0,0.9,0.1,1.0,10000,0.0588235294117647,-0.0063828236698545,beta_known_mean,500,0,0.0054524802520268,2.1048674001984737e-06,0.0054526829819514,0.0,4.336808689942019e-19,0.0076243404615522,0.0,0.0,0.0,-0.000927833078047,2.0531065736406613e-09,0.0201519395872695,False,0.6426480286486637,0.6926600929128244,0.0
33,0.2,0.05,1.5,50.0,0.9,0.1,1.0,10000,0.1111111111111111,-0.0191295012626844,beta_estimated_mean,500,0,0.0146756772441103,6.0763062189000105e-05,0.0147383135156931,0.0,4.336808689942019e-19,0.0076243404615522,0.0,0.0,0.0,-0.0044700500376416,2.0531065736406613e-09,0.0201519395872695,False,0.6426480286486637,0.6926600929128244,0.0
33,0.2,0.05,1.5,50.0,0.9,0.1,1.0,10000,0.1111111111111111,-0.0191295012626844,risk_only,500,0,1.9979867912439803e-05,5.9484254530416656e-05,0.0013289277960462,0.0,4.336808689942019e-19,0.0076243404615522,0.0,0.0,0.0,-0.0044700500376416,2.0531065736406613e-09,0.0201519395872695,False,0.6426480286486637,0.6926600929128244,0.0
33,0.2,0.05,1.5,50.0,0.9,0.1,1.0,10000,0.1111111111111111,-0.0191295012626844,outcome_based,500,0,-6.607373731324032e-05,6.506799637344434e-05,0.0014550099555115,0.0,4.336808689942019e-19,0.0076243404615522,0.0,0.0,0.0,-0.0044700500376416,2.0531065736406613e-09,0.0201519395872695,False,0.6426480286486637,0.6926600929128244,0.0
33,0.2,0.05,1.5,50.0,0.9,0.1,1.0,10000,0.1111111111111111,-0.0191295012626844,beta_known_mean,500,0,0.0146452103038078,1.082278601108484e-05,0.0146472056740725,0.0,4.336808689942019e-19,0.0076243404615522,0.0,0.0,0.0,-0.0044700500376416,2.0531065736406613e-09,0.0201519395872695,False,0.6426480286486637,0.6926600929128244,0.0
33,0.2,0.05,1.5,50.0,0.9,0.1,1.0,10000,0.2,-0.0170330253939184,beta_estimated_mean,500,0,0.0069101570300836,4.817097031004669e-05,0.0069934377046156,0.0,4.336808689942019e-19,0.0076243404615522,0.0,0.0,0.0,-0.0101068065182592,2.0531065736406613e-09,0.0201519395872695,False,0.6426480286486637,0.6926600929128244,0.0
33,0.2,0.05,1.5,50.0,0.9,0.1,1.0,10000,0.2,-0.0170330253939184,risk_only,500,0,-1.0059247531908316e-05,4.751291776146234e-05,0.0010614058546147,0.0,4.336808689942019e-19,0.0076243404615522,0.0,0.0,0.0,-0.0101068065182592,2.0531065736406613e-09,0.0201519395872695,False,0.6426480286486637,0.6926600929128244,0.0
33,0.2,0.05,1.5,50.0,0.9,0.1,1.0,10000,0.2,-0.0170330253939184,outcome_based,500,0,-0.0001584246060844,0.0001459649026327,0.0032644553915336,0.0,4.336808689942019e-19,0.0076243404615522,0.0,0.0,0.0,-0.0101068065182592,2.0531065736406613e-09,0.0201519395872695,False,0.6426480286486637,0.6926600929128244,0.0
33,0.2,0.05,1.5,50.0,0.9,0.1,1.0,10000,0.2,-0.0170330253939184,beta_known_mean,500,0,0.0068900656491219,2.592520348209057e-05,0.0069143611867495,0.0,4.336808689942019e-19,0.0076243404615522,0.0,0.0,0.0,-0.0101068065182592,2.0531065736406613e-09,0.0201519395872695,False,0.6426480286486637,0.6926600929128244,0.0
33,0.2,0.05,1.5,50.0,0.9,0.1,1.0,10000,0.3333333333333333,0.0084212253290719,beta_estimated_mean,500,0,-0.0153317638228601,1.8927921836976128e-05,0.0153375929260842,1.0,0.992375659538448,1.0,0.0,0.0084212253290719,7.765688804434268e-20,-0.0068970258953131,2.0531065736406613e-09,0.0201519395872695,True,0.6426480286486637,0.6926600929128244,1.0
33,0.2,0.05,1.5,50.0,0.9,0.1,1.0,10000,0.3333333333333333,0.0084212253290719,risk_only,500,0,-1.7025755666560112e-05,2.302522752759045e-05,0.0005146263368716,0.0,4.336808689942019e-19,0.0076243404615522,0.0,0.0,0.0,-0.0068970258953131,2.0531065736406613e-09,0.0201519395872695,True,0.6426480286486637,0.6926600929128244,0.0
33,0.2,0.05,1.5,50.0,0.9,0.1,1.0,10000,0.3333333333333333,0.0084212253290719,outcome_based,500,0,-6.572532907188832e-05,0.0001324100235203,0.0029585460227756,0.002,0.0003531363945592,0.0112407067051467,0.0,1.6842450658143865e-05,1.6842450658143868e-05,-0.0068970258953131,2.0531065736406613e-09,0.0201519395872695,True,0.6426480286486637,0.6926600929128244,0.002000000000000008
33,0.2,0.05,1.5,50.0,0.9,0.1,1.0,10000,0.3333333333333333,0.0084212253290719,beta_known_mean,500,0,-0.0153394981057997,1.6422805200596503e-05,0.0153438843418031,1.0,0.992375659538448,1.0,0.0,0.0084212253290719,7.765688804434268e-20,-0.0068970258953131,2.0531065736406613e-09,0.0201519395872695,True,0.6426480286486637,0.6926600929128244,1.0
33,0.2,0.05,1.5,50.0,0.9,0.1,1.0,10000,0.5,0.0007605866540593,beta_estimated_mean,500,0,-0.0017476893205517,2.266370246659948e-06,0.0017484224437429,1.0,0.992375659538448,1.0,0.0,0.0007605866540593,0.0,-0.0009849664903685,2.0531065736406613e-09,0.0201519395872695,True,0.6426480286486637,0.6926600929128244,1.0
33,0.2,0.05,1.5,50.0,0.9,0.1,1.0,10000,0.5,0.0007605866540593,risk_only,500,0,-4.311995227542604e-06,4.38001728093501e-06,9.793714536428824e-05,0.0,4.336808689942019e-19,0.0076243404615522,0.0,0.0,0.0,-0.0009849664903685,2.0531065736406613e-09,0.0201519395872695,True,0.6426480286486637,0.6926600929128244,0.0
33,0.2,0.05,1.5,50.0,0.9,0.1,1.0,10000,0.5,0.0007605866540593,outcome_based,500,0,-1.898665405935957e-05,4.961392913212836e-05,0.0011084538479487,0.258,0.2215962002228131,0.2980939805605782,0.02,0.0001962313567473,1.4897391580742364e-05,-0.0009849664903685,2.0531065736406613e-09,0.0201519395872695,True,0.6426480286486637,0.6926600929128244,0.2580000000000008
33,0.2,0.05,1.5,50.0,0.9,0.1,1.0,10000,0.5,0.0007605866540593,beta_known_mean,500,0,-0.0017483322558999,2.3455778894397378e-06,0.0017491172182282,1.0,0.992375659538448,1.0,0.0,0.0007605866540593,0.0,-0.0009849664903685,2.0531065736406613e-09,0.0201519395872695,True,0.6426480286486637,0.6926600929128244,1.0
34,0.2,0.05,1.5,50.0,0.9,0.5,0.5,500,0.0588235294117647,-0.0006906072703238,beta_estimated_mean,500,0,-0.0003502386388034,0.000296258194876,0.00662716811328,0.442,0.3990759531428234,0.4858084703507167,0.0,0.0003052484134831,1.5353560596505727e-05,-0.000927833078047,2.7026618766301524e-05,0.0005777404424469,False,0.6503087238738147,0.6925716226151373,0.44199999999997164
34,0.2,0.05,1.5,50.0,0.9,0.5,0.5,500,0.0588235294117647,-0.0006906072703238,risk_only,500,0,-0.0001110938403109,0.000297953137656,0.0066566960189463,0.454,0.4108757266738578,0.4978257126486051,0.0,0.000313535700727,1.5392356768517413e-05,-0.000927833078047,2.7026618766301524e-05,0.0005777404424469,False,0.6503087238738147,0.6925716226151373,0.45399999999999247
34,0.2,0.05,1.5,50.0,0.9,0.5,0.5,500,0.0588235294117647,-0.0006906072703238,outcome_based,500,0,-6.939272967623364e-05,0.0001110527596724,0.0024817011002398,0.34,0.2998388584537141,0.3826009304939827,0.032,0.0002569059045604,1.4942806238375944e-05,-0.000927833078047,2.7026618766301524e-05,0.0005777404424469,False,0.6503087238738147,0.6925716226151373,0.37199999999992234
34,0.2,0.05,1.5,50.0,0.9,0.5,0.5,500,0.0588235294117647,-0.0006906072703238,beta_known_mean,500,0,-0.0002295194887592,1.050376521730968e-05,0.0003282276778499,0.0,4.336808689942019e-19,0.0076243404615522,0.0,0.0,0.0,-0.000927833078047,2.7026618766301524e-05,0.0005777404424469,False,0.6503087238738147,0.6925716226151373,0.0
34,0.2,0.05,1.5,50.0,0.9,0.5,0.5,500,0.1111111111111111,-0.0058259619357061,beta_estimated_mean,500,0,0.0012439887218923,0.0002922320187131,0.0066454409009488,0.238,0.2027590191807921,0.2772361352210613,0.0,0.001386578940698,0.0001110665633939,-0.0044700500376416,2.7026618766301524e-05,0.0005777404424469,False,0.6503087238738147,0.6925716226151373,0.23799999999999114
34,0.2,0.05,1.5,50.0,0.9,0.5,0.5,500,0.1111111111111111,-0.0058259619357061,risk_only,500,0,-0.0001194382502994,0.0002972857192828,0.0066419339157748,0.178,0.1469648867073352,0.2139451885499043,0.0,0.0010370212245556,9.976157107489016e-05,-0.0044700500376416,2.7026618766301524e-05,0.0005777404424469,False,0.6503087238738147,0.6925716226151373,0.17799999999998528
34,0.2,0.05,1.5,50.0,0.9,0.5,0.5,500,0.1111111111111111,-0.0058259619357061,outcome_based,500,0,-0.0004205380642938,0.0003759873115104,0.0084094420155868,0.208,0.1747163117096292,0.2457363031199172,0.016,0.0013050154735981,0.0001087357213196,-0.0044700500376416,2.7026618766301524e-05,0.0005777404424469,False,0.6503087238738147,0.6925716226151373,0.22399999999998862
34,0.2,0.05,1.5,50.0,0.9,0.5,0.5,500,0.1111111111111111,-0.0058259619357061,beta_known_mean,500,0,0.0013795011336915,4.8030275780130265e-05,0.001747618426952,0.0,4.336808689942019e-19,0.0076243404615522,0.0,0.0,0.0,-0.0044700500376416,2.7026618766301524e-05,0.0005777404424469,False,0.6503087238738147,0.6925716226151373,0.0
34,0.2,0.05,1.5,50.0,0.9,0.5,0.5,500,0.2,-0.0150561387005726,beta_estimated_mean,500,0,0.0048779199712131,0.000238284140975,0.0072199023424023,0.024,0.0137813146554969,0.0414770574639007,0.0,0.0003613473288137,0.0001031558504316,-0.0101068065182592,2.7026618766301524e-05,0.0005777404424469,False,0.6503087238738147,0.6925716226151373,0.023999999999997183
34,0.2,0.05,1.5,50.0,0.9,0.5,0.5,500,0.2,-0.0150561387005726,risk_only,500,0,-9.691469366902976e-05,0.0002392456281332,0.005345221162656,0.0,4.336808689942019e-19,0.0076243404615522,0.0,0.0,0.0,-0.0101068065182592,2.7026618766301524e-05,0.0005777404424469,False,0.6503087238738147,0.6925716226151373,0.0
34,0.2,0.05,1.5,50.0,0.9,0.5,0.5,500,0.2,-0.0150561387005726,outcome_based,500,0,0.0004421387005726,0.0006974560185385,0.0155862596741663,0.18,0.148804907912759,0.2160746699826344,0.008,0.0028305540757076,0.0002633420871896,-0.0101068065182592,2.7026618766301524e-05,0.0005777404424469,False,0.6503087238738147,0.6925716226151373,0.18799999999999675
34,0.2,0.05,1.5,50.0,0.9,0.5,0.5,500,0.2,-0.0150561387005726,beta_known_mean,500,0,0.0049623917220386,0.0001105400895779,0.0055428032793441,0.0,4.336808689942019e-19,0.0076243404615522,0.0,0.0,0.0,-0.0101068065182592,2.7026618766301524e-05,0.0005777404424469,False,0.6503087238738147,0.6925716226151373,0.0
34,0.2,0.05,1.5,50.0,0.9,0.5,0.5,500,0.3333333333333333,-0.00253984611088,beta_estimated_mean,500,0,-0.0043344494909013,0.0001007599981916,0.0048840135574881,0.0,4.336808689942019e-19,0.0076243404615522,0.0,0.0,0.0,-0.0068970258953131,2.7026618766301524e-05,0.0005777404424469,False,0.6503087238738147,0.6925716226151373,0.0
34,0.2,0.05,1.5,50.0,0.9,0.5,0.5,500,0.3333333333333333,-0.00253984611088,risk_only,500,0,4.560792983793454e-05,0.0001153585865459,0.0025773191934096,0.16,0.130476372350164,0.1947081791636914,0.0,0.0004063753777408,4.16827885328768e-05,-0.0068970258953131,2.7026618766301524e-05,0.0005777404424469,False,0.6503087238738147,0.6925716226151373,0.16
34,0.2,0.05,1.5,50.0,0.9,0.5,0.5,500,0.3333333333333333,-0.00253984611088,outcome_based,500,0,0.00055584611088,0.0006587650801778,0.0147261912556838,0.424,0.381424117793864,0.467734781956292,0.038,0.0011734089032265,5.668514427505807e-05,-0.0068970258953131,2.7026618766301524e-05,0.0005777404424469,False,0.6503087238738147,0.6925716226151373,0.4619999999999764
34,0.2,0.05,1.5,50.0,0.9,0.5,0.5,500,0.3333333333333333,-0.00253984611088,beta_known_mean,500,0,-0.0043146296701633,7.417060736522391e-05,0.0046218142985325,0.0,4.336808689942019e-19,0.0076243404615522,0.0,0.0,0.0,-0.0068970258953131,2.7026618766301524e-05,0.0005777404424469,False,0.6503087238738147,0.6925716226151373,0.0
34,0.2,0.05,1.5,50.0,0.9,0.5,0.5,500,0.5,-0.0001408721554184,beta_estimated_mean,500,0,-0.0008469658244934,1.456275577192062e-05,0.0009072904506498,0.0,4.336808689942019e-19,0.0076243404615522,0.0,0.0,0.0,-0.0009849664903685,2.7026618766301524e-05,0.0005777404424469,False,0.6503087238738147,0.6925716226151373,0.0
34,0.2,0.05,1.5,50.0,0.9,0.5,0.5,500,0.5,-0.0001408721554184,risk_only,500,0,1.5681211723202048e-05,2.5985661903251064e-05,0.0005806874874246,0.43,0.3873016475903593,0.4737657600742581,0.002,6.085677114077467e-05,3.123855438886791e-06,-0.0009849664903685,2.7026618766301524e-05,0.0005777404424469,False,0.6503087238738147,0.6925716226151373,0.4320000000001837
34,0.2,0.05,1.5,50.0,0.9,0.5,0.5,500,0.5,-0.0001408721554184,outcome_based,500,0,0.0004248721554184,0.0002127374024585,0.0047711487451608,0.466,0.4227007774569098,0.5098176776944758,0.162,8.846771360279282e-05,3.0480787174646643e-06,-0.0009849664903685,2.7026618766301524e-05,0.0005777404424469,False,0.6503087238738147,0.6925716226151373,0.628000000000267
34,0.2,0.05,1.5,50.0,0.9,0.5,0.5,500,0.5,-0.0001408721554184,beta_known_mean,500,0,-0.0008414022389045,1.2874321046363198e-05,0.0008891940455792,0.0,4.336808689942019e-19,0.0076243404615522,0.0,0.0,0.0,-0.0009849664903685,2.7026618766301524e-05,0.0005777404424469,False,0.6503087238738147,0.6925716226151373,0.0
34,0.2,0.05,1.5,50.0,0.9,0.5,0.5,3000,0.0588235294117647,-0.0006906072703238,beta_estimated_mean,500,0,-0.0003921353264311,0.0001170402526326,0.0026437250351837,0.336,0.2959880078270491,0.37851277584434,0.0,0.0002320440428288,1.4602746687619657e-05,-0.000927833078047,2.7026618766301524e-05,0.0005777404424469,False,0.6503087238738147,0.6925716226151373,0.33600000000000463
34,0.2,0.05,1.5,50.0,0.9,0.5,0.5,3000,0.0588235294117647,-0.0006906072703238,risk_only,500,0,-0.0001568690423799,0.0001182463321976,0.0026460769528631,0.368,0.3268845483787568,0.4111282775030931,0.0,0.0002541434754791,1.4909508320599362e-05,-0.000927833078047,2.7026618766301524e-05,0.0005777404424469,False,0.6503087238738147,0.6925716226151373,0.36799999999991545
34,0.2,0.05,1.5,50.0,0.9,0.5,0.5,3000,0.0588235294117647,-0.0006906072703238,outcome_based,500,0,2.319060365703657e-05,4.644422978350032e-05,0.0010377446592052,0.262,0.2253762694172376,0.3022529166424613,0.012,0.0001892263920687,1.3788736264955366e-05,-0.000927833078047,2.7026618766301524e-05,0.0005777404424469,False,0.6503087238738147,0.6925716226151373,0.2739999999999693
34,0.2,0.05,1.5,50.0,0.9,0.5,0.5,3000,0.0588235294117647,-0.0006906072703238,beta_known_mean,500,0,-0.000235467314558,4.156147858438953e-06,0.0002531093936834,0.0,4.336808689942019e-19,0.0076243404615522,0.0,0.0,0.0,-0.000927833078047,2.7026618766301524e-05,0.0005777404424469,False,0.6503087238738147,0.6925716226151373,0.0
34,0.2,0.05,1.5,50.0,0.9,0.5,0.5,3000,0.1111111111111111,-0.0058259619357061,beta_estimated_mean,500,0,0.0012207048835148,0.0001149152435047,0.0028424762961772,0.032,0.0197915136265711,0.0513448690454417,0.0,0.0001864307819425,4.590183397530143e-05,-0.0044700500376416,2.7026618766301524e-05,0.0005777404424469,False,0.6503087238738147,0.6925716226151373,0.03199999999998366
34,0.2,0.05,1.5,50.0,0.9,0.5,0.5,3000,0.1111111111111111,-0.0058259619357061,risk_only,500,0,-0.0001520307262145,0.0001157958025796,0.0025911461983734,0.006,0.0020425962719602,0.0174902521040533,0.0,3.4955771614236854e-05,2.0141239207429383e-05,-0.0044700500376416,2.7026618766301524e-05,0.0005777404424469,False,0.6503087238738147,0.6925716226151373,0.006000000000000044
34,0.2,0.05,1.5,50.0,0.9,0.5,0.5,3000,0.1111111111111111,-0.0058259619357061,outcome_based,500,0,1.0128602371702572e-05,0.0001473216543475,0.0032909320622872,0.044,0.0292339556286071,0.0657194428723284,0.0,0.000256342325171,5.3490006956948605e-05,-0.0044700500376416,2.7026618766301524e-05,0.0005777404424469,False,0.6503087238738147,0.6925716226151373,0.043999999999988264
34,0.2,0.05,1.5,50.0,0.9,0.5,0.5,3000,0.1111111111111111,-0.0058259619357061,beta_known_mean,500,0,0.0013629709817078,1.9258860275764027e-05,0.0014292553455695,0.0,4.336808689942019e-19,0.0076243404615522,0.0,0.0,0.0,-0.0044700500376416,2.7026618766301524e-05,0.0005777404424469,False,0.6503087238738147,0.6925716226151373,0.0
34,0.2,0.05,1.5,50.0,0.9,0.5,0.5,3000,0.2,-0.0150561387005726,beta_estimated_mean,500,0,0.0048722188188618,9.313367541542776e-05,0.0052978092722905,0.0,4.336808689942019e-19,0.0076243404615522,0.0,0.0,0.0,-0.0101068065182592,2.7026618766301524e-05,0.0005777404424469,False,0.6503087238738147,0.6925716226151373,0.0
34,0.2,0.05,1.5,50.0,0.9,0.5,0.5,3000,0.2,-0.0150561387005726,risk_only,500,0,-5.606836900854449e-05,9.219638073030042e-05,0.0020602742048734,0.0,4.336808689942019e-19,0.0076243404615522,0.0,0.0,0.0,-0.0101068065182592,2.7026618766301524e-05,0.0005777404424469,False,0.6503087238738147,0.6925716226151373,0.0
34,0.2,0.05,1.5,50.0,0.9,0.5,0.5,3000,0.2,-0.0150561387005726,outcome_based,500,0,0.0003364720339055,0.0002702925334945,0.006047245836526,0.008,0.0031153151800622,0.0203870358341051,0.0,0.0001204491096045,6.004324614759709e-05,-0.0101068065182592,2.7026618766301524e-05,0.0005777404424469,False,0.6503087238738147,0.6925716226151373,0.007999999999994633
34,0.2,0.05,1.5,50.0,0.9,0.5,0.5,3000,0.2,-0.0150561387005726,beta_known_mean,500,0,0.0049600276256393,4.430408686095138e-05,0.0050577996452295,0.0,4.336808689942019e-19,0.0076243404615522,0.0,0.0,0.0,-0.0101068065182592,2.7026618766301524e-05,0.0005777404424469,False,0.6503087238738147,0.6925716226151373,0.0
34,0.2,0.05,1.5,50.0,0.9,0.5,0.5,3000,0.3333333333333333,-0.00253984611088,beta_estimated_mean,500,0,-0.0043701851848126,3.927575311624288e-05,0.0044573835774136,0.0,4.336808689942019e-19,0.0076243404615522,0.0,0.0,0.0,-0.0068970258953131,2.7026618766301524e-05,0.0005777404424469,False,0.6503087238738147,0.6925716226151373,0.0
34,0.2,0.05,1.5,50.0,0.9,0.5,0.5,3000,0.3333333333333333,-0.00253984611088,risk_only,500,0,-1.87621332696492e-05,4.6569409110180494e-05,0.0010404509792468,0.002,0.0003531363945592,0.0112407067051467,0.0,5.079692221760007e-06,5.079692221760006e-06,-0.0068970258953131,2.7026618766301524e-05,0.0005777404424469,False,0.6503087238738147,0.6925716226151373,0.0020000000000000026
34,0.2,0.05,1.5,50.0,0.9,0.5,0.5,3000,0.3333333333333333,-0.00253984611088,outcome_based,500,0,0.0004145127775466,0.0002452608588602,0.0054943709738517,0.334,0.2940638124558771,0.3764674685773583,0.008,0.0008686273699209,5.393654587573956e-05,-0.0068970258953131,2.7026618766301524e-05,0.0005777404424469,False,0.6503087238738147,0.6925716226151373,0.3419999999999763
34,0.2,0.05,1.5,50.0,0.9,0.5,0.5,3000,0.3333333333333333,-0.00253984611088,beta_known_mean,500,0,-0.0043455337145836,2.970624619465202e-05,0.0043959084766414,0.0,4.336808689942019e-19,0.0076243404615522,0.0,0.0,0.0,-0.0068970258953131,2.7026618766301524e-05,0.0005777404424469,False,0.6503087238738147,0.6925716226151373,0.0
34,0.2,0.05,1.5,50.0,0.9,0.5,0.5,3000,0.5,-0.0001408721554184,beta_estimated_mean,500,0,-0.0008456237849937,5.535420268324294e-06,0.0008546165126201,0.0,4.336808689942019e-19,0.0076243404615522,0.0,0.0,0.0,-0.0009849664903685,2.7026618766301524e-05,0.0005777404424469,False,0.6503087238738147,0.6925716226151373,0.0
34,0.2,0.05,1.5,50.0,0.9,0.5,0.5,3000,0.5,-0.0001408721554184,risk_only,500,0,1.3738582635875971e-06,1.0928156325621218e-05,0.0002441203867448,0.288,0.250043271115854,0.3291894492398441,0.0,4.057118076051645e-05,2.855690438820628e-06,-0.0009849664903685,2.7026618766301524e-05,0.0005777404424469,False,0.6503087238738147,0.6925716226151373,0.28800000000012244
34,0.2,0.05,1.5,50.0,0.9,0.5,0.5,3000,0.5,-0.0001408721554184,outcome_based,500,0,-2.712784458154009e-05,9.402310247332052e-05,0.0021004921983923,0.452,0.4089073378092892,0.49582459887502,0.066,7.297177650676223e-05,3.151107981704605e-06,-0.0009849664903685,2.7026618766301524e-05,0.0005777404424469,False,0.6503087238738147,0.6925716226151373,0.5180000000002203
34,0.2,0.05,1.5,50.0,0.9,0.5,0.5,3000,0.5,-0.0001408721554184,beta_known_mean,500,0,-0.000843147950542,4.994934124124876e-06,0.0008504987951717,0.0,4.336808689942019e-19,0.0076243404615522,0.0,0.0,0.0,-0.0009849664903685,2.7026618766301524e-05,0.0005777404424469,False,0.6503087238738147,0.6925716226151373,0.0
34,0.2,0.05,1.5,50.0,0.9,0.5,0.5,10000,0.0588235294117647,-0.0006906072703238,beta_estimated_mean,500,0,-0.0002685987577233,6.014234784432797e-05,0.0013700653972567,0.222,0.1877693513816299,0.2604697819149931,0.0,0.0001533148140118,1.284834409216745e-05,-0.000927833078047,2.7026618766301524e-05,0.0005777404424469,False,0.6503087238738147,0.6925716226151373,0.22199999999987896
34,0.2,0.05,1.5,50.0,0.9,0.5,0.5,10000,0.0588235294117647,-0.0006906072703238,risk_only,500,0,-3.359378656067369e-05,6.044499122967994e-05,0.0013506566654441,0.284,0.2462377719556586,0.325055943123732,0.0,0.0001961324647719,1.3941084334652864e-05,-0.000927833078047,2.7026618766301524e-05,0.0005777404424469,False,0.6503087238738147,0.6925716226151373,0.28399999999991427
34,0.2,0.05,1.5,50.0,0.9,0.5,0.5,10000,0.0588235294117647,-0.0006906072703238,outcome_based,500,0,2.219770325086079e-06,2.407639120933574e-05,0.0005378304208569,0.112,0.0872628001941022,0.1426536880040623,0.004,8.011044335756413e-05,9.90001836769349e-06,-0.000927833078047,2.7026618766301524e-05,0.0005777404424469,False,0.6503087238738147,0.6925716226151373,0.11600000000000482
34,0.2,0.05,1.5,50.0,0.9,0.5,0.5,10000,0.0588235294117647,-0.0006906072703238,beta_known_mean,500,0,-0.0002346813924696,2.283752623950297e-06,0.0002401622440542,0.0,4.336808689942019e-19,0.0076243404615522,0.0,0.0,0.0,-0.000927833078047,2.7026618766301524e-05,0.0005777404424469,False,0.6503087238738147,0.6925716226151373,0.0
34,0.2,0.05,1.5,50.0,0.9,0.5,0.5,10000,0.1111111111111111,-0.0058259619357061,beta_estimated_mean,500,0,0.0013342427665902,5.941373941342524e-05,0.0018819325129532,0.0,4.336808689942019e-19,0.0076243404615522,0.0,0.0,0.0,-0.0044700500376416,2.7026618766301524e-05,0.0005777404424469,False,0.6503087238738147,0.6925716226151373,0.0
34,0.2,0.05,1.5,50.0,0.9,0.5,0.5,10000,0.1111111111111111,-0.0058259619357061,risk_only,500,0,-2.374007562391101e-05,6.026023127034717e-05,0.0013463209246296,0.0,4.336808689942019e-19,0.0076243404615522,0.0,0.0,0.0,-0.0044700500376416,2.7026618766301524e-05,0.0005777404424469,False,0.6503087238738147,0.6925716226151373,0.0
34,0.2,0.05,1.5,50.0,0.9,0.5,0.5,10000,0.1111111111111111,-0.0058259619357061,outcome_based,500,0,3.7619357082820106e-06,8.883528429330328e-05,0.0019844334990522,0.0,4.336808689942019e-19,0.0076243404615522,0.0,0.0,0.0,-0.0044700500376416,2.7026618766301524e-05,0.0005777404424469,False,0.6503087238738147,0.6925716226151373,0.0
34,0.2,0.05,1.5,50.0,0.9,0.5,0.5,10000,0.1111111111111111,-0.0058259619357061,beta_known_mean,500,0,0.0013649711459224,1.057579661481266e-05,0.0013852646385242,0.0,4.336808689942019e-19,0.0076243404615522,0.0,0.0,0.0,-0.0044700500376416,2.7026618766301524e-05,0.0005777404424469,False,0.6503087238738147,0.6925716226151373,0.0
34,0.2,0.05,1.5,50.0,0.9,0.5,0.5,10000,0.2,-0.0150561387005726,beta_estimated_mean,500,0,0.0049467093474845,4.910814827097441e-05,0.0050668853225198,0.0,4.336808689942019e-19,0.0076243404615522,0.0,0.0,0.0,-0.0101068065182592,2.7026618766301524e-05,0.0005777404424469,False,0.6503087238738147,0.6925716226151373,0.0
34,0.2,0.05,1.5,50.0,0.9,0.5,0.5,10000,0.2,-0.0150561387005726,risk_only,500,0,-1.3223079158217895e-05,4.8721764628254894e-05,0.0010884421039814,0.0,4.336808689942019e-19,0.0076243404615522,0.0,0.0,0.0,-0.0101068065182592,2.7026618766301524e-05,0.0005777404424469,False,0.6503087238738147,0.6925716226151373,0.0
34,0.2,0.05,1.5,50.0,0.9,0.5,0.5,10000,0.2,-0.0150561387005726,outcome_based,500,0,0.0001717387005718,0.0001494581170009,0.0033430556114541,0.0,4.336808689942019e-19,0.0076243404615522,0.0,0.0,0.0,-0.0101068065182592,2.7026618766301524e-05,0.0005777404424469,False,0.6503087238738147,0.6925716226151373,0.0
34,0.2,0.05,1.5,50.0,0.9,0.5,0.5,10000,0.2,-0.0150561387005726,beta_known_mean,500,0,0.0049658008211869,2.4305675102767453e-05,0.0049953948743777,0.0,4.336808689942019e-19,0.0076243404615522,0.0,0.0,0.0,-0.0101068065182592,2.7026618766301524e-05,0.0005777404424469,False,0.6503087238738147,0.6925716226151373,0.0
34,0.2,0.05,1.5,50.0,0.9,0.5,0.5,10000,0.3333333333333333,-0.00253984611088,beta_estimated_mean,500,0,-0.0043479758084516,2.1139106858487332e-05,0.0043735429217545,0.0,4.336808689942019e-19,0.0076243404615522,0.0,0.0,0.0,-0.0068970258953131,2.7026618766301524e-05,0.0005777404424469,False,0.6503087238738147,0.6925716226151373,0.0
34,0.2,0.05,1.5,50.0,0.9,0.5,0.5,10000,0.3333333333333333,-0.00253984611088,risk_only,500,0,2.305541585511473e-05,2.5410551181007857e-05,0.0005680967450621,0.0,4.336808689942019e-19,0.0076243404615522,0.0,0.0,0.0,-0.0068970258953131,2.7026618766301524e-05,0.0005777404424469,False,0.6503087238738147,0.6925716226151373,0.0
34,0.2,0.05,1.5,50.0,0.9,0.5,0.5,10000,0.3333333333333333,-0.00253984611088,outcome_based,500,0,-7.165388912010951e-05,0.0001374387292891,0.003070984700357,0.192,0.159876218595883,0.2288203751284331,0.0,0.0004876504532889,4.47830249533432e-05,-0.0068970258953131,2.7026618766301524e-05,0.0005777404424469,False,0.6503087238738147,0.6925716226151373,0.19199999999997638
34,0.2,0.05,1.5,50.0,0.9,0.5,0.5,10000,0.3333333333333333,-0.00253984611088,beta_known_mean,500,0,-0.0043423177494087,1.6316623978717147e-05,0.0043575880155934,0.0,4.336808689942019e-19,0.0076243404615522,0.0,0.0,0.0,-0.0068970258953131,2.7026618766301524e-05,0.0005777404424469,False,0.6503087238738147,0.6925716226151373,0.0
34,0.2,0.05,1.5,50.0,0.9,0.5,0.5,10000,0.5,-0.0001408721554184,beta_estimated_mean,500,0,-0.0008416416752776,3.003933086436873e-06,0.0008443124379896,0.0,4.336808689942019e-19,0.0076243404615522,0.0,0.0,0.0,-0.0009849664903685,2.7026618766301524e-05,0.0005777404424469,False,0.6503087238738147,0.6925716226151373,0.0
34,0.2,0.05,1.5,50.0,0.9,0.5,0.5,10000,0.5,-0.0001408721554184,risk_only,500,0,2.192269542338573e-06,5.903165997399566e-06,0.0001318849615133,0.136,0.1087154434072372,0.1688350764487728,0.0,1.9158613136910545e-05,2.1617288181353204e-06,-0.0009849664903685,2.7026618766301524e-05,0.0005777404424469,False,0.6503087238738147,0.6925716226151373,0.13600000000005782
34,0.2,0.05,1.5,50.0,0.9,0.5,0.5,10000,0.5,-0.0001408721554184,outcome_based,500,0,-3.927844581540077e-06,5.2152715475446967e-05,0.0011650100377091,0.416,0.3735974667931464,0.4596834224043944,0.046,6.508293580332846e-05,3.144032396304138e-06,-0.0009849664903685,2.7026618766301524e-05,0.0005777404424469,False,0.6503087238738147,0.6925716226151373,0.46200000000019636
34,0.2,0.05,1.5,50.0,0.9,0.5,0.5,10000,0.5,-0.0001408721554184,beta_known_mean,500,0,-0.0008410167498278,2.7397790961556334e-06,0.0008432406903425,0.0,4.336808689942019e-19,0.0076243404615522,0.0,0.0,0.0,-0.0009849664903685,2.7026618766301524e-05,0.0005777404424469,False,0.6503087238738147,0.6925716226151373,0.0
35,0.2,0.05,1.5,50.0,0.9,0.5,1.0,500,0.0588235294117647,-0.0004533814626006,beta_estimated_mean,500,0,-0.0004304920769115,0.0002936768417479,0.0065743532784934,0.45,0.4069396517813318,0.4938227822648235,0.0,0.0002040216581702,1.0097203007712108e-05,-0.000927833078047,2.0531065736406613e-09,5.696087327589083e-06,False,0.6426480286486637,0.6935842277864341,0.44999999999984563
35,0.2,0.05,1.5,50.0,0.9,0.5,1.0,500,0.0588235294117647,-0.0004533814626006,risk_only,500,0,3.1618652269494284e-05,0.0002966669510971,0.0066271131268398,0.488,0.4444452370209479,0.5317377471501294,0.0,0.0002212501537491,1.014514778571256e-05,-0.000927833078047,2.0531065736406613e-09,5.696087327589083e-06,False,0.6426480286486637,0.6935842277864341,0.48800000000001587
35,0.2,0.05,1.5,50.0,0.9,0.5,1.0,500,0.0588235294117647,-0.0004533814626006,outcome_based,500,0,-0.0001766185373994,8.98650457792443e-05,0.0020151877351137,0.31,0.2710389112735686,0.3518583381018213,0.032,0.0001550564602094,9.628075477492564e-06,-0.000927833078047,2.0531065736406613e-09,5.696087327589083e-06,False,0.6426480286486637,0.6935842277864341,0.34199999999998854
35,0.2,0.05,1.5,50.0,0.9,0.5,1.0,500,0.0588235294117647,-0.0004533814626006,beta_known_mean,500,0,-0.0004465390708226,9.804143097606713e-06,0.0004973546335246,0.0,4.336808689942019e-19,0.0076243404615522,0.0,0.0,0.0,-0.000927833078047,2.0531065736406613e-09,5.696087327589083e-06,False,0.6426480286486637,0.6935842277864341,0.0
35,0.2,0.05,1.5,50.0,0.9,0.5,1.0,500,0.1111111111111111,-0.0071818738337706,beta_estimated_mean,500,0,0.0028121694386883,0.0002940238201632,0.0071447078566416,0.25,0.214048496747821,0.2897636734829552,0.0,0.0017954684584426,0.0001392156741154,-0.0044700500376416,2.0531065736406613e-09,5.696087327589083e-06,False,0.6426480286486637,0.6935842277864341,0.24999999999999303
35,0.2,0.05,1.5,50.0,0.9,0.5,1.0,500,0.1111111111111111,-0.0071818738337706,risk_only,500,0,5.340856704332331e-05,0.0002998529339847,0.0066984200900404,0.142,0.114129360445696,0.1753296673247754,0.0,0.0010198260843954,0.0001122213050129,-0.0044700500376416,2.0531065736406613e-09,5.696087327589083e-06,False,0.6426480286486637,0.6935842277864341,0.14199999999999646
35,0.2,0.05,1.5,50.0,0.9,0.5,1.0,500,0.1111111111111111,-0.0071818738337706,outcome_based,500,0,-7.162616622936848e-05,0.0003618059321861,0.0080824496941017,0.188,0.1561799641349665,0.224577624313042,0.004,0.0013789197760839,0.0001266320954374,-0.0044700500376416,2.0531065736406613e-09,5.696087327589083e-06,False,0.6426480286486637,0.6935842277864341,0.19199999999999232
35,0.2,0.05,1.5,50.0,0.9,0.5,1.0,500,0.1111111111111111,-0.0071818738337706,beta_known_mean,500,0,0.0028232972867768,4.9911973532358254e-05,0.003035476719622,0.0,4.336808689942019e-19,0.0076243404615522,0.0,0.0,0.0,-0.0044700500376416,2.0531065736406613e-09,5.696087327589083e-06,False,0.6426480286486637,0.6935842277864341,0.0
35,0.2,0.05,1.5,50.0,0.9,0.5,1.0,500,0.2,-0.0200054708828861,beta_estimated_mean,500,0,0.0101002727729946,0.0002490361272773,0.0115309577850605,0.042,0.0276323101084517,0.0633515857543301,0.0,0.0008402297770812,0.0001796411824525,-0.0101068065182592,2.0531065736406613e-09,5.696087327589083e-06,False,0.6426480286486637,0.6935842277864341,0.04199999999999919
35,0.2,0.05,1.5,50.0,0.9,0.5,1.0,500,0.2,-0.0200054708828861,risk_only,500,0,0.0001886774787665,0.0002461645587673,0.0055021356942158,0.0,4.336808689942019e-19,0.0076243404615522,0.0,0.0,0.0,-0.0101068065182592,2.0531065736406613e-09,5.696087327589083e-06,False,0.6426480286486637,0.6935842277864341,0.0
35,0.2,0.05,1.5,50.0,0.9,0.5,1.0,500,0.2,-0.0200054708828861,outcome_based,500,0,-0.0001025291171139,0.0006860889943851,0.0153264101543661,0.098,0.0749239188646062,0.1272060508664818,0.004,0.0020405580300543,0.0002710421037517,-0.0101068065182592,2.0531065736406613e-09,5.696087327589083e-06,False,0.6426480286486637,0.6935842277864341,0.10199999999999589
35,0.2,0.05,1.5,50.0,0.9,0.5,1.0,500,0.2,-0.0200054708828861,beta_known_mean,500,0,0.0101009643972856,0.0001194654441124,0.0104475454500753,0.0,4.336808689942019e-19,0.0076243404615522,0.0,0.0,0.0,-0.0101068065182592,2.0531065736406613e-09,5.696087327589083e-06,False,0.6426480286486637,0.6935842277864341,0.0
35,0.2,0.05,1.5,50.0,0.9,0.5,1.0,500,0.3333333333333333,0.0018173336735531,beta_estimated_mean,500,0,-0.0085265021152795,0.0001026501269601,0.0088294521662315,0.994,0.9825097478959468,0.9979574037280398,0.0,0.0018064296715118,6.282799757824587e-06,-0.0068970258953131,2.0531065736406613e-09,5.696087327589083e-06,True,0.6426480286486637,0.6935842277864341,0.9940000000000102
35,0.2,0.05,1.5,50.0,0.9,0.5,1.0,500,0.3333333333333333,0.0018173336735531,risk_only,500,0,0.0002239286876623,0.0001204871674759,0.002700778714153,0.214,0.1803029999875953,0.2520581227564126,0.0,0.0003889094061403,3.3365878240704475e-05,-0.0068970258953131,2.0531065736406613e-09,5.696087327589083e-06,True,0.6426480286486637,0.6935842277864341,0.2139999999999651
35,0.2,0.05,1.5,50.0,0.9,0.5,1.0,500,0.3333333333333333,0.0018173336735531,outcome_based,500,0,-0.0004233336735531,0.0006354503302733,0.0142011962664827,0.458,0.4148146097748511,0.5018258348239194,0.028,0.0008323388224873,4.053374987269069e-05,-0.0068970258953131,2.0531065736406613e-09,5.696087327589083e-06,True,0.6426480286486637,0.6935842277864341,0.45799999999998914
35,0.2,0.05,1.5,50.0,0.9,0.5,1.0,500,0.3333333333333333,0.0018173336735531,beta_known_mean,500,0,-0.0085338341934999,7.582734814271915e-05,0.0087003143402178,1.0,0.992375659538448,1.0,0.0,0.0018173336735531,2.9121333016628507e-20,-0.0068970258953131,2.0531065736406613e-09,5.696087327589083e-06,True,0.6426480286486637,0.6935842277864341,1.0
35,0.2,0.05,1.5,50.0,0.9,0.5,1.0,500,0.5,0.0007032221795316,beta_estimated_mean,500,0,-0.001664633475244,1.2572338797967414e-05,0.0016881582848256,1.0,0.992375659538448,1.0,0.0,0.0007032221795316,4.8535555027714175e-21,-0.0009849664903685,2.0531065736406613e-09,5.696087327589083e-06,True,0.6426480286486637,0.6935842277864341,1.0
35,0.2,0.05,1.5,50.0,0.9,0.5,1.0,500,0.5,0.0007032221795316,risk_only,500,0,3.216654060409628e-05,2.066400020164673e-05,0.0004627182053873,0.014,0.0067977897908434,0.0286130691377852,0.006,9.845110513442694e-06,3.698662996254405e-06,-0.0009849664903685,2.0531065736406613e-09,5.696087327589083e-06,True,0.6426480286486637,0.6935842277864341,0.01400000000000042
35,0.2,0.05,1.5,50.0,0.9,0.5,1.0,500,0.5,0.0007032221795316,outcome_based,500,0,0.0005487778204683,0.0002248334765651,0.0050522918657019,0.32,0.2806177506894902,0.3621270118766686,0.162,0.0002250310974501,1.4684924992228436e-05,-0.0009849664903685,2.0531065736406613e-09,5.696087327589083e-06,True,0.6426480286486637,0.6935842277864341,0.31999999999998296
35,0.2,0.05,1.5,50.0,0.9,0.5,1.0,500,0.5,0.0007032221795316,beta_known_mean,500,0,-0.0016612809566057,1.0985132014110327e-05,0.0016793064956521,1.0,0.992375659538448,1.0,0.0,0.0007032221795316,4.8535555027714175e-21,-0.0009849664903685,2.0531065736406613e-09,5.696087327589083e-06,True,0.6426480286486637,0.6935842277864341,1.0
35,0.2,0.05,1.5,50.0,0.9,0.5,1.0,3000,0.0588235294117647,-0.0004533814626006,beta_estimated_mean,500,0,-0.0004981774338128,0.0001146349627207,0.0026087596516117,0.368,0.3268845483787568,0.4111282775030931,0.0,0.000166844378237,9.788044492899574e-06,-0.000927833078047,2.0531065736406613e-09,5.696087327589083e-06,False,0.6426480286486637,0.6935842277864341,0.3679999999999541
35,0.2,0.05,1.5,50.0,0.9,0.5,1.0,3000,0.0588235294117647,-0.0004533814626006,risk_only,500,0,-2.860946506141471e-05,0.0001155353201804,0.0025810221223158,0.424,0.381424117793864,0.467734781956292,0.0,0.0001922337401426,1.0030155276235574e-05,-0.000927833078047,2.0531065736406613e-09,5.696087327589083e-06,False,0.6426480286486637,0.6935842277864341,0.42399999999988003
35,0.2,0.05,1.5,50.0,0.9,0.5,1.0,3000,0.0588235294117647,-0.0004533814626006,outcome_based,500,0,6.423129267173588e-06,3.840475809895541e-05,0.0008579213562236,0.302,0.2633915508798565,0.3436276879429182,0.01,0.0001414550163313,9.40340199292244e-06,-0.000927833078047,2.0531065736406613e-09,5.696087327589083e-06,False,0.6426480286486637,0.6935842277864341,0.31199999999980765
35,0.2,0.05,1.5,50.0,0.9,0.5,1.0,3000,0.0588235294117647,-0.0004533814626006,beta_known_mean,500,0,-0.000470657221153,3.906274450639481e-06,0.000478677815326,0.0,4.336808689942019e-19,0.0076243404615522,0.0,0.0,0.0,-0.000927833078047,2.0531065736406613e-09,5.696087327589083e-06,False,0.6426480286486637,0.6935842277864341,0.0
35,0.2,0.05,1.5,50.0,0.9,0.5,1.0,3000,0.1111111111111111,-0.0071818738337706,beta_estimated_mean,500,0,0.0027061859567148,0.0001150450417733,0.0037320085596097,0.046,0.0308451083708162,0.0680777927682732,0.0,0.0003303661963534,6.735046551680914e-05,-0.0044700500376416,2.0531065736406613e-09,5.696087327589083e-06,False,0.6426480286486637,0.6935842277864341,0.04599999999999337
35,0.2,0.05,1.5,50.0,0.9,0.5,1.0,3000,0.1111111111111111,-0.0071818738337706,risk_only,500,0,-2.3432161357149063e-05,0.0001163361190004,0.0025988576847612,0.0,4.336808689942019e-19,0.0076243404615522,0.0,0.0,0.0,-0.0044700500376416,2.0531065736406613e-09,5.696087327589083e-06,False,0.6426480286486637,0.6935842277864341,0.0
35,0.2,0.05,1.5,50.0,0.9,0.5,1.0,3000,0.1111111111111111,-0.0071818738337706,outcome_based,500,0,-1.2928328973759174e-06,0.0001474255241858,0.0032932370058919,0.02,0.0108991835962108,0.0364201832468793,0.0,0.0001436374766754,4.501067587853679e-05,-0.0044700500376416,2.0531065736406613e-09,5.696087327589083e-06,False,0.6426480286486637,0.6935842277864341,0.019999999999998328
35,0.2,0.05,1.5,50.0,0.9,0.5,1.0,3000,0.1111111111111111,-0.0071818738337706,beta_known_mean,500,0,0.002732078959346,1.975184604045264e-05,0.0027674777353543,0.0,4.336808689942019e-19,0.0076243404615522,0.0,0.0,0.0,-0.0044700500376416,2.0531065736406613e-09,5.696087327589083e-06,False,0.6426480286486637,0.6935842277864341,0.0
35,0.2,0.05,1.5,50.0,0.9,0.5,1.0,3000,0.2,-0.0200054708828861,beta_estimated_mean,500,0,0.0099247987524206,9.781619050520069e-05,0.0101624832512236,0.0,4.336808689942019e-19,0.0076243404615522,0.0,0.0,0.0,-0.0101068065182592,2.0531065736406613e-09,5.696087327589083e-06,False,0.6426480286486637,0.6935842277864341,0.0
35,0.2,0.05,1.5,50.0,0.9,0.5,1.0,3000,0.2,-0.0200054708828861,risk_only,500,0,4.032403907014938e-05,9.761682290918544e-05,0.0021809674553861,0.0,4.336808689942019e-19,0.0076243404615522,0.0,0.0,0.0,-0.0101068065182592,2.0531065736406613e-09,5.696087327589083e-06,False,0.6426480286486637,0.6935842277864341,0.0
35,0.2,0.05,1.5,50.0,0.9,0.5,1.0,3000,0.2,-0.0200054708828861,outcome_based,500,0,0.0001029708828856,0.000291046556655,0.006502302974712,0.002,0.0003531363945592,0.0112407067051467,0.0,4.00109417657723e-05,4.001094176577231e-05,-0.0101068065182592,2.0531065736406613e-09,5.696087327589083e-06,False,0.6426480286486637,0.6935842277864341,0.0020000000000000052
35,0.2,0.05,1.5,50.0,0.9,0.5,1.0,3000,0.2,-0.0200054708828861,beta_known_mean,500,0,0.0099422417643163,4.698605953476599e-05,0.0099974901103041,0.0,4.336808689942019e-19,0.0076243404615522,0.0,0.0,0.0,-0.0101068065182592,2.0531065736406613e-09,5.696087327589083e-06,False,0.6426480286486637,0.6935842277864341,0.0
35,0.2,0.05,1.5,50.0,0.9,0.5,1.0,3000,0.3333333333333333,0.0018173336735531,beta_estimated_mean,500,0,-0.0086908295789487,4.067175435761563e-05,0.0087381897656202,1.0,0.992375659538448,1.0,0.0,0.0018173336735531,2.9121333016628507e-20,-0.0068970258953131,2.0531065736406613e-09,5.696087327589083e-06,True,0.6426480286486637,0.6935842277864341,1.0
35,0.2,0.05,1.5,50.0,0.9,0.5,1.0,3000,0.3333333333333333,0.0018173336735531,risk_only,500,0,2.808410924999341e-05,4.8473170525732906e-05,0.0010831727467675,0.04,0.0260407973897772,0.0609735958348508,0.0,7.269334694212488e-05,1.5942264604017822e-05,-0.0068970258953131,2.0531065736406613e-09,5.696087327589083e-06,True,0.6426480286486637,0.6935842277864341,0.04000000000000049
35,0.2,0.05,1.5,50.0,0.9,0.5,1.0,3000,0.3333333333333333,0.0018173336735531,outcome_based,500,0,2.933299311353876e-05,0.00027342976939,0.0061080288129674,0.374,0.3326999999948793,0.4172213338014318,0.006,0.0006796827939088,3.936473830705523e-05,-0.0068970258953131,2.0531065736406613e-09,5.696087327589083e-06,True,0.6426480286486637,0.6935842277864341,0.3739999999999673
35,0.2,0.05,1.5,50.0,0.9,0.5,1.0,3000,0.3333333333333333,0.0018173336735531,beta_known_mean,500,0,-0.0086831615530262,3.0052390123029557e-05,0.0087090736870148,1.0,0.992375659538448,1.0,0.0,0.0018173336735531,2.9121333016628507e-20,-0.0068970258953131,2.0531065736406613e-09,5.696087327589083e-06,True,0.6426480286486637,0.6935842277864341,1.0
35,0.2,0.05,1.5,50.0,0.9,0.5,1.0,3000,0.5,0.0007032221795316,beta_estimated_mean,500,0,-0.0016873279223469,5.029075616760274e-06,0.0016910635785533,1.0,0.992375659538448,1.0,0.0,0.0007032221795316,4.8535555027714175e-21,-0.0009849664903685,2.0531065736406613e-09,5.696087327589083e-06,True,0.6426480286486637,0.6935842277864341,1.0
35,0.2,0.05,1.5,50.0,0.9,0.5,1.0,3000,0.5,0.0007032221795316,risk_only,500,0,-2.941719032497297e-06,8.051030760945874e-06,0.0001798704610863,0.0,4.336808689942019e-19,0.0076243404615522,0.0,0.0,0.0,-0.0009849664903685,2.0531065736406613e-09,5.696087327589083e-06,True,0.6426480286486637,0.6935842277864341,0.0
35,0.2,0.05,1.5,50.0,0.9,0.5,1.0,3000,0.5,0.0007032221795316,outcome_based,500,0,-6.555512864954511e-06,9.430203941678684e-05,0.0021065581926909,0.334,0.2940638124558771,0.3764674685773583,0.048,0.0002348762079635,1.4847476106304606e-05,-0.0009849664903685,2.0531065736406613e-09,5.696087327589083e-06,True,0.6426480286486637,0.6935842277864341,0.3339999999999227
35,0.2,0.05,1.5,50.0,0.9,0.5,1.0,3000,0.5,0.0007032221795316,beta_known_mean,500,0,-0.0016857438116429,4.401230836784843e-06,0.0016886083749937,1.0,0.992375659538448,1.0,0.0,0.0007032221795316,4.8535555027714175e-21,-0.0009849664903685,2.0531065736406613e-09,5.696087327589083e-06,True,0.6426480286486637,0.6935842277864341,1.0
35,0.2,0.05,1.5,50.0,0.9,0.5,1.0,10000,0.0588235294117647,-0.0004533814626006,beta_estimated_mean,500,0,-0.0004969752477728,6.518261679832152e-05,0.0015385455435913,0.254,0.2178202549151866,0.2939309205918972,0.0,0.0001151588915005,8.834861759037797e-06,-0.000927833078047,2.0531065736406613e-09,5.696087327589083e-06,False,0.6426480286486637,0.6935842277864341,0.25399999999988443
35,0.2,0.05,1.5,50.0,0.9,0.5,1.0,10000,0.0588235294117647,-0.0004533814626006,risk_only,500,0,-2.312604168972804e-05,6.584554704902563e-05,0.0014710598936925,0.374,0.3326999999948793,0.4172213338014318,0.0,0.0001695646670126,9.820564538184105e-06,-0.000927833078047,2.0531065736406613e-09,5.696087327589083e-06,False,0.6426480286486637,0.6935842277864341,0.37399999999994615
35,0.2,0.05,1.5,50.0,0.9,0.5,1.0,10000,0.0588235294117647,-0.0004533814626006,outcome_based,500,0,-3.671853739815517e-05,1.8564140084967383e-05,0.0004163139106956,0.13,0.1033206503646345,0.1623213615769141,0.004,6.075311598848404e-05,6.913927664916657e-06,-0.000927833078047,2.0531065736406613e-09,5.696087327589083e-06,False,0.6426480286486637,0.6935842277864341,0.13400000000000803
35,0.2,0.05,1.5,50.0,0.9,0.5,1.0,10000,0.0588235294117647,-0.0004533814626006,beta_known_mean,500,0,-0.0004737984593711,2.109679327148941e-06,0.0004761364329551,0.0,4.336808689942019e-19,0.0076243404615522,0.0,0.0,0.0,-0.000927833078047,2.0531065736406613e-09,5.696087327589083e-06,False,0.6426480286486637,0.6935842277864341,0.0
35,0.2,0.05,1.5,50.0,0.9,0.5,1.0,10000,0.1111111111111111,-0.0071818738337706,beta_estimated_mean,500,0,0.0026878348756434,6.49566342092248e-05,0.0030544916300905,0.0,4.336808689942019e-19,0.0076243404615522,0.0,0.0,0.0,-0.0044700500376416,2.0531065736406613e-09,5.696087327589083e-06,False,0.6426480286486637,0.6935842277864341,0.0
35,0.2,0.05,1.5,50.0,0.9,0.5,1.0,10000,0.1111111111111111,-0.0071818738337706,risk_only,500,0,-2.932405857580517e-05,6.67225108345967e-05,0.0014907564298019,0.0,4.336808689942019e-19,0.0076243404615522,0.0,0.0,0.0,-0.0044700500376416,2.0531065736406613e-09,5.696087327589083e-06,False,0.6426480286486637,0.6935842277864341,0.0
35,0.2,0.05,1.5,50.0,0.9,0.5,1.0,10000,0.1111111111111111,-0.0071818738337706,outcome_based,500,0,0.0001186488337737,7.717983400672322e-05,0.0017281447299434,0.0,4.336808689942019e-19,0.0076243404615522,0.0,0.0,0.0,-0.0044700500376416,2.0531065736406613e-09,5.696087327589083e-06,False,0.6426480286486637,0.6935842277864341,0.0
35,0.2,0.05,1.5,50.0,0.9,0.5,1.0,10000,0.1111111111111111,-0.0071818738337706,beta_known_mean,500,0,0.002710691100732,1.0688736749235824e-05,0.002721186605351,0.0,4.336808689942019e-19,0.0076243404615522,0.0,0.0,0.0,-0.0044700500376416,2.0531065736406613e-09,5.696087327589083e-06,False,0.6426480286486637,0.6935842277864341,0.0
35,0.2,0.05,1.5,50.0,0.9,0.5,1.0,10000,0.2,-0.0200054708828861,beta_estimated_mean,500,0,0.0098775562912398,5.409458706145803e-05,0.0099511961209161,0.0,4.336808689942019e-19,0.0076243404615522,0.0,0.0,0.0,-0.0101068065182592,2.0531065736406613e-09,5.696087327589083e-06,False,0.6426480286486637,0.6935842277864341,0.0
35,0.2,0.05,1.5,50.0,0.9,0.5,1.0,10000,0.2,-0.0200054708828861,risk_only,500,0,-2.9662481732709592e-05,5.3522157158777935e-05,0.001195962330084,0.0,4.336808689942019e-19,0.0076243404615522,0.0,0.0,0.0,-0.0101068065182592,2.0531065736406613e-09,5.696087327589083e-06,False,0.6426480286486637,0.6935842277864341,0.0
35,0.2,0.05,1.5,50.0,0.9,0.5,1.0,10000,0.2,-0.0200054708828861,outcome_based,500,0,9.777088288490828e-05,0.0001521678070519,0.003400577135655,0.0,4.336808689942019e-19,0.0076243404615522,0.0,0.0,0.0,-0.0101068065182592,2.0531065736406613e-09,5.696087327589083e-06,False,0.6426480286486637,0.6935842277864341,0.0
35,0.2,0.05,1.5,50.0,0.9,0.5,1.0,10000,0.2,-0.0200054708828861,beta_known_mean,500,0,0.0098904699473718,2.5543088063833822e-05,0.0099069151608579,0.0,4.336808689942019e-19,0.0076243404615522,0.0,0.0,0.0,-0.0101068065182592,2.0531065736406613e-09,5.696087327589083e-06,False,0.6426480286486637,0.6935842277864341,0.0
35,0.2,0.05,1.5,50.0,0.9,0.5,1.0,10000,0.3333333333333333,0.0018173336735531,beta_estimated_mean,500,0,-0.0087166517741427,2.1911784310522098e-05,0.008730383792893,1.0,0.992375659538448,1.0,0.0,0.0018173336735531,2.9121333016628507e-20,-0.0068970258953131,2.0531065736406613e-09,5.696087327589083e-06,True,0.6426480286486637,0.6935842277864341,1.0
35,0.2,0.05,1.5,50.0,0.9,0.5,1.0,10000,0.3333333333333333,0.0018173336735531,risk_only,500,0,1.171096024251792e-05,2.6098319766236625e-05,0.0005831099138289,0.004,0.0010976305226827,0.014465715215177,0.0,7.269334694212488e-06,5.135042777143526e-06,-0.0068970258953131,2.0531065736406613e-09,5.696087327589083e-06,True,0.6426480286486637,0.6935842277864341,0.004000000000000049
35,0.2,0.05,1.5,50.0,0.9,0.5,1.0,10000,0.3333333333333333,0.0018173336735531,outcome_based,500,0,0.0001730663264469,0.0001502357388721,0.0033604716623341,0.282,0.2443364332272433,0.3229877792139934,0.002,0.0005124880959419,3.660759324105177e-05,-0.0068970258953131,2.0531065736406613e-09,5.696087327589083e-06,True,0.6426480286486637,0.6935842277864341,0.28199999999995917
35,0.2,0.05,1.5,50.0,0.9,0.5,1.0,10000,0.3333333333333333,0.0018173336735531,beta_known_mean,500,0,-0.008714896034492,1.6243547198176246e-05,0.0087224466436871,1.0,0.992375659538448,1.0,0.0,0.0018173336735531,2.9121333016628507e-20,-0.0068970258953131,2.0531065736406613e-09,5.696087327589083e-06,True,0.6426480286486637,0.6935842277864341,1.0
35,0.2,0.05,1.5,50.0,0.9,0.5,1.0,10000,0.5,0.0007032221795316,beta_estimated_mean,500,0,-0.0016872553108749,2.7159201743206107e-06,0.0016883457048395,1.0,0.992375659538448,1.0,0.0,0.0007032221795316,4.8535555027714175e-21,-0.0009849664903685,2.0531065736406613e-09,5.696087327589083e-06,True,0.6426480286486637,0.6935842277864341,1.0
35,0.2,0.05,1.5,50.0,0.9,0.5,1.0,10000,0.5,0.0007032221795316,risk_only,500,0,6.838687689741682e-07,4.3949145879408255e-06,9.817733709927878e-05,0.0,4.336808689942019e-19,0.0076243404615522,0.0,0.0,0.0,-0.0009849664903685,2.0531065736406613e-09,5.696087327589083e-06,True,0.6426480286486637,0.6935842277864341,0.0
35,0.2,0.05,1.5,50.0,0.9,0.5,1.0,10000,0.5,0.0007032221795316,outcome_based,500,0,6.757782046837887e-05,5.1182947435805535e-05,0.001145335811812,0.232,0.1971292384527146,0.2709574080346774,0.024,0.0001631475456513,1.3288222442583962e-05,-0.0009849664903685,2.0531065736406613e-09,5.696087327589083e-06,True,0.6426480286486637,0.6935842277864341,0.23199999999995566
35,0.2,0.05,1.5,50.0,0.9,0.5,1.0,10000,0.5,0.0007032221795316,beta_known_mean,500,0,-0.0016870461315818,2.399232004218334e-06,0.0016878972275811,1.0,0.992375659538448,1.0,0.0,0.0007032221795316,4.8535555027714175e-21,-0.0009849664903685,2.0531065736406613e-09,5.696087327589083e-06,True,0.6426480286486637,0.6935842277864341,1.0
36,0.2,0.05,1.5,50.0,0.9,0.9,0.5,500,0.0588235294117647,-0.0004705081211914,beta_estimated_mean,500,0,0.0001068550952695,0.0002967130030746,0.0066289277037838,0.496,0.4523731491140454,0.539687845609647,0.0,0.0002333720281109,1.053108110782591e-05,-0.000927833078047,2.7026618766301524e-05,0.0005748958041771,False,0.6503087238738147,0.6791141382331478,0.49599999999992694
36,0.2,0.05,1.5,50.0,0.9,0.9,0.5,500,0.0588235294117647,-0.0004705081211914,risk_only,500,0,0.0005645911126308,0.0002942627275791,0.0065975335537446,0.53,0.4861905914242533,0.5733519481480536,0.0,0.0002493693042314,1.0512444474308252e-05,-0.000927833078047,2.7026618766301524e-05,0.0005748958041771,False,0.6503087238738147,0.6791141382331478,0.5299999999999108
36,0.2,0.05,1.5,50.0,0.9,0.9,0.5,500,0.0588235294117647,-0.0004705081211914,outcome_based,500,0,4.525812119141606e-05,9.218396357980246e-05,0.0020597310467713,0.38,0.3385223307845575,0.423307510926215,0.016,0.0001863212159918,1.0301083639101982e-05,-0.000927833078047,2.7026618766301524e-05,0.0005748958041771,False,0.6503087238738147,0.6791141382331478,0.3960000000000119
36,0.2,0.05,1.5,50.0,0.9,0.9,0.5,500,0.0588235294117647,-0.0004705081211914,beta_known_mean,500,0,-0.0004439580400043,1.5699302194854406e-05,0.0005657617147684,0.0,4.336808689942019e-19,0.0076243404615522,0.0,0.0,0.0,-0.000927833078047,2.7026618766301524e-05,0.0005748958041771,False,0.6503087238738147,0.6791141382331478,0.0
36,0.2,0.05,1.5,50.0,0.9,0.9,0.5,500,0.1111111111111111,-0.0025744770888883,beta_estimated_mean,500,0,-0.0013061587345796,0.0003072078156667,0.0069856993208473,0.278,0.2405366075286252,0.3188485996363041,0.0,0.0007157046307109,5.1633284843388654e-05,-0.0044700500376416,2.7026618766301524e-05,0.0005748958041771,False,0.6503087238738147,0.6791141382331478,0.2779999999999816
36,0.2,0.05,1.5,50.0,0.9,0.9,0.5,500,0.1111111111111111,-0.0025744770888883,risk_only,500,0,0.0005538959837235,0.0002996114056908,0.006715692888779,0.384,0.3424076746177923,0.4273611723692879,0.0,0.0009885992021331,5.605246635986297e-05,-0.0044700500376416,2.7026618766301524e-05,0.0005748958041771,False,0.6503087238738147,0.6791141382331478,0.3839999999999972
36,0.2,0.05,1.5,50.0,0.9,0.9,0.5,500,0.1111111111111111,-0.0025744770888883,outcome_based,500,0,0.0001069770888883,0.0003217377314454,0.0071878726232136,0.35,0.3094801731446609,0.3928071289938047,0.016,0.0009422586145331,5.55167366892893e-05,-0.0044700500376416,2.7026618766301524e-05,0.0005748958041771,False,0.6503087238738147,0.6791141382331478,0.3659999999999931
36,0.2,0.05,1.5,50.0,0.9,0.9,0.5,500,0.1111111111111111,-0.0025744770888883,beta_known_mean,500,0,-0.0018050431957169,6.60708327916105e-05,0.0023316288418929,0.0,4.336808689942019e-19,0.0076243404615522,0.0,0.0,0.0,-0.0044700500376416,2.7026618766301524e-05,0.0005748958041771,False,0.6503087238738147,0.6791141382331478,0.0
36,0.2,0.05,1.5,50.0,0.9,0.9,0.5,500,0.2,-0.0080268790449406,beta_estimated_mean,500,0,-0.0015929241740269,0.0002750731613933,0.0063477841991943,0.052,0.0357302651157052,0.0751011439378455,0.0,0.0004173977103369,7.978151635896126e-05,-0.0101068065182592,2.7026618766301524e-05,0.0005748958041771,False,0.6503087238738147,0.6791141382331478,0.0519999999999986
36,0.2,0.05,1.5,50.0,0.9,0.9,0.5,500,0.2,-0.0080268790449406,risk_only,500,0,0.0004515726191126,0.0002599534524655,0.0058244519705508,0.094,0.0714264085922213,0.1227645558625591,0.0,0.0007545266302244,0.0001048635296098,-0.0101068065182592,2.7026618766301524e-05,0.0005748958041771,False,0.6503087238738147,0.6791141382331478,0.09399999999999795
36,0.2,0.05,1.5,50.0,0.9,0.9,0.5,500,0.2,-0.0080268790449406,outcome_based,500,0,0.0005938790449406,0.0007029839221415,0.0157146970483054,0.296,0.2576653952306019,0.3374453356777114,0.006,0.002424117471572,0.0001649786056394,-0.0101068065182592,2.7026618766301524e-05,0.0005748958041771,False,0.6503087238738147,0.6791141382331478,0.3019999999999924
36,0.2,0.05,1.5,50.0,0.9,0.9,0.5,500,0.2,-0.0080268790449406,beta_known_mean,500,0,-0.0018871278712431,0.0001448859537659,0.0037464956242015,0.0,4.336808689942019e-19,0.0076243404615522,0.0,0.0,0.0,-0.0101068065182592,2.7026618766301524e-05,0.0005748958041771,False,0.6503087238738147,0.6791141382331478,0.0
36,0.2,0.05,1.5,50.0,0.9,0.9,0.5,500,0.3333333333333333,-0.0086230618301953,beta_estimated_mean,500,0,0.0019090956526985,0.0001322557892885,0.0035175206491958,0.008,0.0031153151800622,0.0203870358341051,0.0,6.898449464156262e-05,3.438840690253956e-05,-0.0068970258953131,2.7026618766301524e-05,0.0005748958041771,False,0.6503087238738147,0.6791141382331478,0.008000000000000026
36,0.2,0.05,1.5,50.0,0.9,0.9,0.5,500,0.3333333333333333,-0.0086230618301953,risk_only,500,0,0.0002488479225449,0.0001572355065016,0.0035211794240657,0.01,0.0042787538965904,0.0231930997557307,0.0,8.623061830195328e-05,3.840863071379367e-05,-0.0068970258953131,2.7026618766301524e-05,0.0005748958041771,False,0.6503087238738147,0.6791141382331478,0.010000000000000033
36,0.2,0.05,1.5,50.0,0.9,0.9,0.5,500,0.3333333333333333,-0.0086230618301953,outcome_based,500,0,-0.0004789381698046,0.0006190683995866,0.0138372315789863,0.252,0.2159338483813718,0.2918478244875581,0.028,0.0024144573124546,0.0001733231172172,-0.0068970258953131,2.7026618766301524e-05,0.0005748958041771,False,0.6503087238738147,0.6791141382331478,0.2799999999999903
36,0.2,0.05,1.5,50.0,0.9,0.9,0.5,500,0.3333333333333333,-0.0086230618301953,beta_known_mean,500,0,0.0018630903249298,0.0001037238234833,0.0029731570268477,0.0,4.336808689942019e-19,0.0076243404615522,0.0,0.0,0.0,-0.0068970258953131,2.7026618766301524e-05,0.0005748958041771,False,0.6503087238738147,0.6791141382331478,0.0
36,0.2,0.05,1.5,50.0,0.9,0.9,0.5,500,0.5,-0.0025223928433061,beta_estimated_mean,500,0,0.0015277229961687,2.1998818436330296e-05,0.0016048138868129,0.0,4.336808689942019e-19,0.0076243404615522,0.0,0.0,0.0,-0.0009849664903685,2.7026618766301524e-05,0.0005748958041771,False,0.6503087238738147,0.6791141382331478,0.0
36,0.2,0.05,1.5,50.0,0.9,0.9,0.5,500,0.5,-0.0025223928433061,risk_only,500,0,-1.842206839083165e-05,4.8673678670434365e-05,0.0010874436736055,0.002,0.0003531363945592,0.0112407067051467,0.0,5.044785686612396e-06,5.044785686612396e-06,-0.0009849664903685,2.7026618766301524e-05,0.0005748958041771,False,0.6503087238738147,0.6791141382331478,0.0020000000000000777
36,0.2,0.05,1.5,50.0,0.9,0.9,0.5,500,0.5,-0.0025223928433061,outcome_based,500,0,0.0004543928433061,0.0003804105365952,0.0085098677343451,0.374,0.3326999999948793,0.4172213338014318,0.088,0.0011653454936074,5.629561634804932e-05,-0.0009849664903685,2.7026618766301524e-05,0.0005748958041771,False,0.6503087238738147,0.6791141382331478,0.46199999999999286
36,0.2,0.05,1.5,50.0,0.9,0.9,0.5,500,0.5,-0.0025223928433061,beta_known_mean,500,0,0.0015333379968056,2.005495148372913e-05,0.0015974428787522,0.0,4.336808689942019e-19,0.0076243404615522,0.0,0.0,0.0,-0.0009849664903685,2.7026618766301524e-05,0.0005748958041771,False,0.6503087238738147,0.6791141382331478,0.0
36,0.2,0.05,1.5,50.0,0.9,0.9,0.5,3000,0.0588235294117647,-0.0004705081211914,beta_estimated_mean,500,0,-0.0003902080754633,0.0001131186035794,0.0025568292398131,0.376,0.3346400158192325,0.4192508206152326,0.0,0.0001769110535679,1.0202416955749068e-05,-0.000927833078047,2.7026618766301524e-05,0.0005748958041771,False,0.6503087238738147,0.6791141382331478,0.3759999999998589
36,0.2,0.05,1.5,50.0,0.9,0.9,0.5,3000,0.0588235294117647,-0.0004705081211914,risk_only,500,0,6.580195164049663e-05,0.0001124588483706,0.0025130020279915,0.442,0.3990759531428234,0.4858084703507167,0.0,0.0002079645895666,1.0460322762709547e-05,-0.000927833078047,2.7026618766301524e-05,0.0005748958041771,False,0.6503087238738147,0.6791141382331478,0.4420000000000026
36,0.2,0.05,1.5,50.0,0.9,0.9,0.5,3000,0.0588235294117647,-0.0004705081211914,outcome_based,500,0,2.3216454524720154e-05,3.784996256822672e-05,0.0008458228049079,0.286,0.2481400532160928,0.3271231645014515,0.012,0.000140211420115,9.633709345105382e-06,-0.000927833078047,2.7026618766301524e-05,0.0005748958041771,False,0.6503087238738147,0.6791141382331478,0.29799999999992094
36,0.2,0.05,1.5,50.0,0.9,0.9,0.5,3000,0.0588235294117647,-0.0004705081211914,beta_known_mean,500,0,-0.0004557834188351,6.046792016643322e-06,0.0004753775426307,0.0,4.336808689942019e-19,0.0076243404615522,0.0,0.0,0.0,-0.000927833078047,2.7026618766301524e-05,0.0005748958041771,False,0.6503087238738147,0.6791141382331478,0.0
36,0.2,0.05,1.5,50.0,0.9,0.9,0.5,3000,0.1111111111111111,-0.0025744770888883,beta_estimated_mean,500,0,-0.0018189549496324,0.0001174394591107,0.0031923061194606,0.052,0.0357302651157052,0.0751011439378455,0.0,0.0001338728086221,2.5588486488079963e-05,-0.0044700500376416,2.7026618766301524e-05,0.0005748958041771,False,0.6503087238738147,0.6791141382331478,0.05199999999996442
36,0.2,0.05,1.5,50.0,0.9,0.9,0.5,3000,0.1111111111111111,-0.0025744770888883,risk_only,500,0,7.699627252280175e-05,0.0001145979849888,0.0025610827416483,0.166,0.1359577432310101,0.2011353161973068,0.0,0.0004273631967554,4.288207852702025e-05,-0.0044700500376416,2.7026618766301524e-05,0.0005748958041771,False,0.6503087238738147,0.6791141382331478,0.16599999999997755
36,0.2,0.05,1.5,50.0,0.9,0.9,0.5,3000,0.1111111111111111,-0.0025744770888883,outcome_based,500,0,0.0001414770888878,0.0001383603518053,0.0030939724716895,0.204,0.1709982729111479,0.241515336642091,0.0,0.0005251933261332,4.64419424566049e-05,-0.0044700500376416,2.7026618766301524e-05,0.0005748958041771,False,0.6503087238738147,0.6791141382331478,0.20399999999999485
36,0.2,0.05,1.5,50.0,0.9,0.9,0.5,3000,0.1111111111111111,-0.0025744770888883,beta_known_mean,500,0,-0.0018776164107608,2.583607199495742e-05,0.0019643134147601,0.0,4.336808689942019e-19,0.0076243404615522,0.0,0.0,0.0,-0.0044700500376416,2.7026618766301524e-05,0.0005748958041771,False,0.6503087238738147,0.6791141382331478,0.0
36,0.2,0.05,1.5,50.0,0.9,0.9,0.5,3000,0.2,-0.0080268790449406,beta_estimated_mean,500,0,-0.0019999693017585,0.0001062469118298,0.0031036739420225,0.0,4.336808689942019e-19,0.0076243404615522,0.0,0.0,0.0,-0.0101068065182592,2.7026618766301524e-05,0.0005748958041771,False,0.6503087238738147,0.6791141382331478,0.0
36,0.2,0.05,1.5,50.0,0.9,0.9,0.5,3000,0.2,-0.0080268790449406,risk_only,500,0,6.947087837023666e-05,0.0001013605826448,0.0022652894058557,0.0,4.336808689942019e-19,0.0076243404615522,0.0,0.0,0.0,-0.0101068065182592,2.7026618766301524e-05,0.0005748958041771,False,0.6503087238738147,0.6791141382331478,0.0
36,0.2,0.05,1.5,50.0,0.9,0.9,0.5,3000,0.2,-0.0080268790449406,outcome_based,500,0,2.4212378273829965e-05,0.00028483625754,0.0063628060908983,0.1,0.0766775627373017,0.1294219096319401,0.002,0.0008187416625839,0.0001087513608471,-0.0101068065182592,2.7026618766301524e-05,0.0005748958041771,False,0.6503087238738147,0.6791141382331478,0.10199999999999486
36,0.2,0.05,1.5,50.0,0.9,0.9,0.5,3000,0.2,-0.0080268790449406,beta_known_mean,500,0,-0.0020352776842158,5.7077327288161344e-05,0.002401667769646,0.0,4.336808689942019e-19,0.0076243404615522,0.0,0.0,0.0,-0.0101068065182592,2.7026618766301524e-05,0.0005748958041771,False,0.6503087238738147,0.6791141382331478,0.0
36,0.2,0.05,1.5,50.0,0.9,0.9,0.5,3000,0.3333333333333333,-0.0086230618301953,beta_estimated_mean,500,0,0.0017577284291703,5.103192889076668e-05,0.0020950259798158,0.0,4.336808689942019e-19,0.0076243404615522,0.0,0.0,0.0,-0.0068970258953131,2.7026618766301524e-05,0.0005748958041771,False,0.6503087238738147,0.6791141382331478,0.0
36,0.2,0.05,1.5,50.0,0.9,0.9,0.5,3000,0.3333333333333333,-0.0086230618301953,risk_only,500,0,4.8927940781994e-05,6.064412309912762e-05,0.0013555703843599,0.0,4.336808689942019e-19,0.0076243404615522,0.0,0.0,0.0,-0.0068970258953131,2.7026618766301524e-05,0.0005748958041771,False,0.6503087238738147,0.6791141382331478,0.0
36,0.2,0.05,1.5,50.0,0.9,0.9,0.5,3000,0.3333333333333333,-0.0086230618301953,outcome_based,500,0,-0.0003552715031379,0.0002549248932139,0.0057056622516435,0.046,0.0308451083708162,0.0680777927682732,0.014,0.0005173837098117,9.16749705939102e-05,-0.0068970258953131,2.7026618766301524e-05,0.0005748958041771,False,0.6503087238738147,0.6791141382331478,0.05999999999999792
36,0.2,0.05,1.5,50.0,0.9,0.9,0.5,3000,0.3333333333333333,-0.0086230618301953,beta_known_mean,500,0,0.001751780713455,4.044515563411948e-05,0.0019710416445506,0.0,4.336808689942019e-19,0.0076243404615522,0.0,0.0,0.0,-0.0068970258953131,2.7026618766301524e-05,0.0005748958041771,False,0.6503087238738147,0.6791141382331478,0.0
36,0.2,0.05,1.5,50.0,0.9,0.9,0.5,3000,0.5,-0.0025223928433061,beta_estimated_mean,500,0,0.0015339341458118,8.266605168368842e-06,0.0015450093874897,0.0,4.336808689942019e-19,0.0076243404615522,0.0,0.0,0.0,-0.0009849664903685,2.7026618766301524e-05,0.0005748958041771,False,0.6503087238738147,0.6791141382331478,0.0
36,0.2,0.05,1.5,50.0,0.9,0.9,0.5,3000,0.5,-0.0025223928433061,risk_only,500,0,-3.632353604448217e-06,1.925390001162888e-05,0.0004301148848342,0.0,4.336808689942019e-19,0.0076243404615522,0.0,0.0,0.0,-0.0009849664903685,2.7026618766301524e-05,0.0005748958041771,False,0.6503087238738147,0.6791141382331478,0.0
36,0.2,0.05,1.5,50.0,0.9,0.9,0.5,3000,0.5,-0.0025223928433061,outcome_based,500,0,-0.0001942738233604,0.0001495778219771,0.0033469585009874,0.196,0.1635781066142644,0.2330574923863593,0.018,0.0005397920684675,4.631062182457208e-05,-0.0009849664903685,2.7026618766301524e-05,0.0005748958041771,False,0.6503087238738147,0.6791141382331478,0.21399999999999786
36,0.2,0.05,1.5,50.0,0.9,0.9,0.5,3000,0.5,-0.0025223928433061,beta_known_mean,500,0,0.0015347996788956,7.606354954659871e-06,0.001544176322688,0.0,4.336808689942019e-19,0.0076243404615522,0.0,0.0,0.0,-0.0009849664903685,2.7026618766301524e-05,0.0005748958041771,False,0.6503087238738147,0.6791141382331478,0.0
36,0.2,0.05,1.5,50.0,0.9,0.9,0.5,10000,0.0588235294117647,-0.0004705081211914,beta_estimated_mean,500,0,-0.0004485710693224,6.373885234711936e-05,0.0014928074263609,0.266,0.2291604018204711,0.3064077895155354,0.0,0.0001251551602369,9.30691396910806e-06,-0.000927833078047,2.7026618766301524e-05,0.0005748958041771,False,0.6503087238738147,0.6791141382331478,0.26599999999997365
36,0.2,0.05,1.5,50.0,0.9,0.9,0.5,10000,0.0588235294117647,-0.0004705081211914,risk_only,500,0,1.0061981183213165e-05,6.345307973518001e-05,0.0014174701457445,0.368,0.3268845483787568,0.4111282775030931,0.0,0.0001731469885984,1.015779162667108e-05,-0.000927833078047,2.7026618766301524e-05,0.0005748958041771,False,0.6503087238738147,0.6791141382331478,0.3679999999999252
36,0.2,0.05,1.5,50.0,0.9,0.9,0.5,10000,0.0588235294117647,-0.0004705081211914,outcome_based,500,0,5.708121192127768e-06,2.137831956902316e-05,0.0004775895977694,0.17,0.1396203661039611,0.2054116986006633,0.006,8.280942932969593e-05,8.021152824572907e-06,-0.000927833078047,2.7026618766301524e-05,0.0005748958041771,False,0.6503087238738147,0.6791141382331478,0.17600000000002025
36,0.2,0.05,1.5,50.0,0.9,0.9,0.5,10000,0.0588235294117647,-0.0004705081211914,beta_known_mean,500,0,-0.0004566623448634,3.2004477326599287e-06,0.0004622247150415,0.0,4.336808689942019e-19,0.0076243404615522,0.0,0.0,0.0,-0.000927833078047,2.7026618766301524e-05,0.0005748958041771,False,0.6503087238738147,0.6791141382331478,0.0
36,0.2,0.05,1.5,50.0,0.9,0.9,0.5,10000,0.1111111111111111,-0.0025744770888883,beta_estimated_mean,500,0,-0.001887946765927,6.514343857955338e-05,0.0023836805822862,0.002,0.0003531363945592,0.0112407067051467,0.0,5.148954177776666e-06,5.148954177776667e-06,-0.0044700500376416,2.7026618766301524e-05,0.0005748958041771,False,0.6503087238738147,0.6791141382331478,0.0020000000000000256
36,0.2,0.05,1.5,50.0,0.9,0.9,0.5,10000,0.1111111111111111,-0.0025744770888883,risk_only,500,0,8.621303964207738e-06,6.385198934366007e-05,0.0014263714529919,0.036,0.0228910609802927,0.0561843269680277,0.0,9.268117519998e-05,2.1469826050426223e-05,-0.0044700500376416,2.7026618766301524e-05,0.0005748958041771,False,0.6503087238738147,0.6791141382331478,0.03600000000000047
36,0.2,0.05,1.5,50.0,0.9,0.9,0.5,10000,0.1111111111111111,-0.0025744770888883,outcome_based,500,0,-2.067291111089842e-05,7.106720622482564e-05,0.0015876557314966,0.044,0.0292339556286071,0.0657194428723284,0.0,0.000113276991911,2.3637091851073108e-05,-0.0044700500376416,2.7026618766301524e-05,0.0005748958041771,False,0.6503087238738147,0.6791141382331478,0.043999999999966906
36,0.2,0.05,1.5,50.0,0.9,0.9,0.5,10000,0.1111111111111111,-0.0025744770888883,beta_known_mean,500,0,-0.001894046535594,1.3696327985413928e-05,0.0019185982877448,0.0,4.336808689942019e-19,0.0076243404615522,0.0,0.0,0.0,-0.0044700500376416,2.7026618766301524e-05,0.0005748958041771,False,0.6503087238738147,0.6791141382331478,0.0
36,0.2,0.05,1.5,50.0,0.9,0.9,0.5,10000,0.2,-0.0080268790449406,beta_estimated_mean,500,0,-0.0020757683247426,5.7416140470176215e-05,0.0024400459254005,0.0,4.336808689942019e-19,0.0076243404615522,0.0,0.0,0.0,-0.0101068065182592,2.7026618766301524e-05,0.0005748958041771,False,0.6503087238738147,0.6791141382331478,0.0
36,0.2,0.05,1.5,50.0,0.9,0.9,0.5,10000,0.2,-0.0080268790449406,risk_only,500,0,1.2172236601066282e-05,5.427168032828126e-05,0.0012123986105591,0.0,4.336808689942019e-19,0.0076243404615522,0.0,0.0,0.0,-0.0101068065182592,2.7026618766301524e-05,0.0005748958041771,False,0.6503087238738147,0.6791141382331478,0.0
36,0.2,0.05,1.5,50.0,0.9,0.9,0.5,10000,0.2,-0.0080268790449406,outcome_based,500,0,0.0001083290449404,0.0001444446184202,0.0032284663277597,0.004,0.0010976305226827,0.014465715215177,0.0,3.210751617976251e-05,2.268068206876939e-05,-0.0101068065182592,2.7026618766301524e-05,0.0005748958041771,False,0.6503087238738147,0.6791141382331478,0.004000000000000013
36,0.2,0.05,1.5,50.0,0.9,0.9,0.5,10000,0.2,-0.0080268790449406,beta_known_mean,500,0,-0.0020799283171384,3.027800994291334e-05,0.0021871360244849,0.0,4.336808689942019e-19,0.0076243404615522,0.0,0.0,0.0,-0.0101068065182592,2.7026618766301524e-05,0.0005748958041771,False,0.6503087238738147,0.6791141382331478,0.0
36,0.2,0.05,1.5,50.0,0.9,0.9,0.5,10000,0.3333333333333333,-0.0086230618301953,beta_estimated_mean,500,0,0.0017304103840526,2.725985641570075e-05,0.0018344282170114,0.0,4.336808689942019e-19,0.0076243404615522,0.0,0.0,0.0,-0.0068970258953131,2.7026618766301524e-05,0.0005748958041771,False,0.6503087238738147,0.6791141382331478,0.0
36,0.2,0.05,1.5,50.0,0.9,0.9,0.5,10000,0.3333333333333333,-0.0086230618301953,risk_only,500,0,-3.217095145293208e-06,3.27049480775398e-05,0.0007305802833704,0.0,4.336808689942019e-19,0.0076243404615522,0.0,0.0,0.0,-0.0068970258953131,2.7026618766301524e-05,0.0005748958041771,False,0.6503087238738147,0.6791141382331478,0.0
36,0.2,0.05,1.5,50.0,0.9,0.9,0.5,10000,0.3333333333333333,-0.0086230618301953,outcome_based,500,0,-3.953816980492196e-05,0.0001307422255397,0.002920827709207,0.0,4.336808689942019e-19,0.0076243404615522,0.002,1.7246123660390654e-05,1.7246123660390654e-05,-0.0068970258953131,2.7026618766301524e-05,0.0005748958041771,False,0.6503087238738147,0.6791141382331478,0.0020000000000000065
36,0.2,0.05,1.5,50.0,0.9,0.9,0.5,10000,0.3333333333333333,-0.0086230618301953,beta_known_mean,500,0,0.0017289924302426,2.1434695001591862e-05,0.0017940675719136,0.0,4.336808689942019e-19,0.0076243404615522,0.0,0.0,0.0,-0.0068970258953131,2.7026618766301524e-05,0.0005748958041771,False,0.6503087238738147,0.6791141382331478,0.0
36,0.2,0.05,1.5,50.0,0.9,0.9,0.5,10000,0.5,-0.0025223928433061,beta_estimated_mean,500,0,0.0015376941008616,4.377956270889232e-06,0.0015408008410818,0.0,4.336808689942019e-19,0.0076243404615522,0.0,0.0,0.0,-0.0009849664903685,2.7026618766301524e-05,0.0005748958041771,False,0.6503087238738147,0.6791141382331478,0.0
36,0.2,0.05,1.5,50.0,0.9,0.9,0.5,10000,0.5,-0.0025223928433061,risk_only,500,0,4.66508363266959e-06,1.0672046844196117e-05,0.0002384411087539,0.0,4.336808689942019e-19,0.0076243404615522,0.0,0.0,0.0,-0.0009849664903685,2.7026618766301524e-05,0.0005748958041771,False,0.6503087238738147,0.6791141382331478,0.0
36,0.2,0.05,1.5,50.0,0.9,0.9,0.5,10000,0.5,-0.0025223928433061,outcome_based,500,0,4.43928433061979e-05,8.294571709237273e-05,0.001853398695515,0.09,0.0679425478891394,0.1183094112893334,0.018,0.000272418427077,3.504747685831094e-05,-0.0009849664903685,2.7026618766301524e-05,0.0005748958041771,False,0.6503087238738147,0.6791141382331478,0.10799999999997668
36,0.2,0.05,1.5,50.0,0.9,0.9,0.5,10000,0.5,-0.0025223928433061,beta_known_mean,500,0,0.0015378488791217,4.009530358019892e-06,0.0015404548891572,0.0,4.336808689942019e-19,0.0076243404615522,0.0,0.0,0.0,-0.0009849664903685,2.7026618766301524e-05,0.0005748958041771,False,0.6503087238738147,0.6791141382331478,0.0
37,0.2,0.05,1.5,50.0,0.9,0.9,1.0,500,0.0588235294117647,-1.318316433590594e-05,beta_estimated_mean,500,0,-0.0009470944760707,0.0002955170245751,0.0066689439600025,0.456,0.4128448175817547,0.499826124378862,0.0,6.011522937173109e-06,2.939349742195784e-07,-0.000927833078047,2.0531065736406613e-09,6.8107881556755964e-09,False,0.6426480286486637,0.6634323416562644,0.456
37,0.2,0.05,1.5,50.0,0.9,0.9,1.0,500,0.0588235294117647,-1.318316433590594e-05,risk_only,500,0,-4.192235390023985e-05,0.0002919736887365,0.0065223328883198,0.518,0.4742321113679192,0.561493412375465,0.0,6.8288791259992765e-06,2.9488846990093746e-07,-0.000927833078047,2.0531065736406613e-09,6.8107881556755964e-09,False,0.6426480286486637,0.6634323416562644,0.518
37,0.2,0.05,1.5,50.0,0.9,0.9,1.0,500,0.0588235294117647,-1.318316433590594e-05,outcome_based,500,0,3.018316433590332e-05,3.406049374963494e-05,0.0007614522463091,0.296,0.2576653952306019,0.3374453356777114,0.176,6.222453566547603e-06,2.9461669521464424e-07,-0.000927833078047,2.0531065736406613e-09,6.8107881556755964e-09,False,0.6426480286486637,0.6634323416562644,0.472
37,0.2,0.05,1.5,50.0,0.9,0.9,1.0,500,0.0588235294117647,-1.318316433590594e-05,beta_known_mean,500,0,-0.0009212645813069,1.7595389924644297e-05,0.0010016075600374,0.0,4.336808689942019e-19,0.0076243404615522,0.0,0.0,0.0,-0.000927833078047,2.0531065736406613e-09,6.8107881556755964e-09,False,0.6426480286486637,0.6634323416562644,0.0
37,0.2,0.05,1.5,50.0,0.9,0.9,1.0,500,0.1111111111111111,-0.000678904140135,beta_estimated_mean,500,0,-0.0038084166328426,0.00031602273264,0.0080211813752354,0.258,0.2215962002228131,0.2980939805605782,0.0,0.0001751572681548,1.329749972261422e-05,-0.0044700500376416,2.0531065736406613e-09,6.8107881556755964e-09,False,0.6426480286486637,0.6634323416562644,0.2579999999999558
37,0.2,0.05,1.5,50.0,0.9,0.9,1.0,500,0.1111111111111111,-0.000678904140135,risk_only,500,0,-4.812446625602912e-05,0.0003022206719542,0.0067512699477908,0.472,0.4286227347300628,0.5158042283357841,0.0,0.0003204427541437,1.51721156649278e-05,-0.0044700500376416,2.0531065736406613e-09,6.8107881556755964e-09,False,0.6426480286486637,0.6634323416562644,0.47199999999997055
37,0.2,0.05,1.5,50.0,0.9,0.9,1.0,500,0.1111111111111111,-0.000678904140135,outcome_based,500,0,0.000120404140135,0.000267255039264,0.0059712393945444,0.468,0.4246740659219794,0.5118138918675601,0.018,0.0003299474121056,1.5190003657752288e-05,-0.0044700500376416,2.0531065736406613e-09,6.8107881556755964e-09,False,0.6426480286486637,0.6634323416562644,0.4859999999999853
37,0.2,0.05,1.5,50.0,0.9,0.9,1.0,500,0.1111111111111111,-0.000678904140135,beta_known_mean,500,0,-0.0037834845552098,7.321199565913298e-05,0.0041218192024153,0.0,4.336808689942019e-19,0.0076243404615522,0.0,0.0,0.0,-0.0044700500376416,2.0531065736406613e-09,6.8107881556755964e-09,False,0.6426480286486637,0.6634323416562644,0.0
37,0.2,0.05,1.5,50.0,0.9,0.9,1.0,500,0.2,-0.005946951571622,beta_estimated_mean,500,0,-0.0041884538163085,0.0002985588854067,0.0078754499548249,0.06,0.0423483564809462,0.0843610631252197,0.0,0.0003568170942973,6.322424925016546e-05,-0.0101068065182592,2.0531065736406613e-09,6.8107881556755964e-09,False,0.6426480286486637,0.6634323416562644,0.05999999999999663
37,0.2,0.05,1.5,50.0,0.9,0.9,1.0,500,0.2,-0.005946951571622,risk_only,500,0,-0.0001186242121424,0.0002703168456779,0.0060395859986656,0.148,0.1195614053892054,0.1818061302957273,0.0,0.0008801488326,9.453546922405772e-05,-0.0101068065182592,2.0531065736406613e-09,6.8107881556755964e-09,False,0.6426480286486637,0.6634323416562644,0.14799999999999058
37,0.2,0.05,1.5,50.0,0.9,0.9,1.0,500,0.2,-0.005946951571622,outcome_based,500,0,-8.404842837797919e-05,0.0007027708386831,0.0156989363696498,0.332,0.2921404418575132,0.3744213365375685,0.006,0.0020100696312082,0.0001259306583862,-0.0101068065182592,2.0531065736406613e-09,6.8107881556755964e-09,False,0.6426480286486637,0.6634323416562644,0.3379999999999939
37,0.2,0.05,1.5,50.0,0.9,0.9,1.0,500,0.2,-0.005946951571622,beta_known_mean,500,0,-0.0041576031364386,0.0001606113397143,0.0054916180730362,0.0,4.336808689942019e-19,0.0076243404615522,0.0,0.0,0.0,-0.0101068065182592,2.0531065736406613e-09,6.8107881556755964e-09,False,0.6426480286486637,0.6634323416562644,0.0
37,0.2,0.05,1.5,50.0,0.9,0.9,1.0,500,0.3333333333333333,-0.0103490977650775,beta_estimated_mean,500,0,0.0034183150659151,0.0001483953677968,0.0047616645510217,0.012,0.0055109951740277,0.0259303611164472,0.0,0.0001241891731809,5.044537004000869e-05,-0.0068970258953131,2.0531065736406613e-09,6.8107881556755964e-09,False,0.6426480286486637,0.6634323416562644,0.011999999999997103
37,0.2,0.05,1.5,50.0,0.9,0.9,1.0,500,0.3333333333333333,-0.0103490977650775,risk_only,500,0,-1.942752926923269e-05,0.0001810617409042,0.0040446595758503,0.002,0.0003531363945592,0.0112407067051467,0.0,2.069819553015506e-05,2.0698195530155056e-05,-0.0068970258953131,2.0531065736406613e-09,6.8107881556755964e-09,False,0.6426480286486637,0.6634323416562644,0.0020000000000000057
37,0.2,0.05,1.5,50.0,0.9,0.9,1.0,500,0.3333333333333333,-0.0103490977650775,outcome_based,500,0,0.0004650977650775,0.0005776924312211,0.0129130499856184,0.21,0.1765772705084025,0.2478448469592978,0.03,0.0024837834636186,0.0001978630201572,-0.0068970258953131,2.0531065736406613e-09,6.8107881556755964e-09,False,0.6426480286486637,0.6634323416562644,0.24000000000000002
37,0.2,0.05,1.5,50.0,0.9,0.9,1.0,500,0.3333333333333333,-0.0103490977650775,beta_known_mean,500,0,0.0034596052641031,0.0001150600928928,0.0043098772890527,0.0,4.336808689942019e-19,0.0076243404615522,0.0,0.0,0.0,-0.0068970258953131,2.0531065736406613e-09,6.8107881556755964e-09,False,0.6426480286486637,0.6634323416562644,0.0
37,0.2,0.05,1.5,50.0,0.9,0.9,1.0,500,0.5,-0.0040598191962438,beta_estimated_mean,500,0,0.0030270161663192,2.566886445621659e-05,0.0030808461957377,0.002,0.0003531363945592,0.0112407067051467,0.0,8.119638392487709e-06,8.119638392487709e-06,-0.0009849664903685,2.0531065736406613e-09,6.8107881556755964e-09,False,0.6426480286486637,0.6634323416562644,0.002000000000000027
37,0.2,0.05,1.5,50.0,0.9,0.9,1.0,500,0.5,-0.0040598191962438,risk_only,500,0,3.1904527459583834e-05,5.809452070266799e-05,0.0012981254151171,0.0,4.336808689942019e-19,0.0076243404615522,0.0,0.0,0.0,-0.0009849664903685,2.0531065736406613e-09,6.8107881556755964e-09,False,0.6426480286486637,0.6634323416562644,0.0
37,0.2,0.05,1.5,50.0,0.9,0.9,1.0,500,0.5,-0.0040598191962438,outcome_based,500,0,0.0007278191962438,0.0004607778036849,0.0103186964672104,0.326,0.2863753160352474,0.3682779544453728,0.062,0.0015752098481426,8.856211789068235e-05,-0.0009849664903685,2.0531065736406613e-09,6.8107881556755964e-09,False,0.6426480286486637,0.6634323416562644,0.38800000000000134
37,0.2,0.05,1.5,50.0,0.9,0.9,1.0,500,0.5,-0.0040598191962438,beta_known_mean,500,0,0.0030414408466779,2.2918694430187093e-05,0.0030842293096458,0.0,4.336808689942019e-19,0.0076243404615522,0.0,0.0,0.0,-0.0009849664903685,2.0531065736406613e-09,6.8107881556755964e-09,False,0.6426480286486637,0.6634323416562644,0.0
37,0.2,0.05,1.5,50.0,0.9,0.9,1.0,3000,0.0588235294117647,-1.318316433590594e-05,beta_estimated_mean,500,0,-0.0009994636954651,0.0001237313513553,0.0029391056267782,0.352,0.3114108418907427,0.3948459628858768,0.0,4.6404738462388905e-06,2.8185661228256125e-07,-0.000927833078047,2.0531065736406613e-09,6.8107881556755964e-09,False,0.6426480286486637,0.6634323416562644,0.352
37,0.2,0.05,1.5,50.0,0.9,0.9,1.0,3000,0.0588235294117647,-1.318316433590594e-05,risk_only,500,0,-9.022211636726952e-05,0.0001225422173033,0.0027388722033112,0.482,0.4385065876245351,0.5257678886320809,0.0,6.354285209906663e-06,2.9488846990093746e-07,-0.000927833078047,2.0531065736406613e-09,6.8107881556755964e-09,False,0.6426480286486637,0.6634323416562644,0.482
37,0.2,0.05,1.5,50.0,0.9,0.9,1.0,3000,0.0588235294117647,-1.318316433590594e-05,outcome_based,500,0,6.414976692348528e-07,1.482367076904452e-05,0.0003311363432767,0.406,0.3638304421340635,0.4496029338727085,0.036,5.826958636470425e-06,2.930877232006474e-07,-0.000927833078047,2.0531065736406613e-09,6.8107881556755964e-09,False,0.6426480286486637,0.6634323416562644,0.442
37,0.2,0.05,1.5,50.0,0.9,0.9,1.0,3000,0.0588235294117647,-1.318316433590594e-05,beta_known_mean,500,0,-0.0009142755194255,7.047595869608261e-06,0.0009277307586708,0.0,4.336808689942019e-19,0.0076243404615522,0.0,0.0,0.0,-0.000927833078047,2.0531065736406613e-09,6.8107881556755964e-09,False,0.6426480286486637,0.6634323416562644,0.0
37,0.2,0.05,1.5,50.0,0.9,0.9,1.0,3000,0.1111111111111111,-0.000678904140135,beta_estimated_mean,500,0,-0.0038597118136338,0.0001309910556814,0.004843505441507,0.062,0.0440192091426815,0.0866597131016382,0.0,4.209205668837055e-05,7.329181019827063e-06,-0.0044700500376416,2.0531065736406613e-09,6.8107881556755964e-09,False,0.6426480286486637,0.6634323416562644,0.06200000000000082
37,0.2,0.05,1.5,50.0,0.9,0.9,1.0,3000,0.1111111111111111,-0.000678904140135,risk_only,500,0,-8.281816138487041e-05,0.0001267832912279,0.0028333348394092,0.382,0.3404646252341933,0.4253347191147331,0.0,0.0002593413815315,1.476672215073406e-05,-0.0044700500376416,2.0531065736406613e-09,6.8107881556755964e-09,False,0.6426480286486637,0.6634323416562644,0.38199999999989687
37,0.2,0.05,1.5,50.0,0.9,0.9,1.0,3000,0.1111111111111111,-0.000678904140135,outcome_based,500,0,-0.0001370125265318,0.000119802650465,0.0026796935060927,0.388,0.3462960293500537,0.4314118229133341,0.006,0.0002674882312131,1.4850552358469114e-05,-0.0044700500376416,2.0531065736406613e-09,6.8107881556755964e-09,False,0.6426480286486637,0.6634323416562644,0.39399999999986746
37,0.2,0.05,1.5,50.0,0.9,0.9,1.0,3000,0.1111111111111111,-0.000678904140135,beta_known_mean,500,0,-0.0037839991851388,2.935636184070925e-05,0.0038404018054641,0.0,4.336808689942019e-19,0.0076243404615522,0.0,0.0,0.0,-0.0044700500376416,2.0531065736406613e-09,6.8107881556755964e-09,False,0.6426480286486637,0.6634323416562644,0.0
37,0.2,0.05,1.5,50.0,0.9,0.9,1.0,3000,0.2,-0.005946951571622,beta_estimated_mean,500,0,-0.0041956494058606,0.0001213349960285,0.0049949817203129,0.0,4.336808689942019e-19,0.0076243404615522,0.0,0.0,0.0,-0.0101068065182592,2.0531065736406613e-09,6.8107881556755964e-09,False,0.6426480286486637,0.6634323416562644,0.0
37,0.2,0.05,1.5,50.0,0.9,0.9,1.0,3000,0.2,-0.005946951571622,risk_only,500,0,-3.4496134579354743e-05,0.0001104986116937,0.0024685930473131,0.012,0.0055109951740277,0.0259303611164472,0.0,7.136341885946431e-05,2.898766437909256e-05,-0.0101068065182592,2.0531065736406613e-09,6.8107881556755964e-09,False,0.6426480286486637,0.6634323416562644,0.012000000000000052
37,0.2,0.05,1.5,50.0,0.9,0.9,1.0,3000,0.2,-0.005946951571622,outcome_based,500,0,-0.0001793817617113,0.0002834921787432,0.0063352756613523,0.178,0.1469648867073352,0.2139451885499043,0.0,0.0010585573797487,0.0001018333518891,-0.0101068065182592,2.0531065736406613e-09,6.8107881556755964e-09,False,0.6426480286486637,0.6634323416562644,0.1779999999999973
37,0.2,0.05,1.5,50.0,0.9,0.9,1.0,3000,0.2,-0.005946951571622,beta_known_mean,500,0,-0.0041472518844022,6.41236876685045e-05,0.0043876542714144,0.0,4.336808689942019e-19,0.0076243404615522,0.0,0.0,0.0,-0.0101068065182592,2.0531065736406613e-09,6.8107881556755964e-09,False,0.6426480286486637,0.6634323416562644,0.0
37,0.2,0.05,1.5,50.0,0.9,0.9,1.0,3000,0.3333333333333333,-0.0103490977650775,beta_estimated_mean,500,0,0.0034442629904149,5.9387232292761374e-05,0.0036909134890268,0.0,4.336808689942019e-19,0.0076243404615522,0.0,0.0,0.0,-0.0068970258953131,2.0531065736406613e-09,6.8107881556755964e-09,False,0.6426480286486637,0.6634323416562644,0.0
37,0.2,0.05,1.5,50.0,0.9,0.9,1.0,3000,0.3333333333333333,-0.0103490977650775,risk_only,500,0,-9.360985651233704e-06,7.125416149369951e-05,0.0015917249252327,0.0,4.336808689942019e-19,0.0076243404615522,0.0,0.0,0.0,-0.0068970258953131,2.0531065736406613e-09,6.8107881556755964e-09,False,0.6426480286486637,0.6634323416562644,0.0
37,0.2,0.05,1.5,50.0,0.9,0.9,1.0,3000,0.3333333333333333,-0.0103490977650775,outcome_based,500,0,-4.95689015890567e-05,0.0002362446414562,0.0052775383327629,0.026,0.0152563839233272,0.0439714908342242,0.002,0.0002897747374221,7.6430088937258e-05,-0.0068970258953131,2.0531065736406613e-09,6.8107881556755964e-09,False,0.6426480286486637,0.6634323416562644,0.02799999999999324
37,0.2,0.05,1.5,50.0,0.9,0.9,1.0,3000,0.3333333333333333,-0.0103490977650775,beta_known_mean,500,0,0.0034626826677707,4.6156479164175e-05,0.0036129283305273,0.0,4.336808689942019e-19,0.0076243404615522,0.0,0.0,0.0,-0.0068970258953131,2.0531065736406613e-09,6.8107881556755964e-09,False,0.6426480286486637,0.6634323416562644,0.0
37,0.2,0.05,1.5,50.0,0.9,0.9,1.0,3000,0.5,-0.0040598191962438,beta_estimated_mean,500,0,0.0030678930471858,9.925686647002275e-06,0.0030758948059748,0.0,4.336808689942019e-19,0.0076243404615522,0.0,0.0,0.0,-0.0009849664903685,2.0531065736406613e-09,6.8107881556755964e-09,False,0.6426480286486637,0.6634323416562644,0.0
37,0.2,0.05,1.5,50.0,0.9,0.9,1.0,3000,0.5,-0.0040598191962438,risk_only,500,0,-3.340869924379781e-06,2.4769287859291457e-05,0.0005533140648122,0.0,4.336808689942019e-19,0.0076243404615522,0.0,0.0,0.0,-0.0009849664903685,2.0531065736406613e-09,6.8107881556755964e-09,False,0.6426480286486637,0.6634323416562644,0.0
37,0.2,0.05,1.5,50.0,0.9,0.9,1.0,3000,0.5,-0.0040598191962438,outcome_based,500,0,-5.818080375614538e-05,0.0001822816644932,0.0040722795834674,0.118,0.0925930082515064,0.1492319878611194,0.032,0.0006089728794365,6.489504117277458e-05,-0.0009849664903685,2.0531065736406613e-09,6.8107881556755964e-09,False,0.6426480286486637,0.6634323416562644,0.14999999999998276
37,0.2,0.05,1.5,50.0,0.9,0.9,1.0,3000,0.5,-0.0040598191962438,beta_known_mean,500,0,0.0030711185754997,9.021126019976124e-06,0.0030777229052335,0.0,4.336808689942019e-19,0.0076243404615522,0.0,0.0,0.0,-0.0009849664903685,2.0531065736406613e-09,6.8107881556755964e-09,False,0.6426480286486637,0.6634323416562644,0.0
37,0.2,0.05,1.5,50.0,0.9,0.9,1.0,10000,0.0588235294117647,-1.318316433590594e-05,beta_estimated_mean,500,0,-0.0009615576219046,6.917255300519403e-05,0.0018199530935663,0.274,0.2367406256658206,0.3147055762228011,0.0,3.6121870280382273e-06,2.6321642411921824e-07,-0.000927833078047,2.0531065736406613e-09,6.8107881556755964e-09,False,0.6426480286486637,0.6634323416562644,0.274
37,0.2,0.05,1.5,50.0,0.9,0.9,1.0,10000,0.0588235294117647,-1.318316433590594e-05,risk_only,500,0,-4.464909400428863e-05,6.821662759526833e-05,0.0015244980070668,0.5,0.4563412653024843,0.5436587346975157,0.0,6.59158216795297e-06,2.950797435675294e-07,-0.000927833078047,2.0531065736406613e-09,6.8107881556755964e-09,False,0.6426480286486637,0.6634323416562644,0.5
37,0.2,0.05,1.5,50.0,0.9,0.9,1.0,10000,0.0588235294117647,-1.318316433590594e-05,outcome_based,500,0,8.670664335958312e-06,7.90246901104051e-06,0.0001767405998597,0.464,0.4207281870075268,0.5078207655057051,0.02,6.380651538578474e-06,2.949286240423155e-07,-0.000927833078047,2.0531065736406613e-09,6.8107881556755964e-09,False,0.6426480286486637,0.6634323416562644,0.484
37,0.2,0.05,1.5,50.0,0.9,0.9,1.0,10000,0.0588235294117647,-1.318316433590594e-05,beta_known_mean,500,0,-0.0009202037785187,4.034274434699735e-06,0.0009246060803051,0.0,4.336808689942019e-19,0.0076243404615522,0.0,0.0,0.0,-0.000927833078047,2.0531065736406613e-09,6.8107881556755964e-09,False,0.6426480286486637,0.6634323416562644,0.0
37,0.2,0.05,1.5,50.0,0.9,0.9,1.0,10000,0.1111111111111111,-0.000678904140135,beta_estimated_mean,500,0,-0.0038453250234743,7.428912631719505e-05,0.0041881311830403,0.0,4.336808689942019e-19,0.0076243404615522,0.0,0.0,0.0,-0.0044700500376416,2.0531065736406613e-09,6.8107881556755964e-09,False,0.6426480286486637,0.6634323416562644,0.0
37,0.2,0.05,1.5,50.0,0.9,0.9,1.0,10000,0.1111111111111111,-0.000678904140135,risk_only,500,0,-3.986121419639449e-05,7.099923623293078e-05,0.0015865036393533,0.34,0.2998388584537141,0.3826009304939827,0.0,0.0002308274076459,1.4396920636770107e-05,-0.0044700500376416,2.0531065736406613e-09,6.8107881556755964e-09,False,0.6426480286486637,0.6634323416562644,0.33999999999999997
37,0.2,0.05,1.5,50.0,0.9,0.9,1.0,10000,0.1111111111111111,-0.000678904140135,outcome_based,500,0,0.0001058541401354,6.542164112321804e-05,0.0014652374113037,0.354,0.3133423051969017,0.3968840022178716,0.002,0.000241689873888,1.4552114961140771e-05,-0.0044700500376416,2.0531065736406613e-09,6.8107881556755964e-09,False,0.6426480286486637,0.6634323416562644,0.3559999999999116
37,0.2,0.05,1.5,50.0,0.9,0.9,1.0,10000,0.1111111111111111,-0.000678904140135,beta_known_mean,500,0,-0.00380905693333,1.716742372109658e-05,0.0038283129730368,0.0,4.336808689942019e-19,0.0076243404615522,0.0,0.0,0.0,-0.0044700500376416,2.0531065736406613e-09,6.8107881556755964e-09,False,0.6426480286486637,0.6634323416562644,0.0
37,0.2,0.05,1.5,50.0,0.9,0.9,1.0,10000,0.2,-0.005946951571622,beta_estimated_mean,500,0,-0.004219085789916,7.04542176168767e-05,0.0045030677871751,0.0,4.336808689942019e-19,0.0076243404615522,0.0,0.0,0.0,-0.0101068065182592,2.0531065736406613e-09,6.8107881556755964e-09,False,0.6426480286486637,0.6634323416562644,0.0
37,0.2,0.05,1.5,50.0,0.9,0.9,1.0,10000,0.2,-0.005946951571622,risk_only,500,0,-4.797906479837587e-05,6.422338401670861e-05,0.0014354437902207,0.0,4.336808689942019e-19,0.0076243404615522,0.0,0.0,0.0,-0.0101068065182592,2.0531065736406613e-09,6.8107881556755964e-09,False,0.6426480286486637,0.6634323416562644,0.0
37,0.2,0.05,1.5,50.0,0.9,0.9,1.0,10000,0.2,-0.005946951571622,outcome_based,500,0,3.405157162208738e-05,0.0001525101336361,0.0034069884941882,0.038,0.0244601180558303,0.0585847725306438,0.002,0.0002378780628648,5.21686671643058e-05,-0.0101068065182592,2.0531065736406613e-09,6.8107881556755964e-09,False,0.6426480286486637,0.6634323416562644,0.039999999999986546
37,0.2,0.05,1.5,50.0,0.9,0.9,1.0,10000,0.2,-0.005946951571622,beta_known_mean,500,0,-0.0041952589173174,3.777511675027326e-05,0.0042792814988773,0.0,4.336808689942019e-19,0.0076243404615522,0.0,0.0,0.0,-0.0101068065182592,2.0531065736406613e-09,6.8107881556755964e-09,False,0.6426480286486637,0.6634323416562644,0.0
37,0.2,0.05,1.5,50.0,0.9,0.9,1.0,10000,0.3333333333333333,-0.0103490977650775,beta_estimated_mean,500,0,0.0034133802142425,3.457242386745084e-05,0.00349965648036,0.0,4.336808689942019e-19,0.0076243404615522,0.0,0.0,0.0,-0.0068970258953131,2.0531065736406613e-09,6.8107881556755964e-09,False,0.6426480286486637,0.6634323416562644,0.0
37,0.2,0.05,1.5,50.0,0.9,0.9,1.0,10000,0.3333333333333333,-0.0103490977650775,risk_only,500,0,-4.347088330417298e-05,4.1823510004716745e-05,0.0009352772349755,0.0,4.336808689942019e-19,0.0076243404615522,0.0,0.0,0.0,-0.0068970258953131,2.0531065736406613e-09,6.8107881556755964e-09,False,0.6426480286486637,0.6634323416562644,0.0
37,0.2,0.05,1.5,50.0,0.9,0.9,1.0,10000,0.3333333333333333,-0.0103490977650775,outcome_based,500,0,5.359776507757101e-05,0.0001410740702133,0.0031518117758554,0.002,0.0003531363945592,0.0112407067051467,0.0,2.069819553015506e-05,2.0698195530155056e-05,-0.0068970258953131,2.0531065736406613e-09,6.8107881556755964e-09,False,0.6426480286486637,0.6634323416562644,0.0020000000000000057
37,0.2,0.05,1.5,50.0,0.9,0.9,1.0,10000,0.3333333333333333,-0.0103490977650775,beta_known_mean,500,0,0.0034226153504828,2.6904289968235385e-05,0.0034749809216583,0.0,4.336808689942019e-19,0.0076243404615522,0.0,0.0,0.0,-0.0068970258953131,2.0531065736406613e-09,6.8107881556755964e-09,False,0.6426480286486637,0.6634323416562644,0.0
37,0.2,0.05,1.5,50.0,0.9,0.9,1.0,10000,0.5,-0.0040598191962438,beta_estimated_mean,500,0,0.0030646078928568,5.56482773184613e-06,0.0030671280089841,0.0,4.336808689942019e-19,0.0076243404615522,0.0,0.0,0.0,-0.0009849664903685,2.0531065736406613e-09,6.8107881556755964e-09,False,0.6426480286486637,0.6634323416562644,0.0
37,0.2,0.05,1.5,50.0,0.9,0.9,1.0,10000,0.5,-0.0040598191962438,risk_only,500,0,-3.0621829215031814e-05,1.3596080108494237e-05,0.0003052532394397,0.0,4.336808689942019e-19,0.0076243404615522,0.0,0.0,0.0,-0.0009849664903685,2.0531065736406613e-09,6.8107881556755964e-09,False,0.6426480286486637,0.6634323416562644,0.0
37,0.2,0.05,1.5,50.0,0.9,0.9,1.0,10000,0.5,-0.0040598191962438,outcome_based,500,0,8.941919624385456e-05,0.000108286747663,0.0024205948923057,0.052,0.0357302651157052,0.0751011439378455,0.0,0.0002111105982046,4.035173942526373e-05,-0.0009849664903685,2.0531065736406613e-09,6.8107881556755964e-09,False,0.6426480286486637,0.6634323416562644,0.05199999999998089
37,0.2,0.05,1.5,50.0,0.9,0.9,1.0,10000,0.5,-0.0040598191962438,beta_known_mean,500,0,0.0030659496804325,5.065477735701534e-06,0.0030680370460972,0.0,4.336808689942019e-19,0.0076243404615522,0.0,0.0,0.0,-0.0009849664903685,2.0531065736406613e-09,6.8107881556755964e-09,False,0.6426480286486637,0.6634323416562644,0.0
