scenario_id,mu,f,ratio,k,sa,sb,eps,n,threshold,true_delta,method,valid_reps,failed_reps,bias,bias_mcse,rmse,strict_wrong_rate,wrong_wilson_low,wrong_wilson_high,tie_rate,mean_regret,regret_mcse
0,0.2,0.05,1.1,50.0,0.5,0.5,0.0,500,0.058823529411764705,-0.00014482856454342552,beta_estimated_mean,500,0,0.0001655121595104041,0.00027783273677002367,0.006208519795884146,0.526,0.4822016483694956,0.5694018859265038,0.0,7.617982494984183e-05,3.2373227283401665e-06
0,0.2,0.05,1.1,50.0,0.5,0.5,0.0,500,0.058823529411764705,-0.00014482856454342552,risk_only,500,0,0.00016563559980128302,0.00027825079926625134,0.00621785857757983,0.522,0.47821548941356756,0.5654490396061242,0.0,7.560051069166812e-05,3.2385689909255124e-06
0,0.2,0.05,1.1,50.0,0.5,0.5,0.0,500,0.058823529411764705,-0.00014482856454342552,outcome_based,500,0,-7.51714354565865e-05,0.0001059618129876182,0.0023682009510825864,0.426,0.38338257836675194,0.46974582402155785,0.026,6.546251117362833e-05,3.226736116105595e-06
0,0.2,0.05,1.1,50.0,0.5,0.5,0.0,500,0.058823529411764705,-0.00014482856454342552,beta_known_mean,500,0,-6.411794452292341e-06,6.410956740644936e-06,0.00014335338819497221,0.14,0.11232266018786358,0.17316686494445405,0.0,2.0275999036079573e-05,2.2496616081176392e-06
0,0.2,0.05,1.1,50.0,0.5,0.5,0.0,500,0.1111111111111111,-0.0008863961521738545,beta_estimated_mean,500,0,0.00012104444047341045,0.00027296607306141914,0.006098801505280602,0.472,0.42862273473006285,0.5158042283357841,0.0,0.0004183789838260593,1.9809136740651272e-05
0,0.2,0.05,1.1,50.0,0.5,0.5,0.0,500,0.1111111111111111,-0.0008863961521738545,risk_only,500,0,0.0001125976729178526,0.0002746492203081284,0.006136231999334942,0.484,0.4404854432314528,0.527758535663317,0.0,0.00042901573765214557,1.9830109892889606e-05
0,0.2,0.05,1.1,50.0,0.5,0.5,0.0,500,0.1111111111111111,-0.0008863961521738545,outcome_based,500,0,-0.00016310384782612853,0.0003571322393354325,0.007979397070905375,0.454,0.4108757266738578,0.49782571264860515,0.01,0.0004112878146086685,1.9788777910256326e-05
0,0.2,0.05,1.1,50.0,0.5,0.5,0.0,500,0.1111111111111111,-0.0008863961521738545,beta_known_mean,500,0,-3.6521074835223655e-05,3.875689939618999e-05,0.0008665335060224213,0.14,0.11232266018786358,0.17316686494445405,0.0,0.00012409546130433963,1.3768633276281708e-05
0,0.2,0.05,1.1,50.0,0.5,0.5,0.0,500,0.2,-0.002193131998546767,beta_estimated_mean,500,0,-1.8918294936792895e-06,0.0002112711030739545,0.004719439330796351,0.336,0.29598800782704915,0.37851277584434007,0.0,0.0007368923515117137,4.637331867687184e-05
0,0.2,0.05,1.1,50.0,0.5,0.5,0.0,500,0.2,-0.002193131998546767,risk_only,500,0,3.4326865413400965e-05,0.00021541260578034982,0.004812075550892799,0.334,0.29406381245587715,0.3764674685773583,0.0,0.0007325060875146202,4.630467566890926e-05
0,0.2,0.05,1.1,50.0,0.5,0.5,0.0,500,0.2,-0.002193131998546767,outcome_based,500,0,-0.0001718680014532419,0.0007108707508745177,0.015880579763028962,0.44,0.397111794441699,0.4838031264136874,0.014,0.0009956819273402322,4.888084967054348e-05
0,0.2,0.05,1.1,50.0,0.5,0.5,0.0,500,0.2,-0.002193131998546767,beta_known_mean,500,0,-9.396399060306442e-05,9.60448138828803e-05,0.0021475352761141813,0.14,0.11232266018786358,0.17316686494445405,0.0,0.0003070384797965474,3.406651770815291e-05
0,0.2,0.05,1.1,50.0,0.5,0.5,0.0,500,0.3333333333333333,-0.0013204894972434706,beta_estimated_mean,500,0,-4.023118255559745e-05,7.589062981691641e-05,0.0016957455609141175,0.2,0.16728549897175743,0.23728910530517394,0.0,0.0002640978994486941,2.3645291361131627e-05
0,0.2,0.05,1.1,50.0,0.5,0.5,0.0,500,0.3333333333333333,-0.0013204894972434706,risk_only,500,0,-6.491866838891388e-05,8.740826531778453e-05,0.0019536316570918973,0.238,0.2027590191807921,0.2772361352210613,0.0,0.000314276500343946,2.517390811598423e-05
0,0.2,0.05,1.1,50.0,0.5,0.5,0.0,500,0.3333333333333333,-0.0013204894972434706,outcome_based,500,0,-0.00041751050275653,0.0005710752716865473,0.012763685636206811,0.43,0.38730164759035934,0.4737657600742581,0.038,0.0006179890847099442,2.949602014354684e-05
0,0.2,0.05,1.1,50.0,0.5,0.5,0.0,500,0.3333333333333333,-0.0013204894972434706,beta_known_mean,500,0,-5.434026748283877e-05,5.776900075055041e-05,0.0012916053310051548,0.14,0.11232266018786358,0.17316686494445405,0.0,0.0001848685296140859,2.05115236433934e-05
0,0.2,0.05,1.1,50.0,0.5,0.5,0.0,500,0.5,-0.00011813418669408141,beta_estimated_mean,500,0,-7.2224259296954446e-06,5.968619319653376e-06,0.0001335243322814114,0.164,0.13412892031587176,0.1989946364742914,0.0,1.937400661782935e-05,1.958169968107633e-06
0,0.2,0.05,1.1,50.0,0.5,0.5,0.0,500,0.5,-0.00011813418669408141,risk_only,500,0,-1.4323040281858122e-05,1.616760157513743e-05,0.0003614407676071095,0.334,0.29406381245587715,0.3764674685773583,0.044,4.465472257036278e-05,2.5642857275882082e-06
0,0.2,0.05,1.1,50.0,0.5,0.5,0.0,500,0.5,-0.00011813418669408141,outcome_based,500,0,3.4134186694081177e-05,0.00016635274109234833,0.003716195519977557,0.38,0.33852233078455757,0.42330751092621505,0.234,7.2534390630166e-05,2.5745608495134833e-06
0,0.2,0.05,1.1,50.0,0.5,0.5,0.0,500,0.5,-0.00011813418669408141,beta_known_mean,500,0,-6.804533924116417e-06,5.414509180514936e-06,0.00012114222882710569,0.14,0.11232266018786358,0.17316686494445405,0.0,1.65387861371714e-05,1.8350105536825255e-06
0,0.2,0.05,1.1,50.0,0.5,0.5,0.0,3000,0.058823529411764705,-0.00014482856454342552,beta_estimated_mean,500,0,0.00016245013859837566,0.00011074600278060454,0.002479206311773908,0.538,0.494176845283715,0.581243704841207,0.0,7.791776772436293e-05,3.2323328728956626e-06
0,0.2,0.05,1.1,50.0,0.5,0.5,0.0,3000,0.058823529411764705,-0.00014482856454342552,risk_only,500,0,0.00016612151246424002,0.0001107601772122717,0.0024797655066748202,0.532,0.48818610813244,0.5753259340780207,0.0,7.704879633710238e-05,3.235062653698798e-06
0,0.2,0.05,1.1,50.0,0.5,0.5,0.0,3000,0.058823529411764705,-0.00014482856454342552,outcome_based,500,0,5.1286897876735625e-05,4.630869790244053e-05,0.0010357285363946235,0.474,0.43059811407349635,0.5177983516305045,0.006,6.951771098084425e-05,3.2391140800248527e-06
0,0.2,0.05,1.1,50.0,0.5,0.5,0.0,3000,0.058823529411764705,-0.00014482856454342552,beta_known_mean,500,0,-1.1696596624202194e-06,2.6315924344914403e-06,5.879695736703485e-05,0.004,0.0010976305226827934,0.014465715215177033,0.0,5.793142581737021e-07,4.092263765898044e-07
0,0.2,0.05,1.1,50.0,0.5,0.5,0.0,3000,0.1111111111111111,-0.0008863961521738545,beta_estimated_mean,500,0,0.0001438400355140576,0.0001081981871689794,0.0024212407896441815,0.388,0.3462960293500537,0.4314118229133341,0.0,0.00034392170704345554,1.9336112455278145e-05
0,0.2,0.05,1.1,50.0,0.5,0.5,0.0,3000,0.1111111111111111,-0.0008863961521738545,risk_only,500,0,0.00014904144690508007,0.00010822949563677837,0.0024222534120247378,0.39,0.3482413304011046,0.43343602450043706,0.0,0.0003456944993478033,1.935418153853363e-05
0,0.2,0.05,1.1,50.0,0.5,0.5,0.0,3000,0.1111111111111111,-0.0008863961521738545,outcome_based,500,0,-0.000248353847826372,0.0001378676342234219,0.0030897272423865236,0.368,0.3268845483787568,0.4111282775030931,0.004,0.00032973936860867387,1.917912903836815e-05
0,0.2,0.05,1.1,50.0,0.5,0.5,0.0,3000,0.1111111111111111,-0.0008863961521738545,beta_known_mean,500,0,-5.783758357348623e-06,1.5836438647608893e-05,0.0003538065199956567,0.004,0.0010976305226827934,0.014465715215177033,0.0,3.545584608695418e-06,2.504593529051293e-06
0,0.2,0.05,1.1,50.0,0.5,0.5,0.0,3000,0.2,-0.002193131998546767,beta_estimated_mean,500,0,7.478834650438957e-05,8.301876220348587e-05,0.0018560060939540389,0.118,0.09259300825150649,0.14923198786111944,0.0,0.0002587895758285185,3.16730433257013e-05
0,0.2,0.05,1.1,50.0,0.5,0.5,0.0,3000,0.2,-0.002193131998546767,risk_only,500,0,6.957967361400676e-05,8.451134541306422e-05,0.001889122260532608,0.13,0.10332065036463456,0.16232136157691412,0.0,0.0002851071598110797,3.3017622750070633e-05
0,0.2,0.05,1.1,50.0,0.5,0.5,0.0,3000,0.2,-0.002193131998546767,outcome_based,500,0,-0.0007320346681199264,0.00028062717031220546,0.006311333258934264,0.326,0.28637531603524746,0.3682779544453728,0.006,0.0007281198235175267,4.6235096853242284e-05
0,0.2,0.05,1.1,50.0,0.5,0.5,0.0,3000,0.2,-0.002193131998546767,beta_known_mean,500,0,-1.4041500562873996e-05,3.904291751557393e-05,0.0008722657384042343,0.004,0.0010976305226827934,0.014465715215177033,0.0,8.772527994187068e-06,6.196895370590694e-06
0,0.2,0.05,1.1,50.0,0.5,0.5,0.0,3000,0.3333333333333333,-0.0013204894972434706,beta_estimated_mean,500,0,9.035769182278027e-06,3.007550898988625e-05,0.000671896740120146,0.03,0.018263213197913384,0.04890366683594573,0.0,3.961468491730412e-05,1.0083961363034198e-05
0,0.2,0.05,1.1,50.0,0.5,0.5,0.0,3000,0.3333333333333333,-0.0013204894972434706,risk_only,500,0,1.0823966121308871e-05,3.630687970819663e-05,0.0008111064824060895,0.054,0.03737435018105752,0.07742656151064709,0.0,7.13064328511474e-05,1.336063582990428e-05
0,0.2,0.05,1.1,50.0,0.5,0.5,0.0,3000,0.3333333333333333,-0.0013204894972434706,outcome_based,500,0,0.000327489497243468,0.0002363508759964303,0.005289825699052899,0.428,0.38534175538940585,0.4717561496370578,0.014,0.0005836563577816141,2.9357083807516737e-05
0,0.2,0.05,1.1,50.0,0.5,0.5,0.0,3000,0.3333333333333333,-0.0013204894972434706,beta_known_mean,500,0,-8.801280757508443e-06,2.363559740008454e-05,0.0005280526046786959,0.004,0.0010976305226827934,0.014465715215177033,0.0,5.281957988973882e-06,3.7311640420202476e-06
0,0.2,0.05,1.1,50.0,0.5,0.5,0.0,3000,0.5,-0.00011813418669408141,beta_estimated_mean,500,0,-8.432902641106686e-07,2.370768617106224e-06,5.2965672964303666e-05,0.006,0.0020425962719602363,0.01749025210405338,0.0,7.088051201644884e-07,4.084079056881481e-07
0,0.2,0.05,1.1,50.0,0.5,0.5,0.0,3000,0.5,-0.00011813418669408141,risk_only,500,0,-5.321524663537121e-06,7.039495330297129e-06,0.00015734043149450463,0.216,0.18216774485419415,0.25416288052796754,0.0,2.5516984325921584e-05,2.176257244322236e-06
0,0.2,0.05,1.1,50.0,0.5,0.5,0.0,3000,0.5,-0.00011813418669408141,outcome_based,500,0,3.080085336074807e-05,6.896724557298086e-05,0.0015409194309138133,0.456,0.41284481758175473,0.499826124378862,0.078,6.308365569463947e-05,2.638085760492097e-06
0,0.2,0.05,1.1,50.0,0.5,0.5,0.0,3000,0.5,-0.00011813418669408141,beta_known_mean,500,0,-1.3518058798439944e-06,2.20705483241261e-06,4.932039947872921e-05,0.004,0.0010976305226827934,0.014465715215177033,0.0,4.725367467763256e-07,3.337989665547435e-07
0,0.2,0.05,1.1,50.0,0.5,0.5,0.0,10000,0.058823529411764705,-0.00014482856454342552,beta_estimated_mean,500,0,-5.3784546925218946e-05,5.5480827578579014e-05,0.0012405143165885488,0.42,0.37750935127740226,0.4637105431964461,0.0,6.082799710823872e-05,3.1999456010650333e-06
0,0.2,0.05,1.1,50.0,0.5,0.5,0.0,10000,0.058823529411764705,-0.00014482856454342552,risk_only,500,0,-5.477555454891664e-05,5.543810058803695e-05,0.0012396041613289234,0.426,0.38338257836675194,0.46974582402155785,0.0,6.169696849549927e-05,3.206008719344972e-06
0,0.2,0.05,1.1,50.0,0.5,0.5,0.0,10000,0.058823529411764705,-0.00014482856454342552,outcome_based,500,0,2.172856454365424e-05,2.4237087341629628e-05,0.0005418513592464391,0.406,0.3638304421340635,0.4496029338727085,0.006,5.966936859189132e-05,3.191105955445564e-06
0,0.2,0.05,1.1,50.0,0.5,0.5,0.0,10000,0.058823529411764705,-0.00014482856454342552,beta_known_mean,500,0,8.518453359283584e-07,1.5276445243826113e-06,3.4135624194110676e-05,0.0,4.336808689942018e-19,0.007624340461552241,0.0,0.0,0.0
0,0.2,0.05,1.1,50.0,0.5,0.5,0.0,10000,0.1111111111111111,-0.0008863961521738545,beta_estimated_mean,500,0,-4.567254438281024e-05,5.5219749551676736e-05,0.0012343610212757052,0.204,0.1709982729111479,0.241515336642091,0.0,0.00018082481504346631,1.599002736155238e-05
0,0.2,0.05,1.1,50.0,0.5,0.5,0.0,10000,0.1111111111111111,-0.0008863961521738545,risk_only,500,0,-4.4576633715601e-05,5.5475844221014235e-05,0.0012400379643375844,0.212,0.17843950428829852,0.24995211581755555,0.0,0.00018791598426085715,1.6218423196540517e-05
0,0.2,0.05,1.1,50.0,0.5,0.5,0.0,10000,0.1111111111111111,-0.0008863961521738545,outcome_based,500,0,-2.2603847825903718e-05,7.330041030104258e-05,0.0016375631465494176,0.28,0.2424360430412755,0.3209186667618076,0.0,0.00024819092260867925,1.7816518912831206e-05
0,0.2,0.05,1.1,50.0,0.5,0.5,0.0,10000,0.1111111111111111,-0.0008863961521738545,beta_known_mean,500,0,5.084563865345615e-06,9.30826711611992e-06,0.0002079930943697782,0.0,4.336808689942018e-19,0.007624340461552241,0.0,0.0,0.0
0,0.2,0.05,1.1,50.0,0.5,0.5,0.0,10000,0.2,-0.002193131998546767,beta_estimated_mean,500,0,-1.77696992145739e-05,4.4974726724905554e-05,0.00100481643007873,0.018,0.009498193296197078,0.033851670908739286,0.0,3.947637597384181e-05,1.305288449873087e-05
0,0.2,0.05,1.1,50.0,0.5,0.5,0.0,10000,0.2,-0.002193131998546767,risk_only,500,0,-2.3913824412439987e-05,4.50792326616226e-05,0.0010072776888529894,0.018,0.009498193296197078,0.033851670908739286,0.0,3.947637597384181e-05,1.305288449873087e-05
0,0.2,0.05,1.1,50.0,0.5,0.5,0.0,10000,0.2,-0.002193131998546767,outcome_based,500,0,-4.516800145333755e-05,0.00016049557276684776,0.0035854840340401447,0.27,0.2329485392031058,0.3105586574092084,0.006,0.0006053044315989077,4.388724537254167e-05
0,0.2,0.05,1.1,50.0,0.5,0.5,0.0,10000,0.2,-0.002193131998546767,beta_known_mean,500,0,1.2107845871443132e-05,2.304914708933604e-05,0.000515021288417309,0.0,4.336808689942018e-19,0.007624340461552241,0.0,0.0,0.0
0,0.2,0.05,1.1,50.0,0.5,0.5,0.0,10000,0.3333333333333333,-0.0013204894972434706,beta_estimated_mean,500,0,2.0722934812846763e-06,1.720348729140244e-05,0.0003843023834404489,0.0,4.336808689942018e-19,0.007624340461552241,0.0,0.0,0.0
0,0.2,0.05,1.1,50.0,0.5,0.5,0.0,10000,0.3333333333333333,-0.0013204894972434706,risk_only,500,0,2.8188721179116855e-06,2.08495160228191e-05,0.00046575143898277595,0.002,0.00035313639455927456,0.011240706705146758,0.0,2.640978994486941e-06,2.640978994486941e-06
0,0.2,0.05,1.1,50.0,0.5,0.5,0.0,10000,0.3333333333333333,-0.0013204894972434706,outcome_based,500,0,-3.105027565130786e-07,0.0001271374948833352,0.002840036523781304,0.326,0.28637531603524746,0.3682779544453728,0.004,0.00043576153409034525,2.779579178642935e-05
0,0.2,0.05,1.1,50.0,0.5,0.5,0.0,10000,0.3333333333333333,-0.0013204894972434706,beta_known_mean,500,0,7.639046690432225e-06,1.3868638067510845e-05,0.0003098960742511858,0.0,4.336808689942018e-19,0.007624340461552241,0.0,0.0,0.0
0,0.2,0.05,1.1,50.0,0.5,0.5,0.0,10000,0.5,-0.00011813418669408141,beta_estimated_mean,500,0,4.6962152474091816e-07,1.3513521970423781e-06,3.0190574221794457e-05,0.0,4.336808689942018e-19,0.007624340461552241,0.0,0.0,0.0
0,0.2,0.05,1.1,50.0,0.5,0.5,0.0,10000,0.5,-0.00011813418669408141,risk_only,500,0,2.302219288523926e-06,3.726634936365353e-06,8.327854693840973e-05,0.088,0.06620598447492893,0.11607647206539012,0.0,1.0395808429079164e-05,1.4981802862624879e-06
0,0.2,0.05,1.1,50.0,0.5,0.5,0.0,10000,0.5,-0.00011813418669408141,outcome_based,500,0,-4.265813305918596e-06,3.728077510439891e-05,0.0008328003585272768,0.438,0.39514834408666566,0.48179707413056694,0.054,5.812201985348805e-05,2.6438677687579164e-06
0,0.2,0.05,1.1,50.0,0.5,0.5,0.0,10000,0.5,-0.00011813418669408141,beta_known_mean,500,0,6.460023802316227e-07,1.2629247235595057e-06,2.821899659638546e-05,0.0,4.336808689942018e-19,0.007624340461552241,0.0,0.0,0.0
1,0.2,0.05,1.1,50.0,0.1,0.1,0.5,500,0.058823529411764705,-0.00043428753670315956,beta_estimated_mean,500,0,0.0005902605304110793,0.0002575573109602988,0.005783593687309138,0.5,0.4563412653024843,0.5436587346975157,0.0,0.00021714376835157978,9.720690093797272e-06
1,0.2,0.05,1.1,50.0,0.1,0.1,0.5,500,0.058823529411764705,-0.00043428753670315956,risk_only,500,0,0.00024715744590705197,0.0002553673659690932,0.005709826627180697,0.488,0.4444452370209479,0.5317377471501294,0.0,0.00021193231791114187,9.717890131797652e-06
1,0.2,0.05,1.1,50.0,0.1,0.1,0.5,500,0.058823529411764705,-0.00043428753670315956,outcome_based,500,0,-0.0001939624632968697,0.00015985430294909863,0.0035761385773859424,0.428,0.38534175538940585,0.4717561496370578,0.008,0.00018934936600257756,9.640729328632172e-06
1,0.2,0.05,1.1,50.0,0.1,0.1,0.5,500,0.058823529411764705,-0.00043428753670315956,beta_known_mean,500,0,0.00028650710817875044,5.965871886652752e-06,0.00031598503935085137,0.142,0.114129360445696,0.1753296673247754,0.0,6.166883021184866e-05,6.7860164697558925e-06
1,0.2,0.05,1.1,50.0,0.1,0.1,0.5,500,0.1111111111111111,-0.0013752189609540083,beta_estimated_mean,500,0,0.0007490457530479607,0.0002434245995045036,0.005489041977110327,0.44,0.397111794441699,0.4838031264136874,0.0,0.0006050963428197636,3.0559196463398755e-05
1,0.2,0.05,1.1,50.0,0.1,0.1,0.5,500,0.1111111111111111,-0.0013752189609540083,risk_only,500,0,0.00020139216772839625,0.00024410546443972173,0.005456620768581883,0.412,0.369688475931219,0.4556534079900142,0.0,0.0005665902119130515,3.030113175654761e-05
1,0.2,0.05,1.1,50.0,0.1,0.1,0.5,500,0.1111111111111111,-0.0013752189609540083,outcome_based,500,0,-0.00020328103904597417,0.00032911937747457894,0.007354779801655081,0.412,0.369688475931219,0.4556534079900142,0.02,0.0005940945911321316,3.049563072329817e-05
1,0.2,0.05,1.1,50.0,0.1,0.1,0.5,500,0.1111111111111111,-0.0013752189609540083,beta_known_mean,500,0,0.0004737383418800181,3.613437112487999e-05,0.0009359320018494501,0.142,0.114129360445696,0.1753296673247754,0.0,0.00019528109245546917,2.1488662993645134e-05
1,0.2,0.05,1.1,50.0,0.1,0.1,0.5,500,0.2,-0.002348859863822411,beta_estimated_mean,500,0,0.00028155463820276,0.00017408687253929253,0.003898985300095259,0.276,0.23863813294339814,0.31677757158337744,0.0,0.0006482853224149855,4.700354983539344e-05
1,0.2,0.05,1.1,50.0,0.1,0.1,0.5,500,0.2,-0.002348859863822411,risk_only,500,0,0.0001450030650293322,0.00018368752773866663,0.004105829843575214,0.286,0.24814005321609287,0.3271231645014515,0.0,0.0006717739210532097,4.751589966396851e-05
1,0.2,0.05,1.1,50.0,0.1,0.1,0.5,500,0.2,-0.002348859863822411,outcome_based,500,0,-0.0007581401361776024,0.0006500732978558448,0.014541314502688031,0.396,0.35408170350275736,0.4395041593132456,0.008,0.000948939384984254,5.159654798490888e-05
1,0.2,0.05,1.1,50.0,0.1,0.1,0.5,500,0.2,-0.002348859863822411,beta_known_mean,500,0,0.00011584338131678896,8.959771126003519e-05,0.00200481093139732,0.142,0.114129360445696,0.1753296673247754,0.0,0.0003335381006627824,3.6702415736010927e-05
1,0.2,0.05,1.1,50.0,0.1,0.1,0.5,500,0.3333333333333333,-0.0008277195711247605,beta_estimated_mean,500,0,-0.00048030621205989515,6.266818980793376e-05,0.0014800060007415944,0.18,0.148804907912759,0.21607466998263444,0.0,0.00014898952280245693,1.4235611588444352e-05
1,0.2,0.05,1.1,50.0,0.1,0.1,0.5,500,0.3333333333333333,-0.0008277195711247605,risk_only,500,0,3.97613082554901e-05,6.768474935097406e-05,0.0015124854986715002,0.306,0.26721346373113636,0.3477447803679459,0.0,0.0002532821887641767,1.7075498831518692e-05
1,0.2,0.05,1.1,50.0,0.1,0.1,0.5,500,0.3333333333333333,-0.0008277195711247605,outcome_based,500,0,0.0008037195711247595,0.0005082947719092737,0.011382855052622298,0.508,0.46428581664185803,0.5515921939107572,0.028,0.0004436576901228717,1.8478824309864417e-05
1,0.2,0.05,1.1,50.0,0.1,0.1,0.5,500,0.3333333333333333,-0.0008277195711247605,beta_known_mean,500,0,-0.0005153146432140154,5.3847095092891496e-05,0.0013085887424367881,0.142,0.114129360445696,0.1753296673247754,0.0,0.000117536179099716,1.2933639967271586e-05
1,0.2,0.05,1.1,50.0,0.1,0.1,0.5,500,0.5,-5.929046512396889e-05,beta_estimated_mean,500,0,-6.157641059742388e-05,5.167307609223641e-06,0.00013082617183998187,0.146,0.11774876682646929,0.1796492662203097,0.0,8.656407908099459e-06,9.3721654718526e-07
1,0.2,0.05,1.1,50.0,0.1,0.1,0.5,500,0.5,-5.929046512396889e-05,risk_only,500,0,3.33903488508511e-06,1.1598826210893065e-05,0.0002591196656368314,0.298,0.2595732118784324,0.3395070216680347,0.188,2.881516605024888e-05,1.326582545105442e-06
1,0.2,0.05,1.1,50.0,0.1,0.1,0.5,500,0.5,-5.929046512396889e-05,outcome_based,500,0,-9.270953487603114e-05,0.00010988148105918267,0.002456316563038431,0.28,0.2424360430412755,0.3209186667618076,0.368,3.842022140033184e-05,1.2676326574329108e-06
1,0.2,0.05,1.1,50.0,0.1,0.1,0.5,500,0.5,-5.929046512396889e-05,beta_known_mean,500,0,-6.270576643623619e-05,5.0247316482412654e-06,0.00012857188372516622,0.142,0.114129360445696,0.1753296673247754,0.0,8.419246047603582e-06,9.264508852478269e-07
1,0.2,0.05,1.1,50.0,0.1,0.1,0.5,3000,0.058823529411764705,-0.00043428753670315956,beta_estimated_mean,500,0,0.0002512943774947714,0.00010969146867651599,0.0024631739272868284,0.462,0.41875629515879303,0.505823154716285,0.0,0.0002006408419568597,9.692576085386795e-06
1,0.2,0.05,1.1,50.0,0.1,0.1,0.5,3000,0.058823529411764705,-0.00043428753670315956,risk_only,500,0,-3.804604690927321e-05,0.00010821874107856951,0.0024177229299653063,0.41,0.3677350694076764,0.453637311875403,0.0,0.00017805789004829542,9.561918273259805e-06
1,0.2,0.05,1.1,50.0,0.1,0.1,0.5,3000,0.058823529411764705,-0.00043428753670315956,outcome_based,500,0,4.6287536703114195e-05,6.549927866362622e-05,0.0014638750401848742,0.396,0.35408170350275736,0.4395041593132456,0.0,0.0001719778645344512,9.50808718810287e-06
1,0.2,0.05,1.1,50.0,0.1,0.1,0.5,3000,0.058823529411764705,-0.00043428753670315956,beta_known_mean,500,0,0.0002894461444843285,2.3751065876821366e-06,0.0002942685764348029,0.002,0.00035313639455927456,0.011240706705146758,0.0,8.685750734063191e-07,8.685750734063192e-07
1,0.2,0.05,1.1,50.0,0.1,0.1,0.5,3000,0.1111111111111111,-0.0013752189609540083,beta_estimated_mean,500,0,0.00045346342695028554,0.00010329152768582753,0.0023514952234112364,0.326,0.28637531603524746,0.3682779544453728,0.0,0.00044832138127100674,2.885760782704401e-05
1,0.2,0.05,1.1,50.0,0.1,0.1,0.5,3000,0.1111111111111111,-0.0013752189609540083,risk_only,500,0,-4.909491832454626e-05,0.00010277216999925233,0.0022962812665822427,0.264,0.22726783141305193,0.3043308572848008,0.0,0.0003630578056918582,2.7137038412096188e-05
1,0.2,0.05,1.1,50.0,0.1,0.1,0.5,3000,0.1111111111111111,-0.0013752189609540083,outcome_based,500,0,6.455229428711657e-05,0.000135289488144212,0.0030228275760050966,0.328,0.28829618984058974,0.3703265832781843,0.008,0.0004620735708805468,2.907871809314485e-05
1,0.2,0.05,1.1,50.0,0.1,0.1,0.5,3000,0.1111111111111111,-0.0013752189609540083,beta_known_mean,500,0,0.0004883523559070855,1.4369914777141597e-05,0.00058440461533124,0.002,0.00035313639455927456,0.011240706705146758,0.0,2.7504379219080165e-06,2.7504379219080165e-06
1,0.2,0.05,1.1,50.0,0.1,0.1,0.5,3000,0.2,-0.002348859863822411,beta_estimated_mean,500,0,0.0001326894855274782,7.221155154441423e-05,0.0016185320755607202,0.086,0.06447314240360771,0.11383981149855754,0.0,0.00020200194828872737,2.9480113933103744e-05
1,0.2,0.05,1.1,50.0,0.1,0.1,0.5,3000,0.2,-0.002348859863822411,risk_only,500,0,-7.701272772420858e-06,7.705589677785949e-05,0.0017213155760911895,0.092,0.06968272368045207,0.12053873813617456,0.0,0.00021609510747166183,3.039090773597935e-05
1,0.2,0.05,1.1,50.0,0.1,0.1,0.5,3000,0.2,-0.002348859863822411,outcome_based,500,0,-0.00030130680284425716,0.0002637919848210821,0.005900364836695048,0.332,0.2921404418575132,0.3744213365375685,0.006,0.0007939146339719749,4.973867124119859e-05
1,0.2,0.05,1.1,50.0,0.1,0.1,0.5,3000,0.2,-0.002348859863822411,beta_known_mean,500,0,0.0001532782928675449,3.550061926949203e-05,0.0008077010123520868,0.002,0.00035313639455927456,0.011240706705146758,0.0,4.6977197276448225e-06,4.6977197276448225e-06
1,0.2,0.05,1.1,50.0,0.1,0.1,0.5,3000,0.3333333333333333,-0.0008277195711247605,beta_estimated_mean,500,0,-0.0004979205535681993,2.5337437434718064e-05,0.000753840672694854,0.008,0.00311531518006224,0.020387035834105168,0.0,6.621756568998084e-06,3.3009107407025334e-06
1,0.2,0.05,1.1,50.0,0.1,0.1,0.5,3000,0.3333333333333333,-0.0008277195711247605,risk_only,500,0,-2.0103922010935208e-05,2.7100647815877234e-05,0.0006057163350845735,0.074,0.054161184751011976,0.10033475332223055,0.0,6.125124826323228e-05,9.69961071151308e-06
1,0.2,0.05,1.1,50.0,0.1,0.1,0.5,3000,0.3333333333333333,-0.0008277195711247605,outcome_based,500,0,-0.00013828042887524083,0.00020793360235469056,0.004646942714099348,0.41,0.3677350694076764,0.453637311875403,0.026,0.0003608857330103956,1.837450921526127e-05
1,0.2,0.05,1.1,50.0,0.1,0.1,0.5,3000,0.3333333333333333,-0.0008277195711247605,beta_known_mean,500,0,-0.000493290799626529,2.143026859667144e-05,0.0006873898185504322,0.002,0.00035313639455927456,0.011240706705146758,0.0,1.655439142249521e-06,1.655439142249521e-06
1,0.2,0.05,1.1,50.0,0.1,0.1,0.5,3000,0.5,-5.929046512396889e-05,beta_estimated_mean,500,0,-5.919976072272122e-05,2.0543552654413016e-06,7.49037987848013e-05,0.002,0.00035313639455927456,0.011240706705146758,0.0,1.1858093024793779e-07,1.1858093024793777e-07
1,0.2,0.05,1.1,50.0,0.1,0.1,0.5,3000,0.5,-5.929046512396889e-05,risk_only,500,0,-2.2914744869063183e-07,4.6759077117707095e-06,0.00010445211754733671,0.284,0.2462377719556586,0.32505594312373204,0.0,1.6838492095207164e-05,1.1968790513115521e-06
1,0.2,0.05,1.1,50.0,0.1,0.1,0.5,3000,0.5,-5.929046512396889e-05,outcome_based,500,0,6.623798457302235e-06,4.8143064093925455e-05,0.001075454987557154,0.42,0.37750935127740226,0.4637105431964461,0.126,3.237259395768702e-05,1.3214746374325553e-06
1,0.2,0.05,1.1,50.0,0.1,0.1,0.5,3000,0.5,-5.929046512396889e-05,beta_known_mean,500,0,-5.897422694548821e-05,1.9806950616845963e-06,7.3726608185793e-05,0.002,0.00035313639455927456,0.011240706705146758,0.0,1.1858093024793779e-07,1.1858093024793777e-07
1,0.2,0.05,1.1,50.0,0.1,0.1,0.5,10000,0.058823529411764705,-0.00043428753670315956,beta_estimated_mean,500,0,0.00034142701317913996,5.971334861749817e-05,0.0013768982253175976,0.472,0.42862273473006285,0.5158042283357841,0.0,0.0002049837173238913,9.705436083195183e-06
1,0.2,0.05,1.1,50.0,0.1,0.1,0.5,10000,0.058823529411764705,-0.00043428753670315956,risk_only,500,0,4.714582913997944e-05,5.881568850029353e-05,0.0013146885756228786,0.368,0.3268845483787568,0.4111282775030931,0.0,0.00015981781350676272,9.375826059537712e-06
1,0.2,0.05,1.1,50.0,0.1,0.1,0.5,10000,0.058823529411764705,-0.00043428753670315956,outcome_based,500,0,3.160003670360223e-05,3.5690271635511094e-05,0.0007978862773218601,0.314,0.27486785583609774,0.35596839881559983,0.002,0.0001372348615981984,9.038548347121589e-06
1,0.2,0.05,1.1,50.0,0.1,0.1,0.5,10000,0.058823529411764705,-0.00043428753670315956,beta_known_mean,500,0,0.0002875845623466788,1.3718458443067782e-06,0.0002892126882579343,0.0,4.336808689942018e-19,0.007624340461552241,0.0,0.0,0.0
1,0.2,0.05,1.1,50.0,0.1,0.1,0.5,10000,0.1111111111111111,-0.0013752189609540083,beta_estimated_mean,500,0,0.0005277104657593597,5.725349894388469e-05,0.0013835396427964565,0.25,0.21404849674782103,0.2897636734829552,0.0,0.000343804740238502,2.6657671679678747e-05
1,0.2,0.05,1.1,50.0,0.1,0.1,0.5,10000,0.1111111111111111,-0.0013752189609540083,risk_only,500,0,3.0069386173593838e-05,5.6718158181901254e-05,0.001267344448952571,0.152,0.12319239267380164,0.18611414828743875,0.0,0.00020903328206500925,2.2102494892470855e-05
1,0.2,0.05,1.1,50.0,0.1,0.1,0.5,10000,0.1111111111111111,-0.0013752189609540083,outcome_based,500,0,-5.356039045750965e-06,7.59431741181578e-05,0.0016964504617080734,0.2,0.16728549897175743,0.23728910530517394,0.0,0.00027504379219080166,2.46253022723699e-05
1,0.2,0.05,1.1,50.0,0.1,0.1,0.5,10000,0.1111111111111111,-0.0013752189609540083,beta_known_mean,500,0,0.0004777159543234595,8.300821280334176e-06,0.0005124406759277312,0.0,4.336808689942018e-19,0.007624340461552241,0.0,0.0,0.0
1,0.2,0.05,1.1,50.0,0.1,0.1,0.5,10000,0.2,-0.002348859863822411,beta_estimated_mean,500,0,0.0001576504633547377,4.2186455215832076e-05,0.000955469765838244,0.004,0.0010976305226827934,0.014465715215177033,0.0,9.395439455289645e-06,6.636918719863821e-06
1,0.2,0.05,1.1,50.0,0.1,0.1,0.5,10000,0.2,-0.002348859863822411,risk_only,500,0,-1.1453665069984923e-05,4.47382297207041e-05,0.000999441982566391,0.004,0.0010976305226827934,0.014465715215177033,0.0,9.395439455289645e-06,6.636918719863821e-06
1,0.2,0.05,1.1,50.0,0.1,0.1,0.5,10000,0.2,-0.002348859863822411,outcome_based,500,0,0.00012945986382225478,0.00015369977071889632,0.003435832649641494,0.272,0.2348440922052204,0.31263260704524753,0.006,0.0006529830421426304,4.710834325517904e-05
1,0.2,0.05,1.1,50.0,0.1,0.1,0.5,10000,0.2,-0.002348859863822411,beta_known_mean,500,0,0.00012829476384645805,2.0498195644697592e-05,0.00047552852990107735,0.0,4.336808689942018e-19,0.007624340461552241,0.0,0.0,0.0
1,0.2,0.05,1.1,50.0,0.1,0.1,0.5,10000,0.3333333333333333,-0.0008277195711247605,beta_estimated_mean,500,0,-0.0005042331234681982,1.5153487721098936e-05,0.0006073182935406524,0.0,4.336808689942018e-19,0.007624340461552241,0.0,0.0,0.0
1,0.2,0.05,1.1,50.0,0.1,0.1,0.5,10000,0.3333333333333333,-0.0008277195711247605,risk_only,500,0,6.990608631007075e-06,1.609260133735953e-05,0.0003595494481887319,0.008,0.00311531518006224,0.020387035834105168,0.0,6.621756568998084e-06,3.300910740702533e-06
1,0.2,0.05,1.1,50.0,0.1,0.1,0.5,10000,0.3333333333333333,-0.0008277195711247605,outcome_based,500,0,0.0001046195711247688,0.00011147859765654856,0.0024924398979036945,0.368,0.3268845483787568,0.4111282775030931,0.014,0.00031618887616965854,1.800357989140183e-05
1,0.2,0.05,1.1,50.0,0.1,0.1,0.5,10000,0.3333333333333333,-0.0008277195711247605,beta_known_mean,500,0,-0.0005093627625453831,1.2380196727505681e-05,0.0005795962302350869,0.0,4.336808689942018e-19,0.007624340461552241,0.0,0.0,0.0
1,0.2,0.05,1.1,50.0,0.1,0.1,0.5,10000,0.5,-5.929046512396889e-05,beta_estimated_mean,500,0,-6.038342881665923e-05,1.2026971079500823e-06,6.609048465595351e-05,0.0,4.336808689942018e-19,0.007624340461552241,0.0,0.0,0.0
1,0.2,0.05,1.1,50.0,0.1,0.1,0.5,10000,0.5,-5.929046512396889e-05,risk_only,500,0,2.9406959059800974e-07,2.5151182004359884e-06,5.618425436404877e-05,0.134,0.10691500187152081,0.16666601534633546,0.0,7.944922326611831e-06,9.041613319058044e-07
1,0.2,0.05,1.1,50.0,0.1,0.1,0.5,10000,0.5,-5.929046512396889e-05,outcome_based,500,0,2.6090465123968887e-05,2.511447777653312e-05,0.0005616212891000349,0.46,0.4167851025299866,0.5038248447069378,0.094,3.284691767867877e-05,1.3193405060397093e-06
1,0.2,0.05,1.1,50.0,0.1,0.1,0.5,10000,0.5,-5.929046512396889e-05,beta_known_mean,500,0,-6.048252391418108e-05,1.1420439537702762e-06,6.56426967057933e-05,0.0,4.336808689942018e-19,0.007624340461552241,0.0,0.0,0.0
2,0.2,0.05,1.1,50.0,0.1,0.1,1.0,500,0.058823529411764705,-0.0007237465088629769,beta_estimated_mean,500,0,0.000844878631651755,0.0002534547362438763,0.005724441654967211,0.502,0.45832636322986225,0.5456431394082917,0.0,0.0003633207474492144,1.619954210471412e-05
2,0.2,0.05,1.1,50.0,0.1,0.1,1.0,500,0.058823529411764705,-0.0007237465088629769,risk_only,500,0,0.00024553799807156457,0.0002450248185268763,0.0054789444780785285,0.454,0.4108757266738578,0.49782571264860515,0.0,0.0003285809150237915,1.613096900813717e-05
2,0.2,0.05,1.1,50.0,0.1,0.1,1.0,500,0.058823529411764705,-0.0007237465088629769,outcome_based,500,0,6.899650886294384e-05,0.00019752677293737527,0.004412953286149189,0.432,0.3892622537365845,0.47577465656618667,0.01,0.00031989595691743575,1.6090311176606465e-05
2,0.2,0.05,1.1,50.0,0.1,0.1,1.0,500,0.058823529411764705,-0.0007237465088629769,beta_known_mean,500,0,0.0005847783246965687,5.45155442017116e-06,0.0005973237751733755,0.132,0.10511672384831994,0.1644947907313825,0.0,9.553453916991295e-05,1.0966878630910007e-05
2,0.2,0.05,1.1,50.0,0.1,0.1,1.0,500,0.1111111111111111,-0.0018640417697341621,beta_estimated_mean,500,0,0.0012534358539903262,0.0002278348564643461,0.005241522071718569,0.444,0.4010408191814197,0.4878131069502743,0.0,0.000827634545761968,4.1460472568997415e-05
2,0.2,0.05,1.1,50.0,0.1,0.1,1.0,500,0.1111111111111111,-0.0018640417697341621,risk_only,500,0,0.00023828317622552356,0.00022043438282055502,0.0049298931144277506,0.372,0.3307607484885237,0.4151910826696337,0.0,0.0006934235383411082,4.033264082539431e-05
2,0.2,0.05,1.1,50.0,0.1,0.1,1.0,500,0.1111111111111111,-0.0018640417697341621,outcome_based,500,0,-0.00010595823026581358,0.00032384634150443614,0.007234955227681731,0.362,0.32107604417818575,0.40502827378920275,0.006,0.0006859673712621716,4.024276527347372e-05
2,0.2,0.05,1.1,50.0,0.1,0.1,1.0,500,0.1111111111111111,-0.0018640417697341621,beta_known_mean,500,0,0.0010128486857950718,3.313007181183819e-05,0.0012544184659782891,0.132,0.10511672384831994,0.1644947907313825,0.0,0.0002460535136049094,2.824569044724963e-05
2,0.2,0.05,1.1,50.0,0.1,0.1,1.0,500,0.2,-0.0025045877290980484,beta_estimated_mean,500,0,0.0005365557899620062,0.00013914545516816834,0.003154244680589343,0.256,0.21970770819171886,0.2960129699535187,0.0,0.0006411744586491004,4.8931939049639375e-05
2,0.2,0.05,1.1,50.0,0.1,0.1,1.0,500,0.2,-0.0025045877290980484,risk_only,500,0,0.00025862385540297304,0.00016065857401675225,0.0035981472765475478,0.25,0.21404849674782103,0.2897636734829552,0.0,0.0006261469322745121,4.854970682554517e-05
2,0.2,0.05,1.1,50.0,0.1,0.1,1.0,500,0.2,-0.0025045877290980484,outcome_based,500,0,0.0001695877290980392,0.0006203048494187574,0.013857598457087067,0.42,0.37750935127740226,0.4637105431964461,0.012,0.001081981898970357,5.553950655806322e-05
2,0.2,0.05,1.1,50.0,0.1,0.1,1.0,500,0.2,-0.0025045877290980484,beta_known_mean,500,0,0.00039344313828739433,8.219099877412078e-05,0.001877690678074988,0.132,0.10511672384831994,0.1644947907313825,0.0,0.0003306055802409424,3.795183715447129e-05
2,0.2,0.05,1.1,50.0,0.1,0.1,1.0,500,0.3333333333333333,-0.0003349496450060496,beta_estimated_mean,500,0,-0.0009067189909490405,4.886350341411246e-05,0.0014190041118799606,0.11,0.0854914151566031,0.14045557040340767,0.0,3.6844460950665456e-05,4.691595865990446e-06
2,0.2,0.05,1.1,50.0,0.1,0.1,1.0,500,0.3333333333333333,-0.0003349496450060496,risk_only,500,0,6.953064396098554e-05,3.83332858049027e-05,0.0008591190080246197,0.352,0.31141084189074275,0.3948459628858768,0.0,0.00011790227504212946,7.1612376073869245e-06
2,0.2,0.05,1.1,50.0,0.1,0.1,1.0,500,0.3333333333333333,-0.0003349496450060496,outcome_based,500,0,-0.0009230503549939507,0.00044378458910043967,0.009956277314230176,0.428,0.38534175538940585,0.4717561496370578,0.04,0.00015675643386283122,7.481832681589817e-06
2,0.2,0.05,1.1,50.0,0.1,0.1,1.0,500,0.3333333333333333,-0.0003349496450060496,beta_known_mean,500,0,-0.0009324859646239454,4.935362119303114e-05,0.0014439474563599573,0.132,0.10511672384831994,0.1644947907313825,0.0,4.421335314079855e-05,5.075467804354128e-06
2,0.2,0.05,1.1,50.0,0.1,0.1,1.0,500,0.5,-4.467435538563357e-07,beta_estimated_mean,500,0,-0.00011290692181173576,4.407607089492144e-06,0.00014980669584640325,0.112,0.08726280019410226,0.1426536880040623,0.0,5.00352780319096e-08,6.307009949721108e-09
2,0.2,0.05,1.1,50.0,0.1,0.1,1.0,500,0.5,-4.467435538563357e-07,risk_only,500,0,6.228786272525932e-07,8.256249634339171e-07,1.8453579905445754e-05,0.02,0.010899183596210813,0.036420183246879345,0.954,4.3512822145607114e-07,3.18254222405805e-09
2,0.2,0.05,1.1,50.0,0.1,0.1,1.0,500,0.5,-4.467435538563357e-07,outcome_based,500,0,1.6446743553856332e-05,1.8766789410273118e-05,0.0004195408149078303,0.026,0.015256383923327248,0.04397149083422428,0.956,4.387021698869218e-07,2.6588878430041095e-09
2,0.2,0.05,1.1,50.0,0.1,0.1,1.0,500,0.5,-4.467435538563357e-07,beta_known_mean,500,0,-0.00011364957084808219,4.56082634096522e-06,0.0001526302469147643,0.132,0.10511672384831994,0.1644947907313825,0.0,5.897014910903632e-08,6.769472839296854e-09
2,0.2,0.05,1.1,50.0,0.1,0.1,1.0,3000,0.058823529411764705,-0.0007237465088629769,beta_estimated_mean,500,0,0.0005439829251924868,0.00010678276050569765,0.002446588203104141,0.466,0.42270077745690987,0.5098176776944758,0.0,0.00033726587313014723,1.616217466482921e-05
2,0.2,0.05,1.1,50.0,0.1,0.1,1.0,3000,0.058823529411764705,-0.0007237465088629769,risk_only,500,0,-2.492475051247489e-05,0.00010335701346335103,0.002308955323731429,0.364,0.32301143591892645,0.4070623846866158,0.0,0.0002634437292261236,1.5588899552562593e-05
2,0.2,0.05,1.1,50.0,0.1,0.1,1.0,3000,0.058823529411764705,-0.0007237465088629769,outcome_based,500,0,0.0001527048421962447,7.644234146071864e-05,0.0017144069298917148,0.354,0.3133423051969017,0.3968840022178716,0.014,0.00026633871526157547,1.5624950763749544e-05
2,0.2,0.05,1.1,50.0,0.1,0.1,1.0,3000,0.058823529411764705,-0.0007237465088629769,beta_known_mean,500,0,0.0005793945730005975,2.26465727187628e-06,0.0005815988985800409,0.004,0.0010976305226827934,0.014465715215177033,0.0,2.8949860354519074e-06,2.045012061848552e-06
2,0.2,0.05,1.1,50.0,0.1,0.1,1.0,3000,0.1111111111111111,-0.0018640417697341621,beta_estimated_mean,500,0,0.0009464050282806518,9.552495190498526e-05,0.002334323387909937,0.33,0.2902178997291812,0.3723743760277467,0.0,0.0006151337840122735,3.9237356314379624e-05
2,0.2,0.05,1.1,50.0,0.1,0.1,1.0,3000,0.1111111111111111,-0.0018640417697341621,risk_only,500,0,-1.607211800936567e-05,9.161069327233763e-05,0.002046490985754551,0.172,0.1414541198436514,0.20754744749912687,0.0,0.0003206151843942759,3.149087723792366e-05
2,0.2,0.05,1.1,50.0,0.1,0.1,1.0,3000,0.1111111111111111,-0.0018640417697341621,outcome_based,500,0,0.00034662510306723995,0.00012838789077722552,0.002888838998748553,0.288,0.250043271115854,0.32918944923984417,0.002,0.000540572113222907,3.786461456406943e-05
2,0.2,0.05,1.1,50.0,0.1,0.1,1.0,3000,0.1111111111111111,-0.0018640417697341621,beta_known_mean,500,0,0.00098026293737075,1.3746182044563762e-05,0.0010272318283927307,0.004,0.0010976305226827934,0.014465715215177033,0.0,7.456167078936648e-06,5.2670207817438826e-06
2,0.2,0.05,1.1,50.0,0.1,0.1,1.0,3000,0.2,-0.0025045877290980484,beta_estimated_mean,500,0,0.0002969804665506543,5.723527630197743e-05,0.0013125775966932886,0.044,0.02923395562860718,0.06571944287232845,0.0,0.00011020186008031412,2.2995415440781574e-05
2,0.2,0.05,1.1,50.0,0.1,0.1,1.0,3000,0.2,-0.0025045877290980484,risk_only,500,0,5.220611785138051e-07,6.620082360280832e-05,0.001478814473268116,0.052,0.035730265115705276,0.07510114393784553,0.0,0.0001302385619130985,2.489383554464256e-05
2,0.2,0.05,1.1,50.0,0.1,0.1,1.0,3000,0.2,-0.0025045877290980484,outcome_based,500,0,0.00042992106243137343,0.0002566335784482926,0.0057488579839758535,0.362,0.32107604417818575,0.40502827378920275,0.008,0.000926697459766278,5.41323788285221e-05
2,0.2,0.05,1.1,50.0,0.1,0.1,1.0,3000,0.2,-0.0025045877290980484,beta_known_mean,500,0,0.00031689676384684536,3.3991066248461077e-05,0.0008227784991755259,0.004,0.0010976305226827934,0.014465715215177033,0.0,1.0018350916392193e-05,7.076942069136926e-06
2,0.2,0.05,1.1,50.0,0.1,0.1,1.0,3000,0.3333333333333333,-0.0003349496450060496,beta_estimated_mean,500,0,-0.000984796736224873,1.9795982065995195e-05,0.001079524517438954,0.002,0.00035313639455927456,0.011240706705146758,0.0,6.698992900120992e-07,6.698992900120992e-07
2,0.2,0.05,1.1,50.0,0.1,0.1,1.0,3000,0.3333333333333333,-0.0003349496450060496,risk_only,500,0,-2.1994594871725128e-05,1.512329568383321e-05,0.0003385440655240537,0.142,0.114129360445696,0.1753296673247754,0.0,4.7562849590859046e-05,5.233799304499834e-06
2,0.2,0.05,1.1,50.0,0.1,0.1,1.0,3000,0.3333333333333333,-0.0003349496450060496,outcome_based,500,0,0.00022494964500604944,0.00018545237979152653,0.004148795288127422,0.49,0.4464261747403093,0.5337263120689218,0.018,0.0001701544196630732,7.496243004420393e-06
2,0.2,0.05,1.1,50.0,0.1,0.1,1.0,3000,0.3333333333333333,-0.0003349496450060496,beta_known_mean,500,0,-0.0009814976915194003,2.0491864578231115e-05,0.001082994025325302,0.004,0.0010976305226827934,0.014465715215177033,0.0,1.3397985800241985e-06,9.46430906071486e-07
2,0.2,0.05,1.1,50.0,0.1,0.1,1.0,3000,0.5,-4.467435538563357e-07,beta_estimated_mean,500,0,-0.00011742914886969186,1.7873565006013064e-06,0.0001240311734650644,0.004,0.0010976305226827934,0.014465715215177033,0.0,1.7869742154253428e-09,1.2623148367576598e-09
2,0.2,0.05,1.1,50.0,0.1,0.1,1.0,3000,0.5,-4.467435538563357e-07,risk_only,500,0,-4.419351707016142e-07,4.075567388652813e-07,9.114847881174985e-06,0.112,0.08726280019410226,0.1426536880040623,0.728,3.752645852393221e-07,7.331750141888532e-09
2,0.2,0.05,1.1,50.0,0.1,0.1,1.0,3000,0.5,-4.467435538563357e-07,outcome_based,500,0,-8.86589779476997e-07,7.951982369369356e-06,0.00017763604313093345,0.12,0.09437490012636912,0.1514195986244106,0.758,3.9224084028586287e-07,6.545384974653273e-09
2,0.2,0.05,1.1,50.0,0.1,0.1,1.0,3000,0.5,-4.467435538563357e-07,beta_known_mean,500,0,-0.00011740009999664255,1.8801202611091456e-06,0.00012468630528306626,0.004,0.0010976305226827934,0.014465715215177033,0.0,1.7869742154253428e-09,1.2623148367576598e-09
2,0.2,0.05,1.1,50.0,0.1,0.1,1.0,10000,0.058823529411764705,-0.0007237465088629769,beta_estimated_mean,500,0,0.0005625013940435966,6.126181688986541e-05,0.001479580992178543,0.452,0.4089073378092892,0.49582459887502,0.0,0.0003271334220060655,1.6124850829086798e-05
2,0.2,0.05,1.1,50.0,0.1,0.1,1.0,10000,0.058823529411764705,-0.0007237465088629769,risk_only,500,0,-1.9995912128293323e-05,5.916693605035827e-05,0.001321840486206202,0.282,0.2443364332272433,0.32298777921399346,0.0,0.00020409651549935947,1.4578840524253717e-05
2,0.2,0.05,1.1,50.0,0.1,0.1,1.0,10000,0.058823529411764705,-0.0007237465088629769,outcome_based,500,0,-7.344099113639068e-05,4.050013327173012e-05,0.0009076804040509072,0.19,0.1580273788297291,0.2266997122564333,0.006,0.00014185431573714348,1.2861519160952829e-05
2,0.2,0.05,1.1,50.0,0.1,0.1,1.0,10000,0.058823529411764705,-0.0007237465088629769,beta_known_mean,500,0,0.000578634580743346,1.2234285967401746e-06,0.0005792796129850914,0.0,4.336808689942018e-19,0.007624340461552241,0.0,0.0,0.0
2,0.2,0.05,1.1,50.0,0.1,0.1,1.0,10000,0.1111111111111111,-0.0018640417697341621,beta_estimated_mean,500,0,0.0009608421287663771,5.5481421774944485e-05,0.0015681943404230153,0.228,0.19338176911500068,0.26676587209608377,0.0,0.00042500152349938896,3.50091398609139e-05
2,0.2,0.05,1.1,50.0,0.1,0.1,1.0,10000,0.1111111111111111,-0.0018640417697341621,risk_only,500,0,-2.0006239537862403e-05,5.312206402807021e-05,0.0011868256566299196,0.058,0.0406837291117572,0.08205618785625499,0.0,0.0001081144226445814,1.9504948826651754e-05
2,0.2,0.05,1.1,50.0,0.1,0.1,1.0,10000,0.1111111111111111,-0.0018640417697341621,outcome_based,500,0,-7.323323026563652e-05,6.656186210378838e-05,0.0014886817550740271,0.106,0.08195705027297034,0.13605093001073285,0.0,0.0001975884275918212,2.5687808744505027e-05
2,0.2,0.05,1.1,50.0,0.1,0.1,1.0,10000,0.1111111111111111,-0.0018640417697341621,beta_known_mean,500,0,0.0009756172247244972,7.410614606829149e-06,0.0009895618507176566,0.0,4.336808689942018e-19,0.007624340461552241,0.0,0.0,0.0
2,0.2,0.05,1.1,50.0,0.1,0.1,1.0,10000,0.2,-0.0025045877290980484,beta_estimated_mean,500,0,0.0002969578918350709,3.423012071023375e-05,0.0008202821894189092,0.0,4.336808689942018e-19,0.007624340461552241,0.0,0.0,0.0
2,0.2,0.05,1.1,50.0,0.1,0.1,1.0,10000,0.2,-0.0025045877290980484,risk_only,500,0,-1.4874670643836616e-05,3.943328699623136e-05,0.0008809984865861066,0.002,0.00035313639455927456,0.011240706705146758,0.0,5.0091754581960966e-06,5.009175458196096e-06
2,0.2,0.05,1.1,50.0,0.1,0.1,1.0,10000,0.2,-0.0025045877290980484,outcome_based,500,0,3.8287729097802146e-05,0.00013678803146147396,0.0030558530331481837,0.21,0.1765772705084025,0.24784484695929782,0.0,0.0005259634231105901,4.566770307627135e-05
2,0.2,0.05,1.1,50.0,0.1,0.1,1.0,10000,0.2,-0.0025045877290980484,beta_known_mean,500,0,0.00030591723211383033,1.8304421279464732e-05,0.0005106625306930905,0.0,4.336808689942018e-19,0.007624340461552241,0.0,0.0,0.0
2,0.2,0.05,1.1,50.0,0.1,0.1,1.0,10000,0.3333333333333333,-0.0003349496450060496,beta_estimated_mean,500,0,-0.0009905770453579033,1.1421088000752977e-05,0.0010229042316362486,0.0,4.336808689942018e-19,0.007624340461552241,0.0,0.0,0.0
2,0.2,0.05,1.1,50.0,0.1,0.1,1.0,10000,0.3333333333333333,-0.0003349496450060496,risk_only,500,0,-4.070447139469676e-06,8.913486884366758e-06,0.00019915381620839342,0.032,0.019791513626571118,0.051344869045441784,0.0,1.0718388640193588e-05,2.639015353142762e-06
2,0.2,0.05,1.1,50.0,0.1,0.1,1.0,10000,0.3333333333333333,-0.0003349496450060496,outcome_based,500,0,5.854964500604804e-05,0.0001004601940131632,0.0022448744064936838,0.452,0.4089073378092892,0.49582459887502,0.01,0.00015474673599279493,7.475519430375617e-06
2,0.2,0.05,1.1,50.0,0.1,0.1,1.0,10000,0.3333333333333333,-0.0003349496450060496,beta_known_mean,500,0,-0.0009884733441472716,1.1051185301318153e-05,0.0010188335348206604,0.0,4.336808689942018e-19,0.007624340461552241,0.0,0.0,0.0
2,0.2,0.05,1.1,50.0,0.1,0.1,1.0,10000,0.5,-4.467435538563357e-07,beta_estimated_mean,500,0,-0.00011800909260839659,9.885004460506581e-07,0.00012005721707188811,0.0,4.336808689942018e-19,0.007624340461552241,0.0,0.0,0.0
2,0.2,0.05,1.1,50.0,0.1,0.1,1.0,10000,0.5,-4.467435538563357e-07,risk_only,500,0,2.1021521389446286e-09,1.9887652334916988e-07,4.4425655107415825e-06,0.272,0.2348440922052204,0.31263260704524753,0.378,2.9038331000661827e-07,9.538909366843968e-09
2,0.2,0.05,1.1,50.0,0.1,0.1,1.0,10000,0.5,-4.467435538563357e-07,outcome_based,500,0,2.646743553856335e-06,4.288017512601453e-06,9.582361531188374e-05,0.26,0.22348572318538285,0.3001739602361623,0.482,3.314837169614012e-07,8.750237231287111e-09
2,0.2,0.05,1.1,50.0,0.1,0.1,1.0,10000,0.5,-4.467435538563357e-07,beta_known_mean,500,0,-0.00011792307395373452,1.0168636048957516e-06,0.0001200908953859025,0.0,4.336808689942018e-19,0.007624340461552241,0.0,0.0,0.0
3,0.2,0.05,1.1,50.0,0.1,0.5,0.5,500,0.058823529411764705,0.001196666805699853,beta_estimated_mean,500,0,-0.001984704368394037,0.00025422157092903593,0.006015706640587635,0.556,0.5121868930497259,0.5989591808185805,0.0,0.0006653467439691183,2.6616555528701596e-05
3,0.2,0.05,1.1,50.0,0.1,0.5,0.5,500,0.058823529411764705,0.001196666805699853,risk_only,500,0,-0.0006489535016437045,0.0002540579836715906,0.0057122083927204055,0.472,0.42862273473006285,0.5158042283357841,0.0,0.0005648267322903306,2.674304974019941e-05
3,0.2,0.05,1.1,50.0,0.1,0.5,0.5,500,0.058823529411764705,0.001196666805699853,outcome_based,500,0,-6.216680569978952e-05,0.00012595256089175037,0.0028142538019394715,0.298,0.2595732118784324,0.3395070216680347,0.026,0.0003566067080985562,2.450189416466436e-05
3,0.2,0.05,1.1,50.0,0.1,0.5,0.5,500,0.058823529411764705,0.001196666805699853,beta_known_mean,500,0,-0.0013451023112555354,5.953089003989411e-06,0.001351659876899882,0.87,0.8376786384230859,0.8966793496353656,0.0,0.0010411001209588721,1.8015829952009742e-05
3,0.2,0.05,1.1,50.0,0.1,0.5,0.5,500,0.1111111111111111,0.0027594621597691465,beta_estimated_mean,500,0,-0.0042486446819892856,0.00024340724439115484,0.006900382442895569,0.614,0.5706131270887722,0.6556485232859939,0.0,0.001694309766098256,6.0138419208429694e-05
3,0.2,0.05,1.1,50.0,0.1,0.5,0.5,500,0.1111111111111111,0.0027594621597691465,risk_only,500,0,-0.0006108367143412998,0.00024754191964199737,0.005563303468230882,0.36,0.3191414324050707,0.40299338292416403,0.0,0.0009934063775168926,5.9294636030622164e-05
3,0.2,0.05,1.1,50.0,0.1,0.5,0.5,500,0.1111111111111111,0.0027594621597691465,outcome_based,500,0,-0.0001839621597692092,0.000341005746782474,0.007619712384744235,0.366,0.32494760488221347,0.40909571836148256,0.016,0.0010099631504755075,5.950580597091735e-05
3,0.2,0.05,1.1,50.0,0.1,0.5,0.5,500,0.1111111111111111,0.0027594621597691465,beta_known_mean,500,0,-0.0036649644548966812,3.588009640752498e-05,0.003751582030749769,0.87,0.8376786384230859,0.8966793496353656,0.0,0.002400732078999157,4.154372862405252e-05
3,0.2,0.05,1.1,50.0,0.1,0.5,0.5,500,0.2,-0.003806937875014821,beta_estimated_mean,500,0,0.0012135347999137314,0.00017859890739194273,0.004170078416730066,0.25,0.21404849674782103,0.2897636734829552,0.0,0.0009517344687537053,7.379486675102129e-05
3,0.2,0.05,1.1,50.0,0.1,0.5,0.5,500,0.2,-0.003806937875014821,risk_only,500,0,-0.00045305468414530436,0.00018703554054864702,0.004202549579429132,0.156,0.126830791403845,0.19041475483370296,0.0,0.000593882308502312,6.183851322443744e-05
3,0.2,0.05,1.1,50.0,0.1,0.5,0.5,500,0.2,-0.003806937875014821,outcome_based,500,0,-9.062124985175723e-06,0.0006669076545064402,0.014897591285912991,0.374,0.33269999999487937,0.41722133380143184,0.018,0.0014923196470058098,8.319942790403283e-05
3,0.2,0.05,1.1,50.0,0.1,0.5,0.5,500,0.2,-0.003806937875014821,beta_known_mean,500,0,0.0015641062520002824,8.870720754512683e-05,0.002524488806491924,0.13,0.10332065036463456,0.16232136157691412,0.0,0.0004949019237519267,5.731348531391853e-05
3,0.2,0.05,1.1,50.0,0.1,0.5,0.5,500,0.3333333333333333,-0.002536703102103682,beta_estimated_mean,500,0,0.0011079836928547628,6.490034946386212e-05,0.001824676269516667,0.174,0.14328947208106416,0.20968159789986787,0.0,0.0004413863397660406,4.305107644558416e-05
3,0.2,0.05,1.1,50.0,0.1,0.5,0.5,500,0.3333333333333333,-0.002536703102103682,risk_only,500,0,-8.43517406088546e-05,7.541973478887889e-05,0.0016868595903514118,0.066,0.04737852635977387,0.09123940116085351,0.0,0.00016742240473884302,2.8194524399615777e-05
3,0.2,0.05,1.1,50.0,0.1,0.5,0.5,500,0.3333333333333333,-0.002536703102103682,outcome_based,500,0,0.0008307031021036788,0.0005806836617557447,0.012998062611168046,0.43,0.38730164759035934,0.4737657600742581,0.03,0.0011668834269676935,5.659722825539512e-05
3,0.2,0.05,1.1,50.0,0.1,0.5,0.5,500,0.3333333333333333,-0.002536703102103682,beta_known_mean,500,0,0.0011876659492049868,5.351639331976677e-05,0.0016851375550752572,0.13,0.10332065036463456,0.16232136157691412,0.0,0.00032977140327347865,3.8190088927475584e-05
3,0.2,0.05,1.1,50.0,0.1,0.5,0.5,500,0.5,-6.651144731710336e-05,beta_estimated_mean,500,0,-5.969211588863457e-05,5.345358468687481e-06,0.0001334953348304273,0.142,0.114129360445696,0.1753296673247754,0.0,9.444625519028677e-06,1.0392832830237681e-06
3,0.2,0.05,1.1,50.0,0.1,0.5,0.5,500,0.5,-6.651144731710336e-05,risk_only,500,0,2.8961242515956468e-06,1.1869338460238273e-05,0.0002651567537930021,0.304,0.26530206305726467,0.34568667840366385,0.176,3.192549471220962e-05,1.4875391892948269e-06
3,0.2,0.05,1.1,50.0,0.1,0.5,0.5,500,0.5,-6.651144731710336e-05,outcome_based,500,0,0.00011051144731710347,0.0001177448755208601,0.002632541885704408,0.328,0.28829618984058974,0.3703265832781843,0.342,4.456266970245926e-05,1.4000401706333316e-06
3,0.2,0.05,1.1,50.0,0.1,0.5,0.5,500,0.5,-6.651144731710336e-05,beta_known_mean,500,0,-5.600116003072063e-05,5.023368719531857e-06,0.00012541137244157554,0.13,0.10332065036463456,0.16232136157691412,0.0,8.646488151223438e-06,1.0013304614279866e-06
3,0.2,0.05,1.1,50.0,0.1,0.5,0.5,3000,0.058823529411764705,0.001196666805699853,beta_estimated_mean,500,0,-0.0012836508252215037,0.0001069070555392303,0.002711252401493047,0.494,0.45039013091903213,0.5377013611665066,0.0,0.0005911534020157274,2.6783153131985212e-05
3,0.2,0.05,1.1,50.0,0.1,0.5,0.5,3000,0.058823529411764705,0.001196666805699853,risk_only,500,0,6.225985000732681e-05,0.00010647360089705017,0.002379254821415124,0.296,0.2576653952306019,0.33744533567771146,0.0,0.0003542133744871565,2.4454295544493213e-05
3,0.2,0.05,1.1,50.0,0.1,0.5,0.5,3000,0.058823529411764705,0.001196666805699853,outcome_based,500,0,6.120819430028585e-05,5.1084179737741076e-05,0.0011427745006644756,0.138,0.1105180088988837,0.17100201359528017,0.002,0.00016514001918657971,1.8476348598888285e-05
3,0.2,0.05,1.1,50.0,0.1,0.5,0.5,3000,0.058823529411764705,0.001196666805699853,beta_known_mean,500,0,-0.001337598398668762,2.444828801925289e-06,0.0013387128492954445,0.998,0.9887592932948532,0.9996468636054407,0.0,0.0011942734720884534,2.3933336113997056e-06
3,0.2,0.05,1.1,50.0,0.1,0.5,0.5,3000,0.1111111111111111,0.0027594621597691465,beta_estimated_mean,500,0,-0.003573463603730376,0.00010231023249086445,0.004241799922165202,0.618,0.5746652808852669,0.6595353747658067,0.0,0.0017053476147373323,6.0020566365484525e-05
3,0.2,0.05,1.1,50.0,0.1,0.5,0.5,3000,0.1111111111111111,0.0027594621597691465,risk_only,500,0,6.0740907285219106e-05,0.00010267847178713073,0.002294467448781872,0.12,0.09437490012636912,0.1514195986244106,0.0,0.0003311354591722976,4.014265835847379e-05
3,0.2,0.05,1.1,50.0,0.1,0.5,0.5,3000,0.1111111111111111,0.0027594621597691465,outcome_based,500,0,0.00013870450689805892,0.00013759678664795538,0.003076807422062594,0.178,0.14696488670733526,0.21394518854990435,0.004,0.000491184264438908,4.72519874689008e-05
3,0.2,0.05,1.1,50.0,0.1,0.5,0.5,3000,0.1111111111111111,0.0027594621597691465,beta_known_mean,500,0,-0.0036229648073615455,1.4879275066082524e-05,0.003638179354539831,0.998,0.9887592932948532,0.9996468636054407,0.0,0.0027539432354496077,5.518924319538294e-06
3,0.2,0.05,1.1,50.0,0.1,0.5,0.5,3000,0.2,-0.003806937875014821,beta_estimated_mean,500,0,0.00169760369676355,7.50439588388989e-05,0.002385796427739432,0.106,0.08195705027297034,0.13605093001073285,0.0,0.000403535414751571,5.2462285783187994e-05
3,0.2,0.05,1.1,50.0,0.1,0.5,0.5,3000,0.2,-0.003806937875014821,risk_only,500,0,6.791100878339508e-05,7.854492350602565e-05,0.0017558744557596142,0.012,0.005510995174027703,0.025930361116447292,0.0,4.568325450017785e-05,1.8556437883163458e-05
3,0.2,0.05,1.1,50.0,0.1,0.5,0.5,3000,0.2,-0.003806937875014821,outcome_based,500,0,8.310454168131276e-05,0.0002900248043930324,0.006479196366779849,0.29,0.2519474198773656,0.33125480311648636,0.004,0.0011192397352543574,7.764286146614871e-05
3,0.2,0.05,1.1,50.0,0.1,0.5,0.5,3000,0.2,-0.003806937875014821,beta_known_mean,500,0,0.0016686352764565286,3.684136294970045e-05,0.0018605454608278036,0.002,0.00035313639455927456,0.011240706705146758,0.0,7.6138757500296415e-06,7.6138757500296415e-06
3,0.2,0.05,1.1,50.0,0.1,0.5,0.5,3000,0.3333333333333333,-0.002536703102103682,beta_estimated_mean,500,0,0.001255650673408054,2.7037178753241493e-05,0.0013933528347344513,0.008,0.00311531518006224,0.020387035834105168,0.0,2.0293624816829454e-05,1.0116264986134258e-05
3,0.2,0.05,1.1,50.0,0.1,0.5,0.5,3000,0.3333333333333333,-0.002536703102103682,risk_only,500,0,5.135337929933652e-05,2.9872735501190115e-05,0.0006692794277438755,0.0,4.336808689942018e-19,0.007624340461552241,0.0,0.0,0.0
3,0.2,0.05,1.1,50.0,0.1,0.5,0.5,3000,0.3333333333333333,-0.002536703102103682,outcome_based,500,0,-9.16302312296531e-05,0.00022182080617294138,0.0049559486130135375,0.324,0.2844552822318157,0.3662284856106508,0.01,0.0008472588361026297,5.355866153476406e-05
3,0.2,0.05,1.1,50.0,0.1,0.5,0.5,3000,0.3333333333333333,-0.002536703102103682,beta_known_mean,500,0,0.0012506187027034798,2.2171204584234267e-05,0.0013451158811035593,0.002,0.00035313639455927456,0.011240706705146758,0.0,5.0734062042073635e-06,5.073406204207362e-06
3,0.2,0.05,1.1,50.0,0.1,0.5,0.5,3000,0.5,-6.651144731710336e-05,beta_estimated_mean,500,0,-4.843300370349858e-05,2.146701721523975e-06,6.815652323922425e-05,0.002,0.00035313639455927456,0.011240706705146758,0.0,1.3302289463420673e-07,1.330228946342067e-07
3,0.2,0.05,1.1,50.0,0.1,0.5,0.5,3000,0.5,-6.651144731710336e-05,risk_only,500,0,7.218933697689197e-06,4.764358259827313e-06,0.00010667224900645913,0.304,0.26530206305726467,0.34568667840366385,0.0,2.0219479984399422e-05,1.3695804156287818e-06
3,0.2,0.05,1.1,50.0,0.1,0.5,0.5,3000,0.5,-6.651144731710336e-05,outcome_based,500,0,0.00013051144731710335,4.76645294773393e-05,0.001072713855442626,0.456,0.41284481758175473,0.499826124378862,0.124,3.857663944391996e-05,1.4695513549678082e-06
3,0.2,0.05,1.1,50.0,0.1,0.5,0.5,3000,0.5,-6.651144731710336e-05,beta_known_mean,500,0,-4.848076057465628e-05,2.026127330383106e-06,6.632401475635283e-05,0.002,0.00035313639455927456,0.011240706705146758,0.0,1.3302289463420673e-07,1.330228946342067e-07
3,0.2,0.05,1.1,50.0,0.1,0.5,0.5,10000,0.058823529411764705,0.001196666805699853,beta_estimated_mean,500,0,-0.0012433816527527921,5.8013168034440646e-05,0.001795938818399167,0.502,0.45832636322986225,0.5456431394082917,0.0,0.0006007267364613263,2.6784867445790565e-05
3,0.2,0.05,1.1,50.0,0.1,0.5,0.5,10000,0.058823529411764705,0.001196666805699853,risk_only,500,0,9.444517743662562e-05,5.7940020225270986e-05,0.001297723320839129,0.15,0.12137595769138819,0.18396108063169836,0.0,0.00017950002085497795,1.9128374410819467e-05
3,0.2,0.05,1.1,50.0,0.1,0.5,0.5,10000,0.058823529411764705,0.001196666805699853,outcome_based,500,0,-2.046680570120346e-05,2.880065342619478e-05,0.000643683331604701,0.04,0.026040797389777257,0.060973595834850805,0.002,4.786667222799412e-05,1.0497565272101469e-05
3,0.2,0.05,1.1,50.0,0.1,0.5,0.5,10000,0.058823529411764705,0.001196666805699853,beta_known_mean,500,0,-0.0013425173790296405,1.4123779316088012e-06,0.0013428880533745324,1.0,0.9923756595384479,1.0,0.0,0.001196666805699853,0.0
3,0.2,0.05,1.1,50.0,0.1,0.5,0.5,10000,0.1111111111111111,0.0027594621597691465,beta_estimated_mean,500,0,-0.003560224689965362,5.6111757261828505e-05,0.0037744292237689575,0.75,0.7102363265170449,0.785951503252179,0.0,0.00206959661982686,5.349027199028216e-05
3,0.2,0.05,1.1,50.0,0.1,0.5,0.5,10000,0.1111111111111111,0.0027594621597691465,risk_only,500,0,8.431387807700475e-05,5.6617702005169846e-05,0.0012675509283769013,0.02,0.010899183596210813,0.036420183246879345,0.0,5.518924319538293e-05,1.7294268842264796e-05
3,0.2,0.05,1.1,50.0,0.1,0.5,0.5,10000,0.1111111111111111,0.0027594621597691465,outcome_based,500,0,1.7437840231295716e-05,7.630535889170478e-05,0.0017046217962563646,0.046,0.030845108370816204,0.06807779276827323,0.002,0.00012693525934938073,2.587779531332926e-05
3,0.2,0.05,1.1,50.0,0.1,0.5,0.5,10000,0.1111111111111111,0.0027594621597691465,beta_known_mean,500,0,-0.0036517125441315316,8.564054101893631e-06,0.0036567202071357613,1.0,0.9923756595384479,1.0,0.0,0.0027594621597691465,0.0
3,0.2,0.05,1.1,50.0,0.1,0.5,0.5,10000,0.2,-0.003806937875014821,beta_estimated_mean,500,0,0.0016533204667284359,4.253514151455261e-05,0.001906902844738289,0.022,0.012328008269927582,0.03896086121131637,0.0,8.375263325032606e-05,2.499805876537478e-05
3,0.2,0.05,1.1,50.0,0.1,0.5,0.5,10000,0.2,-0.003806937875014821,risk_only,500,0,4.138312317825062e-05,4.407205524682167e-05,0.0009853645232449555,0.0,4.336808689942018e-19,0.007624340461552241,0.0,0.0,0.0
3,0.2,0.05,1.1,50.0,0.1,0.5,0.5,10000,0.2,-0.003806937875014821,outcome_based,500,0,5.568787501509515e-05,0.00014985545599137626,0.0033479804848482865,0.124,0.09794609113930344,0.15578741288778383,0.008,0.0005025157995019563,5.7686254951740766e-05
3,0.2,0.05,1.1,50.0,0.1,0.5,0.5,10000,0.2,-0.003806937875014821,beta_known_mean,500,0,0.001599391157717336,2.1169645806190927e-05,0.0016678371842780786,0.0,4.336808689942018e-19,0.007624340461552241,0.0,0.0,0.0
3,0.2,0.05,1.1,50.0,0.1,0.5,0.5,10000,0.3333333333333333,-0.002536703102103682,beta_estimated_mean,500,0,0.0012175470740953325,1.5722737699667e-05,0.0012671921375796164,0.0,4.336808689942018e-19,0.007624340461552241,0.0,0.0,0.0
3,0.2,0.05,1.1,50.0,0.1,0.5,0.5,10000,0.3333333333333333,-0.002536703102103682,risk_only,500,0,1.3490842287827553e-06,1.7455761192727534e-05,0.0003899345019848912,0.0,4.336808689942018e-19,0.007624340461552241,0.0,0.0,0.0
3,0.2,0.05,1.1,50.0,0.1,0.5,0.5,10000,0.3333333333333333,-0.002536703102103682,outcome_based,500,0,-3.17968978962635e-05,0.00011913736998041914,0.002661517197523926,0.17,0.13962036610396117,0.20541169860066333,0.002,0.0004363129335618332,4.2854729585163524e-05
3,0.2,0.05,1.1,50.0,0.1,0.5,0.5,10000,0.3333333333333333,-0.002536703102103682,beta_known_mean,500,0,0.0012074393332278477,1.2768379528500086e-05,0.0012406701696268173,0.0,4.336808689942018e-19,0.007624340461552241,0.0,0.0,0.0
3,0.2,0.05,1.1,50.0,0.1,0.5,0.5,10000,0.5,-6.651144731710336e-05,beta_estimated_mean,500,0,-5.2311491737318936e-05,1.252408228359447e-06,5.932273448387516e-05,0.0,4.336808689942018e-19,0.007624340461552241,0.0,0.0,0.0
3,0.2,0.05,1.1,50.0,0.1,0.5,0.5,10000,0.5,-6.651144731710336e-05,risk_only,500,0,-1.0992398792951414e-06,2.852036605633484e-06,6.371915422735179e-05,0.13,0.10332065036463456,0.16232136157691412,0.0,8.646488151223438e-06,1.0013304614279866e-06
3,0.2,0.05,1.1,50.0,0.1,0.5,0.5,10000,0.5,-6.651144731710336e-05,outcome_based,500,0,-2.088552682896632e-06,2.677876555349664e-05,0.0005981959562319936,0.412,0.369688475931219,0.4556534079900142,0.076,3.2457586290746445e-05,1.4883018344048088e-06
3,0.2,0.05,1.1,50.0,0.1,0.5,0.5,10000,0.5,-6.651144731710336e-05,beta_known_mean,500,0,-5.2573540388197216e-05,1.1740819058807292e-06,5.875230073355384e-05,0.0,4.336808689942018e-19,0.007624340461552241,0.0,0.0,0.0
4,0.2,0.05,1.1,50.0,0.1,0.5,1.0,500,0.058823529411764705,0.002538162175943104,beta_estimated_mean,500,0,-0.002649185055464398,0.00027759118609659624,0.0067431118847869455,0.51,0.4662736879310782,0.5535738252596908,0.0,0.001294462709730983,5.6800508428740005e-05
4,0.2,0.05,1.1,50.0,0.1,0.5,1.0,500,0.058823529411764705,0.002538162175943104,risk_only,500,0,3.8131481301435675e-05,0.0002750319977582034,0.006143867780601205,0.348,0.30755030205694756,0.39076749744336436,0.0,0.0008832804372282001,5.412308146586676e-05
4,0.2,0.05,1.1,50.0,0.1,0.5,1.0,500,0.058823529411764705,0.002538162175943104,outcome_based,500,0,4.8837824057037045e-05,0.00015565368012440968,0.003477382799327445,0.194,0.1617264666432368,0.2309396297192332,0.012,0.0004924034621329622,4.493010990739016e-05
4,0.2,0.05,1.1,50.0,0.1,0.5,1.0,500,0.058823529411764705,0.002538162175943104,beta_known_mean,500,0,-0.0026783764941669154,5.245270296665317e-06,0.0026809381868830753,0.896,0.8661557291243417,0.919805793230109,0.0,0.0022741933096450213,3.468484591939636e-05
4,0.2,0.05,1.1,50.0,0.1,0.5,1.0,500,0.1111111111111111,0.006405320471712106,beta_estimated_mean,500,0,-0.007227489368603904,0.00025926902288359456,0.009261727444735263,0.56,0.5161968735863127,0.6028882055583011,0.0,0.0035869794641587792,0.0001423347497843483
4,0.2,0.05,1.1,50.0,0.1,0.5,1.0,500,0.1111111111111111,0.006405320471712106,risk_only,500,0,2.484764524684388e-05,0.0002615984474547876,0.0058437194930233615,0.138,0.1105180088988837,0.17100201359528017,0.0,0.0008839342250962706,9.889714777684916e-05
4,0.2,0.05,1.1,50.0,0.1,0.5,1.0,500,0.1111111111111111,0.006405320471712106,outcome_based,500,0,2.7179528287764793e-05,0.00035709897347052465,0.007977033124962906,0.214,0.18030299998759533,0.2520581227564126,0.014,0.0013707385809463909,0.00011760038679852848
4,0.2,0.05,1.1,50.0,0.1,0.5,1.0,500,0.1111111111111111,0.006405320471712106,beta_known_mean,500,0,-0.007266943803364525,3.2004018877378367e-05,0.007302025513252166,0.896,0.8661557291243417,0.919805793230109,0.0,0.005739167142654047,8.753087400458913e-05
4,0.2,0.05,1.1,50.0,0.1,0.5,1.0,500,0.2,-0.005420743751482868,beta_estimated_mean,500,0,0.0032964296826365827,0.00017406591751696783,0.005097609393572483,0.304,0.26530206305726467,0.34568667840366385,0.0,0.001647906100450792,0.00011162205574594246
4,0.2,0.05,1.1,50.0,0.1,0.5,1.0,500,0.2,-0.005420743751482868,risk_only,500,0,1.3890011488680354e-05,0.00018899013949210387,0.0042217427766523576,0.102,0.07843435210316954,0.13163462290422606,0.0,0.0005529158626512525,7.344239977664277e-05
4,0.2,0.05,1.1,50.0,0.1,0.5,1.0,500,0.2,-0.005420743751482868,outcome_based,500,0,0.00022974375148288511,0.0006743259367233915,0.015065052312930986,0.352,0.31141084189074275,0.3948459628858768,0.012,0.0019731507255397636,0.00011675832464436293
4,0.2,0.05,1.1,50.0,0.1,0.5,1.0,500,0.2,-0.005420743751482868,beta_known_mean,500,0,0.0032814134612783367,7.948093276202373e-05,0.003730947121247716,0.104,0.08019420676989107,0.1338442708756583,0.0,0.0005637573501542182,7.407629960400472e-05
4,0.2,0.05,1.1,50.0,0.1,0.5,1.0,500,0.3333333333333333,-0.003752916706963892,beta_estimated_mean,500,0,0.002454957051981221,5.80139875321794e-05,0.002776015107850618,0.142,0.114129360445696,0.1753296673247754,0.0,0.0005329141723888727,5.864168881384742e-05
4,0.2,0.05,1.1,50.0,0.1,0.5,1.0,500,0.3333333333333333,-0.003752916706963892,risk_only,500,0,6.914135861588564e-05,5.413865389283389e-05,0.0012113407680293567,0.0,4.336808689942018e-19,0.007624340461552241,0.0,0.0,0.0
4,0.2,0.05,1.1,50.0,0.1,0.5,1.0,500,0.3333333333333333,-0.003752916706963892,outcome_based,500,0,-4.108329303611183e-05,0.0005447427073715341,0.012168699677326526,0.366,0.32494760488221347,0.40909571836148256,0.038,0.0015161783496134124,8.243895259000811e-05
4,0.2,0.05,1.1,50.0,0.1,0.5,1.0,500,0.3333333333333333,-0.003752916706963892,beta_known_mean,500,0,0.0024705140467288036,4.765314024212522e-05,0.0026900891659529095,0.104,0.08019420676989107,0.1338442708756583,0.0,0.00039030333752424477,5.128487807561154e-05
4,0.2,0.05,1.1,50.0,0.1,0.5,1.0,500,0.5,-1.4888707940125268e-05,beta_estimated_mean,500,0,-0.0001018287917808193,4.631712793687128e-06,0.0001451689766229023,0.118,0.09259300825150649,0.14923198786111944,0.0,1.7568675369347814e-06,2.1502157278439104e-07
4,0.2,0.05,1.1,50.0,0.1,0.5,1.0,500,0.5,-1.4888707940125268e-05,risk_only,500,0,-1.0434904789091622e-06,2.519243270001905e-06,5.628530547532872e-05,0.016,0.008129253033388314,0.03125110853339426,0.8,1.2149185679142214e-05,2.5826213020388415e-07
4,0.2,0.05,1.1,50.0,0.1,0.5,1.0,500,0.5,-1.4888707940125268e-05,outcome_based,500,0,7.088870794012523e-05,4.2300196373379314e-05,0.0009475701604173807,0.112,0.08726280019410226,0.1426536880040623,0.806,1.3667833889034992e-05,1.8286685876763235e-07
4,0.2,0.05,1.1,50.0,0.1,0.5,1.0,500,0.5,-1.4888707940125268e-05,beta_known_mean,500,0,-9.977753398375083e-05,4.363912748186582e-06,0.00013949329657835693,0.104,0.08019420676989107,0.1338442708756583,0.0,1.5484256257730279e-06,2.0345923745012666e-07
4,0.2,0.05,1.1,50.0,0.1,0.5,1.0,3000,0.058823529411764705,0.002538162175943104,beta_estimated_mean,500,0,-0.0025358570156721575,0.00010530942600686828,0.0034589764861409273,0.492,0.44840780608924286,0.535714183358142,0.0,0.0012487757905640072,5.680459955452197e-05
4,0.2,0.05,1.1,50.0,0.1,0.5,1.0,3000,0.058823529411764705,0.002538162175943104,risk_only,500,0,0.0001478359158865281,0.00010444217271314488,0.0023377405782306466,0.132,0.10511672384831994,0.1644947907313825,0.0,0.0003350374072244897,3.846058832513756e-05
4,0.2,0.05,1.1,50.0,0.1,0.5,1.0,3000,0.058823529411764705,0.002538162175943104,outcome_based,500,0,-7.820384260946772e-05,5.8707674334805645e-05,0.0013137597812666834,0.028,0.01675097472075645,0.04644640267494888,0.0,7.106854092640692e-05,1.8744818654543117e-05
4,0.2,0.05,1.1,50.0,0.1,0.5,1.0,3000,0.058823529411764705,0.002538162175943104,beta_known_mean,500,0,-0.0026822332902721275,2.2196666616516718e-06,0.0026826915507691855,0.998,0.9887592932948532,0.9996468636054407,0.0,0.0025330858515912177,5.076324351886207e-06
4,0.2,0.05,1.1,50.0,0.1,0.5,1.0,3000,0.1111111111111111,0.006405320471712106,beta_estimated_mean,500,0,-0.007151723391899539,9.865880540327569e-05,0.007483594982103198,0.648,0.6051540371141233,0.6885891581092574,0.0,0.004150647665669444,0.00013694602318077274
4,0.2,0.05,1.1,50.0,0.1,0.5,1.0,3000,0.1111111111111111,0.006405320471712106,risk_only,500,0,0.00013663572465159545,9.96725800929283e-05,0.0022307053389498334,0.0,4.336808689942018e-19,0.007624340461552241,0.0,0.0,0.0
4,0.2,0.05,1.1,50.0,0.1,0.5,1.0,3000,0.1111111111111111,0.006405320471712106,outcome_based,500,0,-0.00013632047171089435,0.00014387174474391167,0.00321674115525332,0.034,0.02133451980853219,0.053771365501634506,0.0,0.0002177808960382116,5.196591902009932e-05
4,0.2,0.05,1.1,50.0,0.1,0.5,1.0,3000,0.1111111111111111,0.006405320471712106,beta_known_mean,500,0,-0.00728897334591967,1.35929476228327e-05,0.007295295181268599,0.998,0.9887592932948532,0.9996468636054407,0.0,0.0063925098307686815,1.281064094342421e-05
4,0.2,0.05,1.1,50.0,0.1,0.5,1.0,3000,0.2,-0.005420743751482868,beta_estimated_mean,500,0,0.003312151852594214,6.785458630346512e-05,0.0036425084887983534,0.092,0.06968272368045207,0.12053873813617456,0.0,0.0004987084251364238,7.013671856251611e-05
4,0.2,0.05,1.1,50.0,0.1,0.5,1.0,3000,0.2,-0.005420743751482868,risk_only,500,0,8.378374497074631e-05,7.445645355456412e-05,0.001665340112531636,0.0,4.336808689942018e-19,0.007624340461552241,0.0,0.0,0.0
4,0.2,0.05,1.1,50.0,0.1,0.5,1.0,3000,0.2,-0.005420743751482868,outcome_based,500,0,-0.0003929229151840894,0.0002568386713388,0.005750780282859166,0.142,0.114129360445696,0.1753296673247754,0.002,0.0007805871002135329,8.519747689950576e-05
4,0.2,0.05,1.1,50.0,0.1,0.5,1.0,3000,0.2,-0.005420743751482868,beta_known_mean,500,0,0.0032317551552982853,3.373400744080431e-05,0.0033184476837140506,0.002,0.00035313639455927456,0.011240706705146758,0.0,1.0841487502965735e-05,1.0841487502965735e-05
4,0.2,0.05,1.1,50.0,0.1,0.5,1.0,3000,0.3333333333333333,-0.003752916706963892,beta_estimated_mean,500,0,0.002449903311583391,2.3813061483563294e-05,0.0025069882574156642,0.002,0.00035313639455927456,0.011240706705146758,0.0,7.505833413927784e-06,7.505833413927786e-06
4,0.2,0.05,1.1,50.0,0.1,0.5,1.0,3000,0.3333333333333333,-0.003752916706963892,risk_only,500,0,2.1915115312937587e-05,2.2653980291062644e-05,0.0005065258936817336,0.0,4.336808689942018e-19,0.007624340461552241,0.0,0.0,0.0
4,0.2,0.05,1.1,50.0,0.1,0.5,1.0,3000,0.3333333333333333,-0.003752916706963892,outcome_based,500,0,-0.0005277499597027746,0.00020661032912380205,0.004645400547012984,0.17,0.13962036610396117,0.20541169860066333,0.01,0.0006755250072535006,6.45448850406232e-05
4,0.2,0.05,1.1,50.0,0.1,0.5,1.0,3000,0.3333333333333333,-0.003752916706963892,beta_known_mean,500,0,0.002437007953799693,2.023675515131865e-05,0.0024785805151640973,0.002,0.00035313639455927456,0.011240706705146758,0.0,7.505833413927784e-06,7.505833413927786e-06
4,0.2,0.05,1.1,50.0,0.1,0.5,1.0,3000,0.5,-1.4888707940125268e-05,beta_estimated_mean,500,0,-0.00010236430747302793,1.9133814862631775e-06,0.00011092927824387918,0.0,4.336808689942018e-19,0.007624340461552241,0.0,0.0,0.0
4,0.2,0.05,1.1,50.0,0.1,0.5,1.0,3000,0.5,-1.4888707940125268e-05,risk_only,500,0,1.3763214816357022e-06,9.86695548602698e-07,2.208403825235252e-05,0.092,0.06968272368045207,0.12053873813617456,0.266,5.330157442564845e-06,3.19533035649132e-07
4,0.2,0.05,1.1,50.0,0.1,0.5,1.0,3000,0.5,-1.4888707940125268e-05,outcome_based,500,0,2.7555374606791943e-05,1.712174957816036e-05,0.00038346225194889864,0.324,0.2844552822318157,0.3662284856106508,0.402,1.0809201964530943e-05,2.9726948431352284e-07
4,0.2,0.05,1.1,50.0,0.1,0.5,1.0,3000,0.5,-1.4888707940125268e-05,beta_known_mean,500,0,-0.00010251880063749085,1.8271239832774758e-06,0.00011034471952582596,0.002,0.00035313639455927456,0.011240706705146758,0.0,2.9777415880250535e-08,2.9777415880250538e-08
4,0.2,0.05,1.1,50.0,0.1,0.5,1.0,10000,0.058823529411764705,0.002538162175943104,beta_estimated_mean,500,0,-0.002656062177998271,5.92242076680811e-05,0.0029673072260173877,0.528,0.48419577166421596,0.5713772652699372,0.0,0.0013401496288979588,5.672272097515199e-05
4,0.2,0.05,1.1,50.0,0.1,0.5,1.0,10000,0.058823529411764705,0.002538162175943104,risk_only,500,0,2.3323199391466154e-05,5.878164388813258e-05,0.0013132895792883153,0.024,0.013781314655496986,0.041477057463900756,0.0,6.0915892222634494e-05,1.739000171291614e-05
4,0.2,0.05,1.1,50.0,0.1,0.5,1.0,10000,0.058823529411764705,0.002538162175943104,outcome_based,500,0,1.1250324053923344e-05,3.42013412298637e-05,0.0007640829202450373,0.0,4.336808689942018e-19,0.007624340461552241,0.0,0.0,0.0
4,0.2,0.05,1.1,50.0,0.1,0.5,1.0,10000,0.058823529411764705,0.002538162175943104,beta_known_mean,500,0,-0.002682046858909201,1.112283636383797e-06,0.002682161945829093,1.0,0.9923756595384479,1.0,0.0,0.002538162175943104,0.0
4,0.2,0.05,1.1,50.0,0.1,0.5,1.0,10000,0.1111111111111111,0.006405320471712106,beta_estimated_mean,500,0,-0.007262515495844148,5.546931643099556e-05,0.007367460689747316,0.754,0.7144078267312022,0.7897190083143293,0.0,0.0048296116356709275,0.00012349341969255956
4,0.2,0.05,1.1,50.0,0.1,0.5,1.0,10000,0.1111111111111111,0.006405320471712106,risk_only,500,0,2.2144028312211655e-05,5.600956772551926e-05,0.0012513549155666658,0.0,4.336808689942018e-19,0.007624340461552241,0.0,0.0,0.0
4,0.2,0.05,1.1,50.0,0.1,0.5,1.0,10000,0.1111111111111111,0.006405320471712106,outcome_based,500,0,1.840452828850034e-05,7.5511199541942e-05,0.001686892828112311,0.0,4.336808689942018e-19,0.007624340461552241,0.0,0.0,0.0
4,0.2,0.05,1.1,50.0,0.1,0.5,1.0,10000,0.1111111111111111,0.006405320471712106,beta_known_mean,500,0,-0.007287057654903796,6.81761921520807e-06,0.007288648897555846,1.0,0.9923756595384479,1.0,0.0,0.006405320471712105,3.882844402217134e-20
4,0.2,0.05,1.1,50.0,0.1,0.5,1.0,10000,0.2,-0.005420743751482868,beta_estimated_mean,500,0,0.0032519715995478764,3.74732077551565e-05,0.0033579808952251466,0.0,4.336808689942018e-19,0.007624340461552241,0.0,0.0,0.0
4,0.2,0.05,1.1,50.0,0.1,0.5,1.0,10000,0.2,-0.005420743751482868,risk_only,500,0,3.154585662273103e-05,4.1174023415142115e-05,0.0009202988335107282,0.0,4.336808689942018e-19,0.007624340461552241,0.0,0.0,0.0
4,0.2,0.05,1.1,50.0,0.1,0.5,1.0,10000,0.2,-0.005420743751482868,outcome_based,500,0,-0.0001849062485165383,0.00014362525921707858,0.0032136691877419172,0.044,0.02923395562860718,0.06571944287232845,0.0,0.00023851272506524617,4.976957010336353e-05
4,0.2,0.05,1.1,50.0,0.1,0.5,1.0,10000,0.2,-0.005420743751482868,beta_known_mean,500,0,0.0032378251462260254,1.6924256049412175e-05,0.003259822152894815,0.0,4.336808689942018e-19,0.007624340461552241,0.0,0.0,0.0
4,0.2,0.05,1.1,50.0,0.1,0.5,1.0,10000,0.3333333333333333,-0.003752916706963892,beta_estimated_mean,500,0,0.0024415359818760244,1.2465806239284952e-05,0.002457364587737812,0.0,4.336808689942018e-19,0.007624340461552241,0.0,0.0,0.0
4,0.2,0.05,1.1,50.0,0.1,0.5,1.0,10000,0.3333333333333333,-0.003752916706963892,risk_only,500,0,1.4499869971341204e-05,1.1478878728876189e-05,0.0002568283668297501,0.0,4.336808689942018e-19,0.007624340461552241,0.0,0.0,0.0
4,0.2,0.05,1.1,50.0,0.1,0.5,1.0,10000,0.3333333333333333,-0.003752916706963892,outcome_based,500,0,-0.00017938329303607097,0.00011546700254771648,0.0025855676505982775,0.058,0.0406837291117572,0.08205618785625499,0.0,0.00021766916900390577,3.926974679889095e-05
4,0.2,0.05,1.1,50.0,0.1,0.5,1.0,10000,0.3333333333333333,-0.003752916706963892,beta_known_mean,500,0,0.002439633563852735,1.0148586114395757e-05,0.002450144043140592,0.0,4.336808689942018e-19,0.007624340461552241,0.0,0.0,0.0
4,0.2,0.05,1.1,50.0,0.1,0.5,1.0,10000,0.5,-1.4888707940125268e-05,beta_estimated_mean,500,0,-0.0001023795020727565,9.711207637976746e-07,0.00010465255437908414,0.0,4.336808689942018e-19,0.007624340461552241,0.0,0.0,0.0
4,0.2,0.05,1.1,50.0,0.1,0.5,1.0,10000,0.5,-1.4888707940125268e-05,risk_only,500,0,-2.974784148384275e-07,5.002156383463839e-07,1.1177930047445667e-05,0.038,0.024460118055830385,0.05858477253064388,0.012,7.444353970062634e-07,1.452625095658681e-07
4,0.2,0.05,1.1,50.0,0.1,0.5,1.0,10000,0.5,-1.4888707940125268e-05,outcome_based,500,0,-5.3112920598747305e-06,8.677240864355217e-06,0.0001939076321946748,0.356,0.3152745600260401,0.398921250026887,0.212,8.456786109991148e-06,3.301587253960804e-07
4,0.2,0.05,1.1,50.0,0.1,0.5,1.0,10000,0.5,-1.4888707940125268e-05,beta_known_mean,500,0,-0.00010236427744222657,9.145925080997764e-07,0.00010438318133085127,0.0,4.336808689942018e-19,0.007624340461552241,0.0,0.0,0.0
5,0.2,0.05,1.1,50.0,0.1,0.9,0.5,500,0.058823529411764705,0.0012948765777915372,beta_estimated_mean,500,0,-0.0012963531832482886,0.0002585612578928522,0.0059195134676087915,0.494,0.45039013091903213,0.5377013611665066,0.0,0.0006396690294290194,2.8981231454589485e-05
5,0.2,0.05,1.1,50.0,0.1,0.9,0.5,500,0.058823529411764705,0.0012948765777915372,risk_only,500,0,0.0001245825652165236,0.00025647617443008225,0.005730598119974096,0.38,0.33852233078455757,0.42330751092621505,0.0,0.0004920530995607841,2.813621963658408e-05
5,0.2,0.05,1.1,50.0,0.1,0.9,0.5,500,0.058823529411764705,0.0012948765777915372,outcome_based,500,0,4.13734222085364e-05,0.0001230354005747486,0.0027487140534375493,0.282,0.2443364332272433,0.32298777921399346,0.01,0.0003651551949372135,2.6083440672994342e-05
5,0.2,0.05,1.1,50.0,0.1,0.9,0.5,500,0.058823529411764705,0.0012948765777915372,beta_known_mean,500,0,-0.0014451416422274128,7.711997380005235e-06,0.001455373609418131,0.782,0.743733598415673,0.8159662735640116,0.0,0.001012593483832982,2.3933693539656453e-05
5,0.2,0.05,1.1,50.0,0.1,0.9,0.5,500,0.1111111111111111,0.004716823853535973,beta_estimated_mean,500,0,-0.005461221594037354,0.00025633199673088223,0.007912792268261084,0.54,0.4961751552930624,0.5832148974700135,0.0,0.0025470848809094255,0.00010523862885557215
5,0.2,0.05,1.1,50.0,0.1,0.9,0.5,500,0.1111111111111111,0.004716823853535973,risk_only,500,0,0.00010805495414950389,0.00025369771449563653,0.005668207698464365,0.202,0.16914122067557874,0.23940288623950645,0.0,0.0009527984184142666,8.477670164138523e-05
5,0.2,0.05,1.1,50.0,0.1,0.9,0.5,500,0.1111111111111111,0.004716823853535973,outcome_based,500,0,0.00033017614646397593,0.0003486296994443604,0.007794793601352871,0.25,0.21404849674782103,0.2897636734829552,0.014,0.001179205963383993,9.14323792999566e-05
5,0.2,0.05,1.1,50.0,0.1,0.9,0.5,500,0.1111111111111111,0.004716823853535973,beta_known_mean,500,0,-0.005613381975143291,4.5697460481810336e-05,0.005705444582871033,0.782,0.743733598415673,0.8159662735640116,0.0,0.0036885562534651308,8.718283929701735e-05
5,0.2,0.05,1.1,50.0,0.1,0.9,0.5,500,0.2,0.000571121074100317,beta_estimated_mean,500,0,-0.0026987289941742287,0.00020928372384055937,0.005398071603750531,0.67,0.6276256239722534,0.709782100270819,0.0,0.0003826511196472124,1.2021877109717997e-05
5,0.2,0.05,1.1,50.0,0.1,0.9,0.5,500,0.2,0.000571121074100317,risk_only,500,0,0.00010247450742124509,0.0002071404022344504,0.004628300659784142,0.432,0.3892622537365845,0.47577465656618667,0.0,0.0002467243040113369,1.2664672222068892e-05
5,0.2,0.05,1.1,50.0,0.1,0.9,0.5,500,0.2,0.000571121074100317,outcome_based,500,0,0.0009458789258997161,0.0007152759336945775,0.016006026925582232,0.452,0.4089073378092892,0.49582459887502,0.008,0.0002581467254933433,1.2724402829498107e-05
5,0.2,0.05,1.1,50.0,0.1,0.9,0.5,500,0.2,0.000571121074100317,beta_known_mean,500,0,-0.0027740810056841037,0.00011246069337939512,0.0037425368129424077,0.782,0.743733598415673,0.8159662735640116,0.0,0.0004466166799464479,1.0556246823824314e-05
5,0.2,0.05,1.1,50.0,0.1,0.9,0.5,500,0.3333333333333333,-0.00703159737099619,beta_estimated_mean,500,0,0.005681351212102819,8.31702853448946e-05,0.005977414364177325,0.25,0.21404849674782103,0.2897636734829552,0.0,0.0017578993427490475,0.00013630266846355495
5,0.2,0.05,1.1,50.0,0.1,0.9,0.5,500,0.3333333333333333,-0.00703159737099619,risk_only,500,0,-2.7169733385574587e-05,0.0001002449396979718,0.0022394671495697804,0.0,4.336808689942018e-19,0.007624340461552241,0.0,0.0,0.0
5,0.2,0.05,1.1,50.0,0.1,0.9,0.5,500,0.3333333333333333,-0.00703159737099619,outcome_based,500,0,0.0007935973709961873,0.0005696206169851905,0.012749084390153358,0.3,0.2614819321406983,0.3415678040439227,0.038,0.002376679911396712,0.000148898755231529
5,0.2,0.05,1.1,50.0,0.1,0.9,0.5,500,0.3333333333333333,-0.00703159737099619,beta_known_mean,500,0,0.005691722010871803,6.830192011006974e-05,0.00589267430307437,0.218,0.18403372643598842,0.25626640158432706,0.0,0.0015328882268771692,0.00012996767372123262
5,0.2,0.05,1.1,50.0,0.1,0.9,0.5,500,0.5,-0.0006841057120239611,beta_estimated_mean,500,0,0.000554157354774205,7.196953158864719e-06,0.0005770066248328693,0.224,0.1896389712599083,0.26256966467486853,0.0,0.0001532396794933673,1.2768145222492288e-05
5,0.2,0.05,1.1,50.0,0.1,0.9,0.5,500,0.5,-0.0006841057120239611,risk_only,500,0,7.3069289833411765e-06,2.1315211240511718e-05,0.0004762018144597504,0.05,0.034093745243849435,0.0727681611715476,0.004,3.6941708449293896e-05,6.9217417530313575e-06
5,0.2,0.05,1.1,50.0,0.1,0.9,0.5,500,0.5,-0.0006841057120239611,outcome_based,500,0,-5.1894287976038816e-05,0.00021924585626866922,0.004897856369589102,0.35,0.3094801731446609,0.39280712899380477,0.19,0.0003694170844929391,1.5263310515972712e-05
5,0.2,0.05,1.1,50.0,0.1,0.9,0.5,500,0.5,-0.0006841057120239611,beta_known_mean,500,0,0.0005568692635396229,6.673284070843915e-06,0.0005764765425409445,0.218,0.18403372643598842,0.25626640158432706,0.0,0.00014913504522122352,1.2644584619975944e-05
5,0.2,0.05,1.1,50.0,0.1,0.9,0.5,3000,0.058823529411764705,0.0012948765777915372,beta_estimated_mean,500,0,-0.0015136516212413567,9.959650604977819e-05,0.0026909020374459966,0.544,0.5001738756211381,0.5871551824182454,0.0,0.0007044128583185963,2.8870876810209778e-05
5,0.2,0.05,1.1,50.0,0.1,0.9,0.5,3000,0.058823529411764705,0.0012948765777915372,risk_only,500,0,-7.616851593259472e-05,9.840365755707255e-05,0.0021994904576523094,0.31,0.2710389112735686,0.3518583381018213,0.0,0.00040141173911537655,2.6809177784666465e-05
5,0.2,0.05,1.1,50.0,0.1,0.9,0.5,3000,0.058823529411764705,0.0012948765777915372,outcome_based,500,0,2.745675554196364e-05,4.7897668534908184e-05,0.0010703051024421857,0.114,0.08903690099400285,0.1448490898423155,0.004,0.00014761592986823523,1.8422450109171534e-05
5,0.2,0.05,1.1,50.0,0.1,0.9,0.5,3000,0.058823529411764705,0.0012948765777915372,beta_known_mean,500,0,-0.0014411036232594048,3.0114216077505705e-06,0.001442672836911092,0.99,0.9768069002442693,0.9957212461034096,0.0,0.0012819278120136217,5.767607524531632e-06
5,0.2,0.05,1.1,50.0,0.1,0.9,0.5,3000,0.1111111111111111,0.004716823853535973,beta_estimated_mean,500,0,-0.005669309519255694,9.877374399735232e-05,0.006083538478899202,0.66,0.6173990695060175,0.700161141546286,0.0,0.0031131037433337417,0.00010002551857096826
5,0.2,0.05,1.1,50.0,0.1,0.9,0.5,3000,0.1111111111111111,0.004716823853535973,risk_only,500,0,-6.892340882001153e-05,9.682893156818102e-05,0.00216409232441975,0.016,0.008129253033388314,0.03125110853339426,0.0,7.546918165657557e-05,2.649457307703584e-05
5,0.2,0.05,1.1,50.0,0.1,0.9,0.5,3000,0.1111111111111111,0.004716823853535973,outcome_based,500,0,0.0001582594797983362,0.0001346614454694087,0.0030122690460855912,0.054,0.03737435018105752,0.07742656151064709,0.0,0.00025470848809094253,4.7724549049768316e-05
5,0.2,0.05,1.1,50.0,0.1,0.9,0.5,3000,0.1111111111111111,0.004716823853535973,beta_known_mean,500,0,-0.005605204846322889,1.7729058776316343e-05,0.00561917848197257,0.99,0.9768069002442693,0.9957212461034096,0.0,0.004669655615000613,2.1009561232425095e-05
5,0.2,0.05,1.1,50.0,0.1,0.9,0.5,3000,0.2,0.000571121074100317,beta_estimated_mean,500,0,-0.002803979813004738,8.055696373149281e-05,0.0033317451238278973,0.902,0.8727939491335183,0.9250760811353939,0.0,0.0005151512088384859,7.601411079340014e-06
5,0.2,0.05,1.1,50.0,0.1,0.9,0.5,3000,0.2,0.000571121074100317,risk_only,500,0,-3.699796966788309e-05,8.020764455026014e-05,0.0017920850163052203,0.382,0.3404646252341933,0.4253347191147331,0.0,0.00021816825030632108,1.2422352018638525e-05
5,0.2,0.05,1.1,50.0,0.1,0.9,0.5,3000,0.2,0.000571121074100317,outcome_based,500,0,0.00036237892589948757,0.00027325245832128314,0.0061147448490734045,0.42,0.37750935127740226,0.4637105431964461,0.008,0.00023987085112213313,1.261875635172004e-05
5,0.2,0.05,1.1,50.0,0.1,0.9,0.5,3000,0.2,0.000571121074100317,beta_known_mean,500,0,-0.002763919698760487,4.3321697505139436e-05,0.002928439869467177,0.99,0.9768069002442693,0.9957212461034096,0.0,0.0005654098633593138,2.5438734941191277e-06
5,0.2,0.05,1.1,50.0,0.1,0.9,0.5,3000,0.3333333333333333,-0.00703159737099619,beta_estimated_mean,500,0,0.005694943186682953,3.219023272934444e-05,0.005740160906285477,0.034,0.02133451980853219,0.053771365501634506,0.0,0.00023907431061387046,5.704685989980779e-05
5,0.2,0.05,1.1,50.0,0.1,0.9,0.5,3000,0.3333333333333333,-0.00703159737099619,risk_only,500,0,-1.0006139354124733e-05,4.0286573274279915e-05,0.0008999895043446634,0.0,4.336808689942018e-19,0.007624340461552241,0.0,0.0,0.0
5,0.2,0.05,1.1,50.0,0.1,0.9,0.5,3000,0.3333333333333333,-0.00703159737099619,outcome_based,500,0,5.9597370996171256e-05,0.00022071418257481402,0.004930741555899494,0.072,0.0524580314181262,0.09806840401696253,0.002,0.000520338205453718,8.239959469133012e-05
5,0.2,0.05,1.1,50.0,0.1,0.9,0.5,3000,0.3333333333333333,-0.00703159737099619,beta_known_mean,500,0,0.00570684967557367,2.654661728752099e-05,0.005737577009627928,0.01,0.004278753896590496,0.023193099755730702,0.0,7.03159737099619e-05,3.131996871516778e-05
5,0.2,0.05,1.1,50.0,0.1,0.9,0.5,3000,0.5,-0.0006841057120239611,beta_estimated_mean,500,0,0.0005629234321041213,2.756984832683842e-06,0.0005662823254617256,0.018,0.009498193296197078,0.033851670908739286,0.0,1.23139028164313e-05,4.071598449107391e-06
5,0.2,0.05,1.1,50.0,0.1,0.9,0.5,3000,0.5,-0.0006841057120239611,risk_only,500,0,8.662756037675228e-06,7.826760658936254e-06,0.00017505106787989657,0.0,4.336808689942018e-19,0.007624340461552241,0.0,0.0,0.0
5,0.2,0.05,1.1,50.0,0.1,0.9,0.5,3000,0.5,-0.0006841057120239611,outcome_based,500,0,0.0001581057120239611,9.150503877941269e-05,0.002050173237817598,0.372,0.3307607484885237,0.4151910826696337,0.052,0.00029006082189815953,1.5134466410692936e-05
5,0.2,0.05,1.1,50.0,0.1,0.9,0.5,3000,0.5,-0.0006841057120239611,beta_known_mean,500,0,0.0005636894868505242,2.581249691496467e-06,0.0005666309201947619,0.01,0.004278753896590496,0.023193099755730702,0.0,6.841057120239611e-06,3.0471268999041864e-06
5,0.2,0.05,1.1,50.0,0.1,0.9,0.5,10000,0.058823529411764705,0.0012948765777915372,beta_estimated_mean,500,0,-0.001517622256243648,5.6340937856131364e-05,0.001971586582075913,0.556,0.5121868930497259,0.5989591808185805,0.0,0.0007199513772520947,2.8800961279649687e-05
5,0.2,0.05,1.1,50.0,0.1,0.9,0.5,10000,0.058823529411764705,0.0012948765777915372,risk_only,500,0,-8.025743188321172e-05,5.5944530847906795e-05,0.0012522806118186506,0.172,0.1414541198436514,0.20754744749912687,0.0,0.0002227187713801444,2.18754751162638e-05
5,0.2,0.05,1.1,50.0,0.1,0.9,0.5,10000,0.058823529411764705,0.0012948765777915372,outcome_based,500,0,-3.213907779319442e-05,2.7786375190552676e-05,0.0006215321076100956,0.026,0.015256383923327248,0.04397149083422428,0.0,3.366679102257997e-05,9.22453015425174e-06
5,0.2,0.05,1.1,50.0,0.1,0.9,0.5,10000,0.058823529411764705,0.0012948765777915372,beta_known_mean,500,0,-0.0014406337729847443,1.626518081108331e-06,0.001441091878693818,1.0,0.9923756595384479,1.0,0.0,0.0012948765777915372,0.0
5,0.2,0.05,1.1,50.0,0.1,0.9,0.5,10000,0.1111111111111111,0.004716823853535973,beta_estimated_mean,500,0,-0.005677006255388319,5.5687698059455086e-05,0.005811700161018585,0.77,0.7311377813252322,0.8047450748255296,0.0,0.003631954367222699,8.886048226281603e-05
5,0.2,0.05,1.1,50.0,0.1,0.9,0.5,10000,0.1111111111111111,0.004716823853535973,risk_only,500,0,-8.277084561771602e-05,5.486881784828285e-05,0.001228468156586171,0.0,4.336808689942018e-19,0.007624340461552241,0.0,0.0,0.0
5,0.2,0.05,1.1,50.0,0.1,0.9,0.5,10000,0.1111111111111111,0.004716823853535973,outcome_based,500,0,-2.699885353647305e-05,7.002296047538983e-05,0.0015644274415796819,0.002,0.00035313639455927456,0.011240706705146758,0.0,9.433647707071946e-06,9.433647707071948e-06
5,0.2,0.05,1.1,50.0,0.1,0.9,0.5,10000,0.1111111111111111,0.004716823853535973,beta_known_mean,500,0,-0.005607090551792796,9.611000019436738e-06,0.005611199314350674,1.0,0.9923756595384479,1.0,0.0,0.004716823853535973,0.0
5,0.2,0.05,1.1,50.0,0.1,0.9,0.5,10000,0.2,0.000571121074100317,beta_estimated_mean,500,0,-0.0028146047401898604,4.479648967931962e-05,0.0029871986646030657,0.986,0.9713869308622147,0.9932022102091564,0.0,0.0005631253790629125,3.003864844767638e-06
5,0.2,0.05,1.1,50.0,0.1,0.9,0.5,10000,0.2,0.000571121074100317,risk_only,500,0,-6.94467748675829e-05,4.462737835368001e-05,0.0009993161166528038,0.32,0.28061775068949024,0.3621270118766686,0.0,0.00018275874371210144,1.1926344729670132e-05
5,0.2,0.05,1.1,50.0,0.1,0.9,0.5,10000,0.2,0.000571121074100317,outcome_based,500,0,-0.0001509210740994774,0.00015232749670531515,0.0034060837674092415,0.458,0.4148146097748511,0.5018258348239194,0.002,0.00026157345193794515,1.2738265460818806e-05
5,0.2,0.05,1.1,50.0,0.1,0.9,0.5,10000,0.2,0.000571121074100317,beta_known_mean,500,0,-0.002772432283075451,2.350012346831593e-05,0.0028216938901923752,1.0,0.9923756595384479,1.0,0.0,0.000571121074100317,0.0
5,0.2,0.05,1.1,50.0,0.1,0.9,0.5,10000,0.3333333333333333,-0.00703159737099619,beta_estimated_mean,500,0,0.005695228204756105,1.762059367729528e-05,0.005708813929328761,0.0,4.336808689942018e-19,0.007624340461552241,0.0,0.0,0.0
5,0.2,0.05,1.1,50.0,0.1,0.9,0.5,10000,0.3333333333333333,-0.00703159737099619,risk_only,500,0,1.4494546264573298e-06,2.2319272790435654e-05,0.0004985768946990633,0.0,4.336808689942018e-19,0.007624340461552241,0.0,0.0,0.0
5,0.2,0.05,1.1,50.0,0.1,0.9,0.5,10000,0.3333333333333333,-0.00703159737099619,outcome_based,500,0,-7.440262900382244e-05,0.0001264312371031443,0.002825239768798924,0.006,0.0020425962719602363,0.01749025210405338,0.002,5.625277896796952e-05,2.804171375901721e-05
5,0.2,0.05,1.1,50.0,0.1,0.9,0.5,10000,0.3333333333333333,-0.00703159737099619,beta_known_mean,500,0,0.005704988090609054,1.438549545936587e-05,0.005714031274968422,0.0,4.336808689942018e-19,0.007624340461552241,0.0,0.0,0.0
5,0.2,0.05,1.1,50.0,0.1,0.9,0.5,10000,0.5,-0.0006841057120239611,beta_estimated_mean,500,0,0.0005644452811049927,1.4830402088025825e-06,0.000565416642913786,0.0,4.336808689942018e-19,0.007624340461552241,0.0,0.0,0.0
5,0.2,0.05,1.1,50.0,0.1,0.9,0.5,10000,0.5,-0.0006841057120239611,risk_only,500,0,3.8052183469140124e-06,4.74494290075628e-06,0.00010606227778647301,0.0,4.336808689942018e-19,0.007624340461552241,0.0,0.0,0.0
5,0.2,0.05,1.1,50.0,0.1,0.9,0.5,10000,0.5,-0.0006841057120239611,outcome_based,500,0,-4.229428797603889e-05,4.511448451913037e-05,0.001008668353223893,0.224,0.1896389712599083,0.26256966467486853,0.04,0.00018060390797432574,1.3499379744044633e-05
5,0.2,0.05,1.1,50.0,0.1,0.9,0.5,10000,0.5,-0.0006841057120239611,beta_known_mean,500,0,0.0005648907167964785,1.384406924994843e-06,0.0005657365964892957,0.0,4.336808689942018e-19,0.007624340461552241,0.0,0.0,0.0
6,0.2,0.05,1.1,50.0,0.1,0.9,1.0,500,0.058823529411764705,0.002734581720126472,beta_estimated_mean,500,0,-0.00295853424790311,0.00027680907371449104,0.00685477448776123,0.508,0.46428581664185803,0.5515921939107572,0.0,0.0013891675138242479,6.120050997260712e-05
6,0.2,0.05,1.1,50.0,0.1,0.9,1.0,500,0.058823529411764705,0.002734581720126472,risk_only,500,0,-0.00010647085462612055,0.0002717098739881209,0.006070472600925108,0.326,0.28637531603524746,0.3682779544453728,0.0,0.0008914736407612299,5.738248896428084e-05
6,0.2,0.05,1.1,50.0,0.1,0.9,1.0,500,0.058823529411764705,0.002734581720126472,outcome_based,500,0,2.266827987370179e-05,0.00013402708268400523,0.002994024054414433,0.158,0.1286526978644355,0.19256235101126623,0.01,0.0004320639117799826,4.4650386520918815e-05
6,0.2,0.05,1.1,50.0,0.1,0.9,1.0,500,0.058823529411764705,0.002734581720126472,beta_known_mean,500,0,-0.002879654860767498,8.405129082498642e-06,0.0028857693200243354,0.768,0.7290425919653227,0.8028707615472854,0.0,0.0021001587610571305,5.1673185576523005e-05
6,0.2,0.05,1.1,50.0,0.1,0.9,1.0,500,0.1111111111111111,0.010320043859245787,beta_estimated_mean,500,0,-0.011181620202455398,0.00027593164658689274,0.012767992358724509,0.55,0.5061772177351765,0.5930603482186684,0.0,0.0056760241225851825,0.00022983643243280956
6,0.2,0.05,1.1,50.0,0.1,0.9,1.0,500,0.1111111111111111,0.010320043859245787,risk_only,500,0,-8.688783800995347e-05,0.0002661948095544281,0.005946976386082213,0.046,0.030845108370816204,0.06807779276827323,0.0,0.0004747220175253062,9.677972269657251e-05
6,0.2,0.05,1.1,50.0,0.1,0.9,1.0,500,0.1111111111111111,0.010320043859245787,outcome_based,500,0,-0.0001730438592459071,0.00028850867666852415,0.006447118362277925,0.05,0.034093745243849435,0.0727681611715476,0.012,0.0005160021929622894,0.0001006880836035297
6,0.2,0.05,1.1,50.0,0.1,0.9,1.0,500,0.1111111111111111,0.010320043859245787,beta_known_mean,500,0,-0.011148397413189102,4.9567581371662964e-05,0.011203248658259649,0.768,0.7290425919653227,0.8028707615472854,0.0,0.007925793683900765,0.00019500954664174413
6,0.2,0.05,1.1,50.0,0.1,0.9,1.0,500,0.2,0.003335374146747415,beta_estimated_mean,500,0,-0.005384270419781581,0.000226880656578316,0.007394343059779509,0.66,0.6173990695060175,0.700161141546286,0.0,0.0022013469368532936,7.07303344403057e-05
6,0.2,0.05,1.1,50.0,0.1,0.9,1.0,500,0.2,0.003335374146747415,risk_only,500,0,5.169553334422154e-05,0.00021692211899658644,0.004845948831492382,0.252,0.21593384838137186,0.2918478244875581,0.0,0.0008405142849803485,6.482542230044859e-05
6,0.2,0.05,1.1,50.0,0.1,0.9,1.0,500,0.2,0.003335374146747415,outcome_based,500,0,0.0014256258532526597,0.0006647831460427739,0.014918404340728398,0.37,0.32882226377423945,0.4131600647457642,0.02,0.0012340884342965435,7.208840590767008e-05
6,0.2,0.05,1.1,50.0,0.1,0.9,1.0,500,0.2,0.003335374146747415,beta_known_mean,500,0,-0.005331777282173078,0.00012195698102197258,0.0059874642455278035,0.768,0.7290425919653227,0.8028707615472854,0.0,0.0025615673447020146,6.302587557853097e-05
6,0.2,0.05,1.1,50.0,0.1,0.9,1.0,500,0.3333333333333333,-0.012742705244748909,beta_estimated_mean,500,0,0.011429580842391271,9.062762849784835e-05,0.011607488461733763,0.284,0.2462377719556586,0.32505594312373204,0.0,0.0036189282895086904,0.0002572332150302565
6,0.2,0.05,1.1,50.0,0.1,0.9,1.0,500,0.3333333333333333,-0.012742705244748909,risk_only,500,0,0.00010104966921086386,0.0001156049479672297,0.002584395195960955,0.0,4.336808689942018e-19,0.007624340461552241,0.0,0.0,0.0
6,0.2,0.05,1.1,50.0,0.1,0.9,1.0,500,0.3333333333333333,-0.012742705244748909,outcome_based,500,0,-0.0007952947552510952,0.0005270338141737824,0.011799874988648389,0.118,0.09259300825150649,0.14923198786111944,0.008,0.0016055808608383625,0.00018930075822694585
6,0.2,0.05,1.1,50.0,0.1,0.9,1.0,500,0.3333333333333333,-0.012742705244748909,beta_known_mean,500,0,0.011496315003579642,7.411547607343728e-05,0.011614917884106322,0.232,0.19712923845271468,0.2709574080346774,0.0,0.002956307616781747,0.00024078862518995788
6,0.2,0.05,1.1,50.0,0.1,0.9,1.0,500,0.5,-0.0012500772373538408,beta_estimated_mean,500,0,0.001115348478942551,8.026038048258916e-06,0.001129666524054227,0.238,0.2027590191807921,0.2772361352210613,0.0,0.0002975183824902141,2.3831563656296706e-05
6,0.2,0.05,1.1,50.0,0.1,0.9,1.0,500,0.5,-0.0012500772373538408,risk_only,500,0,4.4979096809572766e-05,2.444257449194188e-05,0.0005478552761442339,0.0,4.336808689942018e-19,0.007624340461552241,0.0,0.0,0.0
6,0.2,0.05,1.1,50.0,0.1,0.9,1.0,500,0.5,-0.0012500772373538408,outcome_based,500,0,-0.0005339227626461593,0.00025576065966066816,0.005738154539263622,0.302,0.26339155087985655,0.3436276879429182,0.158,0.0005750355291827668,2.7890889824952517e-05
6,0.2,0.05,1.1,50.0,0.1,0.9,1.0,500,0.5,-0.0012500772373538408,beta_known_mean,500,0,0.0011222765075458243,7.349043020871524e-06,0.0011342198938553494,0.232,0.19712923845271468,0.2709574080346774,0.0,0.0002900179190660911,2.3621701481930746e-05
6,0.2,0.05,1.1,50.0,0.1,0.9,1.0,3000,0.058823529411764705,0.002734581720126472,beta_estimated_mean,500,0,-0.0028385274786669303,0.00010797841959686526,0.003724949457021793,0.528,0.48419577166421596,0.5713772652699372,0.0,0.0014438591482267772,6.111229509471744e-05
6,0.2,0.05,1.1,50.0,0.1,0.9,1.0,3000,0.058823529411764705,0.002734581720126472,risk_only,500,0,3.5083135098748665e-05,0.00010585675717314663,0.00236492107541381,0.11,0.0854914151566031,0.14045557040340767,0.0,0.00030080398921391194,3.8302928468924574e-05
6,0.2,0.05,1.1,50.0,0.1,0.9,1.0,3000,0.058823529411764705,0.002734581720126472,outcome_based,500,0,2.8584946540553324e-05,5.387876135532169e-05,0.0012038997636163056,0.01,0.004278753896590496,0.023193099755730702,0.0,2.7345817201264723e-05,1.2180306892528588e-05
6,0.2,0.05,1.1,50.0,0.1,0.9,1.0,3000,0.058823529411764705,0.002734581720126472,beta_known_mean,500,0,-0.002879702303193916,3.6352190859275447e-06,0.002880847019385772,0.97,0.9510963331640543,0.9817367868020865,0.0,0.002652544268522678,2.088272301095827e-05
6,0.2,0.05,1.1,50.0,0.1,0.9,1.0,3000,0.1111111111111111,0.010320043859245787,beta_estimated_mean,500,0,-0.011155600141781187,0.00010849301355816397,0.011415822825569057,0.656,0.6133141713377337,0.696307034438262,0.0,0.006769948771665236,0.00021946355565204977
6,0.2,0.05,1.1,50.0,0.1,0.9,1.0,3000,0.1111111111111111,0.010320043859245787,risk_only,500,0,2.4428271290873715e-05,0.0001039950381953669,0.002323201617831933,0.0,4.336808689942018e-19,0.007624340461552241,0.0,0.0,0.0
6,0.2,0.05,1.1,50.0,0.1,0.9,1.0,3000,0.1111111111111111,0.010320043859245787,outcome_based,500,0,0.00010912280742295535,0.00012379914719652874,0.002767615576908609,0.0,4.336808689942018e-19,0.007624340461552241,0.0,0.0,0.0
6,0.2,0.05,1.1,50.0,0.1,0.9,1.0,3000,0.1111111111111111,0.010320043859245787,beta_known_mean,500,0,-0.011200027109274452,2.125873599945282e-05,0.011210090197798301,0.97,0.9510963331640543,0.9817367868020865,0.0,0.010010442543468412,7.880935346982552e-05
6,0.2,0.05,1.1,50.0,0.1,0.9,1.0,3000,0.2,0.003335374146747415,beta_estimated_mean,500,0,-0.00548458844357866,9.190300904676508e-05,0.005856222824337343,0.856,0.8225095437017246,0.8840619258896502,0.0,0.0028550802696157875,5.242185848408476e-05
6,0.2,0.05,1.1,50.0,0.1,0.9,1.0,3000,0.2,0.003335374146747415,risk_only,500,0,3.7034388161730966e-05,8.79782267365548e-05,0.0019656336299985126,0.05,0.034093745243849435,0.0727681611715476,0.0,0.00016676870733737075,3.254176392243537e-05
6,0.2,0.05,1.1,50.0,0.1,0.9,1.0,3000,0.2,0.003335374146747415,outcome_based,500,0,-0.0003395408134144582,0.00029423398909070384,0.006581453828125829,0.316,0.27678362811990814,0.3580221291699432,0.006,0.001053978230372183,6.941700586199806e-05
6,0.2,0.05,1.1,50.0,0.1,0.9,1.0,3000,0.2,0.003335374146747415,beta_known_mean,500,0,-0.005506122522757189,5.178296986777092e-05,0.005626316889743138,0.97,0.9510963331640543,0.9817367868020865,0.0,0.0032353129223449922,2.547069408524249e-05
6,0.2,0.05,1.1,50.0,0.1,0.9,1.0,3000,0.3333333333333333,-0.012742705244748909,beta_estimated_mean,500,0,0.011425443697887068,3.824216642036405e-05,0.011457335330545066,0.062,0.044019209142681565,0.08665971310163822,0.0,0.0007900477251744323,0.00013756521414421183
6,0.2,0.05,1.1,50.0,0.1,0.9,1.0,3000,0.3333333333333333,-0.012742705244748909,risk_only,500,0,2.5377576634234906e-05,4.743198894013741e-05,0.001059854242445473,0.0,4.336808689942018e-19,0.007624340461552241,0.0,0.0,0.0
6,0.2,0.05,1.1,50.0,0.1,0.9,1.0,3000,0.3333333333333333,-0.012742705244748909,outcome_based,500,0,-0.0003429614219177766,0.00021195795525063985,0.004747186931135739,0.006,0.0020425962719602363,0.01749025210405338,0.002,0.00010194164195799127,5.081737109446476e-05
6,0.2,0.05,1.1,50.0,0.1,0.9,1.0,3000,0.3333333333333333,-0.012742705244748909,beta_known_mean,500,0,0.011430148919878026,3.1866444810801e-05,0.011452293395330205,0.03,0.018263213197913384,0.04890366683594573,0.0,0.0003822811573424673,9.731008661319868e-05
6,0.2,0.05,1.1,50.0,0.1,0.9,1.0,3000,0.5,-0.0012500772373538408,beta_estimated_mean,500,0,0.0011293424728791805,3.3513997695353504e-06,0.001131821156091398,0.032,0.019791513626571118,0.051344869045441784,0.0,4.0002471595322907e-05,9.849161123701119e-06
6,0.2,0.05,1.1,50.0,0.1,0.9,1.0,3000,0.5,-0.0012500772373538408,risk_only,500,0,2.923766260237544e-06,1.0452265960090539e-05,0.00023350424063746196,0.0,4.336808689942018e-19,0.007624340461552241,0.0,0.0,0.0
6,0.2,0.05,1.1,50.0,0.1,0.9,1.0,3000,0.5,-0.0012500772373538408,outcome_based,500,0,-2.9922762646159172e-05,0.00010160852833549679,0.002269959822099634,0.282,0.2443364332272433,0.32298777921399346,0.06,0.0004275264151750136,2.654682422368964e-05
6,0.2,0.05,1.1,50.0,0.1,0.9,1.0,3000,0.5,-0.0012500772373538408,beta_known_mean,500,0,0.0011302703729864016,3.132747667554509e-06,0.0011324347027167414,0.03,0.018263213197913384,0.04890366683594573,0.0,3.750231712061522e-05,9.546255830583433e-06
6,0.2,0.05,1.1,50.0,0.1,0.9,1.0,10000,0.058823529411764705,0.002734581720126472,beta_estimated_mean,500,0,-0.002929457016212629,5.71273905201843e-05,0.0031953441512476513,0.586,0.5423312223504144,0.6283573910901985,0.0,0.0016024648879941128,6.0296154086257026e-05
6,0.2,0.05,1.1,50.0,0.1,0.9,1.0,10000,0.058823529411764705,0.002734581720126472,risk_only,500,0,-4.564590997352691e-05,5.5923221415614555e-05,0.0012500637940336232,0.02,0.010899183596210813,0.036420183246879345,0.0,5.4691634402529446e-05,1.713833663983512e-05
6,0.2,0.05,1.1,50.0,0.1,0.9,1.0,10000,0.058823529411764705,0.002734581720126472,outcome_based,500,0,-4.47192201300321e-05,3.175389721616166e-05,0.0007107365847259472,0.0,4.336808689942018e-19,0.007624340461552241,0.0,0.0,0.0
6,0.2,0.05,1.1,50.0,0.1,0.9,1.0,10000,0.058823529411764705,0.002734581720126472,beta_known_mean,500,0,-0.002880360968696375,1.886027527458645e-06,0.002880669072074551,1.0,0.9923756595384479,1.0,0.0,0.002734581720126472,0.0
6,0.2,0.05,1.1,50.0,0.1,0.9,1.0,10000,0.1111111111111111,0.010320043859245787,beta_estimated_mean,500,0,-0.011253014446572123,5.722044401431399e-05,0.01132537635410609,0.766,0.7269485494684876,0.8009953014059666,0.0,0.007905153596182272,0.00019559312420265414
6,0.2,0.05,1.1,50.0,0.1,0.9,1.0,10000,0.1111111111111111,0.010320043859245787,risk_only,500,0,-4.394296802209633e-05,5.4895047322450106e-05,0.0012270495623588624,0.0,4.336808689942018e-19,0.007624340461552241,0.0,0.0,0.0
6,0.2,0.05,1.1,50.0,0.1,0.9,1.0,10000,0.1111111111111111,0.010320043859245787,outcome_based,500,0,-6.729385924700434e-05,6.692683151437617e-05,0.0014965459067441433,0.0,4.336808689942018e-19,0.007624340461552241,0.0,0.0,0.0
6,0.2,0.05,1.1,50.0,0.1,0.9,1.0,10000,0.1111111111111111,0.010320043859245787,beta_known_mean,500,0,-0.011209313617294245,1.1054067815561268e-05,0.011212033079958267,1.0,0.9923756595384479,1.0,0.0,0.010320043859245785,7.765688804434268e-20
6,0.2,0.05,1.1,50.0,0.1,0.9,1.0,10000,0.2,0.003335374146747415,beta_estimated_mean,500,0,-0.005560279352923836,4.812054561059351e-05,0.005663230910935194,0.984,0.9687488914666058,0.9918707469666117,0.0,0.003282008160399456,1.8734919262250865e-05
6,0.2,0.05,1.1,50.0,0.1,0.9,1.0,10000,0.2,0.003335374146747415,risk_only,500,0,-2.7553345731782184e-05,4.681921759096105e-05,0.0010462249832803954,0.0,4.336808689942018e-19,0.007624340461552241,0.0,0.0,0.0
6,0.2,0.05,1.1,50.0,0.1,0.9,1.0,10000,0.2,0.003335374146747415,outcome_based,500,0,-7.847414674565054e-05,0.00015482731598640608,0.0034594704192562656,0.17,0.13962036610396117,0.20541169860066333,0.002,0.0005670136049470605,5.608642934178869e-05
6,0.2,0.05,1.1,50.0,0.1,0.9,1.0,10000,0.2,0.003335374146747415,beta_known_mean,500,0,-0.005533167400081025,2.6925298174837716e-05,0.005565761614239291,1.0,0.9923756595384479,1.0,0.0,0.003335374146747415,0.0
6,0.2,0.05,1.1,50.0,0.1,0.9,1.0,10000,0.3333333333333333,-0.012742705244748909,beta_estimated_mean,500,0,0.011409806660063715,1.993370646177298e-05,0.011418492325785968,0.0,4.336808689942018e-19,0.007624340461552241,0.0,0.0,0.0
6,0.2,0.05,1.1,50.0,0.1,0.9,1.0,10000,0.3333333333333333,-0.012742705244748909,risk_only,500,0,-1.8073523808202265e-05,2.4951124221472727e-05,0.0005576588505713972,0.0,4.336808689942018e-19,0.007624340461552241,0.0,0.0,0.0
6,0.2,0.05,1.1,50.0,0.1,0.9,1.0,10000,0.3333333333333333,-0.012742705244748909,outcome_based,500,0,8.060524474878098e-05,0.00011896445798863516,0.0026586868554760923,0.0,4.336808689942018e-19,0.007624340461552241,0.0,0.0,0.0
6,0.2,0.05,1.1,50.0,0.1,0.9,1.0,10000,0.3333333333333333,-0.012742705244748909,beta_known_mean,500,0,0.011417341470241201,1.6567273901720002e-05,0.011423337912177521,0.0,4.336808689942018e-19,0.007624340461552241,0.0,0.0,0.0
6,0.2,0.05,1.1,50.0,0.1,0.9,1.0,10000,0.5,-0.0012500772373538408,beta_estimated_mean,500,0,0.0011302431504400148,1.727712086525529e-06,0.001130901891701698,0.0,4.336808689942018e-19,0.007624340461552241,0.0,0.0,0.0
6,0.2,0.05,1.1,50.0,0.1,0.9,1.0,10000,0.5,-0.0012500772373538408,risk_only,500,0,3.167215263167759e-06,5.499461171428042e-06,0.00012288947785457283,0.0,4.336808689942018e-19,0.007624340461552241,0.0,0.0,0.0
6,0.2,0.05,1.1,50.0,0.1,0.9,1.0,10000,0.5,-0.0012500772373538408,outcome_based,500,0,4.147723735384087e-05,5.620578493821648e-05,0.0012562270500265894,0.152,0.12319239267380164,0.18611414828743875,0.02,0.00021501328482486062,2.1118640933162504e-05
6,0.2,0.05,1.1,50.0,0.1,0.9,1.0,10000,0.5,-0.0012500772373538408,beta_known_mean,500,0,0.0011306765973796823,1.615560369493233e-06,0.0011312523924750513,0.0,4.336808689942018e-19,0.007624340461552241,0.0,0.0,0.0
7,0.2,0.05,1.1,50.0,0.5,0.1,0.5,500,0.058823529411764705,-0.0017280395342319232,beta_estimated_mean,500,0,0.0015596799366238026,0.0002569509594546454,0.005947980791115046,0.494,0.45039013091903213,0.5377013611665066,0.0,0.00085365152991057,3.8676051882621124e-05
7,0.2,0.05,1.1,50.0,0.5,0.1,0.5,500,0.058823529411764705,-0.0017280395342319232,risk_only,500,0,-8.036082233775278e-06,0.00025655232686524056,0.005730950505124113,0.404,0.36187922469306827,0.44758464867554987,0.0,0.000698127971829697,3.795921422179751e-05
7,0.2,0.05,1.1,50.0,0.5,0.1,0.5,500,0.058823529411764705,-0.0017280395342319232,outcome_based,500,0,7.403953423182778e-05,0.00013779847546210029,0.003079075080706723,0.268,0.23105397343634806,0.30848372053781226,0.01,0.00048039499051647465,3.46572738505748e-05
7,0.2,0.05,1.1,50.0,0.5,0.1,0.5,500,0.058823529411764705,-0.0017280395342319232,beta_known_mean,500,0,0.0015872004926423488,6.030750011963268e-06,0.0015929074068356283,0.162,0.13230178838983928,0.19685226576217005,0.0,0.00027994240454557156,2.8502497605286348e-05
7,0.2,0.05,1.1,50.0,0.5,0.1,0.5,500,0.1111111111111111,-0.004968849566211339,beta_estimated_mean,500,0,0.0040753807536233555,0.00024663238517826905,0.0068528583425418906,0.438,0.39514834408666566,0.48179707413056694,0.0,0.0021763561100005668,0.00011035977051906127
7,0.2,0.05,1.1,50.0,0.5,0.1,0.5,500,0.1111111111111111,-0.004968849566211339,risk_only,500,0,1.563703356777382e-05,0.00025111237236129626,0.0056094472873648655,0.186,0.1543339917500702,0.22245409405978459,0.0,0.0009242060193153091,8.655143051562386e-05
7,0.2,0.05,1.1,50.0,0.5,0.1,0.5,500,0.1111111111111111,-0.004968849566211339,outcome_based,500,0,-0.0002886504337885825,0.0003440404994044395,0.007690701386929801,0.222,0.18776935138162992,0.26046978191499315,0.008,0.0011428354002286079,9.360840736376596e-05
7,0.2,0.05,1.1,50.0,0.5,0.1,0.5,500,0.1111111111111111,-0.004968849566211339,beta_known_mean,500,0,0.004108577286972304,3.640647657978744e-05,0.00418829292910191,0.162,0.13230178838983928,0.19685226576217005,0.0,0.0008049536297262369,8.195681872805989e-05
7,0.2,0.05,1.1,50.0,0.5,0.1,0.5,500,0.2,-0.0010093705275287107,beta_estimated_mean,500,0,-0.001136575796665557,0.0001826545614057883,0.0042355384845299245,0.3,0.2614819321406983,0.3415678040439227,0.0,0.0003028111582586132,2.070665722131094e-05
7,0.2,0.05,1.1,50.0,0.5,0.1,0.5,500,0.2,-0.0010093705275287107,risk_only,500,0,8.954390686638918e-06,0.00019112888488399037,0.004269505269814571,0.418,0.3755530480719333,0.4616973437637613,0.0,0.00042191688050700107,2.228691619886052e-05
7,0.2,0.05,1.1,50.0,0.5,0.1,0.5,500,0.2,-0.0010093705275287107,outcome_based,500,0,0.0002553705275286862,0.0006485153137933231,0.014488985406381362,0.442,0.3990759531428234,0.4858084703507167,0.02,0.00046632918371826437,2.252747272161784e-05
7,0.2,0.05,1.1,50.0,0.5,0.1,0.5,500,0.2,-0.0010093705275287107,beta_known_mean,500,0,-0.0011230015687613585,9.012754589715975e-05,0.00230531924332257,0.162,0.13230178838983928,0.19685226576217005,0.0,0.00016351802545965113,1.6648682205364682e-05
7,0.2,0.05,1.1,50.0,0.5,0.1,0.5,500,0.3333333333333333,0.0005452422527251434,beta_estimated_mean,500,0,-0.0018216254865967155,6.611743469602079e-05,0.0023451450879720054,0.806,0.7690603702807669,0.8382735333567634,0.0,0.00043946525569646557,9.651784497178971e-06
7,0.2,0.05,1.1,50.0,0.5,0.1,0.5,500,0.3333333333333333,0.0005452422527251434,risk_only,500,0,3.06023716700703e-05,7.496433643532313e-05,0.0016748560302332863,0.352,0.31141084189074275,0.3948459628858768,0.0,0.00019192527295925046,1.1657302473872274e-05
7,0.2,0.05,1.1,50.0,0.5,0.1,0.5,500,0.3333333333333333,0.0005452422527251434,outcome_based,500,0,-7.324225272514318e-05,0.0005701337887497532,0.012736034721512982,0.476,0.43257418943321424,0.5197917789089403,0.028,0.00025953531229716824,1.2190130375678432e-05
7,0.2,0.05,1.1,50.0,0.5,0.1,0.5,500,0.3333333333333333,0.0005452422527251434,beta_known_mean,500,0,-0.0018266033295880758,5.428178897179909e-05,0.0021924391708865562,0.838,0.8031477342378299,0.8676982116101608,0.0,0.0004569130077836702,8.993293090083655e-06
7,0.2,0.05,1.1,50.0,0.5,0.1,0.5,500,0.5,-5.449938913374024e-05,beta_estimated_mean,500,0,-6.131915441380936e-05,5.391070519423171e-06,0.00013513991168184186,0.174,0.14328947208106416,0.20968159789986787,0.0,9.482893709270802e-06,9.249239163576314e-07
7,0.2,0.05,1.1,50.0,0.5,0.1,0.5,500,0.5,-5.449938913374024e-05,risk_only,500,0,1.7664730084236464e-05,1.0150324919285284e-05,0.00022742814596376097,0.362,0.32107604417818575,0.40502827378920275,0.162,2.8557679906079894e-05,1.2184577692111239e-06
7,0.2,0.05,1.1,50.0,0.5,0.1,0.5,500,0.5,-5.449938913374024e-05,outcome_based,500,0,0.00011449938913374037,0.00011840963509515065,0.002647547942929835,0.348,0.30755030205694756,0.39076749744336436,0.318,3.629659316307101e-05,1.1506724354319367e-06
7,0.2,0.05,1.1,50.0,0.5,0.1,0.5,500,0.5,-5.449938913374024e-05,beta_known_mean,500,0,-6.167431315082923e-05,5.0915498408422724e-06,0.00012938213521864313,0.162,0.13230178838983928,0.19685226576217005,0.0,8.82890103966592e-06,8.989196586665127e-07
7,0.2,0.05,1.1,50.0,0.5,0.1,0.5,3000,0.058823529411764705,-0.0017280395342319232,beta_estimated_mean,500,0,0.0014956232562715673,0.00010760962482637592,0.002831117230172885,0.452,0.4089073378092892,0.49582459887502,0.0,0.0007810738694728293,3.850019222894767e-05
7,0.2,0.05,1.1,50.0,0.5,0.1,0.5,3000,0.058823529411764705,-0.0017280395342319232,risk_only,500,0,-8.540283691537948e-05,0.0001066706041837588,0.002384370760855018,0.228,0.19338176911500068,0.26676587209608377,0.0,0.0003939930138048785,3.245484018726772e-05
7,0.2,0.05,1.1,50.0,0.5,0.1,0.5,3000,0.058823529411764705,-0.0017280395342319232,outcome_based,500,0,7.456200898385612e-06,5.3039980661209835e-05,0.0011848468802567074,0.076,0.055869027037427826,0.10259641367396849,0.0,0.00013133100460162618,2.0499637576948453e-05
7,0.2,0.05,1.1,50.0,0.5,0.1,0.5,3000,0.058823529411764705,-0.0017280395342319232,beta_known_mean,500,0,0.0015820614930384235,2.4593521392257434e-06,0.0015830150744116048,0.002,0.00035313639455927456,0.011240706705146758,0.0,3.4560790684638464e-06,3.4560790684638447e-06
7,0.2,0.05,1.1,50.0,0.5,0.1,0.5,3000,0.1111111111111111,-0.004968849566211339,beta_estimated_mean,500,0,0.003992247450423798,0.00010381462576020897,0.004616925436885428,0.328,0.28829618984058974,0.3703265832781843,0.0,0.0016297826577173194,0.00010443044631273403
7,0.2,0.05,1.1,50.0,0.5,0.1,0.5,3000,0.1111111111111111,-0.004968849566211339,risk_only,500,0,-7.516781449701413e-05,0.00010362192548646011,0.0023159586390208878,0.008,0.00311531518006224,0.020387035834105168,0.0,3.975079652969071e-05,1.9815562509600168e-05
7,0.2,0.05,1.1,50.0,0.5,0.1,0.5,3000,0.1111111111111111,-0.004968849566211339,outcome_based,500,0,-9.315043378964449e-05,0.00013941082167051922,0.0031155946824869577,0.038,0.024460118055830385,0.05858477253064388,0.0,0.00018881628351603087,4.252897443362199e-05
7,0.2,0.05,1.1,50.0,0.5,0.1,0.5,3000,0.1111111111111111,-0.004968849566211339,beta_known_mean,500,0,0.004074688139178185,1.4921840742398487e-05,0.004088299332949949,0.002,0.00035313639455927456,0.011240706705146758,0.0,9.937699132422678e-06,9.937699132422675e-06
7,0.2,0.05,1.1,50.0,0.5,0.1,0.5,3000,0.2,-0.0010093705275287107,beta_estimated_mean,500,0,-0.0012528381346608149,7.747137678051818e-05,0.0021364710827845596,0.094,0.0714264085922213,0.12276455586255913,0.0,9.48808295876988e-05,1.3186464578356364e-05
7,0.2,0.05,1.1,50.0,0.5,0.1,0.5,3000,0.2,-0.0010093705275287107,risk_only,500,0,-7.121695164241545e-05,8.097509311480463e-05,0.001810247977756619,0.276,0.23863813294339814,0.31677757158337744,0.0,0.0002785862655979242,2.019873497938921e-05
7,0.2,0.05,1.1,50.0,0.5,0.1,0.5,3000,0.2,-0.0010093705275287107,outcome_based,500,0,-0.00016579613913785053,0.00027281927186158976,0.006096575723649953,0.424,0.381424117793864,0.46773478195629203,0.002,0.0004299918447272307,2.2344008742395427e-05
7,0.2,0.05,1.1,50.0,0.5,0.1,0.5,3000,0.2,-0.0010093705275287107,beta_known_mean,500,0,-0.0012046875387281642,3.690900793008967e-05,0.001459810680976218,0.002,0.00035313639455927456,0.011240706705146758,0.0,2.0187410550574214e-06,2.018741055057422e-06
7,0.2,0.05,1.1,50.0,0.5,0.1,0.5,3000,0.3333333333333333,0.0005452422527251434,beta_estimated_mean,500,0,-0.0018844910269730265,2.7568959136678938e-05,0.001982566553025121,0.992,0.9796129641658948,0.9968846848199377,0.0,0.0005408803147033421,2.1744031083614333e-06
7,0.2,0.05,1.1,50.0,0.5,0.1,0.5,3000,0.3333333333333333,0.0005452422527251434,risk_only,500,0,-2.371988773480763e-05,3.156800513293323e-05,0.0007055746368475332,0.218,0.18403372643598842,0.25626640158432706,0.0,0.00011886281109408125,1.0077918780376894e-05
7,0.2,0.05,1.1,50.0,0.5,0.1,0.5,3000,0.3333333333333333,0.0005452422527251434,outcome_based,500,0,7.809108060818946e-05,0.00020839062672446012,0.004655748942637541,0.464,0.42072818700752684,0.5078207655057051,0.028,0.0002529924052644665,1.2172523335084906e-05
7,0.2,0.05,1.1,50.0,0.5,0.1,0.5,3000,0.3333333333333333,0.0005452422527251434,beta_known_mean,500,0,-0.0018770364030379328,2.2243812954727113e-05,0.0019416911388007259,0.998,0.9887592932948532,0.9996468636054407,0.0,0.000544151768219693,1.0904845054502872e-06
7,0.2,0.05,1.1,50.0,0.5,0.1,0.5,3000,0.5,-5.449938913374024e-05,beta_estimated_mean,500,0,-6.479973744802599e-05,2.155287994497009e-06,8.072790023656845e-05,0.002,0.00035313639455927456,0.011240706705146758,0.0,1.0899877826748048e-07,1.0899877826748043e-07
7,0.2,0.05,1.1,50.0,0.5,0.1,0.5,3000,0.5,-5.449938913374024e-05,risk_only,500,0,-7.907023529222755e-07,4.8273600208197695e-06,0.00010783795338722277,0.294,0.25575848743575685,0.3353827408344027,0.0,1.602282040531963e-05,1.1115202452533458e-06
7,0.2,0.05,1.1,50.0,0.5,0.1,0.5,3000,0.5,-5.449938913374024e-05,outcome_based,500,0,-7.08339441995931e-05,4.966739518772766e-05,0.0011117444265086708,0.416,0.3735974667931464,0.4596834224043944,0.098,2.801268601474249e-05,1.2193855823624108e-06
7,0.2,0.05,1.1,50.0,0.5,0.1,0.5,3000,0.5,-5.449938913374024e-05,beta_known_mean,500,0,-6.466398010286378e-05,2.0456869706010018e-06,7.918120407271684e-05,0.002,0.00035313639455927456,0.011240706705146758,0.0,1.0899877826748048e-07,1.0899877826748043e-07
7,0.2,0.05,1.1,50.0,0.5,0.1,0.5,10000,0.058823529411764705,-0.0017280395342319232,beta_estimated_mean,500,0,0.001639958704081208,6.100675399990401e-05,0.0021322886164542817,0.458,0.4148146097748511,0.5018258348239194,0.0,0.0007914421066782209,3.854213635613364e-05
7,0.2,0.05,1.1,50.0,0.5,0.1,0.5,10000,0.058823529411764705,-0.0017280395342319232,risk_only,500,0,5.362734238359928e-05,6.057619671689032e-05,0.0013542319670514875,0.118,0.09259300825150649,0.14923198786111944,0.0,0.00020390866503936693,2.4956213794937835e-05
7,0.2,0.05,1.1,50.0,0.5,0.1,0.5,10000,0.058823529411764705,-0.0017280395342319232,outcome_based,500,0,-2.9910465766095573e-05,2.9451266512641396e-05,0.0006585710352440825,0.01,0.004278753896590496,0.023193099755730702,0.0,1.7280395342319232e-05,7.696991351347708e-06
7,0.2,0.05,1.1,50.0,0.5,0.1,0.5,10000,0.058823529411764705,-0.0017280395342319232,beta_known_mean,500,0,0.001583395288369736,1.278424299197087e-06,0.0015836527994504287,0.0,4.336808689942018e-19,0.007624340461552241,0.0,0.0,0.0
7,0.2,0.05,1.1,50.0,0.5,0.1,0.5,10000,0.1111111111111111,-0.004968849566211339,beta_estimated_mean,500,0,0.004135377791022405,5.832166620891855e-05,0.004335741739590149,0.236,0.20088129547155886,0.27514435629214073,0.0,0.0011726484976258761,9.44513688714375e-05
7,0.2,0.05,1.1,50.0,0.5,0.1,0.5,10000,0.1111111111111111,-0.004968849566211339,risk_only,500,0,4.8815531546385764e-05,5.8072653326700766e-05,0.0012981629540459616,0.0,4.336808689942018e-19,0.007624340461552241,0.0,0.0,0.0
7,0.2,0.05,1.1,50.0,0.5,0.1,0.5,10000,0.1111111111111111,-0.004968849566211339,outcome_based,500,0,-0.00017030043378857173,7.45735844249733e-05,0.0016745300132421927,0.002,0.00035313639455927456,0.011240706705146758,0.0,9.937699132422678e-06,9.937699132422675e-06
7,0.2,0.05,1.1,50.0,0.5,0.1,0.5,10000,0.1111111111111111,-0.004968849566211339,beta_known_mean,500,0,0.0040838561342670075,7.758927737310251e-06,0.004087532410176956,0.0,4.336808689942018e-19,0.007624340461552241,0.0,0.0,0.0
7,0.2,0.05,1.1,50.0,0.5,0.1,0.5,10000,0.2,-0.0010093705275287107,beta_estimated_mean,500,0,-0.0011496155381264383,4.215107582239787e-05,0.001485999922207778,0.016,0.008129253033388314,0.03125110853339426,0.0,1.614992844045937e-05,5.669671379262516e-06
7,0.2,0.05,1.1,50.0,0.5,0.1,0.5,10000,0.2,-0.0010093705275287107,risk_only,500,0,3.46040457625086e-05,4.32640452162821e-05,0.0009670648719775258,0.156,0.126830791403845,0.19041475483370296,0.0,0.00015746180229447886,1.6395847466961503e-05
7,0.2,0.05,1.1,50.0,0.5,0.1,0.5,10000,0.2,-0.0010093705275287107,outcome_based,500,0,-0.00029897947247186583,0.00015181788562549026,0.0034045080778962737,0.338,0.29791302434501227,0.3805572619645308,0.004,0.0003452047204148191,2.1435141101839726e-05
7,0.2,0.05,1.1,50.0,0.5,0.1,0.5,10000,0.2,-0.0010093705275287107,beta_known_mean,500,0,-0.001180278335148659,1.918466567104958e-05,0.0012556729651781767,0.0,4.336808689942018e-19,0.007624340461552241,0.0,0.0,0.0
7,0.2,0.05,1.1,50.0,0.5,0.1,0.5,10000,0.3333333333333333,0.0005452422527251434,beta_estimated_mean,500,0,-0.001857285231537448,1.4510156826416797e-05,0.0018853567864464246,1.0,0.9923756595384479,1.0,0.0,0.0005452422527251433,4.8535555027714175e-21
7,0.2,0.05,1.1,50.0,0.5,0.1,0.5,10000,0.3333333333333333,0.0005452422527251434,risk_only,500,0,1.018942789854598e-05,1.6910430355756262e-05,0.0003778877997428922,0.062,0.044019209142681565,0.08665971310163822,0.0,3.3805019668958884e-05,5.886220062063814e-06
7,0.2,0.05,1.1,50.0,0.5,0.1,0.5,10000,0.3333333333333333,0.0005452422527251434,outcome_based,500,0,4.5057747274838274e-05,0.00011871507215477295,0.002652276590137093,0.424,0.381424117793864,0.46773478195629203,0.006,0.00023118271515546078,1.206239096461484e-05
7,0.2,0.05,1.1,50.0,0.5,0.1,0.5,10000,0.3333333333333333,0.0005452422527251434,beta_known_mean,500,0,-0.0018636747087698606,1.1566618398931948e-05,0.0018815001897529784,1.0,0.9923756595384479,1.0,0.0,0.0005452422527251433,4.8535555027714175e-21
7,0.2,0.05,1.1,50.0,0.5,0.1,0.5,10000,0.5,-5.449938913374024e-05,beta_estimated_mean,500,0,-6.335977369480076e-05,1.1203876739277018e-06,6.81237104396189e-05,0.0,4.336808689942018e-19,0.007624340461552241,0.0,0.0,0.0
7,0.2,0.05,1.1,50.0,0.5,0.1,0.5,10000,0.5,-5.449938913374024e-05,risk_only,500,0,-1.259643230324503e-07,2.7088316143250945e-06,6.051084576899797e-05,0.18,0.148804907912759,0.21607466998263444,0.0,9.809890044073244e-06,9.373127839192667e-07
7,0.2,0.05,1.1,50.0,0.5,0.1,0.5,10000,0.5,-5.449938913374024e-05,outcome_based,500,0,-1.4500610866259755e-05,2.6189497504899137e-05,0.0005852087385843573,0.434,0.3912235726331776,0.47778284030774737,0.052,2.6486703118997765e-05,1.2193855823624108e-06
7,0.2,0.05,1.1,50.0,0.5,0.1,0.5,10000,0.5,-5.449938913374024e-05,beta_known_mean,500,0,-6.357153520823443e-05,1.0614249962138427e-06,6.78492813300405e-05,0.0,4.336808689942018e-19,0.007624340461552241,0.0,0.0,0.0
8,0.2,0.05,1.1,50.0,0.5,0.1,1.0,500,0.058823529411764705,-0.0033112505039204487,beta_estimated_mean,500,0,0.0031505012238879854,0.0002680987760262384,0.006766997699230916,0.48,0.43652842657373225,0.5237765470447299,0.0,0.0015894002418818153,7.405664872499765e-05
8,0.2,0.05,1.1,50.0,0.5,0.1,1.0,500,0.058823529411764705,-0.0033112505039204487,risk_only,500,0,1.2726981872845932e-05,0.00026419748262963177,0.0059017384371180875,0.278,0.2405366075286252,0.31884859963630413,0.0,0.0009205276400898847,6.640989006841946e-05
8,0.2,0.05,1.1,50.0,0.5,0.1,1.0,500,0.058823529411764705,-0.0033112505039204487,outcome_based,500,0,0.00011550050392027045,0.00016469684720101774,0.00368086145540763,0.186,0.1543339917500702,0.22245409405978459,0.01,0.000649005098768408,5.884340895791523e-05
8,0.2,0.05,1.1,50.0,0.5,0.1,1.0,500,0.058823529411764705,-0.0033112505039204487,beta_known_mean,500,0,0.003164945784209437,4.849142680874038e-06,0.003166798919282702,0.086,0.06447314240360771,0.11383981149855754,0.0,0.0002847675433371586,4.155890422418254e-05
8,0.2,0.05,1.1,50.0,0.5,0.1,1.0,500,0.1111111111111111,-0.009051302980248838,beta_estimated_mean,500,0,0.00812589813950097,0.00024930081048579343,0.009851066781515247,0.438,0.39514834408666566,0.48179707413056694,0.0,0.0039644707053489905,0.00020103239321056778
8,0.2,0.05,1.1,50.0,0.5,0.1,1.0,500,0.1111111111111111,-0.009051302980248838,risk_only,500,0,1.9993603826797658e-05,0.00024927222511153925,0.005568355610771539,0.058,0.0406837291117572,0.08205618785625499,0.0,0.0005249755728544325,9.471096855809827e-05
8,0.2,0.05,1.1,50.0,0.5,0.1,1.0,500,0.1111111111111111,-0.009051302980248838,outcome_based,500,0,1.4302980248978386e-05,0.00033802630899256635,0.007550949316161634,0.134,0.10691500187152081,0.16666601534633546,0.008,0.001285285023195335,0.00014143231363027126
8,0.2,0.05,1.1,50.0,0.5,0.1,1.0,500,0.1111111111111111,-0.009051302980248838,beta_known_mean,500,0,0.008154264537722552,2.9229639189455706e-05,0.008180364397930285,0.086,0.06447314240360771,0.11383981149855754,0.0,0.0007784120563014001,0.00011360126128024788
8,0.2,0.05,1.1,50.0,0.5,0.1,1.0,500,0.2,0.00017439094348933176,beta_estimated_mean,500,0,-0.002407164773882876,0.00016463645327961066,0.004395442862911407,0.734,0.6935922104844646,0.770839598179529,0.0,0.0001280029525211695,3.4495504645845746e-06
8,0.2,0.05,1.1,50.0,0.5,0.1,1.0,500,0.2,0.00017439094348933176,risk_only,500,0,-6.616355684963854e-06,0.00018082099795899018,0.004039240546724375,0.474,0.43059811407349635,0.5177983516305045,0.0,8.266130721394325e-05,3.89812442562338e-06
8,0.2,0.05,1.1,50.0,0.5,0.1,1.0,500,0.2,0.00017439094348933176,outcome_based,500,0,0.00032260905651063023,0.000686038102846422,0.015328325662098404,0.478,0.43455096039387586,0.5217845105864325,0.006,8.335887098790059e-05,3.899625075089728e-06
8,0.2,0.05,1.1,50.0,0.5,0.1,1.0,500,0.2,0.00017439094348933176,beta_known_mean,500,0,-0.002399809434185415,7.232267984804665e-05,0.002892946553358089,0.914,0.8861601885014425,0.9355268575963924,0.0,0.00015939332234924923,2.188749087227647e-06
8,0.2,0.05,1.1,50.0,0.5,0.1,1.0,500,0.3333333333333333,0.002410974002693758,beta_estimated_mean,500,0,-0.00373244199104973,5.1791052015209854e-05,0.00390763322714703,0.872,0.8398543146918417,0.8984731760047634,0.0,0.002102369330348957,3.605831944895884e-05
8,0.2,0.05,1.1,50.0,0.5,0.1,1.0,500,0.3333333333333333,0.002410974002693758,risk_only,500,0,-7.064869303498364e-05,4.8973490078886476e-05,0.0010962637457977169,0.01,0.004278753896590496,0.023193099755730702,0.0,2.4109740026937582e-05,1.0738901326876363e-05
8,0.2,0.05,1.1,50.0,0.5,0.1,1.0,500,0.3333333333333333,0.002410974002693758,outcome_based,500,0,0.00022702599730624494,0.000495735230579465,0.011076213107531513,0.404,0.36187922469306827,0.44758464867554987,0.038,0.0009740334970882782,5.296098662008625e-05
8,0.2,0.05,1.1,50.0,0.5,0.1,1.0,500,0.3333333333333333,0.002410974002693758,beta_known_mean,500,0,-0.0037465090595761785,4.358900192709056e-05,0.0038709728333969655,0.914,0.8861601885014425,0.9355268575963924,0.0,0.002203630238462095,3.0259697219015096e-05
8,0.2,0.05,1.1,50.0,0.5,0.1,1.0,500,0.5,9.13540842660093e-06,beta_estimated_mean,500,0,-0.00012758632347294456,4.106778070670031e-06,0.00015714393838799271,0.91,0.8816905887106666,0.9320574521108606,0.0,8.313221668206846e-06,1.1703604753765123e-07
8,0.2,0.05,1.1,50.0,0.5,0.1,1.0,500,0.5,9.13540842660093e-06,risk_only,500,0,1.0009415108264956e-06,1.8170915823231125e-06,4.060309066271067e-05,0.014,0.00679778979084349,0.02861306913778529,0.858,1.2789571797241302e-07,4.8048537271171494e-08
8,0.2,0.05,1.1,50.0,0.5,0.1,1.0,500,0.5,9.13540842660093e-06,outcome_based,500,0,-3.3135408426601e-05,3.7116077465336034e-05,0.0008297722309716069,0.074,0.054161184751011976,0.10033475332223055,0.864,6.760202235684687e-07,1.0705305096060031e-07
8,0.2,0.05,1.1,50.0,0.5,0.1,1.0,500,0.5,9.13540842660093e-06,beta_known_mean,500,0,-0.00012908979824613064,4.100466859001309e-06,0.0001582854270413072,0.914,0.8861601885014425,0.9355268575963924,0.0,8.349763301913249e-06,1.1465685347586716e-07
8,0.2,0.05,1.1,50.0,0.5,0.1,1.0,3000,0.058823529411764705,-0.0033112505039204487,beta_estimated_mean,500,0,0.0032406746170098814,0.00010441126379040169,0.003992734184049855,0.486,0.4424649931129956,0.5297484884199279,0.0,0.001609267744905338,7.408690607820323e-05
8,0.2,0.05,1.1,50.0,0.5,0.1,1.0,3000,0.058823529411764705,-0.0033112505039204487,risk_only,500,0,6.862034242207582e-05,0.00010323905404616323,0.002307206447045232,0.084,0.06274413680383038,0.1115993144601811,0.0,0.0002781450423293177,4.111773132927487e-05
8,0.2,0.05,1.1,50.0,0.5,0.1,1.0,3000,0.058823529411764705,-0.0033112505039204487,outcome_based,500,0,6.920883725340077e-05,6.204591836471948e-05,0.0013877276966425954,0.01,0.004278753896590496,0.023193099755730702,0.0,3.3112505039204485e-05,1.4748890859230086e-05
8,0.2,0.05,1.1,50.0,0.5,0.1,1.0,3000,0.058823529411764705,-0.0033112505039204487,beta_known_mean,500,0,0.003167730121685019,2.0692045452780423e-06,0.003168067336081769,0.0,4.336808689942018e-19,0.007624340461552241,0.0,0.0,0.0
8,0.2,0.05,1.1,50.0,0.5,0.1,1.0,3000,0.1111111111111111,-0.009051302980248838,beta_estimated_mean,500,0,0.008237431154890902,9.773918964229001e-05,0.008521865621936379,0.344,0.3036929655617379,0.38668582866226636,0.0,0.0031136482252056004,0.0001924828191064081
8,0.2,0.05,1.1,50.0,0.5,0.1,1.0,3000,0.1111111111111111,-0.009051302980248838,risk_only,500,0,8.435233033587211e-05,9.760108750592176e-05,0.002181874305389761,0.0,4.336808689942018e-19,0.007624340461552241,0.0,0.0,0.0
8,0.2,0.05,1.1,50.0,0.5,0.1,1.0,3000,0.1111111111111111,-0.009051302980248838,outcome_based,500,0,6.480298024717005e-05,0.00014087694715458999,0.003147619772432478,0.0,4.336808689942018e-19,0.007624340461552241,0.0,0.0,0.0
8,0.2,0.05,1.1,50.0,0.5,0.1,1.0,3000,0.1111111111111111,-0.009051302980248838,beta_known_mean,500,0,0.008173599692290402,1.2582443392298882e-05,0.00817843093464683,0.0,4.336808689942018e-19,0.007624340461552241,0.0,0.0,0.0
8,0.2,0.05,1.1,50.0,0.5,0.1,1.0,3000,0.2,0.00017439094348933176,beta_estimated_mean,500,0,-0.0023065899499039697,6.65962860679273e-05,0.002744713972475194,0.92,0.8928936834221488,0.9407018705901475,0.0,0.0001604396680101852,2.117934679587597e-06
8,0.2,0.05,1.1,50.0,0.5,0.1,1.0,3000,0.2,0.00017439094348933176,risk_only,500,0,8.104455859719914e-05,7.308468043518887e-05,0.0016345984543981254,0.434,0.3912235726331776,0.47778284030774737,0.0,7.568566947436999e-05,3.869249497291641e-06
8,0.2,0.05,1.1,50.0,0.5,0.1,1.0,3000,0.2,0.00017439094348933176,outcome_based,500,0,0.0001129423898441966,0.00026253042406210625,0.00586557290799289,0.484,0.4404854432314528,0.527758535663317,0.006,8.440521664883657e-05,3.901406346628492e-06
8,0.2,0.05,1.1,50.0,0.5,0.1,1.0,3000,0.2,0.00017439094348933176,beta_known_mean,500,0,-0.0023460036227434004,3.1144500659759234e-05,0.0024469885530334396,1.0,0.9923756595384479,1.0,0.0,0.00017439094348933176,0.0
8,0.2,0.05,1.1,50.0,0.5,0.1,1.0,3000,0.3333333333333333,0.002410974002693758,beta_estimated_mean,500,0,-0.003707652500306101,2.204324726333821e-05,0.003740207685842124,0.994,0.9825097478959467,0.9979574037280398,0.0,0.0023965081586775953,8.335104940101658e-06
8,0.2,0.05,1.1,50.0,0.5,0.1,1.0,3000,0.3333333333333333,0.002410974002693758,risk_only,500,0,1.3578821097687874e-06,2.0747281458377912e-05,0.0004634611505967753,0.0,4.336808689942018e-19,0.007624340461552241,0.0,0.0,0.0
8,0.2,0.05,1.1,50.0,0.5,0.1,1.0,3000,0.3333333333333333,0.002410974002693758,outcome_based,500,0,4.235933063957348e-05,0.00020671665307960053,0.004617894527644364,0.308,0.26912574805455886,0.3498019986826773,0.014,0.0007425799928296775,4.982767924559497e-05
8,0.2,0.05,1.1,50.0,0.5,0.1,1.0,3000,0.3333333333333333,0.002410974002693758,beta_known_mean,500,0,-0.0037185929893143897,1.8750891892861166e-05,0.0037421090574193895,1.0,0.9923756595384479,1.0,0.0,0.002410974002693758,0.0
8,0.2,0.05,1.1,50.0,0.5,0.1,1.0,3000,0.5,9.13540842660093e-06,beta_estimated_mean,500,0,-0.00012586010323909435,1.7303899978560932e-06,0.00013166205265812553,0.998,0.9887592932948532,0.9996468636054407,0.0,9.117137609747728e-06,1.8270816853201855e-08
8,0.2,0.05,1.1,50.0,0.5,0.1,1.0,3000,0.5,9.13540842660093e-06,risk_only,500,0,2.7795477630426587e-07,8.517565298759103e-07,1.9028829779169565e-05,0.128,0.10152682399523652,0.16014568530815834,0.338,1.169332278604919e-06,1.366283812994429e-07
8,0.2,0.05,1.1,50.0,0.5,0.1,1.0,3000,0.5,9.13540842660093e-06,outcome_based,500,0,-2.2468741759934263e-05,1.555332872059238e-05,0.0003481608183977423,0.296,0.2576653952306019,0.33744533567771146,0.446,2.704080894273875e-06,1.8668519634678146e-07
8,0.2,0.05,1.1,50.0,0.5,0.1,1.0,3000,0.5,9.13540842660093e-06,beta_known_mean,500,0,-0.00012642361935576537,1.716475141141242e-06,0.00013211028990649904,1.0,0.9923756595384479,1.0,0.0,9.13540842660093e-06,0.0
8,0.2,0.05,1.1,50.0,0.5,0.1,1.0,10000,0.058823529411764705,-0.0033112505039204487,beta_estimated_mean,500,0,0.0031807967374492515,6.397414917844234e-05,0.0034870791609536906,0.452,0.4089073378092892,0.49582459887502,0.0,0.0014966852277720427,7.377364834179037e-05
8,0.2,0.05,1.1,50.0,0.5,0.1,1.0,10000,0.058823529411764705,-0.0033112505039204487,risk_only,500,0,1.222954922864483e-05,6.340531803782364e-05,0.0014164203137690592,0.014,0.00679778979084349,0.02861306913778529,0.0,4.635750705488628e-05,1.7415832530106667e-05
8,0.2,0.05,1.1,50.0,0.5,0.1,1.0,10000,0.058823529411764705,-0.0033112505039204487,outcome_based,500,0,8.462550392421625e-05,3.349829645640562e-05,0.0007530652513491543,0.0,4.336808689942018e-19,0.007624340461552241,0.0,0.0,0.0
8,0.2,0.05,1.1,50.0,0.5,0.1,1.0,10000,0.058823529411764705,-0.0033112505039204487,beta_known_mean,500,0,0.0031674006093621223,1.1643009571288655e-06,0.0031675073895652095,0.0,4.336808689942018e-19,0.007624340461552241,0.0,0.0,0.0
8,0.2,0.05,1.1,50.0,0.5,0.1,1.0,10000,0.1111111111111111,-0.009051302980248838,beta_estimated_mean,500,0,0.008182557487896447,5.942529856912265e-05,0.00828953549552898,0.236,0.20088129547155886,0.27514435629214073,0.0,0.0021361075033387252,0.00017205349954003076
8,0.2,0.05,1.1,50.0,0.5,0.1,1.0,10000,0.1111111111111111,-0.009051302980248838,risk_only,500,0,1.7185802811092028e-05,5.977048036705094e-05,0.0013352819938683232,0.0,4.336808689942018e-19,0.007624340461552241,0.0,0.0,0.0
8,0.2,0.05,1.1,50.0,0.5,0.1,1.0,10000,0.1111111111111111,-0.009051302980248838,outcome_based,500,0,3.5779802487854175e-06,7.791043958895748e-05,0.0017403910663463004,0.0,4.336808689942018e-19,0.007624340461552241,0.0,0.0,0.0
8,0.2,0.05,1.1,50.0,0.5,0.1,1.0,10000,0.1111111111111111,-0.009051302980248838,beta_known_mean,500,0,0.008170751026101248,7.040237781354669e-06,0.008172264388747809,0.0,4.336808689942018e-19,0.007624340461552241,0.0,0.0,0.0
8,0.2,0.05,1.1,50.0,0.5,0.1,1.0,10000,0.2,0.00017439094348933176,beta_estimated_mean,500,0,-0.0023460164040552413,3.904247684012125e-05,0.0025028835674086353,0.99,0.9768069002442693,0.9957212461034096,0.0,0.00017264703405443844,7.767678674014656e-07
8,0.2,0.05,1.1,50.0,0.5,0.1,1.0,10000,0.2,0.00017439094348933176,risk_only,500,0,2.234096831331389e-05,4.3012204109930205e-05,0.0009610795598491992,0.41,0.3677350694076764,0.453637311875403,0.0,7.150028683062603e-05,3.839649560059612e-06
8,0.2,0.05,1.1,50.0,0.5,0.1,1.0,10000,0.2,0.00017439094348933176,outcome_based,500,0,-4.024094349031808e-05,0.00014628632688624832,0.0032680367747371314,0.45,0.4069396517813318,0.4938227822648235,0.006,7.847592457019929e-05,3.883839337007328e-06
8,0.2,0.05,1.1,50.0,0.5,0.1,1.0,10000,0.2,0.00017439094348933176,beta_known_mean,500,0,-0.002353396013585674,1.7376705537913673e-05,0.002385193030876384,1.0,0.9923756595384479,1.0,0.0,0.00017439094348933176,0.0
8,0.2,0.05,1.1,50.0,0.5,0.1,1.0,10000,0.3333333333333333,0.002410974002693758,beta_estimated_mean,500,0,-0.0037207090490800464,1.2336898471708559e-05,0.0037309011191390294,1.0,0.9923756595384479,1.0,0.0,0.002410974002693758,0.0
8,0.2,0.05,1.1,50.0,0.5,0.1,1.0,10000,0.3333333333333333,0.002410974002693758,risk_only,500,0,1.665560813063286e-05,1.1071669917139657e-05,0.0002478825624857359,0.0,4.336808689942018e-19,0.007624340461552241,0.0,0.0,0.0
8,0.2,0.05,1.1,50.0,0.5,0.1,1.0,10000,0.3333333333333333,0.002410974002693758,outcome_based,500,0,-6.127400269376784e-05,0.00011135974049721489,0.0024883427041720017,0.154,0.1250106802783401,0.18826536332105404,0.004,0.00037128999641483873,3.895720552712133e-05
8,0.2,0.05,1.1,50.0,0.5,0.1,1.0,10000,0.3333333333333333,0.002410974002693758,beta_known_mean,500,0,-0.003722705590360337,1.050161631686796e-05,0.003730089623747423,1.0,0.9923756595384479,1.0,0.0,0.002410974002693758,0.0
8,0.2,0.05,1.1,50.0,0.5,0.1,1.0,10000,0.5,9.13540842660093e-06,beta_estimated_mean,500,0,-0.00012638892044490862,9.691316692296111e-07,0.00012822959132426898,1.0,0.9923756595384479,1.0,0.0,9.13540842660093e-06,0.0
8,0.2,0.05,1.1,50.0,0.5,0.1,1.0,10000,0.5,9.13540842660093e-06,risk_only,500,0,-3.171161676515769e-07,4.0806048632922353e-07,9.12089521674841e-06,0.116,0.09081365651103794,0.1470418369634342,0.028,1.059707377485708e-06,1.3095823792489623e-07
8,0.2,0.05,1.1,50.0,0.5,0.1,1.0,10000,0.5,9.13540842660093e-06,outcome_based,500,0,-6.535408426600929e-06,7.80180853602969e-06,0.00017440169598746018,0.378,0.3365807935394356,0.42127954553318325,0.25,3.453184385255151e-06,1.9829820731474556e-07
8,0.2,0.05,1.1,50.0,0.5,0.1,1.0,10000,0.5,9.13540842660093e-06,beta_known_mean,500,0,-0.00012648815944677773,9.691464689938119e-07,0.0001283274626669471,1.0,0.9923756595384479,1.0,0.0,9.13540842660093e-06,0.0
9,0.2,0.05,1.1,50.0,0.5,0.5,0.5,500,0.058823529411764705,-9.708519182891062e-05,beta_estimated_mean,500,0,-0.0003922647126748279,0.0002709812595755437,0.006065959304375757,0.446,0.4030063915853302,0.4898170371845176,0.0,4.329999555569414e-05,2.16035455024177e-06
9,0.2,0.05,1.1,50.0,0.5,0.5,0.5,500,0.058823529411764705,-9.708519182891062e-05,risk_only,500,0,-0.000345186074327207,0.00027304288896254,0.006109076085072225,0.448,0.4049726694186174,0.4918202619893841,0.0,4.349416593935196e-05,2.1612811520571817e-06
9,0.2,0.05,1.1,50.0,0.5,0.5,0.5,500,0.058823529411764705,-9.708519182891062e-05,outcome_based,500,0,-0.00013266480817109586,9.47916837154134e-05,0.0021216376077989748,0.396,0.35408170350275736,0.4395041593132456,0.03,4.1358291719115924e-05,2.149133857012298e-06
9,0.2,0.05,1.1,50.0,0.5,0.5,0.5,500,0.058823529411764705,-9.708519182891062e-05,beta_known_mean,500,0,-4.284845617630156e-05,5.792557399473372e-06,0.00013630589528176358,0.14,0.11232266018786358,0.17316686494445405,0.0,1.3591926856047487e-05,1.5080507734283918e-06
9,0.2,0.05,1.1,50.0,0.5,0.5,0.5,500,0.1111111111111111,-0.0008341684454881843,beta_estimated_mean,500,0,-0.00035212797645606286,0.00026191985744952566,0.0058614330980799045,0.404,0.36187922469306827,0.44758464867554987,0.0,0.0003370040519772264,1.8323874015662457e-05
9,0.2,0.05,1.1,50.0,0.5,0.5,0.5,500,0.1111111111111111,-0.0008341684454881843,risk_only,500,0,-0.0002854381628091464,0.00026837215713231374,0.006001771296208283,0.41,0.3677350694076764,0.453637311875403,0.0,0.0003420090626501555,1.8366289215759953e-05
9,0.2,0.05,1.1,50.0,0.5,0.5,0.5,500,0.1111111111111111,-0.0008341684454881843,outcome_based,500,0,-0.0006468315545118015,0.0003628796512379281,0.00813188354933282,0.414,0.37164260890980144,0.45766877764958563,0.008,0.0003520190839960138,1.8442662952975845e-05
9,0.2,0.05,1.1,50.0,0.5,0.5,0.5,500,0.1111111111111111,-0.0008341684454881843,beta_known_mean,500,0,-2.4591369674105718e-05,3.540301070439558e-05,0.0007912255972624288,0.14,0.11232266018786358,0.17316686494445405,0.0,0.00011678358236834579,1.2957366058511612e-05
9,0.2,0.05,1.1,50.0,0.5,0.5,0.5,500,0.2,-0.0024674485387211204,beta_estimated_mean,500,0,0.00013861660186833275,0.00019439098630633095,0.00434457759573131,0.282,0.2443364332272433,0.32298777921399346,0.0,0.000695820487919356,4.970322938666993e-05
9,0.2,0.05,1.1,50.0,0.5,0.5,0.5,500,0.2,-0.0024674485387211204,risk_only,500,0,-8.814653393191313e-05,0.00019871640933645353,0.00443986342919364,0.266,0.2291604018204711,0.30640778951553543,0.0,0.000656341311299818,4.880751306678183e-05
9,0.2,0.05,1.1,50.0,0.5,0.5,0.5,500,0.2,-0.0024674485387211204,outcome_based,500,0,-0.0010805514612788945,0.0006815897013908637,0.015263855589610157,0.396,0.35408170350275736,0.4395041593132456,0.024,0.0010363283862628706,5.451756787223794e-05
9,0.2,0.05,1.1,50.0,0.5,0.5,0.5,500,0.2,-0.0024674485387211204,beta_known_mean,500,0,0.00033529863183192975,8.803009448072402e-05,0.001994824463985911,0.14,0.11232266018786358,0.17316686494445405,0.0,0.00034544279542095686,3.8327551371279946e-05
9,0.2,0.05,1.1,50.0,0.5,0.5,0.5,500,0.3333333333333333,-0.001163741278253778,beta_estimated_mean,500,0,-0.00015416213567529856,6.764431099355216e-05,0.0015189030963700014,0.188,0.15617996413496654,0.22457762431304207,0.0,0.00021878336031171025,2.0354624997740514e-05
9,0.2,0.05,1.1,50.0,0.5,0.5,0.5,500,0.3333333333333333,-0.001163741278253778,risk_only,500,0,-5.661475799393241e-05,7.815761126525902e-05,0.0017468264704800223,0.254,0.21782025491518664,0.2939309205918972,0.0,0.0002955902846764596,2.2677357070760495e-05
9,0.2,0.05,1.1,50.0,0.5,0.5,0.5,500,0.3333333333333333,-0.001163741278253778,outcome_based,500,0,-0.00029625872174622223,0.0005625029948706736,0.012568857117105387,0.448,0.4049726694186174,0.4918202619893841,0.028,0.0005539408484487984,2.601808248456392e-05
9,0.2,0.05,1.1,50.0,0.5,0.5,0.5,500,0.3333333333333333,-0.001163741278253778,beta_known_mean,500,0,-0.00011453696664788973,5.2695407896752754e-05,0.0011826854685071898,0.14,0.11232266018786358,0.17316686494445405,0.0,0.0001629237789555289,1.807671079060016e-05
9,0.2,0.05,1.1,50.0,0.5,0.5,0.5,500,0.5,-6.172037132687471e-05,beta_estimated_mean,500,0,-5.4757903266922594e-05,5.205356557034259e-06,0.0001285270425872842,0.152,0.12319239267380164,0.18611414828743875,0.0,9.381496441684955e-06,9.919687197065014e-07
9,0.2,0.05,1.1,50.0,0.5,0.5,0.5,500,0.5,-6.172037132687471e-05,risk_only,500,0,-5.078422580763335e-07,1.08954150847896e-05,0.0002433856667283832,0.338,0.29791302434501227,0.3805572619645308,0.158,3.061330417812986e-05,1.3814474334736647e-06
9,0.2,0.05,1.1,50.0,0.5,0.5,0.5,500,0.5,-6.172037132687471e-05,outcome_based,500,0,-0.00012627962867312514,0.00011881728449257026,0.002657179434027334,0.312,0.27295294872528497,0.3539138032882587,0.32,3.9007274678584824e-05,1.3324800206882063e-06
9,0.2,0.05,1.1,50.0,0.5,0.5,0.5,500,0.5,-6.172037132687471e-05,beta_known_mean,500,0,-5.3068030488579835e-05,4.821578886157152e-06,0.00012006989512238122,0.14,0.11232266018786358,0.17316686494445405,0.0,8.64085198576246e-06,9.587193676231042e-07
9,0.2,0.05,1.1,50.0,0.5,0.5,0.5,3000,0.058823529411764705,-9.708519182891062e-05,beta_estimated_mean,500,0,-0.0001436857558969008,0.00010478002566300198,0.002345014633566154,0.474,0.43059811407349635,0.5177983516305045,0.0,4.601838092690363e-05,2.170125065340674e-06
9,0.2,0.05,1.1,50.0,0.5,0.5,0.5,3000,0.058823529411764705,-9.708519182891062e-05,risk_only,500,0,-9.586828995727803e-05,0.00010527759254939619,0.0023536765079391598,0.482,0.4385065876245351,0.5257678886320809,0.0,4.679506246153492e-05,2.1716564353590805e-06
9,0.2,0.05,1.1,50.0,0.5,0.5,0.5,3000,0.058823529411764705,-9.708519182891062e-05,outcome_based,500,0,3.250185849555831e-05,4.128779399908721e-05,0.0009228719605275075,0.46,0.4167851025299866,0.5038248447069378,0.016,4.621255131056146e-05,2.1705602235099776e-06
9,0.2,0.05,1.1,50.0,0.5,0.5,0.5,3000,0.058823529411764705,-9.708519182891062e-05,beta_known_mean,500,0,-5.062118589283926e-05,2.3348142591015277e-06,7.268240444443754e-05,0.0,4.336808689942018e-19,0.007624340461552241,0.0,0.0,0.0
9,0.2,0.05,1.1,50.0,0.5,0.5,0.5,3000,0.1111111111111111,-0.0008341684454881843,beta_estimated_mean,500,0,-0.00015492058119123965,0.00010201220099583614,0.0022840399456515756,0.336,0.29598800782704915,0.37851277584434007,0.0,0.0002802805976840299,1.763831779320485e-05
9,0.2,0.05,1.1,50.0,0.5,0.5,0.5,3000,0.1111111111111111,-0.0008341684454881843,risk_only,500,0,-9.330570210711214e-05,0.00010483984982369152,0.002343802810703525,0.34,0.29983885845371416,0.3826009304939827,0.0,0.0002836172714659826,1.7689473664136213e-05
9,0.2,0.05,1.1,50.0,0.5,0.5,0.5,3000,0.1111111111111111,-0.0008341684454881843,outcome_based,500,0,0.00021908511215470956,0.00014589166878866317,0.0032663287370251633,0.45,0.4069396517813318,0.4938227822648235,0.002,0.0003770441373606593,1.85850177998921e-05
9,0.2,0.05,1.1,50.0,0.5,0.5,0.5,3000,0.1111111111111111,-0.0008341684454881843,beta_known_mean,500,0,-6.896362258413604e-05,1.4089163051123908e-05,0.0003221951806980104,0.0,4.336808689942018e-19,0.007624340461552241,0.0,0.0,0.0
9,0.2,0.05,1.1,50.0,0.5,0.5,0.5,3000,0.2,-0.0024674485387211204,beta_estimated_mean,500,0,0.00018057334262546715,7.70655111572424e-05,0.001730957580075414,0.094,0.0714264085922213,0.12276455586255913,0.0,0.00023194016263978533,3.2234865064293985e-05
9,0.2,0.05,1.1,50.0,0.5,0.5,0.5,3000,0.2,-0.0024674485387211204,risk_only,500,0,-8.549261661302046e-05,8.058448510551788e-05,0.0018021500348517976,0.086,0.06447314240360771,0.11383981149855754,0.0,0.00021220057433001636,3.096849887297859e-05
9,0.2,0.05,1.1,50.0,0.5,0.5,0.5,3000,0.2,-0.0024674485387211204,outcome_based,500,0,0.00027128187205440645,0.00027687993999025545,0.006190975846943686,0.368,0.3268845483787568,0.4111282775030931,0.002,0.0009129559593268146,5.332967876754542e-05
9,0.2,0.05,1.1,50.0,0.5,0.5,0.5,3000,0.2,-0.0024674485387211204,beta_known_mean,500,0,0.0002328710302782947,3.476917658168937e-05,0.0008108439067952932,0.0,4.336808689942018e-19,0.007624340461552241,0.0,0.0,0.0
9,0.2,0.05,1.1,50.0,0.5,0.5,0.5,3000,0.3333333333333333,-0.001163741278253778,beta_estimated_mean,500,0,-0.00019345163163525801,2.73263079592684e-05,0.0006403439388469657,0.008,0.00311531518006224,0.020387035834105168,0.0,9.309930226030223e-06,4.640951137070292e-06
9,0.2,0.05,1.1,50.0,0.5,0.5,0.5,3000,0.3333333333333333,-0.001163741278253778,risk_only,500,0,-5.132966823757393e-05,3.053293083479266e-05,0.0006839827539179137,0.046,0.030845108370816204,0.06807779276827323,0.0,5.353209879967379e-05,1.0913379801099647e-05
9,0.2,0.05,1.1,50.0,0.5,0.5,0.5,3000,0.3333333333333333,-0.001163741278253778,outcome_based,500,0,3.607461158710651e-05,0.00022829994831244656,0.005099962128382384,0.406,0.3638304421340635,0.4496029338727085,0.01,0.0004841163717535716,2.5677885336748718e-05
9,0.2,0.05,1.1,50.0,0.5,0.5,0.5,3000,0.3333333333333333,-0.001163741278253778,beta_known_mean,500,0,-0.0001817762745324331,2.101977700908932e-05,0.0005035040175741389,0.0,4.336808689942018e-19,0.007624340461552241,0.0,0.0,0.0
9,0.2,0.05,1.1,50.0,0.5,0.5,0.5,3000,0.5,-6.172037132687471e-05,beta_estimated_mean,500,0,-5.958831717830583e-05,2.119959201547064e-06,7.611430105596574e-05,0.004,0.0010976305226827934,0.014465715215177033,0.0,2.4688148530749883e-07,1.7439656327119726e-07
9,0.2,0.05,1.1,50.0,0.5,0.5,0.5,3000,0.5,-6.172037132687471e-05,risk_only,500,0,-5.642109073112886e-06,5.105871038283545e-06,0.00011419598506744738,0.26,0.22348572318538285,0.3001739602361623,0.0,1.6047296544987423e-05,1.211939083856372e-06
9,0.2,0.05,1.1,50.0,0.5,0.5,0.5,3000,0.5,-6.172037132687471e-05,outcome_based,500,0,4.372037132687471e-05,4.915469833838343e-05,0.001098902848694533,0.424,0.381424117793864,0.46773478195629203,0.114,3.32055597738586e-05,1.3774961161571515e-06
9,0.2,0.05,1.1,50.0,0.5,0.5,0.5,3000,0.5,-6.172037132687471e-05,beta_known_mean,500,0,-5.905509640687305e-05,1.951967769736837e-06,7.340833277289903e-05,0.0,4.336808689942018e-19,0.007624340461552241,0.0,0.0,0.0
9,0.2,0.05,1.1,50.0,0.5,0.5,0.5,10000,0.058823529411764705,-9.708519182891062e-05,beta_estimated_mean,500,0,-1.634631775710821e-05,5.967317990557806e-05,0.0013330980885613464,0.472,0.42862273473006285,0.5158042283357841,0.0,4.5824210543245816e-05,2.1696549964874463e-06
9,0.2,0.05,1.1,50.0,0.5,0.5,0.5,10000,0.058823529411764705,-9.708519182891062e-05,risk_only,500,0,3.301214009539721e-05,5.996105749838757e-05,0.001339835318664135,0.484,0.4404854432314528,0.527758535663317,0.0,4.698923284519274e-05,2.171952143765581e-06
9,0.2,0.05,1.1,50.0,0.5,0.5,0.5,10000,0.058823529411764705,-9.708519182891062e-05,outcome_based,500,0,2.4447691829092178e-05,2.218081593695045e-05,0.0004960846690380371,0.432,0.3892622537365845,0.47577465656618667,0.006,4.2523314021062855e-05,2.1562937956294552e-06
9,0.2,0.05,1.1,50.0,0.5,0.5,0.5,10000,0.058823529411764705,-9.708519182891062e-05,beta_known_mean,500,0,-4.773921542318366e-05,1.3589929532916546e-06,5.6573993591775244e-05,0.0,4.336808689942018e-19,0.007624340461552241,0.0,0.0,0.0
9,0.2,0.05,1.1,50.0,0.5,0.5,0.5,10000,0.1111111111111111,-0.0008341684454881843,beta_estimated_mean,500,0,-2.3527276045643446e-05,5.8431751444170984e-05,0.001305478476099083,0.268,0.23105397343634806,0.30848372053781226,0.0,0.00022355714339083337,1.653965408200506e-05
9,0.2,0.05,1.1,50.0,0.5,0.5,0.5,10000,0.1111111111111111,-0.0008341684454881843,risk_only,500,0,2.44940161295204e-05,5.953428263092296e-05,0.0013301206825724807,0.28,0.2424360430412755,0.3209186667618076,0.0,0.00023356716473669158,1.6766744586016963e-05
9,0.2,0.05,1.1,50.0,0.5,0.5,0.5,10000,0.1111111111111111,-0.0008341684454881843,outcome_based,500,0,1.6118445488484762e-05,7.794317591903312e-05,0.0017411932695095315,0.314,0.27486785583609774,0.35596839881559983,0.006,0.00026693390255621896,1.7419389503665338e-05
9,0.2,0.05,1.1,50.0,0.5,0.5,0.5,10000,0.1111111111111111,-0.0008341684454881843,beta_known_mean,500,0,-5.2489597716576604e-05,8.303369620523634e-06,0.0001927671793872349,0.0,4.336808689942018e-19,0.007624340461552241,0.0,0.0,0.0
9,0.2,0.05,1.1,50.0,0.5,0.5,0.5,10000,0.2,-0.0024674485387211204,beta_estimated_mean,500,0,0.00029028358596156146,4.4849734303007394e-05,0.0010430735329481004,0.012,0.005510995174027703,0.025930361116447292,0.0,2.9609382464653444e-05,1.2027266281171626e-05
9,0.2,0.05,1.1,50.0,0.5,0.5,0.5,10000,0.2,-0.0024674485387211204,risk_only,500,0,9.852141692026694e-06,4.660664203960875e-05,0.0010411601350022118,0.008,0.00311531518006224,0.020387035834105168,0.0,1.973958830976896e-05,9.840080708164944e-06
9,0.2,0.05,1.1,50.0,0.5,0.5,0.5,10000,0.2,-0.0024674485387211204,outcome_based,500,0,-0.00011830146127898833,0.00014883514428841354,0.0033268293348535077,0.214,0.18030299998759533,0.2520581227564126,0.002,0.000532968884363762,4.545511259403443e-05
9,0.2,0.05,1.1,50.0,0.5,0.5,0.5,10000,0.2,-0.0024674485387211204,beta_known_mean,500,0,0.0002730997270254116,2.058121041540964e-05,0.0005347457206569063,0.0,4.336808689942018e-19,0.007624340461552241,0.0,0.0,0.0
9,0.2,0.05,1.1,50.0,0.5,0.5,0.5,10000,0.3333333333333333,-0.001163741278253778,beta_estimated_mean,500,0,-0.00015384565136915724,1.6022804921924754e-05,0.0003895855399660803,0.0,4.336808689942018e-19,0.007624340461552241,0.0,0.0,0.0
9,0.2,0.05,1.1,50.0,0.5,0.5,0.5,10000,0.3333333333333333,-0.001163741278253778,risk_only,500,0,1.2648165112758428e-05,1.7818478970084055e-05,0.0003982355763760643,0.0,4.336808689942018e-19,0.007624340461552241,0.0,0.0,0.0
9,0.2,0.05,1.1,50.0,0.5,0.5,0.5,10000,0.3333333333333333,-0.001163741278253778,outcome_based,500,0,-7.89587217461992e-05,0.00012840146920728231,0.0028693581494368286,0.346,0.30562123178807926,0.3887270650740789,0.01,0.00041429189505834494,2.4944459556258072e-05
9,0.2,0.05,1.1,50.0,0.5,0.5,0.5,10000,0.3333333333333333,-0.001163741278253778,beta_known_mean,500,0,-0.00015704573537115123,1.2366715529949276e-05,0.0003177707567486525,0.0,4.336808689942018e-19,0.007624340461552241,0.0,0.0,0.0
9,0.2,0.05,1.1,50.0,0.5,0.5,0.5,10000,0.5,-6.172037132687471e-05,beta_estimated_mean,500,0,-5.63639673542552e-05,1.2155694634762709e-06,6.256375761620307e-05,0.0,4.336808689942018e-19,0.007624340461552241,0.0,0.0,0.0
9,0.2,0.05,1.1,50.0,0.5,0.5,0.5,10000,0.5,-6.172037132687471e-05,risk_only,500,0,2.0511964312576863e-06,2.8443812732937595e-06,6.357176508406742e-05,0.178,0.14696488670733526,0.21394518854990435,0.0,1.0986226096183697e-05,1.0568763199700375e-06
9,0.2,0.05,1.1,50.0,0.5,0.5,0.5,10000,0.5,-6.172037132687471e-05,outcome_based,500,0,3.0720371326874716e-05,2.6418058741234384e-05,0.0005909337875045402,0.446,0.4030063915853302,0.4898170371845176,0.08,3.2464915317936096e-05,1.3796226008866873e-06
9,0.2,0.05,1.1,50.0,0.5,0.5,0.5,10000,0.5,-6.172037132687471e-05,beta_known_mean,500,0,-5.6426202121942574e-05,1.1200586645831064e-06,6.172460984524777e-05,0.0,4.336808689942018e-19,0.007624340461552241,0.0,0.0,0.0
10,0.2,0.05,1.1,50.0,0.5,0.5,1.0,500,0.058823529411764705,-4.934181911436797e-05,beta_estimated_mean,500,0,-3.912596053056438e-06,0.00025049970101262057,0.005595740818864524,0.52,0.47622345295527013,0.5634715734262677,0.0,2.5657745939471343e-05,1.1035377001162435e-06
10,0.2,0.05,1.1,50.0,0.5,0.5,1.0,500,0.058823529411764705,-4.934181911436797e-05,risk_only,500,0,0.00010447300988684072,0.0002524995406658397,0.0056413799384537455,0.53,0.4861905914242533,0.5733519481480536,0.0,2.6151164130615024e-05,1.1024318398323452e-06
10,0.2,0.05,1.1,50.0,0.5,0.5,1.0,500,0.058823529411764705,-4.934181911436797e-05,outcome_based,500,0,8.059181911436064e-05,8.514463337277474e-05,0.001903693706668195,0.46,0.4167851025299866,0.5038248447069378,0.03,2.4177491366040303e-05,1.104200684675969e-06
10,0.2,0.05,1.1,50.0,0.5,0.5,1.0,500,0.058823529411764705,-4.934181911436797e-05,beta_known_mean,500,0,-9.615450676677167e-05,4.991974376182054e-06,0.0001472435854277455,0.104,0.08019420676989107,0.1338442708756583,0.0,5.131549187894268e-06,6.742726724026885e-07
10,0.2,0.05,1.1,50.0,0.5,0.5,1.0,500,0.1111111111111111,-0.0007819407388025695,beta_estimated_mean,500,0,-2.225155352417399e-05,0.00024338981315292683,0.005436962120871906,0.45,0.4069396517813318,0.4938227822648235,0.0,0.00035187333246115626,1.7414506394684276e-05
10,0.2,0.05,1.1,50.0,0.5,0.5,1.0,500,0.1111111111111111,-0.0007819407388025695,risk_only,500,0,0.00010327677446246946,0.0002518950042157521,0.005627855859332347,0.46,0.4167851025299866,0.5038248447069378,0.0,0.00035969273984918197,1.7446140401492077e-05
10,0.2,0.05,1.1,50.0,0.5,0.5,1.0,500,0.1111111111111111,-0.0007819407388025695,outcome_based,500,0,-0.00017605926119742727,0.0003709854882133867,0.008289058020272926,0.438,0.39514834408666566,0.48179707413056694,0.016,0.0003550010954163666,1.7428010593985707e-05
10,0.2,0.05,1.1,50.0,0.5,0.5,1.0,500,0.1111111111111111,-0.0007819407388025695,beta_known_mean,500,0,-0.00010525955141482677,3.0273339693348045e-05,0.0006843980173570661,0.104,0.08019420676989107,0.1338442708756583,0.0,8.132183683546723e-05,1.0685485072831708e-05
10,0.2,0.05,1.1,50.0,0.5,0.5,1.0,500,0.2,-0.0027417650788954875,beta_estimated_mean,500,0,0.0005860029945882392,0.000180799278960358,0.004081041627659105,0.306,0.26721346373113636,0.3477447803679459,0.0,0.0008389801141420192,5.65614346140935e-05
10,0.2,0.05,1.1,50.0,0.5,0.5,1.0,500,0.2,-0.0027417650788954875,risk_only,500,0,1.7314553577125235e-05,0.00019369090109683796,0.004326761631110548,0.276,0.23863813294339814,0.31677757158337744,0.0,0.0007567271617751546,5.486606225757752e-05
10,0.2,0.05,1.1,50.0,0.5,0.5,1.0,500,0.2,-0.0027417650788954875,outcome_based,500,0,0.0005707650788954799,0.0007336245142139913,0.01639786668366615,0.472,0.42862273473006285,0.5158042283357841,0.016,0.0013379813585009978,6.135145393803336e-05
10,0.2,0.05,1.1,50.0,0.5,0.5,1.0,500,0.2,-0.0027417650788954875,beta_known_mean,500,0,0.0005461928494090718,7.49901502975263e-05,0.0017619490420913845,0.104,0.08019420676989107,0.1338442708756583,0.0,0.0002851435682051307,3.746714855733605e-05
10,0.2,0.05,1.1,50.0,0.5,0.5,1.0,500,0.3333333333333333,-0.0010069930592640844,beta_estimated_mean,500,0,-0.0003158892906959039,6.159988369648296e-05,0.0014118301363886007,0.17,0.13962036610396117,0.20541169860066333,0.0,0.00017118882007489432,1.693322625324162e-05
10,0.2,0.05,1.1,50.0,0.5,0.5,1.0,500,0.3333333333333333,-0.0010069930592640844,risk_only,500,0,-9.70766574513577e-06,6.44727459189149e-05,0.0014402447663402127,0.236,0.20088129547155886,0.27514435629214073,0.0,0.00023765036198632392,1.9141628585075177e-05
10,0.2,0.05,1.1,50.0,0.5,0.5,1.0,500,0.3333333333333333,-0.0010069930592640844,outcome_based,500,0,0.0002829930592640837,0.0005549410483414148,0.012399673748594825,0.486,0.4424649931129956,0.5297484884199279,0.042,0.0005316923352914366,2.2504230370278653e-05
10,0.2,0.05,1.1,50.0,0.5,0.5,1.0,500,0.3333333333333333,-0.0010069930592640844,beta_known_mean,500,0,-0.000315022020801068,4.5117509591606734e-05,0.001055934713792573,0.104,0.08019420676989107,0.1338442708756583,0.0,0.00010472727816346477,1.3760901266877629e-05
10,0.2,0.05,1.1,50.0,0.5,0.5,1.0,500,0.5,-5.306555959668002e-06,beta_estimated_mean,500,0,-0.00011550985223472551,4.654640128412789e-06,0.00015541459922117486,0.124,0.09794609113930344,0.15578741288778383,0.0,6.580129389988322e-07,7.829343928744587e-08
10,0.2,0.05,1.1,50.0,0.5,0.5,1.0,500,0.5,-5.306555959668002e-06,risk_only,500,0,-1.3767144143097494e-06,2.5952236889232406e-06,5.798925033449904e-05,0.102,0.07843435210316954,0.13163462290422606,0.712,4.319536551169754e-06,9.243387293181334e-08
10,0.2,0.05,1.1,50.0,0.5,0.5,1.0,500,0.5,-5.306555959668002e-06,outcome_based,500,0,2.130655595966808e-05,5.127129304963904e-05,0.0011455120991621444,0.142,0.114129360445696,0.1753296673247754,0.732,4.637929908749833e-06,7.883216690999159e-08
10,0.2,0.05,1.1,50.0,0.5,0.5,1.0,500,0.5,-5.306555959668002e-06,beta_known_mean,500,0,-0.00011452993832963524,4.178914634921299e-06,0.00014775421215398155,0.104,0.08019420676989107,0.1338442708756583,0.0,5.518818198054722e-07,7.251588474851853e-08
10,0.2,0.05,1.1,50.0,0.5,0.5,1.0,3000,0.058823529411764705,-4.934181911436797e-05,beta_estimated_mean,500,0,-0.0001392042991341505,0.00010554508843580927,0.0023618045892211123,0.454,0.4108757266738578,0.49782571264860515,0.0,2.2401185877923057e-05,1.099737746838195e-06
10,0.2,0.05,1.1,50.0,0.5,0.5,1.0,3000,0.058823529411764705,-4.934181911436797e-05,risk_only,500,0,-3.8417902920717674e-05,0.00010655952466395342,0.002380669475435863,0.478,0.43455096039387586,0.5217845105864325,0.0,2.3585389536667888e-05,1.1033519930506125e-06
10,0.2,0.05,1.1,50.0,0.5,0.5,1.0,3000,0.058823529411764705,-4.934181911436797e-05,outcome_based,500,0,-4.690818088564497e-05,3.397618772182445e-05,0.0007604187413236333,0.458,0.4148146097748511,0.5018258348239194,0.008,2.2993287707295472e-05,1.1018652097675329e-06
10,0.2,0.05,1.1,50.0,0.5,0.5,1.0,3000,0.058823529411764705,-4.934181911436797e-05,beta_known_mean,500,0,-9.86787474712375e-05,1.963613847060639e-06,0.00010798856001140137,0.0,4.336808689942018e-19,0.007624340461552241,0.0,0.0,0.0
10,0.2,0.05,1.1,50.0,0.5,0.5,1.0,3000,0.1111111111111111,-0.0007819407388025695,beta_estimated_mean,500,0,-0.000161549343779459,0.0001017994370138475,0.002279758266410584,0.328,0.28829618984058974,0.3703265832781843,0.0,0.0002564765623272428,1.6434069748970978e-05
10,0.2,0.05,1.1,50.0,0.5,0.5,1.0,3000,0.1111111111111111,-0.0007819407388025695,risk_only,500,0,-4.979949319566842e-05,0.00010531556817150293,0.0023530986104000192,0.358,0.317207603401289,0.40095770928979185,0.0,0.0002799347844913199,1.6781570232427294e-05
10,0.2,0.05,1.1,50.0,0.5,0.5,1.0,3000,0.1111111111111111,-0.0007819407388025695,outcome_based,500,0,4.7357405469097805e-05,0.00014835133055091638,0.0033142560620281238,0.388,0.3462960293500537,0.4314118229133341,0.0,0.000303393006655397,1.705749062850652e-05
10,0.2,0.05,1.1,50.0,0.5,0.5,1.0,3000,0.1111111111111111,-0.0007819407388025695,beta_known_mean,500,0,-0.0001238553441026217,1.192868871758431e-05,0.0002938446186486481,0.0,4.336808689942018e-19,0.007624340461552241,0.0,0.0,0.0
10,0.2,0.05,1.1,50.0,0.5,0.5,1.0,3000,0.2,-0.0027417650788954875,beta_estimated_mean,500,0,0.00047733248133675167,7.375422617709905e-05,0.0017152986770097673,0.094,0.0714264085922213,0.12276455586255913,0.0,0.00025772591741617584,3.581854939191437e-05
10,0.2,0.05,1.1,50.0,0.5,0.5,1.0,3000,0.2,-0.0027417650788954875,risk_only,500,0,-6.222013518925197e-05,7.948645275184963e-05,0.0017766826769538533,0.058,0.0406837291117572,0.08205618785625499,0.0,0.00015902237457593826,2.868926460064464e-05
10,0.2,0.05,1.1,50.0,0.5,0.5,1.0,3000,0.2,-0.0027417650788954875,outcome_based,500,0,-2.4734921104626675e-05,0.00027930390489039667,0.006239225656164946,0.336,0.29598800782704915,0.37851277584434007,0.002,0.0009267165966666748,5.8058700725490415e-05
10,0.2,0.05,1.1,50.0,0.5,0.5,1.0,3000,0.2,-0.0027417650788954875,beta_known_mean,500,0,0.0005000828278952225,2.9519401454526936e-05,0.0008275922732905453,0.0,4.336808689942018e-19,0.007624340461552241,0.0,0.0,0.0
10,0.2,0.05,1.1,50.0,0.5,0.5,1.0,3000,0.3333333333333333,-0.0010069930592640844,beta_estimated_mean,500,0,-0.00034737539021936146,2.433124049170402e-05,0.0006450444049821355,0.004,0.0010976305226827934,0.014465715215177033,0.0,4.027972237056337e-06,2.8453511376905385e-06
10,0.2,0.05,1.1,50.0,0.5,0.5,1.0,3000,0.3333333333333333,-0.0010069930592640844,risk_only,500,0,-6.512039284186649e-05,2.489536645007061e-05,0.0005599201029029467,0.034,0.02133451980853219,0.053771365501634506,0.0,3.423776401497887e-05,8.1696645784738e-06
10,0.2,0.05,1.1,50.0,0.5,0.5,1.0,3000,0.3333333333333333,-0.0010069930592640844,outcome_based,500,0,0.00010299305926408326,0.00022672484223381828,0.005065696443643808,0.444,0.4010408191814197,0.4878131069502743,0.006,0.00045314687666883803,2.2426619051478758e-05
10,0.2,0.05,1.1,50.0,0.5,0.5,1.0,3000,0.3333333333333333,-0.0010069930592640844,beta_known_mean,500,0,-0.00034235464738304074,1.777863591064852e-05,0.0005243382230122303,0.0,4.336808689942018e-19,0.007624340461552241,0.0,0.0,0.0
10,0.2,0.05,1.1,50.0,0.5,0.5,1.0,3000,0.5,-5.306555959668002e-06,beta_estimated_mean,500,0,-0.00011584142335769396,1.7938274287732156e-06,0.00012257620474954273,0.0,4.336808689942018e-19,0.007624340461552241,0.0,0.0,0.0
10,0.2,0.05,1.1,50.0,0.5,0.5,1.0,3000,0.5,-5.306555959668002e-06,risk_only,500,0,-8.48038306067294e-07,1.2387963824784975e-06,2.7685606208140387e-05,0.332,0.2921404418575132,0.3744213365375685,0.128,2.441015741447281e-06,1.1839633840093032e-07
10,0.2,0.05,1.1,50.0,0.5,0.5,1.0,3000,0.5,-5.306555959668002e-06,outcome_based,500,0,-3.069344404033201e-05,2.118897382815995e-05,0.00047431995619032344,0.318,0.27870026117642177,0.36007499875158333,0.304,3.3006778069134973e-06,1.151870266416838e-07
10,0.2,0.05,1.1,50.0,0.5,0.5,1.0,3000,0.5,-5.306555959668002e-06,beta_known_mean,500,0,-0.00011558154067743166,1.6314290034157465e-06,0.0001211908052674321,0.0,4.336808689942018e-19,0.007624340461552241,0.0,0.0,0.0
10,0.2,0.05,1.1,50.0,0.5,0.5,1.0,10000,0.058823529411764705,-4.934181911436797e-05,beta_estimated_mean,500,0,-6.283576467418228e-06,5.784173984330633e-05,0.0012921018731181712,0.508,0.46428581664185803,0.5515921939107572,0.0,2.5065644110098928e-05,1.1042802160747979e-06
10,0.2,0.05,1.1,50.0,0.5,0.5,1.0,10000,0.058823529411764705,-4.934181911436797e-05,risk_only,500,0,9.114147708763748e-05,5.835090035682857e-05,0.0013066429227220162,0.536,0.492179234494295,0.5792718129924732,0.0,2.644721504530123e-05,1.101555210666977e-06
10,0.2,0.05,1.1,50.0,0.5,0.5,1.0,10000,0.058823529411764705,-4.934181911436797e-05,outcome_based,500,0,-1.5058180885499872e-05,1.8746942770130958e-05,0.00041904562109827204,0.426,0.38338257836675194,0.46974582402155785,0.004,2.1216982219178226e-05,1.09354469897777e-06
10,0.2,0.05,1.1,50.0,0.5,0.5,1.0,10000,0.058823529411764705,-4.934181911436797e-05,beta_known_mean,500,0,-9.50726572260377e-05,1.075929658457775e-06,9.806357551284902e-05,0.0,4.336808689942018e-19,0.007624340461552241,0.0,0.0,0.0
10,0.2,0.05,1.1,50.0,0.5,0.5,1.0,10000,0.1111111111111111,-0.0007819407388025695,beta_estimated_mean,500,0,-2.038882600440736e-05,5.555609673255393e-05,0.001241196667099991,0.252,0.21593384838137186,0.2918478244875581,0.0,0.0001970490661782475,1.5197586950247476e-05
10,0.2,0.05,1.1,50.0,0.5,0.5,1.0,10000,0.1111111111111111,-0.0007819407388025695,risk_only,500,0,8.15891110575866e-05,5.753199513656481e-05,0.0012877546679300493,0.286,0.24814005321609287,0.3271231645014515,0.0,0.00022363505129753487,1.5818150014130184e-05
10,0.2,0.05,1.1,50.0,0.5,0.5,1.0,10000,0.1111111111111111,-0.0007819407388025695,outcome_based,500,0,1.8240738802930673e-05,8.128231356819715e-05,0.0018158009691462448,0.338,0.29791302434501227,0.3805572619645308,0.002,0.00026585985119287364,1.658192680480527e-05
10,0.2,0.05,1.1,50.0,0.5,0.5,1.0,10000,0.1111111111111111,-0.0007819407388025695,beta_known_mean,500,0,-0.00010228992027069344,6.5457560912469314e-06,0.00017844843027952604,0.0,4.336808689942018e-19,0.007624340461552241,0.0,0.0,0.0
10,0.2,0.05,1.1,50.0,0.5,0.5,1.0,10000,0.2,-0.0027417650788954875,beta_estimated_mean,500,0,0.0006019989964399981,3.984797258453632e-05,0.0010745908013493537,0.008,0.00311531518006224,0.020387035834105168,0.0,2.19341206311639e-05,1.0934043501123289e-05
10,0.2,0.05,1.1,50.0,0.5,0.5,1.0,10000,0.2,-0.0027417650788954875,risk_only,500,0,6.0275740375947516e-05,4.251581494172161e-05,0.0009516421756296161,0.002,0.00035313639455927456,0.011240706705146758,0.0,5.483530157790975e-06,5.483530157790973e-06
10,0.2,0.05,1.1,50.0,0.5,0.5,1.0,10000,0.2,-0.0027417650788954875,outcome_based,500,0,6.906507889538978e-05,0.00015180178518044545,0.0033916982759561493,0.194,0.1617264666432368,0.2309396297192332,0.002,0.0005373859554635155,4.872322514197007e-05
10,0.2,0.05,1.1,50.0,0.5,0.5,1.0,10000,0.2,-0.0027417650788954875,beta_known_mean,500,0,0.0005534299481661471,1.6203555465140725e-05,0.0006612864410929793,0.0,4.336808689942018e-19,0.007624340461552241,0.0,0.0,0.0
10,0.2,0.05,1.1,50.0,0.5,0.5,1.0,10000,0.3333333333333333,-0.0010069930592640844,beta_estimated_mean,500,0,-0.00030082656259333956,1.3133204703545494e-05,0.0004201959930658002,0.0,4.336808689942018e-19,0.007624340461552241,0.0,0.0,0.0
10,0.2,0.05,1.1,50.0,0.5,0.5,1.0,10000,0.3333333333333333,-0.0010069930592640844,risk_only,500,0,5.405559567581864e-06,1.3733000752799524e-05,0.00030681962062873103,0.0,4.336808689942018e-19,0.007624340461552241,0.0,0.0,0.0
10,0.2,0.05,1.1,50.0,0.5,0.5,1.0,10000,0.3333333333333333,-0.0010069930592640844,outcome_based,500,0,0.00019289305926409612,0.00013042528086139958,0.0029198585449147995,0.4,0.35797899079473766,0.44354587729757294,0.006,0.0004088391820612183,2.2137697239841775e-05
10,0.2,0.05,1.1,50.0,0.5,0.5,1.0,10000,0.3333333333333333,-0.0010069930592640844,beta_known_mean,500,0,-0.00031016933167240347,9.754243328956744e-06,0.0003790547460558086,0.0,4.336808689942018e-19,0.007624340461552241,0.0,0.0,0.0
10,0.2,0.05,1.1,50.0,0.5,0.5,1.0,10000,0.5,-5.306555959668002e-06,beta_estimated_mean,500,0,-0.000112221760595716,9.735354526125934e-07,0.00011430949837468235,0.0,4.336808689942018e-19,0.007624340461552241,0.0,0.0,0.0
10,0.2,0.05,1.1,50.0,0.5,0.5,1.0,10000,0.5,-5.306555959668002e-06,risk_only,500,0,1.576466636548252e-07,6.552391396404418e-07,1.4637782591595559e-05,0.354,0.3133423051969017,0.3968840022178716,0.004,1.8997470335611445e-06,1.1388630507453178e-07
10,0.2,0.05,1.1,50.0,0.5,0.5,1.0,10000,0.5,-5.306555959668002e-06,outcome_based,500,0,-3.6934440403319985e-06,1.115916905993526e-05,0.00024930431510280577,0.374,0.33269999999487937,0.41722133380143184,0.178,2.929218889736737e-06,1.1813294243862086e-07
10,0.2,0.05,1.1,50.0,0.5,0.5,1.0,10000,0.5,-5.306555959668002e-06,beta_known_mean,500,0,-0.00011247773120405763,8.917095848982968e-07,0.00011422792067935136,0.0,4.336808689942018e-19,0.007624340461552241,0.0,0.0,0.0
11,0.2,0.05,1.1,50.0,0.5,0.9,0.5,500,0.058823529411764705,1.1245802627735113e-06,beta_estimated_mean,500,0,-0.00025268337785548986,0.00026709994374760033,0.005971908948106973,0.496,0.45237314911404547,0.539687845609647,0.0,5.577918103356616e-07,2.5170757795929685e-08
11,0.2,0.05,1.1,50.0,0.5,0.9,0.5,500,0.058823529411764705,1.1245802627735113e-06,risk_only,500,0,-0.00010608154192207464,0.00026664528110886723,0.0059573489537219785,0.49,0.4464261747403093,0.5337263120689218,0.0,5.510443287590206e-07,2.5166528482651756e-08
11,0.2,0.05,1.1,50.0,0.5,0.9,0.5,500,0.058823529411764705,1.1245802627735113e-06,outcome_based,500,0,5.287541973723203e-05,8.617799192708681e-05,0.0019257965391007233,0.444,0.4010408191814197,0.4878131069502743,0.048,4.99313636671439e-07,2.5013189024732275e-08
11,0.2,0.05,1.1,50.0,0.5,0.9,0.5,500,0.058823529411764705,1.1245802627735113e-06,beta_known_mean,500,0,-0.00014731507303049262,8.0160761232805e-06,0.00023187542231266993,0.798,0.7605971137604937,0.8308587793244213,0.0,8.97415049693262e-07,2.0212373488882816e-08
11,0.2,0.05,1.1,50.0,0.5,0.9,0.5,500,0.1111111111111111,0.0011231932482786422,beta_estimated_mean,500,0,-0.0020641979718459907,0.00027071321645775565,0.006389870922316039,0.546,0.502174287351395,0.5891242733261424,0.0,0.0006132635135601386,2.503389689104797e-05
11,0.2,0.05,1.1,50.0,0.5,0.9,0.5,500,0.1111111111111111,0.0011231932482786422,risk_only,500,0,-5.037287104285151e-05,0.00027005005105880907,0.006032671500628303,0.398,0.35602997790389446,0.4415253875502624,0.0,0.0004470309128148996,2.4611834895038275e-05
11,0.2,0.05,1.1,50.0,0.5,0.9,0.5,500,0.1111111111111111,0.0011231932482786422,outcome_based,500,0,0.00031780675172135683,0.00033518836567064393,0.007494282496105773,0.438,0.39514834408666566,0.48179707413056694,0.022,0.0004919586427460453,2.4946488614084517e-05
11,0.2,0.05,1.1,50.0,0.5,0.9,0.5,500,0.1111111111111111,0.0011231932482786422,beta_known_mean,500,0,-0.001978032091165125,4.67071203146648e-05,0.002236337841792978,0.798,0.7605971137604937,0.8308587793244213,0.0,0.0008963082121263565,2.0187444316699367e-05
11,0.2,0.05,1.1,50.0,0.5,0.9,0.5,500,0.2,0.0019106104103940175,beta_estimated_mean,500,0,-0.004057831924123908,0.0002271911872990602,0.006497869026229377,0.668,0.6255786634624316,0.7078595581424869,0.0,0.0012762877541432037,4.0279042680474875e-05
11,0.2,0.05,1.1,50.0,0.5,0.9,0.5,500,0.2,0.0019106104103940175,risk_only,500,0,4.746300363523952e-05,0.0002243501003504207,0.005011826366985268,0.336,0.29598800782704915,0.37851277584434007,0.0,0.0006419650978923898,4.0399458622308395e-05
11,0.2,0.05,1.1,50.0,0.5,0.9,0.5,500,0.2,0.0019106104103940175,outcome_based,500,0,-7.861041039399533e-05,0.0007192009817180538,0.016065925295376683,0.418,0.3755530480719333,0.4616973437637613,0.012,0.0007986351515446992,4.2186306161897286e-05
11,0.2,0.05,1.1,50.0,0.5,0.9,0.5,500,0.2,0.0019106104103940175,beta_known_mean,500,0,-0.003993467159195835,0.00011424340168636739,0.004739251608765156,0.798,0.7605971137604937,0.8308587793244213,0.0,0.0015246671074944259,3.4339897724498076e-05
11,0.2,0.05,1.1,50.0,0.5,0.9,0.5,500,0.3333333333333333,-0.005658635547146286,beta_estimated_mean,500,0,0.0043433147234728025,8.902764389706268e-05,0.004776967401468097,0.248,0.21216420834594762,0.2876784592466748,0.0,0.001403341615692279,0.00010939468229788204
11,0.2,0.05,1.1,50.0,0.5,0.9,0.5,500,0.3333333333333333,-0.005658635547146286,risk_only,500,0,-3.498115295209974e-05,0.00010896082028527738,0.0024342517124005224,0.002,0.00035313639455927456,0.011240706705146758,0.0,1.1317271094292572e-05,1.1317271094292577e-05
11,0.2,0.05,1.1,50.0,0.5,0.9,0.5,500,0.3333333333333333,-0.005658635547146286,outcome_based,500,0,-0.0006173644528537148,0.0005949955355922845,0.013305523772766233,0.32,0.28061775068949024,0.3621270118766686,0.024,0.0019465706282183225,0.00012033517437071866
11,0.2,0.05,1.1,50.0,0.5,0.9,0.5,500,0.3333333333333333,-0.005658635547146286,beta_known_mean,500,0,0.004377225771413456,6.997604755954259e-05,0.004647960028089931,0.202,0.16914122067557874,0.23940288623950645,0.0,0.0011430443805235497,0.0001017041281111514
11,0.2,0.05,1.1,50.0,0.5,0.9,0.5,500,0.5,-0.0006793146360337325,beta_estimated_mean,500,0,0.000549656601572332,7.77315017527519e-06,0.0005764311664128582,0.218,0.18403372643598842,0.25626640158432706,0.0,0.00014809059065535367,1.2556029350352557e-05
11,0.2,0.05,1.1,50.0,0.5,0.9,0.5,500,0.5,-0.0006793146360337325,risk_only,500,0,-5.616999265949084e-06,2.2406796509118402e-05,0.0005005614358412691,0.046,0.030845108370816204,0.06807779276827323,0.004,3.396573180168662e-05,6.627771141184332e-06
11,0.2,0.05,1.1,50.0,0.5,0.9,0.5,500,0.5,-0.0006793146360337325,outcome_based,500,0,-0.00018468536396626728,0.00021242706634756804,0.004748853828416217,0.338,0.29791302434501227,0.3805572619645308,0.172,0.0003464504643772036,1.5202108468684948e-05
11,0.2,0.05,1.1,50.0,0.5,0.9,0.5,500,0.5,-0.0006793146360337325,beta_known_mean,500,0,0.0005530590998348931,7.080932887802114e-06,0.0005752338946727665,0.202,0.16914122067557874,0.23940288623950645,0.0,0.00013722155647881396,1.2209498596494225e-05
11,0.2,0.05,1.1,50.0,0.5,0.9,0.5,3000,0.058823529411764705,1.1245802627735113e-06,beta_estimated_mean,500,0,-0.00015196180862985564,9.62799624384003e-05,0.0021560932595054427,0.536,0.492179234494295,0.5792718129924732,0.0,6.02775020846602e-07,2.5106233829767218e-08
11,0.2,0.05,1.1,50.0,0.5,0.9,0.5,3000,0.058823529411764705,1.1245802627735113e-06,risk_only,500,0,-6.04867560876049e-06,9.641045907941551e-05,0.0021536550141117174,0.508,0.46428581664185803,0.5515921939107572,0.0,5.712867734889438e-07,2.5168341132509404e-08
11,0.2,0.05,1.1,50.0,0.5,0.9,0.5,3000,0.058823529411764705,1.1245802627735113e-06,outcome_based,500,0,3.400041973723722e-05,3.5391231730867467e-05,0.0007913110203787514,0.492,0.44840780608924286,0.535714183358142,0.004,5.532934892845676e-07,2.51683411325094e-08
11,0.2,0.05,1.1,50.0,0.5,0.9,0.5,3000,0.058823529411764705,1.1245802627735113e-06,beta_known_mean,500,0,-0.0001459568841816543,2.8811967940438e-06,0.00015951726623803135,0.99,0.9768069002442693,0.9957212461034096,0.0,1.1133344601457761e-06,5.00907785093667e-09
11,0.2,0.05,1.1,50.0,0.5,0.9,0.5,3000,0.1111111111111111,0.0011231932482786422,beta_estimated_mean,500,0,-0.002009357091052887,9.580490567865236e-05,0.002935579553590766,0.636,0.5929376153133843,0.6769885640810736,0.0,0.0007143509059052164,2.4192651033356766e-05
11,0.2,0.05,1.1,50.0,0.5,0.9,0.5,3000,0.1111111111111111,0.0011231932482786422,risk_only,500,0,1.435868063321824e-05,9.664163204018187e-05,0.0021588582835288406,0.3,0.2614819321406983,0.3415678040439227,0.0,0.00033695797448359265,2.3041665028935666e-05
11,0.2,0.05,1.1,50.0,0.5,0.9,0.5,3000,0.1111111111111111,0.0011231932482786422,outcome_based,500,0,-6.994324827842785e-05,0.00013103565611108665,0.002927950358363126,0.334,0.29406381245587715,0.3764674685773583,0.004,0.00037514654492506647,2.3714532052568625e-05
11,0.2,0.05,1.1,50.0,0.5,0.9,0.5,3000,0.1111111111111111,0.0011231932482786422,beta_known_mean,500,0,-0.0020048807779352055,1.710737826489827e-05,0.0020409765963607064,0.99,0.9768069002442693,0.9957212461034096,0.0,0.0011119613157958557,5.002899844959541e-06
11,0.2,0.05,1.1,50.0,0.5,0.9,0.5,3000,0.2,0.0019106104103940175,beta_estimated_mean,500,0,-0.004092052246137429,7.862228558226382e-05,0.004453026163904465,0.908,0.8794612618638256,0.930317276319548,0.0,0.001734834252637768,2.4720582779763616e-05
11,0.2,0.05,1.1,50.0,0.5,0.9,0.5,3000,0.2,0.0019106104103940175,risk_only,500,0,1.996650762933179e-05,7.683579150814712e-05,0.0017164976990698111,0.126,0.09973528894537706,0.15796771771986404,0.0,0.0002407369117096462,2.8383297927488905e-05
11,0.2,0.05,1.1,50.0,0.5,0.9,0.5,3000,0.2,0.0019106104103940175,outcome_based,500,0,-6.261041039410384e-05,0.00028916830115100774,0.0064598339725088225,0.388,0.3462960293500537,0.4314118229133341,0.004,0.0007413168392328788,4.167863055700385e-05
11,0.2,0.05,1.1,50.0,0.5,0.9,0.5,3000,0.2,0.0019106104103940175,beta_known_mean,500,0,-0.004088564588035711,4.1945676077357515e-05,0.004194558477550568,0.99,0.9768069002442693,0.9957212461034096,0.0,0.001891504306290077,8.510194074427891e-06
11,0.2,0.05,1.1,50.0,0.5,0.9,0.5,3000,0.3333333333333333,-0.005658635547146286,beta_estimated_mean,500,0,0.004341680449403059,3.1107995737654465e-05,0.004396939289635109,0.026,0.015256383923327248,0.04397149083422428,0.0,0.00014712452422580344,4.0311374174052854e-05
11,0.2,0.05,1.1,50.0,0.5,0.9,0.5,3000,0.3333333333333333,-0.005658635547146286,risk_only,500,0,-5.007947104929151e-06,3.968500184943443e-05,0.0008865099356787962,0.0,4.336808689942018e-19,0.007624340461552241,0.0,0.0,0.0
11,0.2,0.05,1.1,50.0,0.5,0.9,0.5,3000,0.3333333333333333,-0.005658635547146286,outcome_based,500,0,-1.3364452853730238e-05,0.00024089509844008993,0.005381205477063475,0.15,0.12137595769138819,0.18396108063169836,0.008,0.0008940644164491131,9.239448303977079e-05
11,0.2,0.05,1.1,50.0,0.5,0.9,0.5,3000,0.3333333333333333,-0.005658635547146286,beta_known_mean,500,0,0.004344249961242184,2.558360013129445e-05,0.004381679301705685,0.01,0.004278753896590496,0.023193099755730702,0.0,5.658635547146286e-05,2.520455580096012e-05
11,0.2,0.05,1.1,50.0,0.5,0.9,0.5,3000,0.5,-0.0006793146360337325,beta_estimated_mean,500,0,0.0005599983764113771,2.60665946946455e-06,0.0005630175163391129,0.012,0.005510995174027703,0.025930361116447292,0.0,8.15177563240479e-06,3.3112334008431055e-06
11,0.2,0.05,1.1,50.0,0.5,0.9,0.5,3000,0.5,-0.0006793146360337325,risk_only,500,0,-6.770644269572319e-06,9.110375943464267e-06,0.0002036229790313953,0.0,4.336808689942018e-19,0.007624340461552241,0.0,0.0,0.0
11,0.2,0.05,1.1,50.0,0.5,0.9,0.5,3000,0.5,-0.0006793146360337325,outcome_based,500,0,5.131463603373248e-05,9.121577209343594e-05,0.0020382520487156382,0.364,0.32301143591892645,0.4070623846866158,0.068,0.0002934639227665724,1.5063876279778268e-05
11,0.2,0.05,1.1,50.0,0.5,0.9,0.5,3000,0.5,-0.0006793146360337325,beta_known_mean,500,0,0.0005603096723280981,2.447973418416052e-06,0.0005629717783860921,0.01,0.004278753896590496,0.023193099755730702,0.0,6.793146360337325e-06,3.025786606623899e-06
11,0.2,0.05,1.1,50.0,0.5,0.9,0.5,10000,0.058823529411764705,1.1245802627735113e-06,beta_estimated_mean,500,0,-0.00017769240628611764,6.20297326248344e-05,0.0013969863164242037,0.546,0.502174287351395,0.5891242733261424,0.0,6.140208234743372e-07,2.506481087482071e-08
11,0.2,0.05,1.1,50.0,0.5,0.9,0.5,10000,0.058823529411764705,1.1245802627735113e-06,risk_only,500,0,-2.8005194595656148e-05,6.201313506049549e-05,0.0013855515587735943,0.506,0.4622986388334935,0.5496098690809679,0.0,5.690376129633967e-07,2.5169750881036595e-08
11,0.2,0.05,1.1,50.0,0.5,0.9,0.5,10000,0.058823529411764705,1.1245802627735113e-06,outcome_based,500,0,3.1312919737123634e-05,1.935372785800199e-05,0.0004334620204369273,0.464,0.42072818700752684,0.5078207655057051,0.006,5.218052419269093e-07,2.5106233829767218e-08
11,0.2,0.05,1.1,50.0,0.5,0.9,0.5,10000,0.058823529411764705,1.1245802627735113e-06,beta_known_mean,500,0,-0.00015077779093573718,1.7167915537601722e-06,0.00015557853799850717,1.0,0.9923756595384479,1.0,0.0,1.1245802627735113e-06,0.0
11,0.2,0.05,1.1,50.0,0.5,0.9,0.5,10000,0.1111111111111111,0.0011231932482786422,beta_estimated_mean,500,0,-0.0020614047598907937,6.227240761606172e-05,0.002486853052856278,0.756,0.7164951931439073,0.791601144539778,0.0,0.0008491340956986535,2.1595338818951342e-05
11,0.2,0.05,1.1,50.0,0.5,0.9,0.5,10000,0.1111111111111111,0.0011231932482786422,risk_only,500,0,-3.954656792662109e-05,6.232262408288658e-05,0.0013927435362803143,0.218,0.18403372643598842,0.25626640158432706,0.0,0.000244856128124744,2.0760405625654973e-05
11,0.2,0.05,1.1,50.0,0.5,0.9,0.5,10000,0.1111111111111111,0.0011231932482786422,outcome_based,500,0,7.120675172074145e-05,7.493269210894509e-05,0.0016753834386464808,0.22,0.18590093257162363,0.25836869808684565,0.0,0.00024710251462130127,2.082873301197333e-05
11,0.2,0.05,1.1,50.0,0.5,0.9,0.5,10000,0.1111111111111111,0.0011231932482786422,beta_known_mean,500,0,-0.0020370008784009208,1.016490999882782e-05,0.002049617513306562,1.0,0.9923756595384479,1.0,0.0,0.0011231932482786422,0.0
11,0.2,0.05,1.1,50.0,0.5,0.9,0.5,10000,0.2,0.0019106104103940175,beta_estimated_mean,500,0,-0.004184802791913576,5.096599751115678e-05,0.004336904809361046,0.978,0.9610391387886836,0.9876719917300725,0.0,0.001868576981365349,1.2545923491483437e-05
11,0.2,0.05,1.1,50.0,0.5,0.9,0.5,10000,0.2,0.0019106104103940175,risk_only,500,0,-7.223799019491137e-05,4.9222616843616534e-05,0.0011019203536032937,0.056,0.03902562068315149,0.0797447936467069,0.0,0.00010699418298206498,1.966535893428597e-05
11,0.2,0.05,1.1,50.0,0.5,0.9,0.5,10000,0.2,0.0019106104103940175,outcome_based,500,0,1.9439589606458405e-05,0.00014681415219785016,0.0032796373496387144,0.26,0.22348572318538285,0.3001739602361623,0.0,0.0004967587067024445,3.751668015923166e-05
11,0.2,0.05,1.1,50.0,0.5,0.9,0.5,10000,0.2,0.0019106104103940175,beta_known_mean,500,0,-0.004169943986848916,2.487288348937553e-05,0.004206797399407579,1.0,0.9923756595384479,1.0,0.0,0.0019106104103940177,9.707111005542835e-21
11,0.2,0.05,1.1,50.0,0.5,0.9,0.5,10000,0.3333333333333333,-0.005658635547146286,beta_estimated_mean,500,0,0.004293192816224838,1.9480020752958373e-05,0.004315189531219211,0.0,4.336808689942018e-19,0.007624340461552241,0.0,0.0,0.0
11,0.2,0.05,1.1,50.0,0.5,0.9,0.5,10000,0.3333333333333333,-0.005658635547146286,risk_only,500,0,-6.631187858445047e-05,2.449128618209117e-05,0.0005510979872664124,0.0,4.336808689942018e-19,0.007624340461552241,0.0,0.0,0.0
11,0.2,0.05,1.1,50.0,0.5,0.9,0.5,10000,0.3333333333333333,-0.005658635547146286,outcome_based,500,0,3.453554714626939e-05,0.00013118386636163604,0.002930629095265536,0.026,0.015256383923327248,0.04397149083422428,0.0,0.00014712452422580344,4.0311374174052854e-05
11,0.2,0.05,1.1,50.0,0.5,0.9,0.5,10000,0.3333333333333333,-0.005658635547146286,beta_known_mean,500,0,0.004296898564840366,1.521032428508605e-05,0.004310311230641133,0.0,4.336808689942018e-19,0.007624340461552241,0.0,0.0,0.0
11,0.2,0.05,1.1,50.0,0.5,0.9,0.5,10000,0.5,-0.0006793146360337325,beta_estimated_mean,500,0,0.0005566528006355469,1.5831292371458601e-06,0.0005577750292438426,0.0,4.336808689942018e-19,0.007624340461552241,0.0,0.0,0.0
11,0.2,0.05,1.1,50.0,0.5,0.9,0.5,10000,0.5,-0.0006793146360337325,risk_only,500,0,-3.0465327115416417e-06,4.887097319823678e-06,0.00010921198536819552,0.0,4.336808689942018e-19,0.007624340461552241,0.0,0.0,0.0
11,0.2,0.05,1.1,50.0,0.5,0.9,0.5,10000,0.5,-0.0006793146360337325,outcome_based,500,0,-7.485363966267502e-06,4.947228045144202e-05,0.0011051523834628904,0.256,0.21970770819171886,0.2960129699535187,0.032,0.00019564261517771497,1.3770729249580561e-05
11,0.2,0.05,1.1,50.0,0.5,0.9,0.5,10000,0.5,-0.0006793146360337325,beta_known_mean,500,0,0.000556865543633734,1.4581079831711817e-06,0.0005578173061611635,0.0,4.336808689942018e-19,0.007624340461552241,0.0,0.0,0.0
12,0.2,0.05,1.1,50.0,0.5,0.9,1.0,500,0.058823529411764705,0.0001470777250690003,beta_estimated_mean,500,0,-0.000302487404364017,0.0002703101294177685,0.0060458427118689085,0.526,0.4822016483694956,0.5694018859265038,0.0,7.736288338629415e-05,3.2875977449578e-06
12,0.2,0.05,1.1,50.0,0.5,0.9,1.0,500,0.058823529411764705,0.0001470777250690003,risk_only,500,0,-1.679738253279023e-05,0.0002704959206876815,0.006042444510567683,0.504,0.460312154390353,0.5476268508859545,0.0,7.412717343477615e-05,3.2919462642514213e-06
12,0.2,0.05,1.1,50.0,0.5,0.9,1.0,500,0.058823529411764705,0.0001470777250690003,outcome_based,500,0,1.2672274931024436e-05,5.9166279858924835e-05,0.0013217353267776005,0.296,0.2576653952306019,0.33744533567771146,0.008,4.353500662042409e-05,3.0055836258828826e-06
12,0.2,0.05,1.1,50.0,0.5,0.9,1.0,500,0.058823529411764705,0.0001470777250690003,beta_known_mean,500,0,-0.00029815417186855456,8.38524618577038e-06,0.00035211045801994574,0.804,0.7669425076136408,0.8364218933857356,0.0,0.00011825049095547624,2.6136816633438633e-06
12,0.2,0.05,1.1,50.0,0.5,0.9,1.0,500,0.1111111111111111,0.003132782648731111,beta_estimated_mean,500,0,-0.0039840517407973884,0.00027608989180759303,0.007342292341234896,0.572,0.5282438503629422,0.6146582446105943,0.0,0.0017919516750741955,6.939047986477306e-05
12,0.2,0.05,1.1,50.0,0.5,0.9,1.0,500,0.1111111111111111,0.003132782648731111,risk_only,500,0,2.6943222610159856e-06,0.0002746527235628881,0.006135277697143631,0.33,0.2902178997291812,0.3723743760277467,0.0,0.0010338182740812667,6.594385975658632e-05
12,0.2,0.05,1.1,50.0,0.5,0.9,1.0,500,0.1111111111111111,0.003132782648731111,outcome_based,500,0,0.00035071735126887245,0.00031440086084901365,0.007031934684742093,0.304,0.26530206305726467,0.34568667840366385,0.024,0.0009523659252142578,6.450916248548491e-05
12,0.2,0.05,1.1,50.0,0.5,0.9,1.0,500,0.1111111111111111,0.003132782648731111,beta_known_mean,500,0,-0.0040005700418149276,4.900671259266233e-05,0.004147648483316523,0.804,0.7669425076136408,0.8364218933857356,0.0,0.0025187572495798134,5.56719011011963e-05
12,0.2,0.05,1.1,50.0,0.5,0.9,1.0,500,0.2,0.006014352819334795,beta_estimated_mean,500,0,-0.008119776421011088,0.00023558314667744467,0.009676000165741647,0.674,0.6317220455546273,0.7136246839647526,0.0,0.004053673800231652,0.0001262052370725307
12,0.2,0.05,1.1,50.0,0.5,0.9,1.0,500,0.2,0.006014352819334795,risk_only,500,0,4.649722246203326e-05,0.00022572910039190923,0.005042620523775634,0.1,0.07667756273730172,0.1294219096319401,0.0,0.0006014352819334795,8.077182271726578e-05
12,0.2,0.05,1.1,50.0,0.5,0.9,1.0,500,0.2,0.006014352819334795,outcome_based,500,0,-0.0008623528193347525,0.0006990716661321501,0.015639870472130387,0.404,0.36187922469306827,0.44758464867554987,0.012,0.0024297985390112574,0.00013211509491076298
12,0.2,0.05,1.1,50.0,0.5,0.9,1.0,500,0.2,0.006014352819334795,beta_known_mean,500,0,-0.008112252425104768,0.00012015418714071382,0.008544747902873061,0.804,0.7669425076136408,0.8364218933857356,0.0,0.004835539666745175,0.0001068795677482848
12,0.2,0.05,1.1,50.0,0.5,0.9,1.0,500,0.3333333333333333,-0.0099967815970491,beta_estimated_mean,500,0,0.008659577191637681,9.323762114870563e-05,0.008906526308425124,0.252,0.21593384838137186,0.2918478244875581,0.0,0.0025191889624563736,0.00019429472082045752
12,0.2,0.05,1.1,50.0,0.5,0.9,1.0,500,0.3333333333333333,-0.0099967815970491,risk_only,500,0,3.2289276332197286e-05,0.00011626703800396643,0.002597409601188794,0.0,4.336808689942018e-19,0.007624340461552241,0.0,0.0,0.0
12,0.2,0.05,1.1,50.0,0.5,0.9,1.0,500,0.3333333333333333,-0.0099967815970491,outcome_based,500,0,-5.321840295089941e-05,0.0005840215426888371,0.01304616158869775,0.202,0.16914122067557874,0.23940288623950645,0.024,0.002259272640933097,0.00018716930647311443
12,0.2,0.05,1.1,50.0,0.5,0.9,1.0,500,0.3333333333333333,-0.0099967815970491,beta_known_mean,500,0,0.008692362937963853,7.337256043786134e-05,0.008845538775296063,0.196,0.16357810661426447,0.2330574923863593,0.0,0.0019593691930216237,0.0001776503188392579
12,0.2,0.05,1.1,50.0,0.5,0.9,1.0,500,0.5,-0.0012404950853733836,beta_estimated_mean,500,0,0.0011036832374541423,8.193849051374503e-06,0.0011187578516432123,0.208,0.17471631170962926,0.24573630311991723,0.0,0.0002580229777576638,2.2539227828919957e-05
12,0.2,0.05,1.1,50.0,0.5,0.9,1.0,500,0.5,-0.0012404950853733836,risk_only,500,0,-2.197904576959372e-05,2.5455367482750148e-05,0.000569054452192571,0.0,4.336808689942018e-19,0.007624340461552241,0.002,2.4809901707467673e-06,2.480990170746767e-06
12,0.2,0.05,1.1,50.0,0.5,0.9,1.0,500,0.5,-0.0012404950853733836,outcome_based,500,0,0.0006244950853733834,0.0002622109784017229,0.005890546503649344,0.402,0.359928740326145,0.44556563040431935,0.136,0.0006673863559308803,2.7685788751400826e-05
12,0.2,0.05,1.1,50.0,0.5,0.9,1.0,500,0.5,-0.0012404950853733836,beta_known_mean,500,0,0.0011079376993925853,7.4098364343102525e-06,0.0011202338497166417,0.196,0.16357810661426447,0.2330574923863593,0.0,0.00024313703673318319,2.2044529561410566e-05
12,0.2,0.05,1.1,50.0,0.5,0.9,1.0,3000,0.058823529411764705,0.0001470777250690003,beta_estimated_mean,500,0,-0.00016370062130211365,0.00010749365307035792,0.0024067998947086408,0.496,0.45237314911404547,0.539687845609647,0.0,7.295055163422415e-05,3.2919462642514213e-06
12,0.2,0.05,1.1,50.0,0.5,0.9,1.0,3000,0.058823529411764705,0.0001470777250690003,risk_only,500,0,0.00012863145235623237,0.00010737067535627368,0.00240192600881875,0.446,0.4030063915853302,0.4898170371845176,0.0,6.559666538077413e-05,3.272796052687041e-06
12,0.2,0.05,1.1,50.0,0.5,0.9,1.0,3000,0.058823529411764705,0.0001470777250690003,outcome_based,500,0,2.267227493104168e-05,2.5185001030119234e-05,0.0005630469662623316,0.348,0.30755030205694756,0.39076749744336436,0.02,5.1183048324012104e-05,3.13624549730202e-06
12,0.2,0.05,1.1,50.0,0.5,0.9,1.0,3000,0.058823529411764705,0.0001470777250690003,beta_known_mean,500,0,-0.0002928818158698913,3.375124043798426e-06,0.00030243031885121406,0.98,0.9635798167531208,0.9891008164037892,0.0,0.00014413617056762028,9.217744512448016e-07
12,0.2,0.05,1.1,50.0,0.5,0.9,1.0,3000,0.1111111111111111,0.003132782648731111,beta_estimated_mean,500,0,-0.003894735723449577,0.00011018198810216072,0.004607261826300356,0.616,0.5726388276307122,0.6575923253822078,0.0,0.0019297941116183646,6.820810128342907e-05
12,0.2,0.05,1.1,50.0,0.5,0.9,1.0,3000,0.1111111111111111,0.003132782648731111,risk_only,500,0,0.00012169997026779473,0.00010873195239494271,0.0024319348225434845,0.082,0.06101908946846894,0.10935485915738875,0.0,0.00025688817719595115,3.847762508869397e-05
12,0.2,0.05,1.1,50.0,0.5,0.9,1.0,3000,0.1111111111111111,0.003132782648731111,outcome_based,500,0,-1.0782648730433303e-05,0.0001326175732335544,0.002962471807454354,0.132,0.10511672384831994,0.1644947907313825,0.002,0.00041352730963250666,4.7470829447772135e-05
12,0.2,0.05,1.1,50.0,0.5,0.9,1.0,3000,0.1111111111111111,0.003132782648731111,beta_known_mean,500,0,-0.004016856270078456,1.967363382982333e-05,0.004040825803797477,0.98,0.9635798167531208,0.9891008164037892,0.0,0.003070126995756489,1.9633965684121145e-05
12,0.2,0.05,1.1,50.0,0.5,0.9,1.0,3000,0.2,0.006014352819334795,beta_estimated_mean,500,0,-0.008125390455423065,9.446109984168393e-05,0.00839490898374409,0.856,0.8225095437017246,0.8840619258896502,0.0,0.005148286013350585,9.452719200212744e-05
12,0.2,0.05,1.1,50.0,0.5,0.9,1.0,3000,0.2,0.006014352819334795,risk_only,500,0,5.71356157328152e-05,9.042962696177637e-05,0.002020852710460547,0.004,0.0010976305226827934,0.014465715215177033,0.0,2.405741127733918e-05,1.699410485457842e-05
12,0.2,0.05,1.1,50.0,0.5,0.9,1.0,3000,0.2,0.006014352819334795,outcome_based,500,0,-6.352819334972462e-06,0.0002848093793098542,0.006362162780627579,0.176,0.1451264013297259,0.21181417128935995,0.002,0.0010585260962029238,0.00010253179686383178
12,0.2,0.05,1.1,50.0,0.5,0.9,1.0,3000,0.2,0.006014352819334795,beta_known_mean,500,0,-0.008195009316796764,4.786287968262526e-05,0.008264460930568367,0.98,0.9635798167531208,0.9891008164037892,0.0,0.005894065762948099,3.769351726805735e-05
12,0.2,0.05,1.1,50.0,0.5,0.9,1.0,3000,0.3333333333333333,-0.0099967815970491,beta_estimated_mean,500,0,0.008686813738349123,3.753295185320692e-05,0.008727180841469014,0.064,0.04569601604478943,0.08895240883768415,0.0,0.0006397940222111425,0.00010953119920721246
12,0.2,0.05,1.1,50.0,0.5,0.9,1.0,3000,0.3333333333333333,-0.0099967815970491,risk_only,500,0,2.0289026235957893e-05,4.776469397080726e-05,0.0010671753247043874,0.0,4.336808689942018e-19,0.007624340461552241,0.0,0.0,0.0
12,0.2,0.05,1.1,50.0,0.5,0.9,1.0,3000,0.3333333333333333,-0.0099967815970491,outcome_based,500,0,9.67815970490826e-05,0.00022889421771548707,0.005114025377959732,0.028,0.01675097472075645,0.04644640267494888,0.0,0.00027990988471737483,7.382816588389657e-05
12,0.2,0.05,1.1,50.0,0.5,0.9,1.0,3000,0.3333333333333333,-0.0099967815970491,beta_known_mean,500,0,0.008678098777782793,2.950393026331281e-05,0.008703089616081489,0.02,0.010899183596210813,0.036420183246879345,0.0,0.000199935631940982,6.265243677457635e-05
12,0.2,0.05,1.1,50.0,0.5,0.9,1.0,3000,0.5,-0.0012404950853733836,beta_estimated_mean,500,0,0.001119902624634296,3.173257386262664e-06,0.0011221437520746085,0.028,0.01675097472075645,0.04644640267494888,0.0,3.4733862390454744e-05,9.161296168372695e-06
12,0.2,0.05,1.1,50.0,0.5,0.9,1.0,3000,0.5,-0.0012404950853733836,risk_only,500,0,1.5606410294093188e-05,9.94889855797196e-06,0.00022278884783166107,0.0,4.336808689942018e-19,0.007624340461552241,0.0,0.0,0.0
12,0.2,0.05,1.1,50.0,0.5,0.9,1.0,3000,0.5,-0.0012404950853733836,outcome_based,500,0,-3.750491462661646e-05,0.00010371247701752936,0.0023170647995444187,0.254,0.21782025491518664,0.2939309205918972,0.06,0.0003895154568072424,2.5773396622411026e-05
12,0.2,0.05,1.1,50.0,0.5,0.9,1.0,3000,0.5,-0.0012404950853733836,beta_known_mean,500,0,0.001120142265683724,2.9181606570266157e-06,0.0011220374372183646,0.02,0.010899183596210813,0.036420183246879345,0.0,2.480990170746767e-05,7.774506139903108e-06
12,0.2,0.05,1.1,50.0,0.5,0.9,1.0,10000,0.058823529411764705,0.0001470777250690003,beta_estimated_mean,500,0,-0.0002672942139154449,5.983421554590251e-05,0.001363060064134902,0.524,0.48020822109105976,0.5674258105667859,0.0,7.706872793615615e-05,3.288256981164483e-06
12,0.2,0.05,1.1,50.0,0.5,0.9,1.0,10000,0.058823529411764705,0.0001470777250690003,risk_only,500,0,2.5294357956826942e-05,5.9893850778250845e-05,0.0013381663617454632,0.442,0.3990759531428234,0.4858084703507167,0.0,6.500835448049814e-05,3.2698276738155995e-06
12,0.2,0.05,1.1,50.0,0.5,0.9,1.0,10000,0.058823529411764705,0.0001470777250690003,outcome_based,500,0,3.772274930546493e-06,1.3934816134468962e-05,0.00031130306986629355,0.312,0.27295294872528497,0.3539138032882587,0.01,4.588825022152809e-05,3.0504797551606442e-06
12,0.2,0.05,1.1,50.0,0.5,0.9,1.0,10000,0.058823529411764705,0.0001470777250690003,beta_known_mean,500,0,-0.0002918145003031948,1.8301672364756357e-06,0.000294664400855998,1.0,0.9923756595384479,1.0,0.0,0.0001470777250690003,0.0
12,0.2,0.05,1.1,50.0,0.5,0.9,1.0,10000,0.1111111111111111,0.003132782648731111,beta_estimated_mean,500,0,-0.0039930472081229846,6.0752809020699144e-05,0.004217367307272113,0.736,0.6956691427151993,0.7727321685869482,0.0,0.002305728029466098,6.181884157297316e-05
12,0.2,0.05,1.1,50.0,0.5,0.9,1.0,10000,0.1111111111111111,0.003132782648731111,risk_only,500,0,2.3289785179571863e-05,6.087594848412298e-05,0.001360065103188324,0.016,0.008129253033388314,0.03125110853339426,0.0,5.0124522379697776e-05,1.7596955366279782e-05
12,0.2,0.05,1.1,50.0,0.5,0.9,1.0,10000,0.1111111111111111,0.003132782648731111,outcome_based,500,0,-7.863264873256353e-05,6.988468747936667e-05,0.0015630847692774009,0.032,0.019791513626571118,0.051344869045441784,0.002,0.00010024904475939555,2.4682699717180866e-05
12,0.2,0.05,1.1,50.0,0.5,0.9,1.0,10000,0.1111111111111111,0.003132782648731111,beta_known_mean,500,0,-0.004016842372112006,1.0682251059651994e-05,0.004023923927680222,1.0,0.9923756595384479,1.0,0.0,0.003132782648731111,0.0
12,0.2,0.05,1.1,50.0,0.5,0.9,1.0,10000,0.2,0.006014352819334795,beta_estimated_mean,500,0,-0.008186631140304141,5.1183643761781344e-05,0.008266086882943781,0.982,0.9661483290912607,0.990501806703803,0.0,0.005906094468586769,3.57956806692041e-05
12,0.2,0.05,1.1,50.0,0.5,0.9,1.0,10000,0.2,0.006014352819334795,risk_only,500,0,2.177911962713207e-05,4.96982673295552e-05,0.0011103888058045883,0.0,4.336808689942018e-19,0.007624340461552241,0.0,0.0,0.0
12,0.2,0.05,1.1,50.0,0.5,0.9,1.0,10000,0.2,0.006014352819334795,outcome_based,500,0,-2.2152819333718128e-05,0.0001510526468627777,0.0033743332537563174,0.028,0.01675097472075645,0.04644640267494888,0.0,0.00016840187894137426,4.441715899457089e-05
12,0.2,0.05,1.1,50.0,0.5,0.9,1.0,10000,0.2,0.006014352819334795,beta_known_mean,500,0,-0.008200393756296854,2.5978563205430627e-05,0.008220901759884706,1.0,0.9923756595384479,1.0,0.0,0.006014352819334795,0.0
12,0.2,0.05,1.1,50.0,0.5,0.9,1.0,10000,0.3333333333333333,-0.0099967815970491,beta_estimated_mean,500,0,0.008680813188084936,2.0235216423151968e-05,0.008692573849803722,0.002,0.00035313639455927456,0.011240706705146758,0.0,1.9993563194098203e-05,1.99935631940982e-05
12,0.2,0.05,1.1,50.0,0.5,0.9,1.0,10000,0.3333333333333333,-0.0099967815970491,risk_only,500,0,1.1032605532633564e-05,2.505681476568738e-05,0.0005598355629286348,0.0,4.336808689942018e-19,0.007624340461552241,0.0,0.0,0.0
12,0.2,0.05,1.1,50.0,0.5,0.9,1.0,10000,0.3333333333333333,-0.0099967815970491,outcome_based,500,0,8.818159704895859e-05,0.00012655751930005192,0.002828455768446491,0.0,4.336808689942018e-19,0.007624340461552241,0.0,0.0,0.0
12,0.2,0.05,1.1,50.0,0.5,0.9,1.0,10000,0.3333333333333333,-0.0099967815970491,beta_known_mean,500,0,0.00867943263837382,1.601956380044399e-05,0.008686806519649358,0.0,4.336808689942018e-19,0.007624340461552241,0.0,0.0,0.0
12,0.2,0.05,1.1,50.0,0.5,0.9,1.0,10000,0.5,-0.0012404950853733836,beta_estimated_mean,500,0,0.0011220016640718206,1.704268562724906e-06,0.0011226473601784076,0.0,4.336808689942018e-19,0.007624340461552241,0.0,0.0,0.0
12,0.2,0.05,1.1,50.0,0.5,0.9,1.0,10000,0.5,-0.0012404950853733836,risk_only,500,0,4.827390968677458e-06,5.7103528908901245e-06,0.00012765093279202696,0.0,4.336808689942018e-19,0.007624340461552241,0.0,0.0,0.0
12,0.2,0.05,1.1,50.0,0.5,0.9,1.0,10000,0.5,-0.0012404950853733836,outcome_based,500,0,4.369508537338362e-05,5.676922590647189e-05,0.0012688810111613253,0.154,0.1250106802783401,0.18826536332105404,0.032,0.00023073208587944934,2.1607944204383003e-05
12,0.2,0.05,1.1,50.0,0.5,0.9,1.0,10000,0.5,-0.0012404950853733836,beta_known_mean,500,0,0.0011221063108532014,1.5747019335130782e-06,0.0011226575329369628,0.0,4.336808689942018e-19,0.007624340461552241,0.0,0.0,0.0
13,0.2,0.05,1.1,50.0,0.9,0.1,0.5,500,0.058823529411764705,-0.0018027837729305551,beta_estimated_mean,500,0,0.0018330564361603524,0.0002549076272390587,0.005981978536575312,0.524,0.48020822109105976,0.5674258105667859,0.0,0.0009446586970156109,4.030533055966064e-05
13,0.2,0.05,1.1,50.0,0.9,0.1,0.5,500,0.058823529411764705,-0.0018027837729305551,risk_only,500,0,0.00018502559907700077,0.00025213877797442447,0.00563539192853287,0.386,0.3443514767140062,0.42938687291122785,0.0,0.0006958745363511942,3.928902083140805e-05
13,0.2,0.05,1.1,50.0,0.9,0.1,0.5,500,0.058823529411764705,-0.0018027837729305551,outcome_based,500,0,3.4783772930449844e-05,0.0001224646773334599,0.0027358747980964176,0.248,0.21216420834594762,0.2876784592466748,0.01,0.00046511821341608324,3.5310606171454834e-05
13,0.2,0.05,1.1,50.0,0.9,0.1,0.5,500,0.058823529411764705,-0.0018027837729305551,beta_known_mean,500,0,0.0016688459482871634,6.879852074728173e-06,0.0016759074106390789,0.184,0.1524894793781606,0.22032910379354043,0.0,0.0003317122142192221,3.127140241896124e-05
13,0.2,0.05,1.1,50.0,0.9,0.1,0.5,500,0.1111111111111111,-0.006604160168054374,beta_estimated_mean,500,0,0.0058850565034939935,0.0002508299475594561,0.008125811078474814,0.474,0.43059811407349635,0.5177983516305045,0.0,0.0031303719196577734,0.00014762141626578575
13,0.2,0.05,1.1,50.0,0.9,0.1,0.5,500,0.1111111111111111,-0.006604160168054374,risk_only,500,0,0.00019140436860113418,0.0002478135689522295,0.005539043829559707,0.114,0.08903690099400285,0.1448490898423155,0.0,0.0007528742591581986,9.395861605317142e-05
13,0.2,0.05,1.1,50.0,0.9,0.1,0.5,500,0.1111111111111111,-0.006604160168054374,outcome_based,500,0,-0.00011433983194554706,0.00031567398630748597,0.007052549634505773,0.148,0.1195614053892054,0.18180613029572734,0.002,0.0009906240252081562,0.00010556559918087145
13,0.2,0.05,1.1,50.0,0.9,0.1,0.5,500,0.1111111111111111,-0.006604160168054374,beta_known_mean,500,0,0.00575673604110379,4.2635587314976804e-05,0.0058349883210238,0.184,0.1524894793781606,0.22032910379354043,0.0,0.0012151654709220048,0.00011455691656176139
13,0.2,0.05,1.1,50.0,0.9,0.1,0.5,500,0.2,-0.004671884024999004,beta_estimated_mean,500,0,0.002628091845405642,0.00020163808215810006,0.005214898553175277,0.31,0.2710389112735686,0.3518583381018213,0.0,0.001448284047749691,9.672687850231962e-05
13,0.2,0.05,1.1,50.0,0.9,0.1,0.5,500,0.2,-0.004671884024999004,risk_only,500,0,0.00017554520002191932,0.00020042014986240272,0.004480487263257631,0.152,0.12319239267380164,0.18611414828743875,0.0,0.0007101263717998487,7.508643767471297e-05
13,0.2,0.05,1.1,50.0,0.9,0.1,0.5,500,0.2,-0.004671884024999004,outcome_based,500,0,-0.00031211597500105246,0.0007210154051258969,0.01610928801598173,0.37,0.32882226377423945,0.4131600647457642,0.02,0.0018220347697496116,0.00010200912010397713
13,0.2,0.05,1.1,50.0,0.9,0.1,0.5,500,0.2,-0.004671884024999004,beta_known_mean,500,0,0.0025390099617005795,0.00010692040493679098,0.003485846541164228,0.184,0.1524894793781606,0.22032910379354043,0.0,0.0008596266605998168,8.103931685771168e-05
13,0.2,0.05,1.1,50.0,0.9,0.1,0.5,500,0.3333333333333333,0.0044211918256095075,beta_estimated_mean,500,0,-0.005636122223313775,7.687245318849886e-05,0.005891914066895508,0.774,0.7353316422926235,0.8084902191344461,0.0,0.0034220024730217597,8.277778200418054e-05
13,0.2,0.05,1.1,50.0,0.9,0.1,0.5,500,0.3333333333333333,0.0044211918256095075,risk_only,500,0,6.978021863580484e-05,9.426278384463429e-05,0.0021068270018121667,0.012,0.005510995174027703,0.025930361116447292,0.0,5.305430190731409e-05,2.1550541189525847e-05
13,0.2,0.05,1.1,50.0,0.9,0.1,0.5,500,0.3333333333333333,0.0044211918256095075,outcome_based,500,0,-0.00038919182560950605,0.0005715341236610619,0.012773035906828153,0.362,0.32107604417818575,0.40502827378920275,0.018,0.0016004714408706419,9.51160289058687e-05
13,0.2,0.05,1.1,50.0,0.9,0.1,0.5,500,0.3333333333333333,0.0044211918256095075,beta_known_mean,500,0,-0.005676676062400897,6.329808125563573e-05,0.005850125470079017,0.816,0.7796708962064596,0.8475105206218394,0.0,0.003607692529697359,7.669076615067944e-05
13,0.2,0.05,1.1,50.0,0.9,0.1,0.5,500,0.5,0.00032292303273446707,beta_estimated_mean,500,0,-0.0004273211260685901,6.0852461777138835e-06,0.00044842103550700566,0.8,0.7627108946948261,0.8327145010282427,0.0,0.0002583384261875737,5.78240812377993e-06
13,0.2,0.05,1.1,50.0,0.9,0.1,0.5,500,0.5,0.00032292303273446707,risk_only,500,0,-1.3688477586442752e-06,1.7625154749852697e-05,0.0003937185132075423,0.188,0.15617996413496654,0.22457762431304207,0.008,6.070953015407981e-05,5.648143068626108e-06
13,0.2,0.05,1.1,50.0,0.9,0.1,0.5,500,0.5,0.00032292303273446707,outcome_based,500,0,-5.0923032734467135e-05,0.00019429754262506843,0.00434057705325719,0.378,0.3365807935394356,0.42127954553318325,0.218,0.00012206490637362856,7.009545222458287e-06
13,0.2,0.05,1.1,50.0,0.9,0.1,0.5,500,0.5,0.00032292303273446707,beta_known_mean,500,0,-0.00042992571251428114,5.6888445395402626e-06,0.00044831376448447994,0.816,0.7796708962064596,0.8475105206218394,0.0,0.00026350519471132517,5.60147936686576e-06
13,0.2,0.05,1.1,50.0,0.9,0.1,0.5,3000,0.058823529411764705,-0.0018027837729305551,beta_estimated_mean,500,0,0.001559210664991217,0.00010913803695878508,0.0028939216199337027,0.462,0.41875629515879303,0.505823154716285,0.0,0.0008328861030939166,4.023513780128002e-05
13,0.2,0.05,1.1,50.0,0.9,0.1,0.5,3000,0.058823529411764705,-0.0018027837729305551,risk_only,500,0,-9.695408380575743e-05,0.00010838418920200595,0.002423059882954969,0.218,0.18403372643598842,0.25626640158432706,0.0,0.000393006862498861,3.332153432968483e-05
13,0.2,0.05,1.1,50.0,0.9,0.1,0.5,3000,0.058823529411764705,-0.0018027837729305551,outcome_based,500,0,1.899210626366482e-05,4.830123187497571e-05,0.0010791349273467962,0.058,0.0406837291117572,0.08205618785625499,0.004,0.00011177259392169442,1.9462141752129082e-05
13,0.2,0.05,1.1,50.0,0.9,0.1,0.5,3000,0.058823529411764705,-0.0018027837729305551,beta_known_mean,500,0,0.0016607678338946123,2.7980583146522214e-06,0.0016619436013700249,0.014,0.00679778979084349,0.02861306913778529,0.0,2.5238972821027772e-05,9.48191030554138e-06
13,0.2,0.05,1.1,50.0,0.9,0.1,0.5,3000,0.1111111111111111,-0.006604160168054374,beta_estimated_mean,500,0,0.0056321906490457326,0.00010727638231792991,0.006120798508904398,0.344,0.3036929655617379,0.38668582866226636,0.0,0.0022718310978107046,0.0001404424721779017
13,0.2,0.05,1.1,50.0,0.9,0.1,0.5,3000,0.1111111111111111,-0.006604160168054374,risk_only,500,0,-7.606183596347074e-05,0.00010637642085108465,0.0023774862600066875,0.002,0.00035313639455927456,0.011240706705146758,0.0,1.3208320336108748e-05,1.3208320336108747e-05
13,0.2,0.05,1.1,50.0,0.9,0.1,0.5,3000,0.1111111111111111,-0.006604160168054374,outcome_based,500,0,0.00022866016805309482,0.0001230513306803018,0.0027582528588888234,0.014,0.00679778979084349,0.02861306913778529,0.0,9.245824235276123e-05,3.473519969348695e-05
13,0.2,0.05,1.1,50.0,0.9,0.1,0.5,3000,0.1111111111111111,-0.006604160168054374,beta_known_mean,500,0,0.005729545270156608,1.7266054409689316e-05,0.005742512446967638,0.014,0.00679778979084349,0.02861306913778529,0.0,9.245824235276123e-05,3.473519969348695e-05
13,0.2,0.05,1.1,50.0,0.9,0.1,0.5,3000,0.2,-0.004671884024999004,beta_estimated_mean,500,0,0.002445678831842697,8.486709533653393e-05,0.0030944069641989187,0.126,0.09973528894537706,0.15796771771986404,0.0,0.0005886573871498745,6.940372325139614e-05
13,0.2,0.05,1.1,50.0,0.9,0.1,0.5,3000,0.2,-0.004671884024999004,risk_only,500,0,-3.537438476232074e-05,8.318233033905356e-05,0.0018584891948392902,0.01,0.004278753896590496,0.023193099755730702,0.0,4.671884024999004e-05,2.0809391349313107e-05
13,0.2,0.05,1.1,50.0,0.9,0.1,0.5,3000,0.2,-0.004671884024999004,outcome_based,500,0,0.0003152173583324971,0.0002972897130040478,0.00664842594442855,0.254,0.21782025491518664,0.2939309205918972,0.006,0.001214689846499741,9.17369536737558e-05
13,0.2,0.05,1.1,50.0,0.9,0.1,0.5,3000,0.2,-0.004671884024999004,beta_known_mean,500,0,0.002501202163230379,4.2999991109170286e-05,0.0026793026853655973,0.014,0.00679778979084349,0.02861306913778529,0.0,6.540637634998605e-05,2.4572212124431303e-05
13,0.2,0.05,1.1,50.0,0.9,0.1,0.5,3000,0.3333333333333333,0.0044211918256095075,beta_estimated_mean,500,0,-0.0057298559313041725,3.1539417756598626e-05,0.005773008028302212,0.97,0.9510963331640543,0.9817367868020865,0.0,0.004288556070841224,3.376257640903351e-05
13,0.2,0.05,1.1,50.0,0.9,0.1,0.5,3000,0.3333333333333333,0.0044211918256095075,risk_only,500,0,1.5111068107766078e-05,3.995689293229851e-05,0.0008926972821108719,0.0,4.336808689942018e-19,0.007624340461552241,0.0,0.0,0.0
13,0.2,0.05,1.1,50.0,0.9,0.1,0.5,3000,0.3333333333333333,0.0044211918256095075,outcome_based,500,0,0.00018214150772383937,0.00022415823887229994,0.005010627369895622,0.198,0.1654311225691935,0.2351739790695841,0.004,0.0008753959814706825,7.886945954834509e-05
13,0.2,0.05,1.1,50.0,0.9,0.1,0.5,3000,0.3333333333333333,0.0044211918256095075,beta_known_mean,500,0,-0.005722806228655258,2.5674205135878192e-05,0.005751472365456139,0.986,0.9713869308622147,0.9932022102091564,0.0,0.004359295140050976,2.325367299367019e-05
13,0.2,0.05,1.1,50.0,0.9,0.1,0.5,3000,0.5,0.00032292303273446707,beta_estimated_mean,500,0,-0.00043828188868669807,2.4190727907622086e-06,0.0004416006324962808,0.986,0.9713869308622147,0.9932022102091564,0.0,0.0003184021102761846,1.698443972015699e-06
13,0.2,0.05,1.1,50.0,0.9,0.1,0.5,3000,0.5,0.00032292303273446707,risk_only,500,0,4.328592214889791e-06,7.332098995943521e-06,0.00016384387348336978,0.018,0.009498193296197078,0.033851670908739286,0.0,5.812614589220408e-06,1.9219440740712005e-06
13,0.2,0.05,1.1,50.0,0.9,0.1,0.5,3000,0.5,0.00032292303273446707,outcome_based,500,0,5.2410300598866214e-05,7.631300613503761e-05,0.0017055089027579544,0.392,0.35018737778967923,0.4354594797500162,0.06,0.0001265858288319111,7.057381145322297e-06
13,0.2,0.05,1.1,50.0,0.9,0.1,0.5,3000,0.5,0.00032292303273446707,beta_known_mean,500,0,-0.0004382770254562749,2.2891496961016313e-06,0.00044125005835925977,0.986,0.9713869308622147,0.9932022102091564,0.0,0.0003184021102761846,1.698443972015699e-06
13,0.2,0.05,1.1,50.0,0.9,0.1,0.5,10000,0.058823529411764705,-0.0018027837729305551,beta_estimated_mean,500,0,0.0016560165640017357,6.547900158306738e-05,0.0022094916122849324,0.496,0.45237314911404547,0.539687845609647,0.0,0.0008941807513735553,4.035055140924721e-05
13,0.2,0.05,1.1,50.0,0.9,0.1,0.5,10000,0.058823529411764705,-0.0018027837729305551,risk_only,500,0,-3.647322922637697e-06,6.467166057042673e-05,0.0014446600706573879,0.102,0.07843435210316954,0.13163462290422606,0.0,0.00018388394483891663,2.4424834050897796e-05
13,0.2,0.05,1.1,50.0,0.9,0.1,0.5,10000,0.058823529411764705,-0.0018027837729305551,outcome_based,500,0,-6.790372706722602e-05,2.7491939945401455e-05,0.0006178660780205036,0.0,4.336808689942018e-19,0.007624340461552241,0.0,0.0,0.0
13,0.2,0.05,1.1,50.0,0.9,0.1,0.5,10000,0.058823529411764705,-0.0018027837729305551,beta_known_mean,500,0,0.001658935477056664,1.629967190182761e-06,0.0016593350043811878,0.0,4.336808689942018e-19,0.007624340461552241,0.0,0.0,0.0
13,0.2,0.05,1.1,50.0,0.9,0.1,0.5,10000,0.1111111111111111,-0.006604160168054374,beta_estimated_mean,500,0,0.005717871391929462,6.451130761369625e-05,0.00589667244730872,0.242,0.20651780855112864,0.28141635112703234,0.0,0.0015982067606691585,0.0001266221287355681
13,0.2,0.05,1.1,50.0,0.9,0.1,0.5,10000,0.1111111111111111,-0.006604160168054374,risk_only,500,0,2.2549773372292913e-06,6.325914278723912e-05,0.0014131040085091997,0.0,4.336808689942018e-19,0.007624340461552241,0.0,0.0,0.0
13,0.2,0.05,1.1,50.0,0.9,0.1,0.5,10000,0.1111111111111111,-0.006604160168054374,outcome_based,500,0,-4.1714831944754034e-05,7.059927484732787e-05,0.0015776199396811267,0.0,4.336808689942018e-19,0.007624340461552241,0.0,0.0,0.0
13,0.2,0.05,1.1,50.0,0.9,0.1,0.5,10000,0.1111111111111111,-0.006604160168054374,beta_known_mean,500,0,0.005721670551716615,1.0151138547764893e-05,0.005726162210737245,0.0,4.336808689942018e-19,0.007624340461552241,0.0,0.0,0.0
13,0.2,0.05,1.1,50.0,0.9,0.1,0.5,10000,0.2,-0.004671884024999004,beta_estimated_mean,500,0,0.002484089636248375,5.115486202124784e-05,0.0027343179140719206,0.026,0.015256383923327248,0.04397149083422428,0.0,0.0001214689846499741,3.3281886324078945e-05
13,0.2,0.05,1.1,50.0,0.9,0.1,0.5,10000,0.2,-0.004671884024999004,risk_only,500,0,6.4949580180494045e-06,5.117321807554339e-05,0.0011431415530611287,0.0,4.336808689942018e-19,0.007624340461552241,0.0,0.0,0.0
13,0.2,0.05,1.1,50.0,0.9,0.1,0.5,10000,0.2,-0.004671884024999004,outcome_based,500,0,-5.4315975002082974e-05,0.000166344832581768,0.003716259044407693,0.098,0.07492391886460623,0.12720605086648182,0.002,0.0004671884024999004,6.27426756557628e-05
13,0.2,0.05,1.1,50.0,0.9,0.1,0.5,10000,0.2,-0.004671884024999004,beta_known_mean,500,0,0.0024858861403195378,2.5360184805132417e-05,0.002549618844128402,0.0,4.336808689942018e-19,0.007624340461552241,0.0,0.0,0.0
13,0.2,0.05,1.1,50.0,0.9,0.1,0.5,10000,0.3333333333333333,0.0044211918256095075,beta_estimated_mean,500,0,-0.005734739337736047,1.8807992826902035e-05,0.005750108853601946,1.0,0.9923756595384479,1.0,0.0,0.004421191825609509,7.765688804434268e-20
13,0.2,0.05,1.1,50.0,0.9,0.1,0.5,10000,0.3333333333333333,0.0044211918256095075,risk_only,500,0,-4.2406505816991665e-06,2.2994099075909644e-05,0.000513666770077078,0.0,4.336808689942018e-19,0.007624340461552241,0.0,0.0,0.0
13,0.2,0.05,1.1,50.0,0.9,0.1,0.5,10000,0.3333333333333333,0.0044211918256095075,outcome_based,500,0,7.208174390452661e-06,0.00012549711523323462,0.002803402468033812,0.06,0.0423483564809462,0.08436106312521979,0.002,0.00026527150953657046,4.700333113506236e-05
13,0.2,0.05,1.1,50.0,0.9,0.1,0.5,10000,0.3333333333333333,0.0044211918256095075,beta_known_mean,500,0,-0.005735356627384897,1.5075717006252386e-05,0.005745235155123845,1.0,0.9923756595384479,1.0,0.0,0.004421191825609509,7.765688804434268e-20
13,0.2,0.05,1.1,50.0,0.9,0.1,0.5,10000,0.5,0.00032292303273446707,beta_estimated_mean,500,0,-0.0004399947720995804,1.4028358073457173e-06,0.00044110928994733835,1.0,0.9923756595384479,1.0,0.0,0.00032292303273446707,0.0
13,0.2,0.05,1.1,50.0,0.9,0.1,0.5,10000,0.5,0.00032292303273446707,risk_only,500,0,4.306130987503936e-06,4.136440175411201e-06,9.250135830967409e-05,0.0,4.336808689942018e-19,0.007624340461552241,0.0,0.0,0.0
13,0.2,0.05,1.1,50.0,0.9,0.1,0.5,10000,0.5,0.00032292303273446707,outcome_based,500,0,-1.0123032734467083e-05,3.9370705160686405e-05,0.0008795331919784172,0.372,0.3307607484885237,0.4151910826696337,0.026,0.00012012736817722175,6.987149593425559e-06
13,0.2,0.05,1.1,50.0,0.9,0.1,0.5,10000,0.5,0.00032292303273446707,beta_known_mean,500,0,-0.00044006154159424563,1.3193666459113779e-06,0.0004410473714184559,1.0,0.9923756595384479,1.0,0.0,0.00032292303273446707,0.0
14,0.2,0.05,1.1,50.0,0.9,0.1,1.0,500,0.058823529411764705,-0.0034607389813177403,beta_estimated_mean,500,0,0.003201967819327769,0.00027549204985201294,0.006937192285954814,0.484,0.4404854432314528,0.527758535663317,0.0,0.0016749976669577862,7.742230620229204e-05
14,0.2,0.05,1.1,50.0,0.9,0.1,1.0,500,0.058823529411764705,-0.0034607389813177403,risk_only,500,0,-0.00011725722392043525,0.00027134570014092076,0.006062537856381585,0.278,0.2405366075286252,0.31884859963630413,0.0,0.0009620854368063319,6.940800613928018e-05
14,0.2,0.05,1.1,50.0,0.9,0.1,1.0,500,0.058823529411764705,-0.0034607389813177403,outcome_based,500,0,-0.0003667610186824567,0.00014381708594049674,0.0032334977029255326,0.126,0.09973528894537706,0.15796771771986404,0.004,0.0004498960675713062,5.2101457731376167e-05
14,0.2,0.05,1.1,50.0,0.9,0.1,1.0,500,0.058823529411764705,-0.0034607389813177403,beta_known_mean,500,0,0.0033087432465438993,7.171096024976316e-06,0.0033126187157642185,0.158,0.1286526978644355,0.19256235101126623,0.0,0.000546796759048203,5.650711844760716e-05
14,0.2,0.05,1.1,50.0,0.9,0.1,1.0,500,0.1111111111111111,-0.012321924183934893,beta_estimated_mean,500,0,0.011201633433373756,0.00026953263140716045,0.012717227033945632,0.428,0.38534175538940585,0.4717561496370578,0.0,0.0052737835507241345,0.0002729280412501358
14,0.2,0.05,1.1,50.0,0.9,0.1,1.0,500,0.1111111111111111,-0.012321924183934893,risk_only,500,0,-0.0001944938904679326,0.0002620834276336331,0.005857730078322665,0.018,0.009498193296197078,0.033851670908739286,0.0,0.00022179463531082807,7.333651293291778e-05
14,0.2,0.05,1.1,50.0,0.9,0.1,1.0,500,0.1111111111111111,-0.012321924183934893,outcome_based,500,0,-0.0007180758160649527,0.0002889719876030123,0.0064949621151794154,0.022,0.012328008269927582,0.03896086121131637,0.0,0.0002710823320465676,8.09112717268332e-05
14,0.2,0.05,1.1,50.0,0.9,0.1,1.0,500,0.1111111111111111,-0.012321924183934893,beta_known_mean,500,0,0.011344827554403228,4.554400333727992e-05,0.011390354081541971,0.158,0.1286526978644355,0.19256235101126623,0.0,0.0019468640210617131,0.00020119299176354647
14,0.2,0.05,1.1,50.0,0.9,0.1,1.0,500,0.2,-0.007150636051451241,beta_estimated_mean,500,0,0.004615330425703553,0.0002144385200769017,0.006651859176645131,0.29,0.2519474198773656,0.33125480311648636,0.0,0.0020736844549208598,0.0001452521517341074
14,0.2,0.05,1.1,50.0,0.9,0.1,1.0,500,0.2,-0.007150636051451241,risk_only,500,0,-0.0002848682433184549,0.00020610448275110046,0.004612829908341578,0.06,0.0423483564809462,0.08436106312521979,0.0,0.0004290381630870744,7.602106567867411e-05
14,0.2,0.05,1.1,50.0,0.9,0.1,1.0,500,0.2,-0.007150636051451241,outcome_based,500,0,-0.00016936394854884766,0.0007129627140765009,0.015927281128525043,0.336,0.29598800782704915,0.37851277584434007,0.012,0.002488421345905032,0.00015247822271311588
14,0.2,0.05,1.1,50.0,0.9,0.1,1.0,500,0.2,-0.007150636051451241,beta_known_mean,500,0,0.004673651080420273,0.00011563341052735656,0.005339961249950928,0.158,0.1286526978644355,0.19256235101126623,0.0,0.0011298004961292963,0.00011675594158252041
14,0.2,0.05,1.1,50.0,0.9,0.1,1.0,500,0.3333333333333333,0.010162873148462488,beta_estimated_mean,500,0,-0.011570590817655392,7.950427849110251e-05,0.011706097389331264,0.804,0.7669425076136408,0.8364218933857356,0.0,0.008170950011363838,0.00018060189048045545
14,0.2,0.05,1.1,50.0,0.9,0.1,1.0,500,0.3333333333333333,0.010162873148462488,risk_only,500,0,-0.00015106587263343283,0.00010206048308024361,0.0022848579078258396,0.0,4.336808689942018e-19,0.007624340461552241,0.0,0.0,0.0
14,0.2,0.05,1.1,50.0,0.9,0.1,1.0,500,0.3333333333333333,0.010162873148462488,outcome_based,500,0,0.00010112685153751477,0.0005489109348781983,0.01226215848209857,0.198,0.1654311225691935,0.2351739790695841,0.018,0.0020122488833955723,0.00018129507705020784
14,0.2,0.05,1.1,50.0,0.9,0.1,1.0,500,0.3333333333333333,0.010162873148462488,beta_known_mean,500,0,-0.011606917543747864,6.734301181128621e-05,0.01170399677059207,0.842,0.8074376489887337,0.8713473021355645,0.0,0.008557139191005415,0.00016593989892572323
14,0.2,0.05,1.1,50.0,0.9,0.1,1.0,500,0.5,0.0007639802521630157,beta_estimated_mean,500,0,-0.0008795550720824323,6.0713699469701585e-06,0.0008899500153432135,0.84,0.8052918208363085,0.8695236276498359,0.0,0.000641743411816933,1.2538093216667882e-05
14,0.2,0.05,1.1,50.0,0.9,0.1,1.0,500,0.5,0.0007639802521630157,risk_only,500,0,-2.388928155038998e-05,1.9376820709417034e-05,0.00043350412569505655,0.0,4.336808689942018e-19,0.007624340461552241,0.008,0.0,0.0
14,0.2,0.05,1.1,50.0,0.9,0.1,1.0,500,0.5,0.0007639802521630157,outcome_based,500,0,0.00015601974783698448,0.00021293633735822328,0.00475919553724315,0.334,0.29406381245587715,0.3764674685773583,0.196,0.00025516940422244726,1.613029120787122e-05
14,0.2,0.05,1.1,50.0,0.9,0.1,1.0,500,0.5,0.0007639802521630157,beta_known_mean,500,0,-0.0008837458262452589,5.830217386048667e-06,0.0008932907764862676,0.842,0.8074376489887337,0.8713473021355645,0.0,0.0006432713723212591,1.2474307607033229e-05
14,0.2,0.05,1.1,50.0,0.9,0.1,1.0,3000,0.058823529411764705,-0.0034607389813177403,beta_estimated_mean,500,0,0.003071986868439012,0.00010916695001190925,0.003922231174260152,0.432,0.3892622537365845,0.47577465656618667,0.0,0.0014950392399292638,7.674226505048776e-05
14,0.2,0.05,1.1,50.0,0.9,0.1,1.0,3000,0.058823529411764705,-0.0034607389813177403,risk_only,500,0,-0.00023635329969587827,0.00010699438482783361,0.002401731516268152,0.068,0.04906650742490687,0.0935209227338743,0.0,0.00023533025072960633,3.9001470741364524e-05
14,0.2,0.05,1.1,50.0,0.9,0.1,1.0,3000,0.058823529411764705,-0.0034607389813177403,outcome_based,500,0,2.7530647983985245e-05,5.693075016525571e-05,0.0012720345842206575,0.008,0.00311531518006224,0.020387035834105168,0.0,2.7685911850541922e-05,1.380128110137173e-05
14,0.2,0.05,1.1,50.0,0.9,0.1,1.0,3000,0.058823529411764705,-0.0034607389813177403,beta_known_mean,500,0,0.0033165091019058957,3.0302741532498143e-06,0.003317199831361556,0.008,0.00311531518006224,0.020387035834105168,0.0,2.7685911850541922e-05,1.3801281101371733e-05
14,0.2,0.05,1.1,50.0,0.9,0.1,1.0,3000,0.1111111111111111,-0.012321924183934893,beta_estimated_mean,500,0,0.011198800622475762,0.00010817847654334555,0.011456558130293577,0.314,0.27486785583609774,0.35596839881559983,0.0,0.0038690841937555564,0.0002560089458542617
14,0.2,0.05,1.1,50.0,0.9,0.1,1.0,3000,0.1111111111111111,-0.012321924183934893,risk_only,500,0,-0.0002263409234353093,0.00010431952149689081,0.002341287879293433,0.0,4.336808689942018e-19,0.007624340461552241,0.0,0.0,0.0
14,0.2,0.05,1.1,50.0,0.9,0.1,1.0,3000,0.1111111111111111,-0.012321924183934893,outcome_based,500,0,-7.407581606751418e-05,0.00012157644690756796,0.0027168221538072285,0.0,4.336808689942018e-19,0.007624340461552241,0.0,0.0,0.0
14,0.2,0.05,1.1,50.0,0.9,0.1,1.0,3000,0.1111111111111111,-0.012321924183934893,beta_known_mean,500,0,0.011430818961633267,1.913591515010268e-05,0.01143880883548204,0.008,0.00311531518006224,0.020387035834105168,0.0,9.857539347147915e-05,4.9139313970313674e-05
14,0.2,0.05,1.1,50.0,0.9,0.1,1.0,3000,0.2,-0.007150636051451241,beta_estimated_mean,500,0,0.004802255950659131,8.883930385358949e-05,0.005196150570213208,0.112,0.08726280019410226,0.1426536880040623,0.0,0.000800871237762539,0.0001009508303679754
14,0.2,0.05,1.1,50.0,0.9,0.1,1.0,3000,0.2,-0.007150636051451241,risk_only,500,0,-0.0001398237326360461,8.573369813738585e-05,0.0019202431896424377,0.0,4.336808689942018e-19,0.007624340461552241,0.0,0.0,0.0
14,0.2,0.05,1.1,50.0,0.9,0.1,1.0,3000,0.2,-0.007150636051451241,outcome_based,500,0,-0.00016336394854836716,0.0002826698136664556,0.006316478238325645,0.126,0.09973528894537706,0.15796771771986404,0.004,0.0009295826866886613,0.00010765289263314588
14,0.2,0.05,1.1,50.0,0.9,0.1,1.0,3000,0.2,-0.007150636051451241,beta_known_mean,500,0,0.00493580878178574,4.810551697502464e-05,0.005051431932759956,0.008,0.00311531518006224,0.020387035834105168,0.0,5.720508841160993e-05,2.8516434996234287e-05
14,0.2,0.05,1.1,50.0,0.9,0.1,1.0,3000,0.3333333333333333,0.010162873148462488,beta_estimated_mean,500,0,-0.011507267943619053,3.381190367278333e-05,0.011532029079758751,0.958,0.9366484142456699,0.9723676898915483,0.0,0.009736032476227063,9.125856422937951e-05
14,0.2,0.05,1.1,50.0,0.9,0.1,1.0,3000,0.3333333333333333,0.010162873148462488,risk_only,500,0,-3.8975669062027086e-05,4.3202959105308836e-05,0.0009658677160102577,0.0,4.336808689942018e-19,0.007624340461552241,0.0,0.0,0.0
14,0.2,0.05,1.1,50.0,0.9,0.1,1.0,3000,0.3333333333333333,0.010162873148462488,outcome_based,500,0,-0.000491539815129138,0.00021756419825127822,0.0048848098622011095,0.026,0.015256383923327248,0.04397149083422428,0.002,0.00026423470186002465,7.239896946141226e-05
14,0.2,0.05,1.1,50.0,0.9,0.1,1.0,3000,0.3333333333333333,0.010162873148462488,beta_known_mean,500,0,-0.011488366928828597,2.8358222756880607e-05,0.011505818741035734,0.992,0.9796129641658948,0.9968846848199377,0.0,0.010081570163274788,4.052910949848831e-05
14,0.2,0.05,1.1,50.0,0.9,0.1,1.0,3000,0.5,0.0007639802521630157,beta_estimated_mean,500,0,-0.0008809284388676825,2.5168739054600364e-06,0.0008827207411631323,0.986,0.9713869308622147,0.9932022102091564,0.0,0.0007532845286327332,4.018225776704751e-06
14,0.2,0.05,1.1,50.0,0.9,0.1,1.0,3000,0.5,0.0007639802521630157,risk_only,500,0,-1.2013012948959808e-05,8.514496757222773e-06,0.00019057844405772042,0.0,4.336808689942018e-19,0.007624340461552241,0.0,0.0,0.0
14,0.2,0.05,1.1,50.0,0.9,0.1,1.0,3000,0.5,0.0007639802521630157,outcome_based,500,0,-0.000199313585496349,8.600120136075547e-05,0.001931432892045313,0.366,0.32494760488221347,0.40909571836148256,0.07,0.0002796167722916637,1.6474681665730164e-05
14,0.2,0.05,1.1,50.0,0.9,0.1,1.0,3000,0.5,0.0007639802521630157,beta_known_mean,500,0,-0.0008808163845137611,2.4241223981050884e-06,0.0008824793547494414,0.992,0.9796129641658948,0.9968846848199377,0.0,0.0007578684101457114,3.046721024878869e-06
14,0.2,0.05,1.1,50.0,0.9,0.1,1.0,10000,0.058823529411764705,-0.0034607389813177403,beta_estimated_mean,500,0,0.003314903369557,6.029869981949126e-05,0.0035781161267154247,0.45,0.4069396517813318,0.4938227822648235,0.0,0.0015573325415929832,7.707369386173857e-05
14,0.2,0.05,1.1,50.0,0.9,0.1,1.0,10000,0.058823529411764705,-0.0034607389813177403,risk_only,500,0,2.9221348269017346e-06,5.9073597576863605e-05,0.0013196074470379008,0.008,0.00311531518006224,0.020387035834105168,0.0,2.7685911850541922e-05,1.380128110137173e-05
14,0.2,0.05,1.1,50.0,0.9,0.1,1.0,10000,0.058823529411764705,-0.0034607389813177403,outcome_based,500,0,1.3838981321939226e-05,3.1353588311392776e-05,0.0007005228189746439,0.0,4.336808689942018e-19,0.007624340461552241,0.0,0.0,0.0
14,0.2,0.05,1.1,50.0,0.9,0.1,1.0,10000,0.058823529411764705,-0.0034607389813177403,beta_known_mean,500,0,0.0033190222503922963,1.6447883941414212e-06,0.0033192256111480327,0.0,4.336808689942018e-19,0.007624340461552241,0.0,0.0,0.0
14,0.2,0.05,1.1,50.0,0.9,0.1,1.0,10000,0.1111111111111111,-0.012321924183934893,beta_estimated_mean,500,0,0.011446315262411797,5.946848336514779e-05,0.011523143965206846,0.242,0.20651780855112864,0.28141635112703234,0.0,0.002981905652512244,0.00023624930810055842
14,0.2,0.05,1.1,50.0,0.9,0.1,1.0,10000,0.1111111111111111,-0.012321924183934893,risk_only,500,0,1.6282436017323376e-05,5.751560142109425e-05,0.0012849043842757008,0.0,4.336808689942018e-19,0.007624340461552241,0.0,0.0,0.0
14,0.2,0.05,1.1,50.0,0.9,0.1,1.0,10000,0.1111111111111111,-0.012321924183934893,outcome_based,500,0,2.3474183936411237e-05,6.52990956199104e-05,0.0014588601748665993,0.0,4.336808689942018e-19,0.007624340461552241,0.0,0.0,0.0
14,0.2,0.05,1.1,50.0,0.9,0.1,1.0,10000,0.1111111111111111,-0.012321924183934893,beta_known_mean,500,0,0.011451723529139575,1.0416105151093409e-05,0.011454087083476436,0.0,4.336808689942018e-19,0.007624340461552241,0.0,0.0,0.0
14,0.2,0.05,1.1,50.0,0.9,0.1,1.0,10000,0.2,-0.007150636051451241,beta_estimated_mean,500,0,0.004992126460531057,4.838372472053371e-05,0.005107786019601124,0.028,0.01675097472075645,0.04644640267494888,0.0,0.00020021780944063478,5.2808830467772424e-05
14,0.2,0.05,1.1,50.0,0.9,0.1,1.0,10000,0.2,-0.007150636051451241,risk_only,500,0,3.374598148016769e-05,4.676206408268232e-05,0.0010451303360180637,0.0,4.336808689942018e-19,0.007624340461552241,0.0,0.0,0.0
14,0.2,0.05,1.1,50.0,0.9,0.1,1.0,10000,0.2,-0.007150636051451241,outcome_based,500,0,-0.0001764139485508583,0.00015773618958886727,0.003527973062360997,0.018,0.009498193296197078,0.033851670908739286,0.0,0.00012871144892612235,4.2558508349657685e-05
14,0.2,0.05,1.1,50.0,0.9,0.1,1.0,10000,0.2,-0.007150636051451241,beta_known_mean,500,0,0.004994283503770209,2.6186121839209857e-05,0.005028423062108362,0.0,4.336808689942018e-19,0.007624340461552241,0.0,0.0,0.0
14,0.2,0.05,1.1,50.0,0.9,0.1,1.0,10000,0.3333333333333333,0.010162873148462488,beta_estimated_mean,500,0,-0.011457176424765209,1.836112795673198e-05,0.011464515690036698,1.0,0.9923756595384479,1.0,0.0,0.010162873148462486,7.765688804434268e-20
14,0.2,0.05,1.1,50.0,0.9,0.1,1.0,10000,0.3333333333333333,0.010162873148462488,risk_only,500,0,2.1539587019858983e-05,2.3233084306427903e-05,0.0005194345779762739,0.0,4.336808689942018e-19,0.007624340461552241,0.0,0.0,0.0
14,0.2,0.05,1.1,50.0,0.9,0.1,1.0,10000,0.3333333333333333,0.010162873148462488,outcome_based,500,0,-0.00015927314846245184,0.0001217164897940141,0.0027236014715485697,0.0,4.336808689942018e-19,0.007624340461552241,0.0,0.0,0.0
14,0.2,0.05,1.1,50.0,0.9,0.1,1.0,10000,0.3333333333333333,0.010162873148462488,beta_known_mean,500,0,-0.011458564492963254,1.5432749549740896e-05,0.011463749253580702,1.0,0.9923756595384479,1.0,0.0,0.010162873148462486,7.765688804434268e-20
14,0.2,0.05,1.1,50.0,0.9,0.1,1.0,10000,0.5,0.0007639802521630157,beta_estimated_mean,500,0,-0.0008791197888880792,1.354366242647106e-06,0.0008796402235381879,1.0,0.9923756595384479,1.0,0.0,0.0007639802521630154,9.707111005542835e-21
14,0.2,0.05,1.1,50.0,0.9,0.1,1.0,10000,0.5,0.0007639802521630157,risk_only,500,0,2.8984591445643576e-06,4.306843436642543e-06,9.62512460121968e-05,0.0,4.336808689942018e-19,0.007624340461552241,0.0,0.0,0.0
14,0.2,0.05,1.1,50.0,0.9,0.1,1.0,10000,0.5,0.0007639802521630157,outcome_based,500,0,-0.0001179802521630157,4.7855075137678606e-05,0.0010754921384652,0.256,0.21970770819171886,0.2960129699535187,0.034,0.00019557894455373199,1.4925823799125287e-05
14,0.2,0.05,1.1,50.0,0.9,0.1,1.0,10000,0.5,0.0007639802521630157,beta_known_mean,500,0,-0.0008792784923809908,1.307529811329674e-06,0.0008797634765284013,1.0,0.9923756595384479,1.0,0.0,0.0007639802521630154,9.707111005542835e-21
15,0.2,0.05,1.1,50.0,0.9,0.5,0.5,500,0.058823529411764705,-0.00017182943052754251,beta_estimated_mean,500,0,-0.0004520570213557215,0.0002527780372249326,0.005664700068503047,0.436,0.39318560312305606,0.47979031245602277,0.0,7.491763171000854e-05,3.8144337343517216e-06
15,0.2,0.05,1.1,50.0,0.9,0.5,0.5,500,0.058823529411764705,-0.00017182943052754251,risk_only,500,0,-0.00048384290856578007,0.0002529841660071283,0.005671913001543676,0.436,0.39318560312305606,0.47979031245602277,0.0,7.491763171000854e-05,3.8144337343517216e-06
15,0.2,0.05,1.1,50.0,0.9,0.5,0.5,500,0.058823529411764705,-0.00017182943052754251,outcome_based,500,0,0.00010332943052751814,8.260607136313868e-05,0.0018481706418004454,0.386,0.3443514767140062,0.42938687291122785,0.02,6.976274879418226e-05,3.7774916866786317e-06
15,0.2,0.05,1.1,50.0,0.9,0.5,0.5,500,0.058823529411764705,-0.00017182943052754251,beta_known_mean,500,0,2.4252099220016532e-05,7.019569947954972e-06,0.0001586696917544103,0.168,0.13778823297684417,0.20327432908962656,0.0,2.886734432862714e-05,2.875832464036865e-06
15,0.2,0.05,1.1,50.0,0.9,0.5,0.5,500,0.1111111111111111,-0.002469479047331219,beta_estimated_mean,500,0,0.0010962300481545766,0.00025487227902720494,0.005797991009661982,0.374,0.33269999999487937,0.41722133380143184,0.0,0.0009235851637018759,5.349067035273198e-05
15,0.2,0.05,1.1,50.0,0.9,0.5,0.5,500,0.1111111111111111,-0.002469479047331219,risk_only,500,0,-0.0004716721994600837,0.00025523210544087075,0.005720930436562363,0.304,0.26530206305726467,0.34568667840366385,0.0,0.0007507216303886906,5.0850647166126864e-05
15,0.2,0.05,1.1,50.0,0.9,0.5,0.5,500,0.1111111111111111,-0.002469479047331219,outcome_based,500,0,0.0003529790473312199,0.0003409693912237555,0.007624853897475845,0.382,0.3404646252341933,0.4253347191147331,0.01,0.0009680357865538378,5.396968658390664e-05
15,0.2,0.05,1.1,50.0,0.9,0.5,0.5,500,0.1111111111111111,-0.002469479047331219,beta_known_mean,500,0,0.0015448868536531873,4.3243659580536916e-05,0.0018220352421002204,0.168,0.13778823297684417,0.20327432908962656,0.0,0.0004148724799516448,4.133056829537476e-05
15,0.2,0.05,1.1,50.0,0.9,0.5,0.5,500,0.2,-0.006129962036191414,beta_estimated_mean,500,0,0.00354860974081325,0.0002127514244138148,0.005931184723059818,0.276,0.23863813294339814,0.31677757158337744,0.0,0.0016918695219888301,0.00012266801459509183
15,0.2,0.05,1.1,50.0,0.9,0.5,0.5,500,0.2,-0.006129962036191414,risk_only,500,0,-0.0003215583657846939,0.00020946746707976722,0.0046901847559822196,0.088,0.06620598447492893,0.11607647206539012,0.0,0.0005394366591848444,7.774030985578832e-05
15,0.2,0.05,1.1,50.0,0.9,0.5,0.5,500,0.2,-0.006129962036191414,outcome_based,500,0,0.0002659620361913852,0.0006605889520171046,0.014758835990846172,0.342,0.3017655066658599,0.38464378491999074,0.012,0.0021700065608117607,0.00013122766524038094
15,0.2,0.05,1.1,50.0,0.9,0.5,0.5,500,0.2,-0.006129962036191414,beta_known_mean,500,0,0.0038121590128052203,0.00010815085793668133,0.004513220996922237,0.168,0.13778823297684417,0.20327432908962656,0.0,0.0010298336220801573,0.00010259443782633664
15,0.2,0.05,1.1,50.0,0.9,0.5,0.5,500,0.3333333333333333,0.0027122082946305862,beta_estimated_mean,500,0,-0.004130564920540563,8.12443417533088e-05,0.004511683438939123,0.798,0.7605971137604937,0.8308587793244213,0.0,0.0021643422191152074,4.8747224938412446e-05
15,0.2,0.05,1.1,50.0,0.9,0.5,0.5,500,0.3333333333333333,0.0027122082946305862,risk_only,500,0,-0.00013432723411168696,0.0001012551124222218,0.002265853063164257,0.13,0.10332065036463456,0.16232136157691412,0.0,0.0003525870783019762,4.083232124243503e-05
15,0.2,0.05,1.1,50.0,0.9,0.5,0.5,500,0.3333333333333333,0.0027122082946305862,outcome_based,500,0,-0.0003002082946305856,0.0005889807370510809,0.013160257635022387,0.426,0.38338257836675194,0.46974582402155785,0.034,0.0011554007335126295,6.003900866295054e-05
15,0.2,0.05,1.1,50.0,0.9,0.5,0.5,500,0.3333333333333333,0.0027122082946305862,beta_known_mean,500,0,-0.004084000274221594,6.426024535062851e-05,0.0043289280921460244,0.832,0.7967256709103735,0.8622117670231558,0.0,0.002256557301132647,4.539301933889877e-05
15,0.2,0.05,1.1,50.0,0.9,0.5,0.5,500,0.5,0.00031570205054133263,beta_estimated_mean,500,0,-0.00043645752145058325,6.388684913413207e-06,0.0004591971256413745,0.82,0.7839253300173655,0.851195092087241,0.0,0.0002588756814438928,5.429630911197139e-06
15,0.2,0.05,1.1,50.0,0.9,0.5,0.5,500,0.5,0.00031570205054133263,risk_only,500,0,-1.3961577342445931e-05,1.7509794018352456e-05,0.00039138826762933216,0.184,0.1524894793781606,0.22032910379354043,0.006,5.8089177299605206e-05,5.476222947647723e-06
15,0.2,0.05,1.1,50.0,0.9,0.5,0.5,500,0.5,0.00031570205054133263,outcome_based,500,0,-0.00010770205054133257,0.0001838615842538312,0.004108568574539168,0.368,0.3268845483787568,0.4111282775030931,0.198,0.00011617835459921041,6.815686065930301e-06
15,0.2,0.05,1.1,50.0,0.9,0.5,0.5,500,0.5,0.00031570205054133263,beta_known_mean,500,0,-0.0004347706262481398,5.839182644626894e-06,0.00045391566218065037,0.832,0.7967256709103735,0.8622117670231558,0.0,0.00026266410605038876,5.283764272059572e-06
15,0.2,0.05,1.1,50.0,0.9,0.5,0.5,3000,0.058823529411764705,-0.00017182943052754251,beta_estimated_mean,500,0,0.0002320170158984452,0.00011057521794291237,0.0024809361999867273,0.526,0.4822016483694956,0.5694018859265038,0.0,9.038228045748737e-05,3.840867460077389e-06
15,0.2,0.05,1.1,50.0,0.9,0.5,0.5,3000,0.058823529411764705,-0.00017182943052754251,risk_only,500,0,0.00021083885950550475,0.00011091398847745126,0.00248658551669266,0.516,0.4722414643366831,0.5595145567685472,0.0,8.866398615221193e-05,3.8441011751205056e-06
15,0.2,0.05,1.1,50.0,0.9,0.5,0.5,3000,0.058823529411764705,-0.00017182943052754251,outcome_based,500,0,1.8121097194168046e-05,3.589543769804127e-05,0.00080204807554346,0.414,0.37164260890980144,0.45766877764958563,0.004,7.182470196051277e-05,3.793996371224874e-06
15,0.2,0.05,1.1,50.0,0.9,0.5,0.5,3000,0.058823529411764705,-0.00017182943052754251,beta_known_mean,500,0,2.7945312596654227e-05,2.6723558616269495e-06,6.59131393263855e-05,0.008,0.00311531518006224,0.020387035834105168,0.0,1.3746354442203401e-06,6.852485220645738e-07
15,0.2,0.05,1.1,50.0,0.9,0.5,0.5,3000,0.1111111111111111,-0.002469479047331219,beta_estimated_mean,500,0,0.001772345304479339,0.00011020461839123216,0.0030334125630671737,0.406,0.3638304421340635,0.4496029338727085,0.0,0.001002608493216475,5.428893375879224e-05
15,0.2,0.05,1.1,50.0,0.9,0.5,0.5,3000,0.1111111111111111,-0.002469479047331219,risk_only,500,0,0.0002074314048745046,0.00011014597432953704,0.0024692030055401934,0.2,0.16728549897175743,0.23728910530517394,0.0,0.0004938958094662438,4.4219625908611254e-05
15,0.2,0.05,1.1,50.0,0.9,0.5,0.5,3000,0.1111111111111111,-0.002469479047331219,outcome_based,500,0,-6.785428600261953e-05,0.0001465028906599778,0.0032733300464545126,0.21,0.1765772705084025,0.24784484695929782,0.002,0.0005235295580342185,4.5184149509656215e-05
15,0.2,0.05,1.1,50.0,0.9,0.5,0.5,3000,0.1111111111111111,-0.002469479047331219,beta_known_mean,500,0,0.0015861298673097255,1.6621921237177447e-05,0.0016290106815223214,0.008,0.00311531518006224,0.020387035834105168,0.0,1.975583237864975e-05,9.848178290865637e-06
15,0.2,0.05,1.1,50.0,0.9,0.5,0.5,3000,0.2,-0.006129962036191414,beta_estimated_mean,500,0,0.004050794844466917,8.857742121711584e-05,0.0045082227858822006,0.144,0.11593807411034973,0.17749045629827542,0.0,0.0008827145332115636,9.634421454258922e-05
15,0.2,0.05,1.1,50.0,0.9,0.5,0.5,3000,0.2,-0.006129962036191414,risk_only,500,0,0.0001208661299739072,8.677553410198151e-05,0.001942183124063811,0.002,0.00035313639455927456,0.011240706705146758,0.0,1.2259924072382828e-05,1.2259924072382826e-05
15,0.2,0.05,1.1,50.0,0.9,0.5,0.5,3000,0.2,-0.006129962036191414,outcome_based,500,0,0.00011562870285810918,0.0002842824297923962,0.00635144105234161,0.162,0.13230178838983928,0.19685226576217005,0.0,0.0009930538498630092,0.00010110835128242651
15,0.2,0.05,1.1,50.0,0.9,0.5,0.5,3000,0.2,-0.006129962036191414,beta_known_mean,500,0,0.00394033214590195,4.1542178397866774e-05,0.004048131415908126,0.008,0.00311531518006224,0.020387035834105168,0.0,4.903969628953131e-05,2.4446030070144507e-05
15,0.2,0.05,1.1,50.0,0.9,0.5,0.5,3000,0.3333333333333333,0.0027122082946305862,beta_estimated_mean,500,0,-0.004004922339623556,3.219729963471744e-05,0.004068992422233781,0.968,0.9486551309545582,0.9802084863734289,0.0,0.0026254176292024073,2.136906080411577e-05
15,0.2,0.05,1.1,50.0,0.9,0.5,0.5,3000,0.3333333333333333,0.0027122082946305862,risk_only,500,0,2.866892826174002e-05,3.940230707344748e-05,0.0008806476406600379,0.002,0.00035313639455927456,0.011240706705146758,0.0,5.4244165892611725e-06,5.4244165892611725e-06
15,0.2,0.05,1.1,50.0,0.9,0.5,0.5,3000,0.3333333333333333,0.0027122082946305862,outcome_based,500,0,0.0002677917053694211,0.00024106818991485065,0.005391709804847353,0.276,0.23863813294339814,0.31677757158337744,0.016,0.0007485694893180417,5.4274594965906724e-05
15,0.2,0.05,1.1,50.0,0.9,0.5,0.5,3000,0.3333333333333333,0.0027122082946305862,beta_known_mean,500,0,-0.004027422527887737,2.4685797476545244e-05,0.004064999031742456,0.992,0.9796129641658948,0.9968846848199377,0.0,0.002690510628273541,1.0816172292027604e-05
15,0.2,0.05,1.1,50.0,0.9,0.5,0.5,3000,0.5,0.00031570205054133263,beta_estimated_mean,500,0,-0.00043227296653892576,2.3711728804209234e-06,0.0004355060568510571,0.99,0.9768069002442693,0.9957212461034096,0.0,0.00031254503003591935,1.40619233789662e-06
15,0.2,0.05,1.1,50.0,0.9,0.5,0.5,3000,0.5,0.00031570205054133263,risk_only,500,0,-6.967078993618138e-06,7.306457216824567e-06,0.00016336252447634962,0.012,0.005510995174027703,0.025930361116447292,0.0,3.7884246064959917e-06,1.538849774488312e-06
15,0.2,0.05,1.1,50.0,0.9,0.5,0.5,3000,0.5,0.00031570205054133263,outcome_based,500,0,-7.17020505413326e-05,7.479531335600022e-05,0.0016723385707334932,0.392,0.35018737778967923,0.4354594797500162,0.078,0.0001237552038122024,6.899568854421266e-06
15,0.2,0.05,1.1,50.0,0.9,0.5,0.5,3000,0.5,0.00031570205054133263,beta_known_mean,500,0,-0.000432945598603911,2.172170321654167e-06,0.00043565621191454405,0.992,0.9796129641658948,0.9968846848199377,0.0,0.00031317643413700203,1.2590064628743988e-06
15,0.2,0.05,1.1,50.0,0.9,0.5,0.5,10000,0.058823529411764705,-0.00017182943052754251,beta_estimated_mean,500,0,-3.192158422311575e-05,5.697268873237753e-05,0.0012730737335190391,0.436,0.39318560312305606,0.47979031245602277,0.0,7.491763171000854e-05,3.8144337343517216e-06
15,0.2,0.05,1.1,50.0,0.9,0.5,0.5,10000,0.058823529411764705,-0.00017182943052754251,risk_only,500,0,-6.142258128737732e-05,5.7275938171160824e-05,0.0012809210541996478,0.434,0.3912235726331776,0.47778284030774737,0.0,7.457397284895345e-05,3.8124166564261672e-06
15,0.2,0.05,1.1,50.0,0.9,0.5,0.5,10000,0.058823529411764705,-0.00017182943052754251,outcome_based,500,0,-1.667056947204626e-05,2.027053994296362e-05,0.0004531163293091355,0.326,0.28637531603524746,0.3682779544453728,0.004,5.670371207408903e-05,3.6169428713325695e-06
15,0.2,0.05,1.1,50.0,0.9,0.5,0.5,10000,0.058823529411764705,-0.00017182943052754251,beta_known_mean,500,0,2.7603879549716103e-05,1.530062261302814e-06,4.393379493514432e-05,0.0,4.336808689942018e-19,0.007624340461552241,0.0,0.0,0.0
15,0.2,0.05,1.1,50.0,0.9,0.5,0.5,10000,0.1111111111111111,-0.002469479047331219,beta_estimated_mean,500,0,0.0015314170444437156,5.708184274929445e-05,0.0019927739994963457,0.22,0.18590093257162363,0.25836869808684565,0.0,0.0005432853904128682,4.57945414418694e-05
15,0.2,0.05,1.1,50.0,0.9,0.5,0.5,10000,0.1111111111111111,-0.002469479047331219,risk_only,500,0,-5.2981444130229785e-05,5.779456292689254e-05,0.0012921194116154611,0.026,0.015256383923327248,0.04397149083422428,0.0,6.420645523061169e-05,1.759224340612563e-05
15,0.2,0.05,1.1,50.0,0.9,0.5,0.5,10000,0.1111111111111111,-0.002469479047331219,outcome_based,500,0,-8.484595266770989e-05,7.103009935075625e-05,0.0015889591145021524,0.048,0.03246520694135317,0.07042719683589006,0.0,0.00011853499427189851,2.3631656524799377e-05
15,0.2,0.05,1.1,50.0,0.9,0.5,0.5,10000,0.1111111111111111,-0.002469479047331219,beta_known_mean,500,0,0.0015867766983083602,9.525110348872458e-06,0.001600978896221409,0.0,4.336808689942018e-19,0.007624340461552241,0.0,0.0,0.0
15,0.2,0.05,1.1,50.0,0.9,0.5,0.5,10000,0.2,-0.006129962036191414,beta_estimated_mean,500,0,0.003912703262133683,4.709125350318658e-05,0.004051644395749182,0.018,0.009498193296197078,0.033851670908739286,0.0,0.00011033931665144545,3.6483753140727974e-05
15,0.2,0.05,1.1,50.0,0.9,0.5,0.5,10000,0.2,-0.006129962036191414,risk_only,500,0,-3.719789385904333e-05,4.661765164172472e-05,0.0010420236082534595,0.0,4.336808689942018e-19,0.007624340461552241,0.0,0.0,0.0
15,0.2,0.05,1.1,50.0,0.9,0.5,0.5,10000,0.2,-0.006129962036191414,outcome_based,500,0,7.731203619073938e-05,0.0001488689099836575,0.0033263781171781106,0.026,0.015256383923327248,0.04397149083422428,0.0,0.00015937901294097676,4.3669041989860954e-05
15,0.2,0.05,1.1,50.0,0.9,0.5,0.5,10000,0.2,-0.006129962036191414,beta_known_mean,500,0,0.00394559115687198,2.3789775214592933e-05,0.00398121844743064,0.0,4.336808689942018e-19,0.007624340461552241,0.0,0.0,0.0
15,0.2,0.05,1.1,50.0,0.9,0.5,0.5,10000,0.3333333333333333,0.0027122082946305862,beta_estimated_mean,500,0,-0.0040334854091831004,1.779400550378301e-05,0.004053023715128672,0.998,0.9887592932948532,0.9996468636054407,0.0,0.002706783878041324,5.424416589261174e-06
15,0.2,0.05,1.1,50.0,0.9,0.5,0.5,10000,0.3333333333333333,0.0027122082946305862,risk_only,500,0,4.8578025494883765e-06,2.1865267232003085e-05,0.0004884572283198774,0.0,4.336808689942018e-19,0.007624340461552241,0.0,0.0,0.0
15,0.2,0.05,1.1,50.0,0.9,0.5,0.5,10000,0.3333333333333333,0.0027122082946305862,outcome_based,500,0,8.409170536942043e-05,0.00012645522713173197,0.0028260471908501386,0.148,0.1195614053892054,0.18180613029572734,0.006,0.00040140682760532676,4.3114506765077114e-05
15,0.2,0.05,1.1,50.0,0.9,0.5,0.5,10000,0.3333333333333333,0.0027122082946305862,beta_known_mean,500,0,-0.004027155677462472,1.4147123967554679e-05,0.004039536268890075,1.0,0.9923756595384479,1.0,0.0,0.002712208294630586,1.941422201108567e-20
15,0.2,0.05,1.1,50.0,0.9,0.5,0.5,10000,0.5,0.00031570205054133263,beta_estimated_mean,500,0,-0.00043363387752530134,1.3341497880109814e-06,0.0004346568043990523,1.0,0.9923756595384479,1.0,0.0,0.00031570205054133263,0.0
15,0.2,0.05,1.1,50.0,0.9,0.5,0.5,10000,0.5,0.00031570205054133263,risk_only,500,0,3.9537691585345425e-06,3.8107730486716968e-06,8.521799055112591e-05,0.0,4.336808689942018e-19,0.007624340461552241,0.0,0.0,0.0
15,0.2,0.05,1.1,50.0,0.9,0.5,0.5,10000,0.5,0.00031570205054133263,outcome_based,500,0,6.209794945866738e-05,4.1149981311342625e-05,0.0009213160778619742,0.322,0.2825360924255015,0.36417817277881126,0.044,0.00010165606027430912,6.603435082280224e-06
15,0.2,0.05,1.1,50.0,0.9,0.5,0.5,10000,0.5,0.00031570205054133263,beta_known_mean,500,0,-0.0004334165294495224,1.2385289248738729e-06,0.00043429866566113874,1.0,0.9923756595384479,1.0,0.0,0.00031570205054133263,0.0
16,0.2,0.05,1.1,50.0,0.9,0.5,1.0,500,0.058823529411764705,-0.0001988302965116595,beta_estimated_mean,500,0,-8.90320521654363e-05,0.00027871159425103944,0.00622658196272408,0.494,0.45039013091903213,0.5377013611665066,0.0,9.82221664767598e-05,4.450112807829893e-06
16,0.2,0.05,1.1,50.0,0.9,0.5,1.0,500,0.058823529411764705,-0.0001988302965116595,risk_only,500,0,-0.00014805518360454717,0.0002791676253053105,0.0062378896498476695,0.488,0.4444452370209479,0.5317377471501294,0.0,9.702918469768984e-05,4.449151341162583e-06
16,0.2,0.05,1.1,50.0,0.9,0.5,1.0,500,0.058823529411764705,-0.0001988302965116595,outcome_based,500,0,-9.316970348836998e-05,6.954239202513143e-05,0.0015562508132200498,0.334,0.29406381245587715,0.3764674685773583,0.004,6.720464022094092e-05,4.210363889010272e-06
16,0.2,0.05,1.1,50.0,0.9,0.5,1.0,500,0.058823529411764705,-0.0001988302965116595,beta_known_mean,500,0,6.39602016359651e-05,7.05090174996791e-06,0.00016999647032122717,0.202,0.16914122067557874,0.23940288623950645,0.0,4.016371989535522e-05,3.573628621302206e-06
16,0.2,0.05,1.1,50.0,0.9,0.5,1.0,500,0.1111111111111111,-0.004052561942488625,beta_estimated_mean,500,0,0.0030096882905479593,0.0002832657711610052,0.007006977427169973,0.438,0.39514834408666566,0.48179707413056694,0.0,0.0017750221308100178,9.000872335290651e-05
16,0.2,0.05,1.1,50.0,0.9,0.5,1.0,500,0.1111111111111111,-0.004052561942488625,risk_only,500,0,-0.0001618411140713215,0.00028295510475533086,0.006322809866542475,0.264,0.22726783141305193,0.3043308572848008,0.0,0.001069876352816997,7.996874114099046e-05
16,0.2,0.05,1.1,50.0,0.9,0.5,1.0,500,0.1111111111111111,-0.004052561942488625,outcome_based,500,0,-0.00013893805751136423,0.00032931337674044686,0.007357615546753078,0.27,0.2329485392031058,0.3105586574092084,0.008,0.0011266122200118379,8.127750913966966e-05
16,0.2,0.05,1.1,50.0,0.9,0.5,1.0,500,0.1111111111111111,-0.004052561942488625,beta_known_mean,500,0,0.0031769860115809273,4.441876479990174e-05,0.003328329975271237,0.202,0.16914122067557874,0.23940288623950645,0.0,0.0008186175123827022,7.283774958525078e-05
16,0.2,0.05,1.1,50.0,0.9,0.5,1.0,500,0.2,-0.01006679207383606,beta_estimated_mean,500,0,0.007762095329738056,0.00023645998135160367,0.009388869579217774,0.352,0.31141084189074275,0.3948459628858768,0.0,0.003543510809990293,0.00021522844122912068
16,0.2,0.05,1.1,50.0,0.9,0.5,1.0,500,0.2,-0.01006679207383606,risk_only,500,0,-6.243516353104203e-05,0.00023150241727351508,0.005171749160794829,0.022,0.012328008269927582,0.03896086121131637,0.0,0.0002214694256243933,6.610306448449283e-05
16,0.2,0.05,1.1,50.0,0.9,0.5,1.0,500,0.2,-0.01006679207383606,outcome_based,500,0,-0.000984207926164007,0.0006786626289459728,0.01519208887026158,0.224,0.1896389712599083,0.26256966467486853,0.01,0.0023556293452776382,0.00019079330856293567
16,0.2,0.05,1.1,50.0,0.9,0.5,1.0,500,0.2,-0.01006679207383606,beta_known_mean,500,0,0.007839709666620006,0.00011225867124925484,0.008231005423576677,0.202,0.16914122067557874,0.23940288623950645,0.0,0.0020334919989148837,0.00018093307162396724
16,0.2,0.05,1.1,50.0,0.9,0.5,1.0,500,0.3333333333333333,0.0067449060865046465,beta_estimated_mean,500,0,-0.008021659674449563,8.647478315970656e-05,0.008250969040411366,0.73,0.6894413425907917,0.7670514607968943,0.0,0.0049237814431483925,0.00013405065686690392
16,0.2,0.05,1.1,50.0,0.9,0.5,1.0,500,0.3333333333333333,0.0067449060865046465,risk_only,500,0,3.304025758474067e-06,0.0001097701292519848,0.0024520811718434076,0.002,0.00035313639455927456,0.011240706705146758,0.0,1.3489812173009294e-05,1.348981217300929e-05
16,0.2,0.05,1.1,50.0,0.9,0.5,1.0,500,0.3333333333333333,0.0067449060865046465,outcome_based,500,0,0.00016909391349535395,0.0005977623672458736,0.013354070418849121,0.28,0.2424360430412755,0.3209186667618076,0.028,0.0018885737042213012,0.0001355722794607873
16,0.2,0.05,1.1,50.0,0.9,0.5,1.0,500,0.3333333333333333,0.0067449060865046465,beta_known_mean,500,0,-0.00803719521186467,6.577396835261987e-05,0.008170390940165178,0.798,0.7605971137604937,0.8308587793244213,0.0,0.005382435057030708,0.00012122795097936696
16,0.2,0.05,1.1,50.0,0.9,0.5,1.0,500,0.5,0.0007495382877767467,beta_estimated_mean,500,0,-0.0008526122071160012,6.397729938268972e-06,0.0008645068646091638,0.77,0.7311377813252322,0.8047450748255296,0.0,0.0005771444815880951,1.4120589573502317e-05
16,0.2,0.05,1.1,50.0,0.9,0.5,1.0,500,0.5,0.0007495382877767467,risk_only,500,0,-2.192744068493853e-05,1.8392191745327176e-05,0.0004114351692991682,0.0,4.336808689942018e-19,0.007624340461552241,0.004,0.0,0.0
16,0.2,0.05,1.1,50.0,0.9,0.5,1.0,500,0.5,0.0007495382877767467,outcome_based,500,0,0.0002344617122232534,0.0002132661550875141,0.004769771094559849,0.368,0.3268845483787568,0.4111282775030931,0.15,0.00027583008990184277,1.618176902912575e-05
16,0.2,0.05,1.1,50.0,0.9,0.5,1.0,500,0.5,0.0007495382877767467,beta_known_mean,500,0,-0.0008545779536896348,5.753774952758992e-06,0.0008641894098573847,0.798,0.7605971137604937,0.8308587793244213,0.0,0.0005981315536458438,1.347164654961805e-05
16,0.2,0.05,1.1,50.0,0.9,0.5,1.0,3000,0.058823529411764705,-0.0001988302965116595,beta_estimated_mean,500,0,0.00011177494405615068,0.00010428911893740801,0.0023323223581144252,0.482,0.4385065876245351,0.5257678886320809,0.0,9.583620291861989e-05,4.447548434830595e-06
16,0.2,0.05,1.1,50.0,0.9,0.5,1.0,3000,0.058823529411764705,-0.0001988302965116595,risk_only,500,0,5.66506978549372e-05,0.00010442638561310296,0.0023333965453097498,0.472,0.42862273473006285,0.5158042283357841,0.0,9.384789995350329e-05,4.443449491657075e-06
16,0.2,0.05,1.1,50.0,0.9,0.5,1.0,3000,0.058823529411764705,-0.0001988302965116595,outcome_based,500,0,1.687196317826978e-05,2.8405947646498494e-05,0.0006347650716033452,0.36,0.3191414324050707,0.40299338292416403,0.012,7.396487030233734e-05,4.302130491182654e-06
16,0.2,0.05,1.1,50.0,0.9,0.5,1.0,3000,0.058823529411764705,-0.0001988302965116595,beta_known_mean,500,0,5.754431713971292e-05,2.9131659457683113e-06,8.686846270678655e-05,0.016,0.008129253033388314,0.03125110853339426,0.0,3.1812847441865523e-06,1.1168370887769663e-06
16,0.2,0.05,1.1,50.0,0.9,0.5,1.0,3000,0.1111111111111111,-0.004052561942488625,beta_estimated_mean,500,0,0.0032297522401077625,0.00010672859354327281,0.00401439969107013,0.374,0.33269999999487937,0.41722133380143184,0.0,0.001515658166490746,8.778137040035042e-05
16,0.2,0.05,1.1,50.0,0.9,0.5,1.0,3000,0.1111111111111111,-0.004052561942488625,risk_only,500,0,6.047767317376093e-05,0.00010606821598062138,0.002370156176956926,0.052,0.035730265115705276,0.07510114393784553,0.0,0.0002107332210094085,4.027960744146873e-05
16,0.2,0.05,1.1,50.0,0.9,0.5,1.0,3000,0.1111111111111111,-0.004052561942488625,outcome_based,500,0,-8.843805751219452e-05,0.00013530548907185946,0.0030237892454883643,0.09,0.0679425478891394,0.11830941128933344,0.002,0.0003728356987089535,5.243439082316611e-05
16,0.2,0.05,1.1,50.0,0.9,0.5,1.0,3000,0.1111111111111111,-0.004052561942488625,beta_known_mean,500,0,0.0031827924376054916,1.8365507169308836e-05,0.0032091239202963304,0.016,0.008129253033388314,0.03125110853339426,0.0,6.4840991079818e-05,2.2763389490152037e-05
16,0.2,0.05,1.1,50.0,0.9,0.5,1.0,3000,0.2,-0.01006679207383606,beta_estimated_mean,500,0,0.007938889781807037,9.15568335148597e-05,0.008198104365983077,0.136,0.10871544340723721,0.16883507644877283,0.0,0.001369083722041704,0.00015447818248783598
16,0.2,0.05,1.1,50.0,0.9,0.5,1.0,3000,0.2,-0.01006679207383606,risk_only,500,0,6.086090273432868e-05,8.946792693314744e-05,0.001999488563205458,0.0,4.336808689942018e-19,0.007624340461552241,0.0,0.0,0.0
16,0.2,0.05,1.1,50.0,0.9,0.5,1.0,3000,0.2,-0.01006679207383606,outcome_based,500,0,-0.00042070792616385734,0.00027936739411194586,0.006254759744761892,0.046,0.030845108370816204,0.06807779276827323,0.002,0.0004832060195441309,9.633407210017073e-05
16,0.2,0.05,1.1,50.0,0.9,0.5,1.0,3000,0.2,-0.01006679207383606,beta_known_mean,500,0,0.007908293326643943,4.613953458975364e-05,0.007975174155444412,0.016,0.008129253033388314,0.03125110853339426,0.0,0.00016106867318137696,5.654554135016748e-05
16,0.2,0.05,1.1,50.0,0.9,0.5,1.0,3000,0.3333333333333333,0.0067449060865046465,beta_estimated_mean,500,0,-0.00802963802354174,3.4724174732884196e-05,0.008067017117636254,0.958,0.9366484142456699,0.9723676898915483,0.0,0.006461620030871451,6.0566577612900634e-05
16,0.2,0.05,1.1,50.0,0.9,0.5,1.0,3000,0.3333333333333333,0.0067449060865046465,risk_only,500,0,3.062302006865066e-05,4.278820194009316e-05,0.0009563064633086797,0.0,4.336808689942018e-19,0.007624340461552241,0.0,0.0,0.0
16,0.2,0.05,1.1,50.0,0.9,0.5,1.0,3000,0.3333333333333333,0.0067449060865046465,outcome_based,500,0,-0.0003192394198379661,0.0002463222111541312,0.0055116744306427275,0.112,0.08726280019410226,0.1426536880040623,0.006,0.0007554294816885204,9.522283965892293e-05
16,0.2,0.05,1.1,50.0,0.9,0.5,1.0,3000,0.3333333333333333,0.0067449060865046465,beta_known_mean,500,0,-0.008039366230868268,2.7223094631477544e-05,0.008062333206820524,0.984,0.9687488914666058,0.9918707469666117,0.0,0.006636987589120572,3.7886385575470657e-05
16,0.2,0.05,1.1,50.0,0.9,0.5,1.0,3000,0.5,0.0007495382877767467,beta_estimated_mean,500,0,-0.0008639140660465463,2.537204064755449e-06,0.0008657712043846895,0.978,0.9610391387886836,0.9876719917300725,0.0,0.0007330484454456583,4.921804027250788e-06
16,0.2,0.05,1.1,50.0,0.9,0.5,1.0,3000,0.5,0.0007495382877767467,risk_only,500,0,5.739135997706682e-06,7.963536170217174e-06,0.0001779844766850312,0.0,4.336808689942018e-19,0.007624340461552241,0.0,0.0,0.0
16,0.2,0.05,1.1,50.0,0.9,0.5,1.0,3000,0.5,0.0007495382877767467,outcome_based,500,0,3.646171222325338e-05,9.112698483897508e-05,0.0020359491673452475,0.31,0.2710389112735686,0.3518583381018213,0.07,0.0002323568692107915,1.5518471457483045e-05
16,0.2,0.05,1.1,50.0,0.9,0.5,1.0,3000,0.5,0.0007495382877767467,beta_known_mean,500,0,-0.0008643744865213149,2.3342382843954064e-06,0.0008659458057319678,0.984,0.9687488914666058,0.9918707469666117,0.0,0.0007375456751723187,4.210184131563497e-06
16,0.2,0.05,1.1,50.0,0.9,0.5,1.0,10000,0.058823529411764705,-0.0001988302965116595,beta_estimated_mean,500,0,7.048711975232019e-05,5.647317848702397e-05,0.0012634829474022133,0.458,0.4148146097748511,0.5018258348239194,0.0,9.106427580234005e-05,4.434704327114285e-06
16,0.2,0.05,1.1,50.0,0.9,0.5,1.0,10000,0.058823529411764705,-0.0001988302965116595,risk_only,500,0,1.8520284040553782e-05,5.6587571054440455e-05,0.0012642062516234347,0.44,0.397111794441699,0.4838031264136874,0.0,8.748533046513019e-05,4.418273937817553e-06
16,0.2,0.05,1.1,50.0,0.9,0.5,1.0,10000,0.058823529411764705,-0.0001988302965116595,outcome_based,500,0,9.280296512246377e-06,1.5170087197878721e-05,0.00033900112854293846,0.284,0.2462377719556586,0.32505594312373204,0.006,5.766078598838126e-05,4.038875449742369e-06
16,0.2,0.05,1.1,50.0,0.9,0.5,1.0,10000,0.058823529411764705,-0.0001988302965116595,beta_known_mean,500,0,5.420318909509958e-05,1.6082753450449658e-06,6.502825502220857e-05,0.0,4.336808689942018e-19,0.007624340461552241,0.0,0.0,0.0
16,0.2,0.05,1.1,50.0,0.9,0.5,1.0,10000,0.1111111111111111,-0.004052561942488625,beta_estimated_mean,500,0,0.003177327068255918,5.76865635470077e-05,0.003428694994599164,0.23,0.1952549251744704,0.26886221867476784,0.0,0.0009320892467723838,7.634641864769125e-05
16,0.2,0.05,1.1,50.0,0.9,0.5,1.0,10000,0.1111111111111111,-0.004052561942488625,risk_only,500,0,2.3288260307070595e-05,5.727987697037576e-05,0.0012797474405651609,0.002,0.00035313639455927456,0.011240706705146758,0.0,8.10512388497725e-06,8.10512388497725e-06
16,0.2,0.05,1.1,50.0,0.9,0.5,1.0,10000,0.1111111111111111,-0.004052561942488625,outcome_based,500,0,-6.258805750945972e-05,7.29138794924961e-05,0.0016299747674253374,0.006,0.0020425962719602363,0.01749025210405338,0.0,2.431537165493175e-05,1.4010324884948765e-05
16,0.2,0.05,1.1,50.0,0.9,0.5,1.0,10000,0.1111111111111111,-0.004052561942488625,beta_known_mean,500,0,0.0031638296051386145,1.0269818476616468e-05,0.0031721360133120623,0.0,4.336808689942018e-19,0.007624340461552241,0.0,0.0,0.0
16,0.2,0.05,1.1,50.0,0.9,0.5,1.0,10000,0.2,-0.01006679207383606,beta_estimated_mean,500,0,0.007872459209264208,4.978843703744713e-05,0.007950633895758384,0.032,0.019791513626571118,0.051344869045441784,0.0,0.0003221373463627539,7.93146648633391e-05
16,0.2,0.05,1.1,50.0,0.9,0.5,1.0,10000,0.2,-0.01006679207383606,risk_only,500,0,1.5487315540268027e-05,4.78366943094659e-05,0.0010687030311778995,0.0,4.336808689942018e-19,0.007624340461552241,0.0,0.0,0.0
16,0.2,0.05,1.1,50.0,0.9,0.5,1.0,10000,0.2,-0.01006679207383606,outcome_based,500,0,3.0142073834874104e-05,0.00015522745304668748,0.003467649646679504,0.0,4.336808689942018e-19,0.007624340461552241,0.0,0.0,0.0
16,0.2,0.05,1.1,50.0,0.9,0.5,1.0,10000,0.2,-0.01006679207383606,beta_known_mean,500,0,0.007863813839275719,2.590296554859502e-05,0.007885073173234726,0.0,4.336808689942018e-19,0.007624340461552241,0.0,0.0,0.0
16,0.2,0.05,1.1,50.0,0.9,0.5,1.0,10000,0.3333333333333333,0.0067449060865046465,beta_estimated_mean,500,0,-0.008064950620805384,1.9071446297449498e-05,0.008076194947368689,1.0,0.9923756595384479,1.0,0.0,0.0067449060865046465,0.0
16,0.2,0.05,1.1,50.0,0.9,0.5,1.0,10000,0.3333333333333333,0.0067449060865046465,risk_only,500,0,-1.1342265066347248e-05,2.4394304401081707e-05,0.0005450455104814092,0.0,4.336808689942018e-19,0.007624340461552241,0.0,0.0,0.0
16,0.2,0.05,1.1,50.0,0.9,0.5,1.0,10000,0.3333333333333333,0.0067449060865046465,outcome_based,500,0,0.00014919391349542784,0.00013834195811376185,0.0030939245326646633,0.006,0.0020425962719602363,0.01749025210405338,0.002,4.046943651902788e-05,2.3318169328799527e-05
16,0.2,0.05,1.1,50.0,0.9,0.5,1.0,10000,0.3333333333333333,0.0067449060865046465,beta_known_mean,500,0,-0.008068041119326295,1.5197776840590375e-05,0.008075180663066752,1.0,0.9923756595384479,1.0,0.0,0.0067449060865046465,0.0
16,0.2,0.05,1.1,50.0,0.9,0.5,1.0,10000,0.5,0.0007495382877767467,beta_estimated_mean,500,0,-0.000866958166955742,1.3689581468065979e-06,0.0008674973270326004,1.0,0.9923756595384479,1.0,0.0,0.0007495382877767466,4.8535555027714175e-21
16,0.2,0.05,1.1,50.0,0.9,0.5,1.0,10000,0.5,0.0007495382877767467,risk_only,500,0,-5.257101841021806e-06,4.159290390595421e-06,9.306011873978713e-05,0.0,4.336808689942018e-19,0.007624340461552241,0.0,0.0,0.0
16,0.2,0.05,1.1,50.0,0.9,0.5,1.0,10000,0.5,0.0007495382877767467,outcome_based,500,0,6.486171222325334e-05,4.791091934397387e-05,0.0010722125170471255,0.2,0.16728549897175743,0.23728910530517394,0.028,0.00014990765755534932,1.3421576799968398e-05
16,0.2,0.05,1.1,50.0,0.9,0.5,1.0,10000,0.5,0.0007495382877767467,beta_known_mean,500,0,-0.0008671245587843436,1.2678091467819214e-06,0.0008675869196358609,1.0,0.9923756595384479,1.0,0.0,0.0007495382877767466,4.8535555027714175e-21
17,0.2,0.05,1.1,50.0,0.9,0.9,0.5,500,0.058823529411764705,-7.361965843585838e-05,beta_estimated_mean,500,0,-0.00036059679565148976,0.0002775849850781777,0.006211254993599872,0.474,0.43059811407349635,0.5177983516305045,0.0,3.489571809859687e-05,1.645604886428208e-06
17,0.2,0.05,1.1,50.0,0.9,0.9,0.5,500,0.058823529411764705,-7.361965843585838e-05,risk_only,500,0,-0.00029393117186492685,0.0002770622761020559,0.006196078150603087,0.484,0.4404854432314528,0.527758535663317,0.0,3.5631914682955454e-05,1.6469903591974666e-06
17,0.2,0.05,1.1,50.0,0.9,0.9,0.5,500,0.058823529411764705,-7.361965843585838e-05,outcome_based,500,0,0.00014511965843584944,8.27827365030036e-05,0.0018549117136037701,0.412,0.369688475931219,0.4556534079900142,0.058,3.460123946485344e-05,1.6448654904504484e-06
17,0.2,0.05,1.1,50.0,0.9,0.9,0.5,500,0.058823529411764705,-7.361965843585838e-05,beta_known_mean,500,0,-6.999273174491732e-05,7.976588421509925e-06,0.0001914375562875605,0.216,0.18216774485419415,0.25416288052796754,0.0,1.5901846222145412e-05,1.3562146528375964e-06
17,0.2,0.05,1.1,50.0,0.9,0.9,0.5,500,0.1111111111111111,-0.0005121173535643925,beta_estimated_mean,500,0,-0.000620849107314635,0.0002831737728759661,0.006356017546452589,0.43,0.38730164759035934,0.4737657600742581,0.0,0.00022021046203268875,1.1349869690592562e-05
17,0.2,0.05,1.1,50.0,0.9,0.9,0.5,500,0.1111111111111111,-0.0005121173535643925,risk_only,500,0,-0.00026749645161846294,0.00027835918675082677,0.006223824301751352,0.464,0.42072818700752684,0.5078207655057051,0.0,0.0002376224520538781,1.1433010566235285e-05
17,0.2,0.05,1.1,50.0,0.9,0.9,0.5,500,0.1111111111111111,-0.0005121173535643925,outcome_based,500,0,0.00017611735356438385,0.00032293386406680494,0.00721594562910671,0.514,0.47025151158007206,0.5575350068870044,0.006,0.0002663010238534841,1.1453586768500433e-05
17,0.2,0.05,1.1,50.0,0.9,0.9,0.5,500,0.1111111111111111,-0.0005121173535643925,beta_known_mean,500,0,-0.00035393972773144845,4.7647260679896234e-05,0.0011216656340306173,0.216,0.18216774485419415,0.25416288052796754,0.0,0.00011061734836990877,9.434179316134218e-06
17,0.2,0.05,1.1,50.0,0.9,0.9,0.5,500,0.2,-0.0017519030870762758,beta_estimated_mean,500,0,-0.0005491545549096718,0.00023939473109078766,0.00537579571086172,0.328,0.28829618984058974,0.3703265832781843,0.0,0.0005746242125610185,3.6819794771836845e-05
17,0.2,0.05,1.1,50.0,0.9,0.9,0.5,500,0.2,-0.0017519030870762758,risk_only,500,0,-0.00017383863931170313,0.0002289765935165394,0.005117902869472863,0.362,0.32107604417818575,0.40502827378920275,0.0,0.0006341889175216118,3.768985179638873e-05
17,0.2,0.05,1.1,50.0,0.9,0.9,0.5,500,0.2,-0.0017519030870762758,outcome_based,500,0,0.0004409030870762744,0.0007324510407215711,0.016367656354292014,0.466,0.42270077745690987,0.5098176776944758,0.01,0.0008339058694483073,3.916777713076255e-05
17,0.2,0.05,1.1,50.0,0.9,0.9,0.5,500,0.2,-0.0017519030870762758,beta_known_mean,500,0,-0.0003892520448495934,0.00011812928460805328,0.002667363223774146,0.216,0.18216774485419415,0.25416288052796754,0.0,0.0003784110668084756,3.227339935452612e-05
17,0.2,0.05,1.1,50.0,0.9,0.9,0.5,500,0.3333333333333333,-0.001782685974261922,beta_estimated_mean,500,0,0.0004531754137051961,9.162583419499024e-05,0.0020963347557245884,0.26,0.22348572318538285,0.3001739602361623,0.0,0.00046349835330809975,3.500476034093227e-05
17,0.2,0.05,1.1,50.0,0.9,0.9,0.5,500,0.3333333333333333,-0.001782685974261922,risk_only,500,0,1.1145401569203114e-05,0.00011767911355008727,0.0026287758993830896,0.254,0.21782025491518664,0.2939309205918972,0.0,0.0004528022374625282,3.4738482804386956e-05
17,0.2,0.05,1.1,50.0,0.9,0.9,0.5,500,0.3333333333333333,-0.001782685974261922,outcome_based,500,0,0.00021268597426192193,0.000572329732449128,0.012786646758382269,0.428,0.38534175538940585,0.4717561496370578,0.02,0.0007986433164693411,3.9685615526194484e-05
17,0.2,0.05,1.1,50.0,0.9,0.9,0.5,500,0.3333333333333333,-0.001782685974261922,beta_known_mean,500,0,0.0004908403663535746,7.1075638145456e-05,0.0016618500798195447,0.216,0.18216774485419415,0.25416288052796754,0.0,0.0003850601704405751,3.284047890290779e-05
17,0.2,0.05,1.1,50.0,0.9,0.9,0.5,500,0.5,-0.00030189221416552516,beta_estimated_mean,500,0,0.00017820762862224548,7.655511572524599e-06,0.0002469874101250024,0.232,0.19712923845271468,0.2709574080346774,0.0,7.003899368640185e-05,5.7046137227748064e-06
17,0.2,0.05,1.1,50.0,0.9,0.9,0.5,500,0.5,-0.00030189221416552516,risk_only,500,0,2.41618535281702e-05,2.4788055427716772e-05,0.0005542501181035587,0.322,0.2825360924255015,0.36417817277881126,0.0,9.72092929612991e-05,6.314579315115613e-06
17,0.2,0.05,1.1,50.0,0.9,0.9,0.5,500,0.5,-0.00030189221416552516,outcome_based,500,0,9.892214165525298e-06,0.00025763972608453423,0.0057552440309600345,0.398,0.35602997790389446,0.4415253875502624,0.152,0.00016604071779103885,6.723404515464616e-06
17,0.2,0.05,1.1,50.0,0.9,0.9,0.5,500,0.5,-0.00030189221416552516,beta_known_mean,500,0,0.00018088322608791072,6.931821846350577e-06,0.0002381087322645523,0.216,0.18216774485419415,0.25416288052796754,0.0,6.520871825975343e-05,5.561430915705623e-06
17,0.2,0.05,1.1,50.0,0.9,0.9,0.5,3000,0.058823529411764705,-7.361965843585838e-05,beta_estimated_mean,500,0,-4.086155199451025e-05,0.00010732946559273749,0.0023979068256415404,0.474,0.43059811407349635,0.5177983516305045,0.0,3.489571809859687e-05,1.645604886428208e-06
17,0.2,0.05,1.1,50.0,0.9,0.9,0.5,3000,0.058823529411764705,-7.361965843585838e-05,risk_only,500,0,2.641234804544984e-05,0.00010694919415117898,0.0023892100256764737,0.486,0.4424649931129956,0.5297484884199279,0.0,3.577915399982717e-05,1.6471881887489711e-06
17,0.2,0.05,1.1,50.0,0.9,0.9,0.5,3000,0.058823529411764705,-7.361965843585838e-05,outcome_based,500,0,-6.129700823082171e-05,3.2963956036448686e-05,0.0007389058800733268,0.406,0.3638304421340635,0.4496029338727085,0.012,3.07730172261888e-05,1.6255231487349333e-06
17,0.2,0.05,1.1,50.0,0.9,0.9,0.5,3000,0.058823529411764705,-7.361965843585838e-05,beta_known_mean,500,0,-7.099335678279328e-05,3.3822314888520485e-06,0.00010367430800123997,0.026,0.015256383923327248,0.04397149083422428,0.0,1.914111119332318e-06,5.244567481060877e-07
17,0.2,0.05,1.1,50.0,0.9,0.9,0.5,3000,0.1111111111111111,-0.0005121173535643925,beta_estimated_mean,500,0,-0.0003447474789327833,0.00011067162198947799,0.0024961383321458136,0.346,0.30562123178807926,0.3887270650740789,0.0,0.0001771926043332798,1.0905514092380113e-05
17,0.2,0.05,1.1,50.0,0.9,0.9,0.5,3000,0.1111111111111111,-0.0005121173535643925,risk_only,500,0,1.5132439533867448e-05,0.00010861147854912793,0.0024262438405418894,0.396,0.35408170350275736,0.4395041593132456,0.0,0.00020279847201149943,1.1212056613908632e-05
17,0.2,0.05,1.1,50.0,0.9,0.9,0.5,3000,0.1111111111111111,-0.0005121173535643925,outcome_based,500,0,6.034020230938686e-06,0.000125507939876573,0.002803641498561972,0.418,0.3755530480719333,0.4616973437637613,0.008,0.0002181619926184312,1.133652540181754e-05
17,0.2,0.05,1.1,50.0,0.9,0.9,0.5,3000,0.1111111111111111,-0.0005121173535643925,beta_known_mean,500,0,-0.0003727672852485758,2.052890597889868e-05,0.0005909754676093871,0.026,0.015256383923327248,0.04397149083422428,0.0,1.3315051192674205e-05,3.6482565608896703e-06
17,0.2,0.05,1.1,50.0,0.9,0.9,0.5,3000,0.2,-0.0017519030870762758,beta_estimated_mean,500,0,-0.0004217557204801885,9.689395228559249e-05,0.0022051549706380226,0.146,0.11774876682646929,0.1796492662203097,0.0,0.0002557778507131363,2.769269154559326e-05
17,0.2,0.05,1.1,50.0,0.9,0.9,0.5,3000,0.2,-0.0017519030870762758,risk_only,500,0,4.587168954118815e-06,9.228138553095393e-05,0.002061415107580173,0.184,0.1524894793781606,0.22032910379354043,0.0,0.00032235016802203476,3.0388817149117443e-05
17,0.2,0.05,1.1,50.0,0.9,0.9,0.5,3000,0.2,-0.0017519030870762758,outcome_based,500,0,0.0001934030870762621,0.0002891855341427459,0.006462809997179697,0.402,0.359928740326145,0.44556563040431935,0.0,0.0007042650410046629,3.8452397541671495e-05
17,0.2,0.05,1.1,50.0,0.9,0.9,0.5,3000,0.2,-0.0017519030870762758,beta_known_mean,500,0,-0.00043900275764477035,5.0794581266578044e-05,0.001216629801853122,0.026,0.015256383923327248,0.04397149083422428,0.0,4.554948026398317e-05,1.2480326798113961e-05
17,0.2,0.05,1.1,50.0,0.9,0.9,0.5,3000,0.3333333333333333,-0.001782685974261922,beta_estimated_mean,500,0,0.00046770019546020226,3.838888446597048e-05,0.000976792194713791,0.062,0.044019209142681565,0.08665971310163822,0.0,0.00011052653040423917,1.924517385366678e-05
17,0.2,0.05,1.1,50.0,0.9,0.9,0.5,3000,0.3333333333333333,-0.001782685974261922,risk_only,500,0,1.4801748016285424e-05,4.9348442259229444e-05,0.0011024600671666871,0.062,0.044019209142681565,0.08665971310163822,0.0,0.00011052653040423917,1.924517385366678e-05
17,0.2,0.05,1.1,50.0,0.9,0.9,0.5,3000,0.3333333333333333,-0.001782685974261922,outcome_based,500,0,-0.00010831402573808662,0.00024783164344253445,0.00553719903474617,0.364,0.32301143591892645,0.4070623846866158,0.008,0.0006631591824254351,3.857232937147552e-05
17,0.2,0.05,1.1,50.0,0.9,0.9,0.5,3000,0.3333333333333333,-0.001782685974261922,beta_known_mean,500,0,0.0004645854072516575,3.059963778221626e-05,0.0008264818080273782,0.026,0.015256383923327248,0.04397149083422428,0.0,4.634983533080997e-05,1.269962003111322e-05
17,0.2,0.05,1.1,50.0,0.9,0.9,0.5,3000,0.5,-0.00030189221416552516,beta_estimated_mean,500,0,0.00018351733655332992,3.0438857061916046e-06,0.00019570888500937961,0.044,0.02923395562860718,0.06571944287232845,0.0,1.3283257423283107e-05,2.7717683043882258e-06
17,0.2,0.05,1.1,50.0,0.9,0.9,0.5,3000,0.5,-0.00030189221416552516,risk_only,500,0,7.692693189223568e-06,1.0084096060127499e-05,0.00022539295732141483,0.094,0.0714264085922213,0.12276455586255913,0.0,2.8377868131559366e-05,3.943934244168862e-06
17,0.2,0.05,1.1,50.0,0.9,0.9,0.5,3000,0.5,-0.00030189221416552516,outcome_based,500,0,0.00010789221416552519,0.00011465658015944321,0.002563505468188647,0.462,0.41875629515879303,0.505823154716285,0.036,0.00015034232265443153,6.757221726903961e-06
17,0.2,0.05,1.1,50.0,0.9,0.9,0.5,3000,0.5,-0.00030189221416552516,beta_known_mean,500,0,0.00018358069726133008,2.814241465078794e-06,0.00019404620574444833,0.026,0.015256383923327248,0.04397149083422428,0.0,7.849197568303655e-06,2.1506403626925747e-06
17,0.2,0.05,1.1,50.0,0.9,0.9,0.5,10000,0.058823529411764705,-7.361965843585838e-05,beta_estimated_mean,500,0,-0.00010885169510575509,5.963083165215568e-05,0.0013364920116512985,0.46,0.4167851025299866,0.5038248447069378,0.0,3.386504288049486e-05,1.6425527327668316e-06
17,0.2,0.05,1.1,50.0,0.9,0.9,0.5,10000,0.058823529411764705,-7.361965843585838e-05,risk_only,500,0,-3.941707555636276e-05,5.941166049770514e-05,0.001327741187878726,0.474,0.43059811407349635,0.5177983516305045,0.0,3.489571809859687e-05,1.645604886428208e-06
17,0.2,0.05,1.1,50.0,0.9,0.9,0.5,10000,0.058823529411764705,-7.361965843585838e-05,outcome_based,500,0,2.6594658435985185e-05,1.6997660196461468e-05,0.00038062919157936067,0.444,0.4010408191814197,0.4878131069502743,0.01,3.34233249298797e-05,1.6408458128304554e-06
17,0.2,0.05,1.1,50.0,0.9,0.9,0.5,10000,0.058823529411764705,-7.361965843585838e-05,beta_known_mean,500,0,-7.185489754114305e-05,1.922897093737086e-06,8.371496511357051e-05,0.0,4.336808689942018e-19,0.007624340461552241,0.0,0.0,0.0
17,0.2,0.05,1.1,50.0,0.9,0.9,0.5,10000,0.1111111111111111,-0.0005121173535643925,beta_estimated_mean,500,0,-0.00041199121624827575,6.154516477528422e-05,0.001435218662283542,0.234,0.1990046985940334,0.2730514505315124,0.0,0.00011983546073406783,9.70602785300325e-06
17,0.2,0.05,1.1,50.0,0.9,0.9,0.5,10000,0.1111111111111111,-0.0005121173535643925,risk_only,500,0,-4.0554006247029734e-05,6.0595168525402236e-05,0.001354200899898169,0.346,0.30562123178807926,0.3887270650740789,0.0,0.0001771926043332798,1.0905514092380113e-05
17,0.2,0.05,1.1,50.0,0.9,0.9,0.5,10000,0.1111111111111111,-0.0005121173535643925,outcome_based,500,0,-1.2557646435438246e-05,7.224233227752549e-05,0.0016138203203452672,0.346,0.30562123178807926,0.3887270650740789,0.004,0.00017924107374753736,1.0934776738624558e-05
17,0.2,0.05,1.1,50.0,0.9,0.9,0.5,10000,0.1111111111111111,-0.0005121173535643925,beta_known_mean,500,0,-0.0003776205549751719,1.1622156373675625e-05,0.00045825698948086664,0.0,4.336808689942018e-19,0.007624340461552241,0.0,0.0,0.0
17,0.2,0.05,1.1,50.0,0.9,0.9,0.5,10000,0.2,-0.0017519030870762758,beta_estimated_mean,500,0,-0.00046985567769546033,5.416714527040937e-05,0.0012980254587675584,0.03,0.018263213197913384,0.04890366683594573,0.0,5.255709261228827e-05,1.337846539388283e-05
17,0.2,0.05,1.1,50.0,0.9,0.9,0.5,10000,0.2,-0.0017519030870762758,risk_only,500,0,-2.1054934326846603e-05,5.139523760816182e-05,0.0011482756917266925,0.064,0.04569601604478943,0.08895240883768415,0.0,0.00011212179757288166,1.9194982321002643e-05
17,0.2,0.05,1.1,50.0,0.9,0.9,0.5,10000,0.2,-0.0017519030870762758,outcome_based,500,0,-0.00012384691292380032,0.0001588704693360517,0.003551057764292545,0.28,0.2424360430412755,0.3209186667618076,0.002,0.0004940366705555098,3.5289587455914474e-05
17,0.2,0.05,1.1,50.0,0.9,0.9,0.5,10000,0.2,-0.0017519030870762758,beta_known_mean,500,0,-0.0004494958528175344,2.8697555438664172e-05,0.0007829417705612654,0.0,4.336808689942018e-19,0.007624340461552241,0.0,0.0,0.0
17,0.2,0.05,1.1,50.0,0.9,0.9,0.5,10000,0.3333333333333333,-0.001782685974261922,beta_estimated_mean,500,0,0.0004531548457925121,2.162960378405317e-05,0.0006624208288036721,0.0,4.336808689942018e-19,0.007624340461552241,0.0,0.0,0.0
17,0.2,0.05,1.1,50.0,0.9,0.9,0.5,10000,0.3333333333333333,-0.001782685974261922,risk_only,500,0,-3.0784444606475787e-06,2.7769350205880535e-05,0.0006203279337881369,0.002,0.00035313639455927456,0.011240706705146758,0.0,3.565371948523844e-06,3.5653719485238442e-06
17,0.2,0.05,1.1,50.0,0.9,0.9,0.5,10000,0.3333333333333333,-0.001782685974261922,outcome_based,500,0,1.1859742618743342e-06,0.0001348926891093484,0.0030132746566709553,0.268,0.23105397343634806,0.30848372053781226,0.004,0.00048489058499924276,3.551196601821361e-05
17,0.2,0.05,1.1,50.0,0.9,0.9,0.5,10000,0.3333333333333333,-0.001782685974261922,beta_known_mean,500,0,0.00045714826383318484,1.733533054344828e-05,0.0005991167365096304,0.0,4.336808689942018e-19,0.007624340461552241,0.0,0.0,0.0
17,0.2,0.05,1.1,50.0,0.9,0.9,0.5,10000,0.5,-0.00030189221416552516,beta_estimated_mean,500,0,0.00018285938172729702,1.728672356940459e-06,0.00018689226639001603,0.0,4.336808689942018e-19,0.007624340461552241,0.0,0.0,0.0
17,0.2,0.05,1.1,50.0,0.9,0.9,0.5,10000,0.5,-0.00030189221416552516,risk_only,500,0,-1.0247932161683333e-05,5.99423379830956e-06,0.00013429262336092773,0.014,0.00679778979084349,0.02861306913778529,0.0,4.226490998317352e-06,1.5878304096367443e-06
17,0.2,0.05,1.1,50.0,0.9,0.9,0.5,10000,0.5,-0.00030189221416552516,outcome_based,500,0,1.7692214165525178e-05,6.0446076600162435e-05,0.0013503789743779628,0.424,0.381424117793864,0.46773478195629203,0.036,0.00013887041851614156,6.735617794405367e-06
17,0.2,0.05,1.1,50.0,0.9,0.9,0.5,10000,0.5,-0.00030189221416552516,beta_known_mean,500,0,0.00018303160933127915,1.6046085545366718e-06,0.00018650839003227397,0.0,4.336808689942018e-19,0.007624340461552241,0.0,0.0,0.0
18,0.2,0.05,1.1,50.0,0.9,0.9,1.0,500,0.058823529411764705,-2.4107523282912435e-06,beta_estimated_mean,500,0,-0.0005036243806148275,0.0002665930543286017,0.005976495124089018,0.46,0.4167851025299866,0.5038248447069378,0.0,1.108946071013972e-06,5.3787098568363715e-08
18,0.2,0.05,1.1,50.0,0.9,0.9,1.0,500,0.058823529411764705,-2.4107523282912435e-06,risk_only,500,0,-0.0003690929804162501,0.0002640296681835061,0.005909513584302656,0.46,0.4167851025299866,0.5038248447069378,0.0,1.108946071013972e-06,5.3787098568363715e-08
18,0.2,0.05,1.1,50.0,0.9,0.9,1.0,500,0.058823529411764705,-2.4107523282912435e-06,outcome_based,500,0,-2.8589247671709727e-05,3.349547572117081e-05,0.0007487782349149969,0.316,0.27678362811990814,0.3580221291699432,0.268,1.4078793597220861e-06,5.31931134676683e-08
18,0.2,0.05,1.1,50.0,0.9,0.9,1.0,500,0.058823529411764705,-2.4107523282912435e-06,beta_known_mean,500,0,-0.00014693375040807704,1.0136000975093232e-05,0.0002699185921287407,0.254,0.21782025491518664,0.2939309205918972,0.0,6.123310913859758e-07,4.6977358610034584e-08
18,0.2,0.05,1.1,50.0,0.9,0.9,1.0,500,0.1111111111111111,-0.00013783855495494435,beta_estimated_mean,500,0,-0.001091661001682326,0.00028812491605872476,0.006528146092288669,0.428,0.38534175538940585,0.4717561496370578,0.0,5.8994901520716184e-05,3.053095137661248e-06
18,0.2,0.05,1.1,50.0,0.9,0.9,1.0,500,0.1111111111111111,-0.00013783855495494435,risk_only,500,0,-0.0003817266966098943,0.0002756896038905532,0.006170258451627162,0.46,0.4167851025299866,0.5038248447069378,0.0,6.34057352792744e-05,3.075361933648927e-06
18,0.2,0.05,1.1,50.0,0.9,0.9,1.0,500,0.1111111111111111,-0.00013783855495494435,outcome_based,500,0,-9.016144504505988e-05,0.0002615087103926353,0.005842357836196873,0.478,0.43455096039387586,0.5217845105864325,0.016,6.809224614774251e-05,3.0850284367090533e-06
18,0.2,0.05,1.1,50.0,0.9,0.9,1.0,500,0.1111111111111111,-0.00013783855495494435,beta_known_mean,500,0,-0.0007632131202734322,6.0531843423122935e-05,0.001552701580146695,0.254,0.21782025491518664,0.2939309205918972,0.0,3.5010992958555865e-05,2.686004344128169e-06
18,0.2,0.05,1.1,50.0,0.9,0.9,1.0,500,0.2,-0.0013106741756057777,beta_estimated_mean,500,0,-0.0011204907932243296,0.0002744183649031898,0.006231606027082784,0.35,0.3094801731446609,0.39280712899380477,0.0,0.00045873596146202224,2.7985635299366815e-05
18,0.2,0.05,1.1,50.0,0.9,0.9,1.0,500,0.2,-0.0013106741756057777,risk_only,500,0,-0.00024982690942875797,0.00024776729684109107,0.005540337674118921,0.384,0.34240767461779237,0.4273611723692879,0.0,0.0005032988834326186,2.853648240024038e-05
18,0.2,0.05,1.1,50.0,0.9,0.9,1.0,500,0.2,-0.0013106741756057777,outcome_based,500,0,0.00019567417560577621,0.0007209091273800627,0.016105078807103084,0.452,0.4089073378092892,0.49582459887502,0.012,0.0006081528174810808,2.9260777035372228e-05
18,0.2,0.05,1.1,50.0,0.9,0.9,1.0,500,0.2,-0.0013106741756057777,beta_known_mean,500,0,-0.0009198176715893496,0.00014995554594207273,0.003473745926604566,0.254,0.21782025491518664,0.2939309205918972,0.0,0.0003329112406038676,2.5540579198356177e-05
18,0.2,0.05,1.1,50.0,0.9,0.9,1.0,500,0.3333333333333333,-0.002244882451280369,beta_estimated_mean,500,0,0.0008529342891589351,0.00011369961504133773,0.0026792481276351966,0.282,0.2443364332272433,0.32298777921399346,0.0,0.0006330568512610641,4.5219953190970695e-05
18,0.2,0.05,1.1,50.0,0.9,0.9,1.0,500,0.3333333333333333,-0.002244882451280369,risk_only,500,0,-2.780203373330854e-05,0.00014982944412283698,0.0033470517255986226,0.266,0.2291604018204711,0.30640778951553543,0.0,0.0005971387320405781,4.440503129238291e-05
18,0.2,0.05,1.1,50.0,0.9,0.9,1.0,500,0.3333333333333333,-0.002244882451280369,outcome_based,500,0,0.000848882451280371,0.0006354636071341802,0.014220540967772347,0.462,0.41875629515879303,0.505823154716285,0.026,0.0010955026362248202,5.0232896817516486e-05
18,0.2,0.05,1.1,50.0,0.9,0.9,1.0,500,0.3333333333333333,-0.002244882451280369,beta_known_mean,500,0,0.0009011834811442783,9.031377158316246e-05,0.0022095845216097906,0.254,0.21782025491518664,0.2939309205918972,0.0,0.0005702001426252137,4.374511919518548e-05
18,0.2,0.05,1.1,50.0,0.9,0.9,1.0,500,0.5,-0.0004856502416369689,beta_estimated_mean,500,0,0.0003561211927586645,9.700205411065704e-06,0.00041686352977355934,0.264,0.22726783141305193,0.3043308572848008,0.0,0.00012821166379215978,9.583280652997754e-06
18,0.2,0.05,1.1,50.0,0.9,0.9,1.0,500,0.5,-0.0004856502416369689,risk_only,500,0,6.996924353799824e-06,3.1480370195615966e-05,0.0007032530107075781,0.252,0.21593384838137186,0.2918478244875581,0.0,0.00012238386089251618,9.438965651014729e-06
18,0.2,0.05,1.1,50.0,0.9,0.9,1.0,500,0.5,-0.0004856502416369689,outcome_based,500,0,0.00020565024163696885,0.0003412625385835383,0.007626001050477592,0.444,0.4010408191814197,0.4878131069502743,0.126,0.0002768206377330723,1.0763288764615772e-05
18,0.2,0.05,1.1,50.0,0.9,0.9,1.0,500,0.5,-0.0004856502416369689,beta_known_mean,500,0,0.00035939225716688137,8.783018845897345e-06,0.0004094586219816996,0.254,0.21782025491518664,0.2939309205918972,0.0,0.0001233551613757901,9.463670445400312e-06
18,0.2,0.05,1.1,50.0,0.9,0.9,1.0,3000,0.058823529411764705,-2.4107523282912435e-06,beta_estimated_mean,500,0,-0.00019257256176187499,0.00011407641006953292,0.002555539949088117,0.46,0.4167851025299866,0.5038248447069378,0.0,1.108946071013972e-06,5.3787098568363715e-08
18,0.2,0.05,1.1,50.0,0.9,0.9,1.0,3000,0.058823529411764705,-2.4107523282912435e-06,risk_only,500,0,-4.9859844307313325e-05,0.00011333269093947476,0.002532151481059144,0.482,0.4385065876245351,0.5257678886320809,0.0,1.1619826222363793e-06,5.3925070437277103e-08
18,0.2,0.05,1.1,50.0,0.9,0.9,1.0,3000,0.058823529411764705,-2.4107523282912435e-06,outcome_based,500,0,-1.8922581005042183e-05,1.3455060782272276e-05,0.0003011583565809829,0.426,0.38338257836675194,0.46974582402155785,0.066,1.1860901455192919e-06,5.395314055644697e-08
18,0.2,0.05,1.1,50.0,0.9,0.9,1.0,3000,0.058823529411764705,-2.4107523282912435e-06,beta_known_mean,500,0,-0.00014366641709276078,3.925790463255841e-06,0.0001683167934289534,0.048,0.03246520694135317,0.07042719683589006,0.0,1.157161117579797e-07,2.306967173910909e-08
18,0.2,0.05,1.1,50.0,0.9,0.9,1.0,3000,0.1111111111111111,-0.00013783855495494435,beta_estimated_mean,500,0,-0.0007975643917424622,0.00012120434443675895,0.0028225281258186657,0.36,0.3191414324050707,0.40299338292416403,0.0,4.9621879783779965e-05,2.961840559438614e-06
18,0.2,0.05,1.1,50.0,0.9,0.9,1.0,3000,0.1111111111111111,-0.00013783855495494435,risk_only,500,0,-5.2355946744953006e-05,0.00011751971793974473,0.0026257136769597526,0.464,0.42072818700752684,0.5078207655057051,0.0,6.395708949909418e-05,3.077243222214555e-06
18,0.2,0.05,1.1,50.0,0.9,0.9,1.0,3000,0.1111111111111111,-0.00013783855495494435,outcome_based,500,0,9.558855495492169e-05,0.0001115354848037718,0.002493346986015818,0.472,0.42862273473006285,0.5158042283357841,0.008,6.616250637837328e-05,3.082781394211556e-06
18,0.2,0.05,1.1,50.0,0.9,0.9,1.0,3000,0.1111111111111111,-0.00013783855495494435,beta_known_mean,500,0,-0.0007525518271156181,2.360646436978259e-05,0.000918917606402185,0.048,0.03246520694135317,0.07042719683589006,0.0,6.6162506378373285e-06,1.3190447556500504e-06
18,0.2,0.05,1.1,50.0,0.9,0.9,1.0,3000,0.2,-0.0013106741756057777,beta_estimated_mean,500,0,-0.0009186903693064795,0.00011136510471409077,0.002651920640233922,0.176,0.1451264013297259,0.21181417128935995,0.0,0.00023067865490661687,2.2344179392978355e-05
18,0.2,0.05,1.1,50.0,0.9,0.9,1.0,3000,0.2,-0.0013106741756057777,risk_only,500,0,-4.6937194084924654e-05,0.00010191241089776974,0.0022770346304330767,0.262,0.22537626941723765,0.30225291664246134,0.0,0.0003433966340087138,2.5800213291464874e-05
18,0.2,0.05,1.1,50.0,0.9,0.9,1.0,3000,0.2,-0.0013106741756057777,outcome_based,500,0,-0.0003986591577275596,0.0002794664676999576,0.0062555240309519295,0.398,0.35602997790389446,0.4415253875502624,0.002,0.000524269670242311,2.874419103827475e-05
18,0.2,0.05,1.1,50.0,0.9,0.9,1.0,3000,0.2,-0.0013106741756057777,beta_known_mean,500,0,-0.0008911178689333461,5.823169608778521e-05,0.001576757857292342,0.048,0.03246520694135317,0.07042719683589006,0.0,6.291236042907733e-05,1.2542484200185246e-05
18,0.2,0.05,1.1,50.0,0.9,0.9,1.0,3000,0.3333333333333333,-0.002244882451280369,beta_estimated_mean,500,0,0.0009109611390876886,4.4919600328936676e-05,0.001355255574897197,0.088,0.06620598447492893,0.11607647206539012,0.0,0.00019754965571267246,2.8469647335823733e-05
18,0.2,0.05,1.1,50.0,0.9,0.9,1.0,3000,0.3333333333333333,-0.002244882451280369,risk_only,500,0,-3.705095865168331e-07,5.868570181265457e-05,0.0013109393289935328,0.044,0.02923395562860718,0.06571944287232845,0.0,9.877482785633623e-05,2.0610978798295996e-05
18,0.2,0.05,1.1,50.0,0.9,0.9,1.0,3000,0.3333333333333333,-0.002244882451280369,outcome_based,500,0,-0.00030611754871963013,0.0002318336628922889,0.00518781116959858,0.308,0.26912574805455886,0.3498019986826773,0.012,0.0007183623844097181,4.6878399704882705e-05
18,0.2,0.05,1.1,50.0,0.9,0.9,1.0,3000,0.3333333333333333,-0.002244882451280369,beta_known_mean,500,0,0.0009178978479658439,3.5230435797950664e-05,0.0012090852240229286,0.048,0.03246520694135317,0.07042719683589006,0.0,0.00010775435766145771,2.1482381510602053e-05
18,0.2,0.05,1.1,50.0,0.9,0.9,1.0,3000,0.5,-0.0004856502416369689,beta_estimated_mean,500,0,0.00036500025202510774,3.6122533250103424e-06,0.0003738132189293635,0.062,0.044019209142681565,0.08665971310163822,0.0,3.0110314981492072e-05,5.24288824129466e-06
18,0.2,0.05,1.1,50.0,0.9,0.9,1.0,3000,0.5,-0.0004856502416369689,risk_only,500,0,-1.0640391630281058e-05,1.2882876878812979e-05,0.00028797831125745935,0.036,0.02289106098029272,0.056184326968027755,0.0,1.748340869893088e-05,4.050075354834686e-06
18,0.2,0.05,1.1,50.0,0.9,0.9,1.0,3000,0.5,-0.0004856502416369689,outcome_based,500,0,-2.701642502969778e-05,0.0001388829661618485,0.0031025280907492287,0.402,0.359928740326145,0.44556563040431935,0.038,0.0002136861063202663,1.0791795029051773e-05
18,0.2,0.05,1.1,50.0,0.9,0.9,1.0,3000,0.5,-0.0004856502416369689,beta_known_mean,500,0,0.0003655413387622755,3.3047588862503654e-06,0.00037292125785605976,0.048,0.03246520694135317,0.07042719683589006,0.0,2.331121159857451e-05,4.647425421144444e-06
18,0.2,0.05,1.1,50.0,0.9,0.9,1.0,10000,0.058823529411764705,-2.4107523282912435e-06,beta_estimated_mean,500,0,-0.00017764636960291823,6.239237553317829e-05,0.001405015902559468,0.448,0.4049726694186174,0.4918202619893841,0.0,1.0800170430744772e-06,5.366743857905499e-08
18,0.2,0.05,1.1,50.0,0.9,0.9,1.0,10000,0.058823529411764705,-2.4107523282912435e-06,risk_only,500,0,-3.412822249106784e-05,6.199448693231713e-05,0.0013852724007071746,0.502,0.45832636322986225,0.5456431394082917,0.0,1.2101976688022042e-06,5.39596162025637e-08
18,0.2,0.05,1.1,50.0,0.9,0.9,1.0,10000,0.058823529411764705,-2.4107523282912435e-06,outcome_based,500,0,-1.501747671699305e-06,7.0273034961048335e-06,0.00015698525238004587,0.468,0.4246740659219794,0.5118138918675601,0.018,1.1716256315495444e-06,5.3938891398418344e-08
18,0.2,0.05,1.1,50.0,0.9,0.9,1.0,10000,0.058823529411764705,-2.4107523282912435e-06,beta_known_mean,500,0,-0.0001442714216069217,2.123268334881738e-06,0.000151867932872664,0.002,0.00035313639455927456,0.011240706705146758,0.0,4.821504656582487e-09,4.821504656582487e-09
18,0.2,0.05,1.1,50.0,0.9,0.9,1.0,10000,0.1111111111111111,-0.00013783855495494435,beta_estimated_mean,500,0,-0.0007907519011453475,6.626420056194269e-05,0.0016782043269356539,0.248,0.21216420834594762,0.2876784592466748,0.0,3.41839616288262e-05,2.664742198373192e-06
18,0.2,0.05,1.1,50.0,0.9,0.9,1.0,10000,0.1111111111111111,-0.00013783855495494435,risk_only,500,0,-3.5752549965178906e-05,6.428330583717516e-05,0.0014364252873357375,0.458,0.4148146097748511,0.5018258348239194,0.0,6.313005816936451e-05,3.0743465499284537e-06
18,0.2,0.05,1.1,50.0,0.9,0.9,1.0,10000,0.1111111111111111,-0.00013783855495494435,outcome_based,500,0,-5.186445044945614e-06,6.262815177330101e-05,0.001399016551398688,0.468,0.4246740659219794,0.5118138918675601,0.004,6.505979793873374e-05,3.0804091111405515e-06
18,0.2,0.05,1.1,50.0,0.9,0.9,1.0,10000,0.1111111111111111,-0.00013783855495494435,beta_known_mean,500,0,-0.0007601107410289917,1.2929617976966115e-05,0.0008131350897124999,0.002,0.00035313639455927456,0.011240706705146758,0.0,2.756771099098887e-07,2.756771099098887e-07
18,0.2,0.05,1.1,50.0,0.9,0.9,1.0,10000,0.2,-0.0013106741756057777,beta_estimated_mean,500,0,-0.0009304102745802183,6.0872706720978026e-05,0.001647634973041663,0.052,0.035730265115705276,0.07510114393784553,0.0,6.815505713150045e-05,1.3027176888665058e-05
18,0.2,0.05,1.1,50.0,0.9,0.9,1.0,10000,0.2,-0.0013106741756057777,risk_only,500,0,-4.167972053012903e-05,5.557067510593224e-05,0.0012420543728179857,0.13,0.10332065036463456,0.16232136157691412,0.0,0.0001703876428287511,1.9732211972232817e-05
18,0.2,0.05,1.1,50.0,0.9,0.9,1.0,10000,0.2,-0.0013106741756057777,outcome_based,500,0,-7.38258243942345e-05,0.00015679936729199353,0.003503410481566364,0.35,0.3094801731446609,0.39280712899380477,0.006,0.00046660000651565684,2.8093923946642546e-05
18,0.2,0.05,1.1,50.0,0.9,0.9,1.0,10000,0.2,-0.0013106741756057777,beta_known_mean,500,0,-0.0009119994436606589,3.20218378050906e-05,0.0011590585124784257,0.002,0.00035313639455927456,0.011240706705146758,0.0,2.6213483512115553e-06,2.6213483512115545e-06
18,0.2,0.05,1.1,50.0,0.9,0.9,1.0,10000,0.3333333333333333,-0.002244882451280369,beta_estimated_mean,500,0,0.0009031970409071976,2.4442144518538965e-05,0.0010554035676495625,0.01,0.004278753896590496,0.023193099755730702,0.0,2.244882451280369e-05,9.99910040830016e-06
18,0.2,0.05,1.1,50.0,0.9,0.9,1.0,10000,0.3333333333333333,-0.002244882451280369,risk_only,500,0,-3.088721212089633e-05,3.2223350938862585e-05,0.000720477514146986,0.002,0.00035313639455927456,0.011240706705146758,0.0,4.489764902560738e-06,4.489764902560739e-06
18,0.2,0.05,1.1,50.0,0.9,0.9,1.0,10000,0.3333333333333333,-0.002244882451280369,outcome_based,500,0,0.00019448245128028574,0.0001250060506752052,0.0027991879650814027,0.232,0.19712923845271468,0.2709574080346774,0.006,0.0005342820234047279,4.279660283378819e-05
18,0.2,0.05,1.1,50.0,0.9,0.9,1.0,10000,0.3333333333333333,-0.002244882451280369,beta_known_mean,500,0,0.0009073063093358451,1.9264362030269292e-05,0.0010041869574600338,0.002,0.00035313639455927456,0.011240706705146758,0.0,4.489764902560738e-06,4.489764902560739e-06
18,0.2,0.05,1.1,50.0,0.9,0.9,1.0,10000,0.5,-0.0004856502416369689,beta_estimated_mean,500,0,0.00036566520684977346,1.913109768578844e-06,0.0003681540139735228,0.002,0.00035313639455927456,0.011240706705146758,0.0,9.713004832739377e-07,9.71300483273938e-07
18,0.2,0.05,1.1,50.0,0.9,0.9,1.0,10000,0.5,-0.0004856502416369689,risk_only,500,0,-8.883726141591647e-06,7.27795001504764e-06,0.00016281962487520735,0.0,4.336808689942018e-19,0.007624340461552241,0.0,0.0,0.0
18,0.2,0.05,1.1,50.0,0.9,0.9,1.0,10000,0.5,-0.0004856502416369689,outcome_based,500,0,8.365024163696891e-05,7.201808946661138e-05,0.0016109355551746703,0.36,0.3191414324050707,0.40299338292416403,0.032,0.00019037489472169183,1.0613733029592402e-05
18,0.2,0.05,1.1,50.0,0.9,0.9,1.0,10000,0.5,-0.0004856502416369689,beta_known_mean,500,0,0.0003658886600880543,1.7586763893209308e-06,0.00036799169822098816,0.002,0.00035313639455927456,0.011240706705146758,0.0,9.713004832739377e-07,9.71300483273938e-07
19,0.2,0.05,1.5,50.0,0.5,0.5,0.0,500,0.058823529411764705,-0.0009278330780470023,beta_estimated_mean,500,0,-0.00010827872829337115,0.00026808230842414197,0.0059894839680826595,0.436,0.39318560312305606,0.47979031245602277,0.0,0.000404535222028493,2.05969244144273e-05
19,0.2,0.05,1.5,50.0,0.5,0.5,0.0,500,0.058823529411764705,-0.0009278330780470023,risk_only,500,0,-9.24585278443969e-05,0.0002696229530438408,0.006023630171798703,0.432,0.3892622537365845,0.47577465656618667,0.0,0.000400823889716305,2.0574799885942485e-05
19,0.2,0.05,1.5,50.0,0.5,0.5,0.0,500,0.058823529411764705,-0.0009278330780470023,outcome_based,500,0,-0.00017791692195306011,0.0001314324745476973,0.0029413649244214956,0.31,0.2710389112735686,0.3518583381018213,0.012,0.00029876225113113476,1.9407176759130586e-05
19,0.2,0.05,1.5,50.0,0.5,0.5,0.0,500,0.058823529411764705,-0.0009278330780470023,beta_known_mean,500,0,-1.2418513717308732e-05,1.1297750865522732e-05,0.00025267799195426063,0.0,4.336808689942018e-19,0.007624340461552241,0.0,0.0,0.0
19,0.2,0.05,1.5,50.0,0.5,0.5,0.0,500,0.1111111111111111,-0.004470050037641671,beta_estimated_mean,500,0,-0.00012987742484823738,0.00026310602416543917,0.005878778218440068,0.226,0.191509780865554,0.2646683577073766,0.0,0.0010102313085070176,8.369255218024158e-05
19,0.2,0.05,1.5,50.0,0.5,0.5,0.0,500,0.1111111111111111,-0.004470050037641671,risk_only,500,0,-0.00010254708602143109,0.0002666308183309031,0.005956964038289237,0.228,0.19338176911500068,0.26676587209608377,0.0,0.001019171408582301,8.395337995853961e-05
19,0.2,0.05,1.5,50.0,0.5,0.5,0.0,500,0.1111111111111111,-0.004470050037641671,outcome_based,500,0,0.00014105003764170132,0.00037582310201477825,0.00839643698917082,0.29,0.2519474198773656,0.33125480311648636,0.014,0.0013588952114430679,9.204570394095814e-05
19,0.2,0.05,1.5,50.0,0.5,0.5,0.0,500,0.1111111111111111,-0.004470050037641671,beta_known_mean,500,0,-4.477677154367959e-05,4.807028836018194e-05,0.0010747420705277922,0.0,4.336808689942018e-19,0.007624340461552241,0.0,0.0,0.0
19,0.2,0.05,1.5,50.0,0.5,0.5,0.0,500,0.2,-0.01010680651825923,beta_estimated_mean,500,0,-0.00016770087236278507,0.000213293183825986,0.004767559200852941,0.016,0.008129253033388314,0.03125110853339426,0.0,0.0001617089042921477,5.677030395628261e-05
19,0.2,0.05,1.5,50.0,0.5,0.5,0.0,500,0.2,-0.01010680651825923,risk_only,500,0,-0.0001944742397626916,0.00021626163637131264,0.004834831829295018,0.016,0.008129253033388314,0.03125110853339426,0.0,0.0001617089042921477,5.677030395628261e-05
19,0.2,0.05,1.5,50.0,0.5,0.5,0.0,500,0.2,-0.01010680651825923,outcome_based,500,0,-0.0005041934817408011,0.0006990118691312582,0.015622880338370105,0.242,0.20651780855112864,0.28141635112703234,0.004,0.0024862744034917705,0.00019485740090960152
19,0.2,0.05,1.5,50.0,0.5,0.5,0.0,500,0.2,-0.01010680651825923,beta_known_mean,500,0,-0.00011211950945628921,0.00010632238269385756,0.002377707060633957,0.0,4.336808689942018e-19,0.007624340461552241,0.0,0.0,0.0
19,0.2,0.05,1.5,50.0,0.5,0.5,0.0,500,0.3333333333333333,-0.006897025895313124,beta_estimated_mean,500,0,-0.00010231258040051043,9.616808959705896e-05,0.0021506674059522646,0.0,4.336808689942018e-19,0.007624340461552241,0.0,0.0,0.0
19,0.2,0.05,1.5,50.0,0.5,0.5,0.0,500,0.3333333333333333,-0.006897025895313124,risk_only,500,0,-0.00011474226082567931,0.00010911347021706492,0.002440109573040058,0.004,0.0010976305226827934,0.014465715215177033,0.0,2.7588103581252497e-05,1.948817849077525e-05
19,0.2,0.05,1.5,50.0,0.5,0.5,0.0,500,0.3333333333333333,-0.006897025895313124,outcome_based,500,0,0.0005510258953131222,0.0006017514250544904,0.01345339784356746,0.316,0.27678362811990814,0.3580221291699432,0.026,0.0023587828561970887,0.00014646625715438689
19,0.2,0.05,1.5,50.0,0.5,0.5,0.0,500,0.3333333333333333,-0.006897025895313124,beta_known_mean,500,0,-7.017022611741087e-05,7.52662282408718e-05,0.0016827838281619138,0.0,4.336808689942018e-19,0.007624340461552241,0.0,0.0,0.0
19,0.2,0.05,1.5,50.0,0.5,0.5,0.0,500,0.5,-0.0009849664903685408,beta_estimated_mean,500,0,-3.2116520649095874e-05,1.567682710634283e-05,0.00035166342154333355,0.0,4.336808689942018e-19,0.007624340461552241,0.0,0.0,0.0
19,0.2,0.05,1.5,50.0,0.5,0.5,0.0,500,0.5,-0.0009849664903685408,risk_only,500,0,-8.174464550461409e-06,3.0485593013399925e-05,0.0006810456234193398,0.052,0.035730265115705276,0.07510114393784553,0.0,5.121825749916412e-05,9.789872218629852e-06
19,0.2,0.05,1.5,50.0,0.5,0.5,0.0,500,0.5,-0.0009849664903685408,outcome_based,500,0,0.000380966490368541,0.0002366566727593436,0.005300218813104203,0.37,0.32882226377423945,0.4131600647457642,0.166,0.000527942038837538,2.1989358910399162e-05
19,0.2,0.05,1.5,50.0,0.5,0.5,0.0,500,0.5,-0.0009849664903685408,beta_known_mean,500,0,-2.4832563568442905e-05,1.4352358801560832e-05,0.0003215676718741832,0.0,4.336808689942018e-19,0.007624340461552241,0.0,0.0,0.0
19,0.2,0.05,1.5,50.0,0.5,0.5,0.0,3000,0.058823529411764705,-0.0009278330780470023,beta_estimated_mean,500,0,-2.7165415988444907e-07,0.00011666416242500806,0.0026060799957342033,0.36,0.3191414324050707,0.40299338292416403,0.0,0.00033401990809692086,1.9937046233883264e-05
19,0.2,0.05,1.5,50.0,0.5,0.5,0.0,3000,0.058823529411764705,-0.0009278330780470023,risk_only,500,0,-3.350143192110133e-08,0.00011683594383701331,0.0026099172878642964,0.366,0.32494760488221347,0.40909571836148256,0.0,0.00033958690656520286,2.0008049365780346e-05
19,0.2,0.05,1.5,50.0,0.5,0.5,0.0,3000,0.058823529411764705,-0.0009278330780470023,outcome_based,500,0,2.2874744713538285e-05,5.379418002621391e-05,0.0012018886564434212,0.204,0.1709982729111479,0.241515336642091,0.004,0.0001929892802337765,1.685830228582876e-05
19,0.2,0.05,1.5,50.0,0.5,0.5,0.0,3000,0.058823529411764705,-0.0009278330780470023,beta_known_mean,500,0,-2.910441773377181e-07,4.807719054271386e-06,0.0001073967029131269,0.0,4.336808689942018e-19,0.007624340461552241,0.0,0.0,0.0
19,0.2,0.05,1.5,50.0,0.5,0.5,0.0,3000,0.1111111111111111,-0.004470050037641671,beta_estimated_mean,500,0,8.073000950347464e-06,0.00011462854999593435,0.00256062057047806,0.038,0.024460118055830385,0.05858477253064388,0.0,0.00016986190143038348,3.825968994123254e-05
19,0.2,0.05,1.5,50.0,0.5,0.5,0.0,3000,0.1111111111111111,-0.004470050037641671,risk_only,500,0,8.25079989598873e-06,0.000115719693361126,0.0025849953083253063,0.036,0.02289106098029272,0.056184326968027755,0.0,0.00016092180135510016,3.7277937783594156e-05
19,0.2,0.05,1.5,50.0,0.5,0.5,0.0,3000,0.1111111111111111,-0.004470050037641671,outcome_based,500,0,-9.053329569250729e-05,0.00015163461066649363,0.0033884702741010615,0.08,0.059298129409852594,0.1071063165778513,0.006,0.0003844243032371837,5.610278689930153e-05
19,0.2,0.05,1.5,50.0,0.5,0.5,0.0,3000,0.1111111111111111,-0.004470050037641671,beta_known_mean,500,0,8.843878807808625e-06,2.0487396081802595e-05,0.000457739205116281,0.0,4.336808689942018e-19,0.007624340461552241,0.0,0.0,0.0
19,0.2,0.05,1.5,50.0,0.5,0.5,0.0,3000,0.2,-0.01010680651825923,beta_estimated_mean,500,0,2.4251989945360124e-05,9.296820682014366e-05,0.0020768940298468434,0.0,4.336808689942018e-19,0.007624340461552241,0.0,0.0,0.0
19,0.2,0.05,1.5,50.0,0.5,0.5,0.0,3000,0.2,-0.01010680651825923,risk_only,500,0,1.732008666049363e-05,9.432901622536732e-05,0.0021072217902068802,0.0,4.336808689942018e-19,0.007624340461552241,0.0,0.0,0.0
19,0.2,0.05,1.5,50.0,0.5,0.5,0.0,3000,0.2,-0.01010680651825923,outcome_based,500,0,-0.0001688601484077773,0.00029594897953171847,0.006613155615450705,0.06,0.0423483564809462,0.08436106312521979,0.002,0.0006266220041320723,0.00010910909232334232
19,0.2,0.05,1.5,50.0,0.5,0.5,0.0,3000,0.2,-0.01010680651825923,beta_known_mean,500,0,2.61659273788184e-05,4.507149960060121e-05,0.001007160987033773,0.0,4.336808689942018e-19,0.007624340461552241,0.0,0.0,0.0
19,0.2,0.05,1.5,50.0,0.5,0.5,0.0,3000,0.3333333333333333,-0.006897025895313124,beta_estimated_mean,500,0,7.931990292018126e-06,4.1597529722340836e-05,0.0009292522808643013,0.0,4.336808689942018e-19,0.007624340461552241,0.0,0.0,0.0
19,0.2,0.05,1.5,50.0,0.5,0.5,0.0,3000,0.3333333333333333,-0.006897025895313124,risk_only,500,0,1.779912496063816e-05,4.741860830134484e-05,0.0010594010057831328,0.0,4.336808689942018e-19,0.007624340461552241,0.0,0.0,0.0
19,0.2,0.05,1.5,50.0,0.5,0.5,0.0,3000,0.3333333333333333,-0.006897025895313124,outcome_based,500,0,4.6359228646436766e-05,0.00025200964520849533,0.005629659932523317,0.112,0.08726280019410226,0.1426536880040623,0.006,0.0008138490556469487,9.960631651240675e-05
19,0.2,0.05,1.5,50.0,0.5,0.5,0.0,3000,0.3333333333333333,-0.006897025895313124,beta_known_mean,500,0,1.150703550120887e-05,3.2104966130425996e-05,0.0007172629281746621,0.0,4.336808689942018e-19,0.007624340461552241,0.0,0.0,0.0
19,0.2,0.05,1.5,50.0,0.5,0.5,0.0,3000,0.5,-0.0009849664903685408,beta_estimated_mean,500,0,-4.830939268814703e-06,6.562010735418374e-06,0.00014666380069805986,0.0,4.336808689942018e-19,0.007624340461552241,0.0,0.0,0.0
19,0.2,0.05,1.5,50.0,0.5,0.5,0.0,3000,0.5,-0.0009849664903685408,risk_only,500,0,-1.6727839888707774e-06,1.2782323261411846e-05,0.0002855403726234337,0.0,4.336808689942018e-19,0.007624340461552241,0.0,0.0,0.0
19,0.2,0.05,1.5,50.0,0.5,0.5,0.0,3000,0.5,-0.0009849664903685408,outcome_based,500,0,-5.770017629812592e-05,9.817258806524451e-05,0.0021937684419763865,0.282,0.2443364332272433,0.32298777921399346,0.042,0.0003191291428794072,2.0635596907335986e-05
19,0.2,0.05,1.5,50.0,0.5,0.5,0.0,3000,0.5,-0.0009849664903685408,beta_known_mean,500,0,-3.712063525486773e-06,6.021300448555396e-06,0.0001345568760874456,0.0,4.336808689942018e-19,0.007624340461552241,0.0,0.0,0.0
19,0.2,0.05,1.5,50.0,0.5,0.5,0.0,10000,0.058823529411764705,-0.0009278330780470023,beta_estimated_mean,500,0,7.630390511959084e-05,6.5060065736354e-05,0.001455333484323175,0.272,0.2348440922052204,0.31263260704524753,0.0,0.0002523705972287846,1.8482883252515347e-05
19,0.2,0.05,1.5,50.0,0.5,0.5,0.0,10000,0.058823529411764705,-0.0009278330780470023,risk_only,500,0,8.011008526554864e-05,6.516466189991567e-05,0.0014578709726398573,0.268,0.23105397343634806,0.30848372053781226,0.0,0.0002486592649165966,1.8396809708809335e-05
19,0.2,0.05,1.5,50.0,0.5,0.5,0.0,10000,0.058823529411764705,-0.0009278330780470023,outcome_based,500,0,-9.741921951705867e-06,2.78832263623659e-05,0.0006229402755629199,0.068,0.04906650742490687,0.0935209227338743,0.0,6.309264930719616e-05,1.0456395250167503e-05
19,0.2,0.05,1.5,50.0,0.5,0.5,0.0,10000,0.058823529411764705,-0.0009278330780470023,beta_known_mean,500,0,1.0730174443285835e-06,2.5229261693941905e-06,5.63681154384874e-05,0.0,4.336808689942018e-19,0.007624340461552241,0.0,0.0,0.0
19,0.2,0.05,1.5,50.0,0.5,0.5,0.0,10000,0.1111111111111111,-0.004470050037641671,beta_estimated_mean,500,0,7.004145112142882e-05,6.365939788924746e-05,0.0014237671002472055,0.002,0.00035313639455927456,0.011240706705146758,0.0,8.94010007528334e-06,8.940100075283342e-06
19,0.2,0.05,1.5,50.0,0.5,0.5,0.0,10000,0.1111111111111111,-0.004470050037641671,risk_only,500,0,8.209673759971253e-05,6.377832888372871e-05,0.0014270633541261745,0.004,0.0010976305226827934,0.014465715215177033,0.0,1.788020015056668e-05,1.263053587423171e-05
19,0.2,0.05,1.5,50.0,0.5,0.5,0.0,10000,0.1111111111111111,-0.004470050037641671,outcome_based,500,0,-4.3374962357225154e-05,7.821135913117152e-05,0.0017476477674963254,0.002,0.00035313639455927456,0.011240706705146758,0.0,8.94010007528334e-06,8.94010007528334e-06
19,0.2,0.05,1.5,50.0,0.5,0.5,0.0,10000,0.1111111111111111,-0.004470050037641671,beta_known_mean,500,0,2.7780508258955226e-06,1.08654286722481e-05,0.00024273118905903933,0.0,4.336808689942018e-19,0.007624340461552241,0.0,0.0,0.0
19,0.2,0.05,1.5,50.0,0.5,0.5,0.0,10000,0.2,-0.01010680651825923,beta_estimated_mean,500,0,4.367405535097317e-05,5.1035618301187974e-05,0.0011408856018320557,0.0,4.336808689942018e-19,0.007624340461552241,0.0,0.0,0.0
19,0.2,0.05,1.5,50.0,0.5,0.5,0.0,10000,0.2,-0.01010680651825923,risk_only,500,0,4.9845045910707874e-05,5.0913472114047846e-05,0.0011384125650716862,0.0,4.336808689942018e-19,0.007624340461552241,0.0,0.0,0.0
19,0.2,0.05,1.5,50.0,0.5,0.5,0.0,10000,0.2,-0.01010680651825923,outcome_based,500,0,-0.00014719348174117259,0.00015954344619083387,0.003566968940300489,0.002,0.00035313639455927456,0.011240706705146758,0.0,2.021361303651846e-05,2.0213613036518455e-05
19,0.2,0.05,1.5,50.0,0.5,0.5,0.0,10000,0.2,-0.01010680651825923,beta_known_mean,500,0,2.859127445780582e-06,2.4114830994569905e-05,0.0005386921073156624,0.0,4.336808689942018e-19,0.007624340461552241,0.0,0.0,0.0
19,0.2,0.05,1.5,50.0,0.5,0.5,0.0,10000,0.3333333333333333,-0.006897025895313124,beta_estimated_mean,500,0,1.4654502186130373e-05,2.2353599335499277e-05,0.000499556576032273,0.0,4.336808689942018e-19,0.007624340461552241,0.0,0.0,0.0
19,0.2,0.05,1.5,50.0,0.5,0.5,0.0,10000,0.3333333333333333,-0.006897025895313124,risk_only,500,0,3.5553066193300363e-06,2.591410248307862e-05,0.0005788881180758547,0.0,4.336808689942018e-19,0.007624340461552241,0.0,0.0,0.0
19,0.2,0.05,1.5,50.0,0.5,0.5,0.0,10000,0.3333333333333333,-0.006897025895313124,outcome_based,500,0,-6.227410468703417e-05,0.00013808835507607485,0.0030852887343188837,0.006,0.0020425962719602363,0.01749025210405338,0.0,4.1382155371878745e-05,2.3844070714907468e-05
19,0.2,0.05,1.5,50.0,0.5,0.5,0.0,10000,0.3333333333333333,-0.006897025895313124,beta_known_mean,500,0,4.9906728433587856e-06,1.6981771231500536e-05,0.0003793768618943175,0.0,4.336808689942018e-19,0.007624340461552241,0.0,0.0,0.0
19,0.2,0.05,1.5,50.0,0.5,0.5,0.0,10000,0.5,-0.0009849664903685408,beta_estimated_mean,500,0,1.625806769430008e-06,3.462449651666453e-06,7.736235185943981e-05,0.0,4.336808689942018e-19,0.007624340461552241,0.0,0.0,0.0
19,0.2,0.05,1.5,50.0,0.5,0.5,0.0,10000,0.5,-0.0009849664903685408,risk_only,500,0,-1.4123451134112113e-06,7.0945048572838405e-06,0.0001584855271138704,0.0,4.336808689942018e-19,0.007624340461552241,0.0,0.0,0.0
19,0.2,0.05,1.5,50.0,0.5,0.5,0.0,10000,0.5,-0.0009849664903685408,outcome_based,500,0,-7.563350963145918e-05,5.293751070913857e-05,0.0011849506604830313,0.16,0.13047637235016407,0.19470817916369149,0.024,0.00018123383422781152,1.7085400896102383e-05
19,0.2,0.05,1.5,50.0,0.5,0.5,0.0,10000,0.5,-0.0009849664903685408,beta_known_mean,500,0,1.2569682824106146e-06,3.155380444248361e-06,7.049706672966994e-05,0.0,4.336808689942018e-19,0.007624340461552241,0.0,0.0,0.0
20,0.2,0.05,1.5,50.0,0.1,0.1,0.5,500,0.058823529411764705,-0.0022868321377234047,beta_estimated_mean,500,0,0.002020532161191576,0.0002872896546501864,0.006728126611713856,0.486,0.4424649931129956,0.5297484884199279,0.0,0.0011114004189335747,5.116626410582222e-05
20,0.2,0.05,1.5,50.0,0.1,0.1,0.5,500,0.058823529411764705,-0.0022868321377234047,risk_only,500,0,0.0006206297499530753,0.0002843559767100276,0.006382278880650155,0.412,0.369688475931219,0.4556534079900142,0.0,0.0009421748407420428,5.038732294833572e-05
20,0.2,0.05,1.5,50.0,0.1,0.1,0.5,500,0.058823529411764705,-0.0022868321377234047,outcome_based,500,0,0.00011758213772330276,0.00017833642121918295,0.003985468761213824,0.284,0.2462377719556586,0.32505594312373204,0.002,0.0006540339913888938,4.626111931070034e-05
20,0.2,0.05,1.5,50.0,0.1,0.1,0.5,500,0.058823529411764705,-0.0022868321377234047,beta_known_mean,500,0,0.0013616644668783637,1.0238525792873215e-05,0.0013807385698076202,0.0,4.336808689942018e-19,0.007624340461552241,0.0,0.0,0.0
20,0.2,0.05,1.5,50.0,0.1,0.1,0.5,500,0.1111111111111111,-0.006570834443062695,beta_estimated_mean,500,0,0.0027178315342154596,0.0002697787594220465,0.006610908953161424,0.262,0.22537626941723765,0.30225291664246134,0.0,0.0017215586240824261,0.00012934483130070607
20,0.2,0.05,1.5,50.0,0.1,0.1,0.5,500,0.1111111111111111,-0.006570834443062695,risk_only,500,0,0.0005009231040182173,0.0002712309085249603,0.00607951154452705,0.162,0.13230178838983928,0.19685226576217005,0.0,0.0010644751797761567,0.000108380155238388
20,0.2,0.05,1.5,50.0,0.1,0.1,0.5,500,0.1111111111111111,-0.006570834443062695,outcome_based,500,0,-5.566555693723818e-05,0.00034668014038804465,0.007744447779165849,0.192,0.15987621859588308,0.22882037512843312,0.006,0.0013010252197264136,0.00011721684598802979
20,0.2,0.05,1.5,50.0,0.1,0.1,0.5,500,0.1111111111111111,-0.006570834443062695,beta_known_mean,500,0,0.002129400403196081,4.4178006833989574e-05,0.0023469645341921606,0.0,4.336808689942018e-19,0.007624340461552241,0.0,0.0,0.0
20,0.2,0.05,1.5,50.0,0.1,0.1,0.5,500,0.2,-0.011246891794912221,beta_estimated_mean,500,0,0.0015465307484370332,0.0001996294022802233,0.004719942222632186,0.006,0.0020425962719602363,0.01749025210405338,0.0,6.748135076947332e-05,3.88822207356124e-05
20,0.2,0.05,1.5,50.0,0.1,0.1,0.5,500,0.2,-0.011246891794912221,risk_only,500,0,0.0003589804494711839,0.0002126514418812127,0.004763818236923799,0.006,0.0020425962719602363,0.01749025210405338,0.0,6.748135076947332e-05,3.888222073561241e-05
20,0.2,0.05,1.5,50.0,0.1,0.1,0.5,500,0.2,-0.011246891794912221,outcome_based,500,0,-0.0002961082050878321,0.0006263272896397679,0.013994224918484115,0.21,0.1765772705084025,0.24784484695929782,0.008,0.0024518224112908644,0.00020788055488052943
20,0.2,0.05,1.5,50.0,0.1,0.1,0.5,500,0.2,-0.011246891794912221,beta_known_mean,500,0,0.0012020326760370987,9.828793667191938e-05,0.0025030943416853675,0.0,4.336808689942018e-19,0.007624340461552241,0.0,0.0,0.0
20,0.2,0.05,1.5,50.0,0.1,0.1,0.5,500,0.3333333333333333,-0.0044868116798548645,beta_estimated_mean,500,0,-0.0023025580421203343,8.516762863941676e-05,0.0029868516026739203,0.0,4.336808689942018e-19,0.007624340461552241,0.0,0.0,0.0
20,0.2,0.05,1.5,50.0,0.1,0.1,0.5,500,0.3333333333333333,-0.0044868116798548645,risk_only,500,0,0.000219080772960359,8.870648439582095e-05,0.001993626778421692,0.004,0.0010976305226827934,0.014465715215177033,0.0,1.7947246719419457e-05,1.2677897429807607e-05
20,0.2,0.05,1.5,50.0,0.1,0.1,0.5,500,0.3333333333333333,-0.0044868116798548645,outcome_based,500,0,0.0011268116798548613,0.0005976212029408,0.013397317065810503,0.396,0.35408170350275736,0.4395041593132456,0.032,0.0019203553989778819,9.938193945695602e-05
20,0.2,0.05,1.5,50.0,0.1,0.1,0.5,500,0.3333333333333333,-0.0044868116798548645,beta_known_mean,500,0,-0.002368091600100636,6.901489421403448e-05,0.002825707448150109,0.0,4.336808689942018e-19,0.007624340461552241,0.0,0.0,0.0
20,0.2,0.05,1.5,50.0,0.1,0.1,0.5,500,0.5,-0.0004944034160130266,beta_estimated_mean,500,0,-0.0004965300925346977,1.3646063640185301e-05,0.0005826349149987813,0.0,4.336808689942018e-19,0.007624340461552241,0.0,0.0,0.0
20,0.2,0.05,1.5,50.0,0.1,0.1,0.5,500,0.5,-0.0004944034160130266,risk_only,500,0,1.736118723856788e-05,2.1334184189065587e-05,0.00047688570005170814,0.108,0.08372280963705037,0.13825467328480662,0.02,6.32836372496674e-05,7.394254890901301e-06
20,0.2,0.05,1.5,50.0,0.1,0.1,0.5,500,0.5,-0.0004944034160130266,outcome_based,500,0,6.240341601302681e-05,0.00016858111158242115,0.0037663337858360475,0.362,0.32107604417818575,0.40502827378920275,0.19,0.0002729106856391907,1.1006259187546274e-05
20,0.2,0.05,1.5,50.0,0.1,0.1,0.5,500,0.5,-0.0004944034160130266,beta_known_mean,500,0,-0.0004970606514360452,1.2902670419004243e-05,0.0005745800764669863,0.0,4.336808689942018e-19,0.007624340461552241,0.0,0.0,0.0
20,0.2,0.05,1.5,50.0,0.1,0.1,0.5,3000,0.058823529411764705,-0.0022868321377234047,beta_estimated_mean,500,0,0.001268547390899278,0.00011804945575834001,0.00292627985868964,0.348,0.30755030205694756,0.39076749744336436,0.0,0.0007958175839277448,4.8763787933596774e-05
20,0.2,0.05,1.5,50.0,0.1,0.1,0.5,3000,0.058823529411764705,-0.0022868321377234047,risk_only,500,0,-7.883969332181156e-05,0.00011588801013189647,0.0025899422990707764,0.19,0.1580273788297291,0.2266997122564333,0.0,0.00043449810616744686,4.0160889575607745e-05
20,0.2,0.05,1.5,50.0,0.1,0.1,0.5,3000,0.058823529411764705,-0.0022868321377234047,outcome_based,500,0,-4.045952894347415e-05,6.85457781099533e-05,0.0015317311442074638,0.074,0.054161184751011976,0.10033475332223055,0.002,0.00017379924246697877,2.7128563377159592e-05
20,0.2,0.05,1.5,50.0,0.1,0.1,0.5,3000,0.058823529411764705,-0.0022868321377234047,beta_known_mean,500,0,0.0013559079394230911,3.839546409725945e-06,0.0013586179214150533,0.0,4.336808689942018e-19,0.007624340461552241,0.0,0.0,0.0
20,0.2,0.05,1.5,50.0,0.1,0.1,0.5,3000,0.1111111111111111,-0.006570834443062695,beta_estimated_mean,500,0,0.00201066976723426,0.00011067929481185067,0.0031867689211165125,0.032,0.019791513626571118,0.051344869045441784,0.0,0.00021026670217800625,5.177056682024109e-05
20,0.2,0.05,1.5,50.0,0.1,0.1,0.5,3000,0.1111111111111111,-0.006570834443062695,risk_only,500,0,-6.67107077488483e-05,0.00010979457664624219,0.0024535321477272723,0.006,0.0020425962719602363,0.01749025210405338,0.0,3.942500665837617e-05,2.2716377101440986e-05
20,0.2,0.05,1.5,50.0,0.1,0.1,0.5,3000,0.1111111111111111,-0.006570834443062695,outcome_based,500,0,-5.991555693848499e-05,0.00013166165332746218,0.0029417087825729356,0.01,0.004278753896590496,0.023193099755730702,0.0,6.570834443062695e-05,2.926764977160721e-05
20,0.2,0.05,1.5,50.0,0.1,0.1,0.5,3000,0.1111111111111111,-0.006570834443062695,beta_known_mean,500,0,0.0020892860437711886,1.675143721103843e-05,0.0021225317162214823,0.0,4.336808689942018e-19,0.007624340461552241,0.0,0.0,0.0
20,0.2,0.05,1.5,50.0,0.1,0.1,0.5,3000,0.2,-0.011246891794912221,beta_estimated_mean,500,0,0.0010646339326271465,8.034293305737549e-05,0.0020867400100970514,0.0,4.336808689942018e-19,0.007624340461552241,0.0,0.0,0.0
20,0.2,0.05,1.5,50.0,0.1,0.1,0.5,3000,0.2,-0.011246891794912221,risk_only,500,0,-7.575039505237846e-05,8.48627662650656e-05,0.0018972034636095339,0.0,4.336808689942018e-19,0.007624340461552241,0.0,0.0,0.0
20,0.2,0.05,1.5,50.0,0.1,0.1,0.5,3000,0.2,-0.011246891794912221,outcome_based,500,0,0.0006135584615784542,0.00025878916622224104,0.005813380980997365,0.042,0.027632310108451703,0.06335158575433016,0.0,0.00047236945538631323,0.00010099262110756104
20,0.2,0.05,1.5,50.0,0.1,0.1,0.5,3000,0.2,-0.011246891794912221,beta_known_mean,500,0,0.0011140027984564145,3.746129979293895e-05,0.0013932958684625353,0.0,4.336808689942018e-19,0.007624340461552241,0.0,0.0,0.0
20,0.2,0.05,1.5,50.0,0.1,0.1,0.5,3000,0.3333333333333333,-0.0044868116798548645,beta_estimated_mean,500,0,-0.002444199866678355,3.29665256180599e-05,0.002552728364343191,0.0,4.336808689942018e-19,0.007624340461552241,0.0,0.0,0.0
20,0.2,0.05,1.5,50.0,0.1,0.1,0.5,3000,0.3333333333333333,-0.0044868116798548645,risk_only,500,0,-4.342570435294178e-05,3.63718130396498e-05,0.0008136444401029097,0.0,4.336808689942018e-19,0.007624340461552241,0.0,0.0,0.0
20,0.2,0.05,1.5,50.0,0.1,0.1,0.5,3000,0.3333333333333333,-0.0044868116798548645,outcome_based,500,0,0.00013447834652151702,0.00022165610695035204,0.004953248214063952,0.192,0.15987621859588308,0.22882037512843312,0.014,0.000924283206050102,8.123280134807489e-05
20,0.2,0.05,1.5,50.0,0.1,0.1,0.5,3000,0.3333333333333333,-0.0044868116798548645,beta_known_mean,500,0,-0.0024284419752572733,2.6113995719218742e-05,0.0024975225469714406,0.0,4.336808689942018e-19,0.007624340461552241,0.0,0.0,0.0
20,0.2,0.05,1.5,50.0,0.1,0.1,0.5,3000,0.5,-0.0004944034160130266,beta_estimated_mean,500,0,-0.0004972903116244152,5.090466751545725e-06,0.0005101256385029631,0.0,4.336808689942018e-19,0.007624340461552241,0.0,0.0,0.0
20,0.2,0.05,1.5,50.0,0.1,0.1,0.5,3000,0.5,-0.0004944034160130266,risk_only,500,0,-1.2792243031654843e-05,8.875167005563394e-06,0.00019866848663219045,0.004,0.0010976305226827934,0.014465715215177033,0.0,1.9776136640521064e-06,1.3969821433117073e-06
20,0.2,0.05,1.5,50.0,0.1,0.1,0.5,3000,0.5,-0.0004944034160130266,outcome_based,500,0,-8.62632506536401e-05,6.887368188940456e-05,0.0015409379587958034,0.318,0.27870026117642177,0.36007499875158333,0.088,0.00020072778690128878,1.0868945954839598e-05
20,0.2,0.05,1.5,50.0,0.1,0.1,0.5,3000,0.5,-0.0004944034160130266,beta_known_mean,500,0,-0.0004956565063062806,4.778318670932732e-06,0.0005070194321472493,0.0,4.336808689942018e-19,0.007624340461552241,0.0,0.0,0.0
20,0.2,0.05,1.5,50.0,0.1,0.1,0.5,10000,0.058823529411764705,-0.0022868321377234047,beta_estimated_mean,500,0,0.0014514023550219065,6.27634449151967e-05,0.002017982793523517,0.278,0.2405366075286252,0.31884859963630413,0.0,0.0006357393342871065,4.5864325484082605e-05
20,0.2,0.05,1.5,50.0,0.1,0.1,0.5,10000,0.058823529411764705,-0.0022868321377234047,risk_only,500,0,8.352395110195133e-05,6.192148253166667e-05,0.0013857405889518113,0.06,0.0423483564809462,0.08436106312521979,0.0,0.00013720992826340427,2.431216116819298e-05
20,0.2,0.05,1.5,50.0,0.1,0.1,0.5,10000,0.058823529411764705,-0.0022868321377234047,outcome_based,500,0,-2.5267862274551078e-05,3.876396483772305e-05,0.0008662899658105823,0.0,4.336808689942018e-19,0.007624340461552241,0.0,0.0,0.0
20,0.2,0.05,1.5,50.0,0.1,0.1,0.5,10000,0.058823529411764705,-0.0022868321377234047,beta_known_mean,500,0,0.0013571639792841583,2.276383953617055e-06,0.0013581162861458695,0.0,4.336808689942018e-19,0.007624340461552241,0.0,0.0,0.0
20,0.2,0.05,1.5,50.0,0.1,0.1,0.5,10000,0.1111111111111111,-0.006570834443062695,beta_estimated_mean,500,0,0.0021758596460414647,5.8627330641653637e-05,0.0025395885462917833,0.0,4.336808689942018e-19,0.007624340461552241,0.0,0.0,0.0
20,0.2,0.05,1.5,50.0,0.1,0.1,0.5,10000,0.1111111111111111,-0.006570834443062695,risk_only,500,0,6.627899536703419e-05,5.8014989555843257e-05,0.001297650443222673,0.0,4.336808689942018e-19,0.007624340461552241,0.0,0.0,0.0
20,0.2,0.05,1.5,50.0,0.1,0.1,0.5,10000,0.1111111111111111,-0.006570834443062695,outcome_based,500,0,-6.064055693626144e-05,7.609290067290247e-05,0.0017008679884167454,0.0,4.336808689942018e-19,0.007624340461552241,0.0,0.0,0.0
20,0.2,0.05,1.5,50.0,0.1,0.1,0.5,10000,0.1111111111111111,-0.006570834443062695,beta_known_mean,500,0,0.002090604980706106,9.86814248885897e-06,0.0021021945493239227,0.0,4.336808689942018e-19,0.007624340461552241,0.0,0.0,0.0
20,0.2,0.05,1.5,50.0,0.1,0.1,0.5,10000,0.2,-0.011246891794912221,beta_estimated_mean,500,0,0.0011665223706885809,4.253182525377588e-05,0.0015044745145286953,0.0,4.336808689942018e-19,0.007624340461552241,0.0,0.0,0.0
20,0.2,0.05,1.5,50.0,0.1,0.1,0.5,10000,0.2,-0.011246891794912221,risk_only,500,0,1.929108249757129e-05,4.510217348446087e-05,0.0010076909081271443,0.0,4.336808689942018e-19,0.007624340461552241,0.0,0.0,0.0
20,0.2,0.05,1.5,50.0,0.1,0.1,0.5,10000,0.2,-0.011246891794912221,outcome_based,500,0,-0.00020580820508851023,0.00014577293960074404,0.0032628181419262392,0.0,4.336808689942018e-19,0.007624340461552241,0.0,0.0,0.0
20,0.2,0.05,1.5,50.0,0.1,0.1,0.5,10000,0.2,-0.011246891794912221,beta_known_mean,500,0,0.0011145507495017935,2.1905376516552248e-05,0.0012172371534999403,0.0,4.336808689942018e-19,0.007624340461552241,0.0,0.0,0.0
20,0.2,0.05,1.5,50.0,0.1,0.1,0.5,10000,0.3333333333333333,-0.0044868116798548645,beta_estimated_mean,500,0,-0.0024133507213653467,1.8116762640942833e-05,0.0024470476152948437,0.0,4.336808689942018e-19,0.007624340461552241,0.0,0.0,0.0
20,0.2,0.05,1.5,50.0,0.1,0.1,0.5,10000,0.3333333333333333,-0.0044868116798548645,risk_only,500,0,9.365390112979185e-06,1.981625019602208e-05,0.00044276055907884295,0.0,4.336808689942018e-19,0.007624340461552241,0.0,0.0,0.0
20,0.2,0.05,1.5,50.0,0.1,0.1,0.5,10000,0.3333333333333333,-0.0044868116798548645,outcome_based,500,0,3.59116798549283e-05,0.00012124284736046161,0.00270859813164486,0.058,0.0406837291117572,0.08205618785625499,0.004,0.00027818232415100164,4.843784720032953e-05
20,0.2,0.05,1.5,50.0,0.1,0.1,0.5,10000,0.3333333333333333,-0.0044868116798548645,beta_known_mean,500,0,-0.0024254632028662955,1.5414664877179034e-05,0.0024497836808998097,0.0,4.336808689942018e-19,0.007624340461552241,0.0,0.0,0.0
20,0.2,0.05,1.5,50.0,0.1,0.1,0.5,10000,0.5,-0.0004944034160130266,beta_estimated_mean,500,0,-0.0004920510106444107,2.9176993158777296e-06,0.0004963488377701964,0.0,4.336808689942018e-19,0.007624340461552241,0.0,0.0,0.0
20,0.2,0.05,1.5,50.0,0.1,0.1,0.5,10000,0.5,-0.0004944034160130266,risk_only,500,0,4.3696662822530317e-07,4.96462577342273e-06,0.00011090220000446642,0.0,4.336808689942018e-19,0.007624340461552241,0.0,0.0,0.0
20,0.2,0.05,1.5,50.0,0.1,0.1,0.5,10000,0.5,-0.0004944034160130266,outcome_based,500,0,-8.796583986973427e-06,3.7400228263318086e-05,0.0008355041232033746,0.252,0.21593384838137186,0.2918478244875581,0.05,0.00014930983163593403,1.0161606489964229e-05
20,0.2,0.05,1.5,50.0,0.1,0.1,0.5,10000,0.5,-0.0004944034160130266,beta_known_mean,500,0,-0.000492648063810742,2.8216666976281357e-06,0.0004966639250537252,0.0,4.336808689942018e-19,0.007624340461552241,0.0,0.0,0.0
21,0.2,0.05,1.5,50.0,0.1,0.1,1.0,500,0.058823529411764705,-0.003645831197399807,beta_estimated_mean,500,0,0.002309958996803353,0.0002631338338392773,0.006315566356858266,0.41,0.3677350694076764,0.453637311875403,0.0,0.001494790790933921,8.027202487154465e-05
21,0.2,0.05,1.5,50.0,0.1,0.1,1.0,500,0.058823529411764705,-0.003645831197399807,risk_only,500,0,-0.0003687138801629357,0.000255068995627138,0.005709727313805191,0.246,0.2102809916856707,0.2855921732687978,0.0,0.0008968744745603525,7.029096579587309e-05
21,0.2,0.05,1.5,50.0,0.1,0.1,1.0,500,0.058823529411764705,-0.003645831197399807,outcome_based,500,0,0.00030183119739967274,0.00020621287666147645,0.004616324682225392,0.224,0.1896389712599083,0.26256966467486853,0.01,0.0008531245001915549,6.909849647354567e-05
21,0.2,0.05,1.5,50.0,0.1,0.1,1.0,500,0.058823529411764705,-0.003645831197399807,beta_known_mean,500,0,0.0027306037445165615,7.916547933775382e-06,0.0027363241773281474,0.0,4.336808689942018e-19,0.007624340461552241,0.0,0.0,0.0
21,0.2,0.05,1.5,50.0,0.1,0.1,1.0,500,0.1111111111111111,-0.008671618848483761,beta_estimated_mean,500,0,0.0038658842112988226,0.00023320072010068723,0.006487061436972336,0.17,0.13962036610396117,0.20541169860066333,0.0,0.0014741752042422393,0.00014581876468002712
21,0.2,0.05,1.5,50.0,0.1,0.1,1.0,500,0.1111111111111111,-0.008671618848483761,risk_only,500,0,-0.00027368668557539055,0.00022740839987053741,0.005087286112198594,0.046,0.030845108370816204,0.06807779276827323,0.0,0.000398894467030253,8.132105627969328e-05
21,0.2,0.05,1.5,50.0,0.1,0.1,1.0,500,0.1111111111111111,-0.008671618848483761,outcome_based,500,0,0.0006826188484838343,0.00030730462128077156,0.006898521398988634,0.114,0.08903690099400285,0.1448490898423155,0.006,0.0010405942618180513,0.00012614843498296328
21,0.2,0.05,1.5,50.0,0.1,0.1,1.0,500,0.1111111111111111,-0.008671618848483761,beta_known_mean,500,0,0.00425777992047574,3.4999688894634596e-05,0.004328966849531685,0.0,4.336808689942018e-19,0.007624340461552241,0.0,0.0,0.0
21,0.2,0.05,1.5,50.0,0.1,0.1,1.0,500,0.2,-0.012386977071565212,beta_estimated_mean,500,0,0.002158105033634856,0.0001449972985280713,0.0038921075794277555,0.0,4.336808689942018e-19,0.007624340461552241,0.0,0.0,0.0
21,0.2,0.05,1.5,50.0,0.1,0.1,1.0,500,0.2,-0.012386977071565212,risk_only,500,0,-0.0001490605249075202,0.00016858929307812266,0.003768948336159,0.0,4.336808689942018e-19,0.007624340461552241,0.0,0.0,0.0
21,0.2,0.05,1.5,50.0,0.1,0.1,1.0,500,0.2,-0.012386977071565212,outcome_based,500,0,0.0005699770715651644,0.0005846037504927433,0.01307149130214723,0.174,0.14328947208106416,0.20968159789986787,0.01,0.0022792037811679993,0.00021486666930093518
21,0.2,0.05,1.5,50.0,0.1,0.1,1.0,500,0.2,-0.012386977071565212,beta_known_mean,500,0,0.0023915713928461557,7.877809494457637e-05,0.002969242640874159,0.0,4.336808689942018e-19,0.007624340461552241,0.0,0.0,0.0
21,0.2,0.05,1.5,50.0,0.1,0.1,1.0,500,0.3333333333333333,-0.0020765974643966066,beta_estimated_mean,500,0,-0.00478401045300926,5.5517535113471184e-05,0.00494214246762824,0.0,4.336808689942018e-19,0.007624340461552241,0.0,0.0,0.0
21,0.2,0.05,1.5,50.0,0.1,0.1,1.0,500,0.3333333333333333,-0.0020765974643966066,risk_only,500,0,-6.4540020628345126e-06,4.61604646672263e-05,0.001031166870487729,0.014,0.00679778979084349,0.02861306913778529,0.0,2.9072364501552492e-05,1.0922059092042742e-05
21,0.2,0.05,1.5,50.0,0.1,0.1,1.0,500,0.3333333333333333,-0.0020765974643966066,outcome_based,500,0,0.00023859746439660362,0.0004772326623650734,0.010663239880543648,0.402,0.359928740326145,0.44556563040431935,0.048,0.0009344688589784731,4.6247647715987026e-05
21,0.2,0.05,1.5,50.0,0.1,0.1,1.0,500,0.3333333333333333,-0.0020765974643966066,beta_known_mean,500,0,-0.004731411006149765,5.443495699922818e-05,0.004885168289457953,0.0,4.336808689942018e-19,0.007624340461552241,0.0,0.0,0.0
21,0.2,0.05,1.5,50.0,0.1,0.1,1.0,500,0.5,-3.840341657512354e-06,beta_estimated_mean,500,0,-0.0009726114935533884,9.300107381725664e-06,0.0009945514687790952,0.0,4.336808689942018e-19,0.007624340461552241,0.0,0.0,0.0
21,0.2,0.05,1.5,50.0,0.1,0.1,1.0,500,0.5,-3.840341657512354e-06,risk_only,500,0,-5.113076594283352e-07,1.8169187480489028e-06,4.059011099136556e-05,0.038,0.024460118055830385,0.05858477253064388,0.896,3.58687910811654e-06,4.26839887079412e-08
21,0.2,0.05,1.5,50.0,0.1,0.1,1.0,500,0.5,-3.840341657512354e-06,outcome_based,500,0,-4.0159658342487675e-05,3.0165342626789154e-05,0.0006750383679156211,0.04,0.026040797389777257,0.060973595834850805,0.898,3.6022404747465893e-06,4.145881210901653e-08
21,0.2,0.05,1.5,50.0,0.1,0.1,1.0,500,0.5,-3.840341657512354e-06,beta_known_mean,500,0,-0.0009704595345550566,9.769990906654091e-06,0.000994697248736797,0.0,4.336808689942018e-19,0.007624340461552241,0.0,0.0,0.0
21,0.2,0.05,1.5,50.0,0.1,0.1,1.0,3000,0.058823529411764705,-0.003645831197399807,beta_estimated_mean,500,0,0.0028695792947928235,0.00011277844839629905,0.003818541025315735,0.382,0.3404646252341933,0.4253347191147331,0.0,0.0013927075174067264,7.929982028062877e-05
21,0.2,0.05,1.5,50.0,0.1,0.1,1.0,3000,0.058823529411764705,-0.003645831197399807,risk_only,500,0,0.00014935963984138157,0.00010880954811914959,0.0024352058773743175,0.064,0.04569601604478943,0.08895240883768415,0.0,0.00023333319663358765,3.99460825748304e-05
21,0.2,0.05,1.5,50.0,0.1,0.1,1.0,3000,0.058823529411764705,-0.003645831197399807,outcome_based,500,0,3.724786406618114e-05,9.055671301817687e-05,0.0020232266362009616,0.04,0.026040797389777257,0.060973595834850805,0.0,0.00014583324789599228,3.198246227226576e-05
21,0.2,0.05,1.5,50.0,0.1,0.1,1.0,3000,0.058823529411764705,-0.003645831197399807,beta_known_mean,500,0,0.002715773830732708,3.2721205236351523e-06,0.0027167572911985503,0.0,4.336808689942018e-19,0.007624340461552241,0.0,0.0,0.0
21,0.2,0.05,1.5,50.0,0.1,0.1,1.0,3000,0.1111111111111111,-0.008671618848483761,beta_estimated_mean,500,0,0.004332631952587782,9.95490448663873e-05,0.004869989300928268,0.03,0.018263213197913384,0.04890366683594573,0.0,0.00026014856545451283,6.622110180021106e-05
21,0.2,0.05,1.5,50.0,0.1,0.1,1.0,3000,0.1111111111111111,-0.008671618848483761,risk_only,500,0,0.00012017926962357995,9.658502616231896e-05,0.0021608905638547267,0.0,4.336808689942018e-19,0.007624340461552241,0.0,0.0,0.0
21,0.2,0.05,1.5,50.0,0.1,0.1,1.0,3000,0.1111111111111111,-0.008671618848483761,outcome_based,500,0,0.00010436884848247458,0.0001328045234844121,0.0029684636672926493,0.0,4.336808689942018e-19,0.007624340461552241,0.0,0.0,0.0
21,0.2,0.05,1.5,50.0,0.1,0.1,1.0,3000,0.1111111111111111,-0.008671618848483761,beta_known_mean,500,0,0.004193684058620001,1.4804953551580516e-05,0.004206704187568468,0.0,4.336808689942018e-19,0.007624340461552241,0.0,0.0,0.0
21,0.2,0.05,1.5,50.0,0.1,0.1,1.0,3000,0.2,-0.012386977071565212,beta_estimated_mean,500,0,0.002346988599943832,6.094355316860371e-05,0.002713245235506866,0.0,4.336808689942018e-19,0.007624340461552241,0.0,0.0,0.0
21,0.2,0.05,1.5,50.0,0.1,0.1,1.0,3000,0.2,-0.012386977071565212,risk_only,500,0,6.141425864377912e-05,7.046732382853564e-05,0.0015753183586866065,0.0,4.336808689942018e-19,0.007624340461552241,0.0,0.0,0.0
21,0.2,0.05,1.5,50.0,0.1,0.1,1.0,3000,0.2,-0.012386977071565212,outcome_based,500,0,0.00022014373823130251,0.000255487154678573,0.005711394985653964,0.016,0.008129253033388314,0.03125110853339426,0.0,0.0001981916331450434,6.957810582223156e-05
21,0.2,0.05,1.5,50.0,0.1,0.1,1.0,3000,0.2,-0.012386977071565212,beta_known_mean,500,0,0.002262629441602269,3.35860649535314e-05,0.0023837734468228618,0.0,4.336808689942018e-19,0.007624340461552241,0.0,0.0,0.0
21,0.2,0.05,1.5,50.0,0.1,0.1,1.0,3000,0.3333333333333333,-0.0020765974643966066,beta_estimated_mean,500,0,-0.004814055539082869,2.304706783540587e-05,0.004841506298038198,0.0,4.336808689942018e-19,0.007624340461552241,0.0,0.0,0.0
21,0.2,0.05,1.5,50.0,0.1,0.1,1.0,3000,0.3333333333333333,-0.0020765974643966066,risk_only,500,0,1.8807352128180264e-05,1.8429825185720823e-05,0.00041212047537802815,0.0,4.336808689942018e-19,0.007624340461552241,0.0,0.0,0.0
21,0.2,0.05,1.5,50.0,0.1,0.1,1.0,3000,0.3333333333333333,-0.0020765974643966066,outcome_based,500,0,0.00016093079772994134,0.00019011211578031054,0.004249831101152683,0.312,0.27295294872528497,0.3539138032882587,0.016,0.000681123968322087,4.364390532035796e-05
21,0.2,0.05,1.5,50.0,0.1,0.1,1.0,3000,0.3333333333333333,-0.0020765974643966066,beta_known_mean,500,0,-0.0048330366055939775,2.2946662758868206e-05,0.00486014309949452,0.0,4.336808689942018e-19,0.007624340461552241,0.0,0.0,0.0
21,0.2,0.05,1.5,50.0,0.1,0.1,1.0,3000,0.5,-3.840341657512354e-06,beta_estimated_mean,500,0,-0.00098378838799645,3.747986695013587e-06,0.000987344543249917,0.0,4.336808689942018e-19,0.007624340461552241,0.0,0.0,0.0
21,0.2,0.05,1.5,50.0,0.1,0.1,1.0,3000,0.5,-3.840341657512354e-06,risk_only,500,0,-2.4671897484693513e-07,6.099668240247972e-07,1.3627860211037813e-05,0.094,0.0714264085922213,0.12276455586255913,0.586,2.6114323271084013e-06,8.019532208534854e-08
21,0.2,0.05,1.5,50.0,0.1,0.1,1.0,3000,0.5,-3.840341657512354e-06,outcome_based,500,0,-2.0159658342487646e-05,1.028232069644181e-05,0.00023057264616128937,0.148,0.1195614053892054,0.18180613029572734,0.644,3.0415505927497857e-06,6.977724989011895e-08
21,0.2,0.05,1.5,50.0,0.1,0.1,1.0,3000,0.5,-3.840341657512354e-06,beta_known_mean,500,0,-0.0009848613638872362,3.962792657957704e-06,0.0009888316667548418,0.0,4.336808689942018e-19,0.007624340461552241,0.0,0.0,0.0
21,0.2,0.05,1.5,50.0,0.1,0.1,1.0,10000,0.058823529411764705,-0.003645831197399807,beta_estimated_mean,500,0,0.002736328392476448,6.221469705606647e-05,0.0030690318779432748,0.26,0.22348572318538285,0.3001739602361623,0.0,0.0009479161113239498,7.158941571934057e-05
21,0.2,0.05,1.5,50.0,0.1,0.1,1.0,10000,0.058823529411764705,-0.003645831197399807,risk_only,500,0,1.9903538530814112e-05,6.00850481155044e-05,0.0013423458724785668,0.002,0.00035313639455927456,0.011240706705146758,0.0,7.291662394799614e-06,7.291662394799615e-06
21,0.2,0.05,1.5,50.0,0.1,0.1,1.0,10000,0.058823529411764705,-0.003645831197399807,outcome_based,500,0,-1.8368802597354517e-05,4.6084235194558586e-05,0.0010296077034041115,0.0,4.336808689942018e-19,0.007624340461552241,0.0,0.0,0.0
21,0.2,0.05,1.5,50.0,0.1,0.1,1.0,10000,0.058823529411764705,-0.003645831197399807,beta_known_mean,500,0,0.0027168563187321038,1.790525032687679e-06,0.002717150720994514,0.0,4.336808689942018e-19,0.007624340461552241,0.0,0.0,0.0
21,0.2,0.05,1.5,50.0,0.1,0.1,1.0,10000,0.1111111111111111,-0.008671618848483761,beta_estimated_mean,500,0,0.00421287489914947,5.460624896265439e-05,0.004385915444504555,0.0,4.336808689942018e-19,0.007624340461552241,0.0,0.0,0.0
21,0.2,0.05,1.5,50.0,0.1,0.1,1.0,10000,0.1111111111111111,-0.008671618848483761,risk_only,500,0,1.5142129850183372e-05,5.3159053254873395e-05,0.0011875798375817425,0.0,4.336808689942018e-19,0.007624340461552241,0.0,0.0,0.0
21,0.2,0.05,1.5,50.0,0.1,0.1,1.0,10000,0.1111111111111111,-0.008671618848483761,outcome_based,500,0,-5.0681151515265115e-05,7.017482227525164e-05,0.0015684058512129848,0.0,4.336808689942018e-19,0.007624340461552241,0.0,0.0,0.0
21,0.2,0.05,1.5,50.0,0.1,0.1,1.0,10000,0.1111111111111111,-0.008671618848483761,beta_known_mean,500,0,0.00419650556655887,7.992096252335879e-06,0.004200301405591077,0.0,4.336808689942018e-19,0.007624340461552241,0.0,0.0,0.0
21,0.2,0.05,1.5,50.0,0.1,0.1,1.0,10000,0.2,-0.012386977071565212,beta_estimated_mean,500,0,0.0022788069800718565,3.282082054228953e-05,0.0023938435990468825,0.0,4.336808689942018e-19,0.007624340461552241,0.0,0.0,0.0
21,0.2,0.05,1.5,50.0,0.1,0.1,1.0,10000,0.2,-0.012386977071565212,risk_only,500,0,-8.153769134781677e-06,3.843454879676095e-05,0.0008586015024533744,0.0,4.336808689942018e-19,0.007624340461552241,0.0,0.0,0.0
21,0.2,0.05,1.5,50.0,0.1,0.1,1.0,10000,0.2,-0.012386977071565212,outcome_based,500,0,-2.727292843583562e-05,0.00013518830619274808,0.0030200011589610874,0.0,4.336808689942018e-19,0.007624340461552241,0.0,0.0,0.0
21,0.2,0.05,1.5,50.0,0.1,0.1,1.0,10000,0.2,-0.012386977071565212,beta_known_mean,500,0,0.0022683054880119763,1.805569244262417e-05,0.002303885369046599,0.0,4.336808689942018e-19,0.007624340461552241,0.0,0.0,0.0
21,0.2,0.05,1.5,50.0,0.1,0.1,1.0,10000,0.3333333333333333,-0.0020765974643966066,beta_estimated_mean,500,0,-0.0048247779761019915,1.205516996007947e-05,0.0048322873210250306,0.0,4.336808689942018e-19,0.007624340461552241,0.0,0.0,0.0
21,0.2,0.05,1.5,50.0,0.1,0.1,1.0,10000,0.3333333333333333,-0.0020765974643966066,risk_only,500,0,4.300952267463978e-07,9.65701584734016e-06,0.000215721822180135,0.0,4.336808689942018e-19,0.007624340461552241,0.0,0.0,0.0
21,0.2,0.05,1.5,50.0,0.1,0.1,1.0,10000,0.3333333333333333,-0.0020765974643966066,outcome_based,500,0,-6.240253560339123e-05,0.00010997776237236643,0.002457509527234767,0.2,0.16728549897175743,0.23728910530517394,0.002,0.00041947268780811455,3.73232262079141e-05
21,0.2,0.05,1.5,50.0,0.1,0.1,1.0,10000,0.3333333333333333,-0.0020765974643966066,beta_known_mean,500,0,-0.0048282609949968705,1.2410233015855824e-05,0.004836213101557725,0.0,4.336808689942018e-19,0.007624340461552241,0.0,0.0,0.0
21,0.2,0.05,1.5,50.0,0.1,0.1,1.0,10000,0.5,-3.840341657512354e-06,beta_estimated_mean,500,0,-0.0009823556081910625,2.027496585600352e-06,0.000983399105859029,0.0,4.336808689942018e-19,0.007624340461552241,0.0,0.0,0.0
21,0.2,0.05,1.5,50.0,0.1,0.1,1.0,10000,0.5,-3.840341657512354e-06,risk_only,500,0,1.670657804428203e-07,2.909053512184571e-07,6.500480500347214e-06,0.172,0.1414541198436514,0.20754744749912687,0.182,1.3594809467593733e-06,8.221242912522734e-08
21,0.2,0.05,1.5,50.0,0.1,0.1,1.0,10000,0.5,-3.840341657512354e-06,outcome_based,500,0,-8.959658342487643e-06,6.361860304428739e-06,0.000142395349213428,0.298,0.2595732118784324,0.3395070216680347,0.33,2.411734560917759e-06,8.309423277641189e-08
21,0.2,0.05,1.5,50.0,0.1,0.1,1.0,10000,0.5,-3.840341657512354e-06,beta_known_mean,500,0,-0.0009827017577142376,2.1946070382649147e-06,0.0009839238173460388,0.0,4.336808689942018e-19,0.007624340461552241,0.0,0.0,0.0
22,0.2,0.05,1.5,50.0,0.1,0.5,0.5,500,0.058823529411764705,0.000677888965903567,beta_estimated_mean,500,0,-0.001874003333751117,0.0002684091780026453,0.006281845940971659,0.596,0.5524153513244502,0.6381207753069317,0.0,0.0004040218236785259,1.489093968371717e-05
22,0.2,0.05,1.5,50.0,0.1,0.5,0.5,500,0.058823529411764705,0.000677888965903567,risk_only,500,0,-0.0002811987275584264,0.00026872153789653594,0.006009367181674848,0.474,0.43059811407349635,0.5177983516305045,0.0,0.0003213193698382907,1.5152710817296094e-05
22,0.2,0.05,1.5,50.0,0.1,0.5,0.5,500,0.058823529411764705,0.000677888965903567,outcome_based,500,0,-5.7888965903543006e-05,0.00014101452120395385,0.0031505576700598856,0.406,0.3638304421340635,0.4496029338727085,0.014,0.00027522292015684817,1.49026853277119e-05
22,0.2,0.05,1.5,50.0,0.1,0.5,0.5,500,0.058823529411764705,0.000677888965903567,beta_known_mean,500,0,-0.001609598292101689,1.0349471566122111e-05,0.0016261166413341825,1.0,0.9923756595384479,1.0,0.0,0.000677888965903567,0.0
22,0.2,0.05,1.5,50.0,0.1,0.5,0.5,500,0.1111111111111111,-0.0005970207286057766,beta_estimated_mean,500,0,-0.004104474913168553,0.00025661170312257873,0.0070502232472727955,0.192,0.15987621859588308,0.22882037512843312,0.0,0.00011462797989230911,1.052677722177114e-05
22,0.2,0.05,1.5,50.0,0.1,0.5,0.5,500,0.1111111111111111,-0.0005970207286057766,risk_only,500,0,-0.00025605032699671813,0.0002617905165350517,0.005853560008170415,0.44,0.397111794441699,0.4838031264136874,0.0,0.0002626891205865417,1.3266595543104606e-05
22,0.2,0.05,1.5,50.0,0.1,0.5,0.5,500,0.1111111111111111,-0.0005970207286057766,outcome_based,500,0,0.00011102072860569615,0.00035560866559476283,0.007944471637697374,0.468,0.4246740659219794,0.5118138918675601,0.02,0.000291346115559619,1.3359310034637959e-05
22,0.2,0.05,1.5,50.0,0.1,0.5,0.5,500,0.1111111111111111,-0.0005970207286057766,beta_known_mean,500,0,-0.0038745041641474022,4.429253195938601e-05,0.003998841692702376,0.0,4.336808689942018e-19,0.007624340461552241,0.0,0.0,0.0
22,0.2,0.05,1.5,50.0,0.1,0.5,0.5,500,0.2,-0.012733114539396101,beta_estimated_mean,500,0,0.0024626182189745904,0.0001974571543794031,0.005051748516347156,0.012,0.005510995174027703,0.025930361116447292,0.0,0.00015279737447275322,6.206595872242578e-05
22,0.2,0.05,1.5,50.0,0.1,0.5,0.5,500,0.2,-0.012733114539396101,risk_only,500,0,-0.00013041203268863028,0.0002076123348689872,0.0046395414872114765,0.004,0.0010976305226827934,0.014465715215177033,0.0,5.09324581575844e-05,3.59785815877339e-05
22,0.2,0.05,1.5,50.0,0.1,0.5,0.5,500,0.2,-0.012733114539396101,outcome_based,500,0,0.000990114539396088,0.0006697941103806475,0.014994791689154087,0.216,0.18216774485419415,0.25416288052796754,0.012,0.0029031501149823107,0.00023914452723788917
22,0.2,0.05,1.5,50.0,0.1,0.5,0.5,500,0.2,-0.012733114539396101,beta_known_mean,500,0,0.002620851569577541,9.797706010397066e-05,0.0034145300699743417,0.0,4.336808689942018e-19,0.007624340461552241,0.0,0.0,0.0
22,0.2,0.05,1.5,50.0,0.1,0.5,0.5,500,0.3333333333333333,-0.007788757507614271,beta_estimated_mean,500,0,0.0008138179847001151,8.844001737295792e-05,0.002136655426598537,0.0,4.336808689942018e-19,0.007624340461552241,0.0,0.0,0.0
22,0.2,0.05,1.5,50.0,0.1,0.5,0.5,500,0.3333333333333333,-0.007788757507614271,risk_only,500,0,-6.942470825664435e-05,9.499513605262183e-05,0.0021231659499603255,0.0,4.336808689942018e-19,0.007624340461552241,0.0,0.0,0.0
22,0.2,0.05,1.5,50.0,0.1,0.5,0.5,500,0.3333333333333333,-0.007788757507614271,outcome_based,500,0,-0.0005772424923857336,0.0006318913366415503,0.01412718134997267,0.272,0.2348440922052204,0.31263260704524753,0.032,0.0023677822823147386,0.00016038336519204043
22,0.2,0.05,1.5,50.0,0.1,0.5,0.5,500,0.3333333333333333,-0.007788757507614271,beta_known_mean,500,0,0.0008871526394244903,6.931709821751034e-05,0.001784562971200661,0.0,4.336808689942018e-19,0.007624340461552241,0.0,0.0,0.0
22,0.2,0.05,1.5,50.0,0.1,0.5,0.5,500,0.5,-0.0005230856532768959,beta_estimated_mean,500,0,-0.00048627054224628175,1.4328179893417051e-05,0.0005821529979708901,0.0,4.336808689942018e-19,0.007624340461552241,0.0,0.0,0.0
22,0.2,0.05,1.5,50.0,0.1,0.5,0.5,500,0.5,-0.0005230856532768959,risk_only,500,0,-4.371664284111211e-05,2.2488248400911963e-05,0.0005042480358074943,0.084,0.06274413680383038,0.1115993144601811,0.01,4.917005140802821e-05,6.833615852911842e-06
22,0.2,0.05,1.5,50.0,0.1,0.5,0.5,500,0.5,-0.0005230856532768959,outcome_based,500,0,0.0001310856532768957,0.00018482692982348638,0.004130801308280881,0.358,0.317207603401289,0.40095770928979185,0.196,0.00028978945191540027,1.1639782029934843e-05
22,0.2,0.05,1.5,50.0,0.1,0.5,0.5,500,0.5,-0.0005230856532768959,beta_known_mean,500,0,-0.0004759175512646288,1.3054249113600934e-05,0.0005581521406765148,0.0,4.336808689942018e-19,0.007624340461552241,0.0,0.0,0.0
22,0.2,0.05,1.5,50.0,0.1,0.5,0.5,3000,0.058823529411764705,0.000677888965903567,beta_estimated_mean,500,0,-0.0015376709997952183,0.00011872695419399861,0.0030656778761068435,0.644,0.601078749973113,0.68472543997396,0.0,0.00043656049404189714,1.4530354993498523e-05
22,0.2,0.05,1.5,50.0,0.1,0.5,0.5,3000,0.058823529411764705,0.000677888965903567,risk_only,500,0,6.817968190960144e-05,0.00011932404154595805,0.002666369008139195,0.4,0.35797899079473766,0.44354587729757294,0.0,0.0002711555863614268,1.486667724239302e-05
22,0.2,0.05,1.5,50.0,0.1,0.5,0.5,3000,0.058823529411764705,0.000677888965903567,outcome_based,500,0,-3.626396590351194e-05,6.106480367264339e-05,0.0013645663372532364,0.318,0.27870026117642177,0.36007499875158333,0.006,0.0002155686911573343,1.4132338767634162e-05
22,0.2,0.05,1.5,50.0,0.1,0.5,0.5,3000,0.058823529411764705,0.000677888965903567,beta_known_mean,500,0,-0.0016067816074356934,4.293383186868114e-06,0.0016096413483907158,1.0,0.9923756595384479,1.0,0.0,0.000677888965903567,0.0
22,0.2,0.05,1.5,50.0,0.1,0.5,0.5,3000,0.1111111111111111,-0.0005970207286057766,beta_estimated_mean,500,0,-0.0038111788147588968,0.00011508813393243739,0.004597225028810348,0.052,0.035730265115705276,0.07510114393784553,0.0,3.104507788750038e-05,5.933964964368419e-06
22,0.2,0.05,1.5,50.0,0.1,0.5,0.5,3000,0.1111111111111111,-0.0005970207286057766,risk_only,500,0,7.051454272282443e-05,0.0001174636438459532,0.002624886360567693,0.392,0.35018737778967923,0.4354594797500162,0.0,0.00023403212561346444,1.3047699935648697e-05
22,0.2,0.05,1.5,50.0,0.1,0.5,0.5,3000,0.1111111111111111,-0.0005970207286057766,outcome_based,500,0,4.210406193908936e-05,0.00015156150324092453,0.003385889321152053,0.434,0.3912235726331776,0.47778284030774737,0.006,0.0002626891205865417,1.3266595543104606e-05
22,0.2,0.05,1.5,50.0,0.1,0.5,0.5,3000,0.1111111111111111,-0.0005970207286057766,beta_known_mean,500,0,-0.0038750684134791244,1.8926668955194557e-05,0.00389806444138827,0.0,4.336808689942018e-19,0.007624340461552241,0.0,0.0,0.0
22,0.2,0.05,1.5,50.0,0.1,0.5,0.5,3000,0.2,-0.012733114539396101,beta_estimated_mean,500,0,0.0026567358618856214,9.035463459200797e-05,0.003336474408108733,0.0,4.336808689942018e-19,0.007624340461552241,0.0,0.0,0.0
22,0.2,0.05,1.5,50.0,0.1,0.5,0.5,3000,0.2,-0.012733114539396101,risk_only,500,0,2.915864542575766e-05,9.461989030402404e-05,0.0021138493615995182,0.0,4.336808689942018e-19,0.007624340461552241,0.0,0.0,0.0
22,0.2,0.05,1.5,50.0,0.1,0.5,0.5,3000,0.2,-0.012733114539396101,outcome_based,500,0,8.911453939547475e-05,0.0002675071823890141,0.005976322248955169,0.016,0.008129253033388314,0.03125110853339426,0.0,0.0002037298326303376,7.152237271048321e-05
22,0.2,0.05,1.5,50.0,0.1,0.5,0.5,3000,0.2,-0.012733114539396101,beta_known_mean,500,0,0.0026212897470622365,4.230307437770167e-05,0.002786421619004288,0.0,4.336808689942018e-19,0.007624340461552241,0.0,0.0,0.0
22,0.2,0.05,1.5,50.0,0.1,0.5,0.5,3000,0.3333333333333333,-0.007788757507614271,beta_estimated_mean,500,0,0.0008905638009915935,3.919247750802478e-05,0.0012488366506280522,0.0,4.336808689942018e-19,0.007624340461552241,0.0,0.0,0.0
22,0.2,0.05,1.5,50.0,0.1,0.5,0.5,3000,0.3333333333333333,-0.007788757507614271,risk_only,500,0,-5.6848434776426145e-06,4.159474330374622e-05,0.0009291735736810056,0.0,4.336808689942018e-19,0.007624340461552241,0.0,0.0,0.0
22,0.2,0.05,1.5,50.0,0.1,0.5,0.5,3000,0.3333333333333333,-0.007788757507614271,outcome_based,500,0,6.375750761424101e-05,0.0002521203226476633,0.0056323022742628195,0.098,0.07492391886460623,0.12720605086648182,0.012,0.0008567633258375699,0.00010909610763511983
22,0.2,0.05,1.5,50.0,0.1,0.5,0.5,3000,0.3333333333333333,-0.007788757507614271,beta_known_mean,500,0,0.0008881800046333037,2.9484629207560302e-05,0.0011057423104071614,0.0,4.336808689942018e-19,0.007624340461552241,0.0,0.0,0.0
22,0.2,0.05,1.5,50.0,0.1,0.5,0.5,3000,0.5,-0.0005230856532768959,beta_estimated_mean,500,0,-0.0004657184032929676,5.830926914644726e-06,0.0004835902044076487,0.0,4.336808689942018e-19,0.007624340461552241,0.0,0.0,0.0
22,0.2,0.05,1.5,50.0,0.1,0.5,0.5,3000,0.5,-0.0005230856532768959,risk_only,500,0,-2.320676547333209e-06,9.642469640770968e-06,0.00021540895688308565,0.002,0.00035313639455927456,0.011240706705146758,0.0,1.0461713065537918e-06,1.046171306553792e-06
22,0.2,0.05,1.5,50.0,0.1,0.5,0.5,3000,0.5,-0.0005230856532768959,outcome_based,500,0,0.00010975231994356249,7.19026036612791e-05,0.0016099278847063977,0.336,0.29598800782704915,0.37851277584434007,0.098,0.00022701917352217278,1.1605814272722898e-05
22,0.2,0.05,1.5,50.0,0.1,0.5,0.5,3000,0.5,-0.0005230856532768959,beta_known_mean,500,0,-0.00046476034303787647,5.255785390237026e-06,0.0004793601915206673,0.0,4.336808689942018e-19,0.007624340461552241,0.0,0.0,0.0
22,0.2,0.05,1.5,50.0,0.1,0.5,0.5,10000,0.058823529411764705,0.000677888965903567,beta_estimated_mean,500,0,-0.001600104061865775,6.05773868219427e-05,0.00209558423502679,0.748,0.7081521755124419,0.7840661516186281,0.0,0.000507060946495868,1.3175265068947897e-05
22,0.2,0.05,1.5,50.0,0.1,0.5,0.5,10000,0.058823529411764705,0.000677888965903567,risk_only,500,0,6.358101859109233e-06,6.065208165789776e-05,0.0013548797936230224,0.33,0.2902178997291812,0.3723743760277467,0.0,0.0002237033587481771,1.4269299823972246e-05
22,0.2,0.05,1.5,50.0,0.1,0.5,0.5,10000,0.058823529411764705,0.000677888965903567,outcome_based,500,0,-2.3126465904084625e-05,3.020850295428704e-05,0.0006752030103191617,0.172,0.1414541198436514,0.20754744749912687,0.002,0.00011659690213541351,1.1452167302697656e-05
22,0.2,0.05,1.5,50.0,0.1,0.5,0.5,10000,0.058823529411764705,0.000677888965903567,beta_known_mean,500,0,-0.0016078842636318516,2.3064969206775337e-06,0.001608709560277878,1.0,0.9923756595384479,1.0,0.0,0.000677888965903567,0.0
22,0.2,0.05,1.5,50.0,0.1,0.5,0.5,10000,0.1111111111111111,-0.0005970207286057766,beta_estimated_mean,500,0,-0.0038797235479915452,5.820526053360674e-05,0.004091795832318475,0.0,4.336808689942018e-19,0.007624340461552241,0.0,0.0,0.0
22,0.2,0.05,1.5,50.0,0.1,0.5,0.5,10000,0.1111111111111111,-0.0005970207286057766,risk_only,500,0,-6.059652459915216e-06,5.917162083640503e-05,0.0013218077753134791,0.316,0.27678362811990814,0.3580221291699432,0.0,0.00018865855023942542,1.2425410042161612e-05
22,0.2,0.05,1.5,50.0,0.1,0.5,0.5,10000,0.1111111111111111,-0.0005970207286057766,outcome_based,500,0,4.967072860725852e-05,8.302320706177554e-05,0.00185526299585282,0.392,0.35018737778967923,0.4354594797500162,0.004,0.00023642020852788752,1.307089119752565e-05
22,0.2,0.05,1.5,50.0,0.1,0.5,0.5,10000,0.1111111111111111,-0.0005970207286057766,beta_known_mean,500,0,-0.003885405327959769,9.956728907431139e-06,0.00389176613523419,0.0,4.336808689942018e-19,0.007624340461552241,0.0,0.0,0.0
22,0.2,0.05,1.5,50.0,0.1,0.5,0.5,10000,0.2,-0.012733114539396101,beta_estimated_mean,500,0,0.00259886599467171,4.5158515264013135e-05,0.0027877788501215767,0.0,4.336808689942018e-19,0.007624340461552241,0.0,0.0,0.0
22,0.2,0.05,1.5,50.0,0.1,0.5,0.5,10000,0.2,-0.012733114539396101,risk_only,500,0,-4.482492660137083e-05,4.679144931087894e-05,0.0010462025131983206,0.0,4.336808689942018e-19,0.007624340461552241,0.0,0.0,0.0
22,0.2,0.05,1.5,50.0,0.1,0.5,0.5,10000,0.2,-0.012733114539396101,outcome_based,500,0,0.00015106453939612636,0.00014277941033297452,0.0031930259226263555,0.0,4.336808689942018e-19,0.007624340461552241,0.0,0.0,0.0
22,0.2,0.05,1.5,50.0,0.1,0.5,0.5,10000,0.2,-0.012733114539396101,beta_known_mean,500,0,0.0025950970762791286,2.2083242466024535e-05,0.0026415669525153593,0.0,4.336808689942018e-19,0.007624340461552241,0.0,0.0,0.0
22,0.2,0.05,1.5,50.0,0.1,0.5,0.5,10000,0.3333333333333333,-0.007788757507614271,beta_estimated_mean,500,0,0.0008748115737565393,2.0218153567265497e-05,0.0009845168270169325,0.0,4.336808689942018e-19,0.007624340461552241,0.0,0.0,0.0
22,0.2,0.05,1.5,50.0,0.1,0.5,0.5,10000,0.3333333333333333,-0.007788757507614271,risk_only,500,0,-3.917168191492581e-06,2.2110279960074044e-05,0.0004939217748623295,0.0,4.336808689942018e-19,0.007624340461552241,0.0,0.0,0.0
22,0.2,0.05,1.5,50.0,0.1,0.5,0.5,10000,0.3333333333333333,-0.007788757507614271,outcome_based,500,0,1.4257507614224952e-05,0.00013812496701547987,0.0030855109830503023,0.004,0.0010976305226827934,0.014465715215177033,0.0,3.115503003045709e-05,2.2007847851187672e-05
22,0.2,0.05,1.5,50.0,0.1,0.5,0.5,10000,0.3333333333333333,-0.007788757507614271,beta_known_mean,500,0,0.0008732578038817129,1.5561071333732536e-05,0.0009398992050353139,0.0,4.336808689942018e-19,0.007624340461552241,0.0,0.0,0.0
22,0.2,0.05,1.5,50.0,0.1,0.5,0.5,10000,0.5,-0.0005230856532768959,beta_estimated_mean,500,0,-0.0004641930296434892,3.1817365415125107e-06,0.0004696027779219153,0.0,4.336808689942018e-19,0.007624340461552241,0.0,0.0,0.0
22,0.2,0.05,1.5,50.0,0.1,0.5,0.5,10000,0.5,-0.0005230856532768959,risk_only,500,0,-5.480455602649771e-06,5.035652642975942e-06,0.00011262138503156138,0.0,4.336808689942018e-19,0.007624340461552241,0.0,0.0,0.0
22,0.2,0.05,1.5,50.0,0.1,0.5,0.5,10000,0.5,-0.0005230856532768959,outcome_based,500,0,-2.971434672310412e-05,3.822337469069798e-05,0.0008543623952405564,0.234,0.1990046985940334,0.2730514505315124,0.028,0.0001370484411585467,1.029677831106392e-05
22,0.2,0.05,1.5,50.0,0.1,0.5,0.5,10000,0.5,-0.0005230856532768959,beta_known_mean,500,0,-0.00046422163798293494,2.8713789438524524e-06,0.0004686319375310645,0.0,4.336808689942018e-19,0.007624340461552241,0.0,0.0,0.0
23,0.2,0.05,1.5,50.0,0.1,0.5,1.0,500,0.058823529411764705,0.0022836110098541362,beta_estimated_mean,500,0,-0.0027986377285136917,0.0002988259847489417,0.007238201485651423,0.534,0.4901823223055243,0.5772992225430903,0.0,0.0012194482792621088,5.0995921300916696e-05
23,0.2,0.05,1.5,50.0,0.1,0.5,1.0,500,0.058823529411764705,0.0022836110098541362,risk_only,500,0,0.0004087478453287786,0.00030019357655400195,0.00671826244796959,0.364,0.32301143591892645,0.4070623846866158,0.0,0.0008312344075869056,4.918708721050552e-05
23,0.2,0.05,1.5,50.0,0.1,0.5,1.0,500,0.058823529411764705,0.0022836110098541362,outcome_based,500,0,-5.486100985402587e-05,0.00015600628287216757,0.003485348177428189,0.226,0.191509780865554,0.2646683577073766,0.01,0.0005160960882270348,4.2755949484275586e-05
23,0.2,0.05,1.5,50.0,0.1,0.5,1.0,500,0.058823529411764705,0.0022836110098541362,beta_known_mean,500,0,-0.0032053093313417747,7.77275950371846e-06,0.0032100086275503492,1.0,0.9923756595384479,1.0,0.0,0.0022836110098541362,0.0
23,0.2,0.05,1.5,50.0,0.1,0.5,1.0,500,0.1111111111111111,0.0032760085804301037,beta_estimated_mean,500,0,-0.007362374984900929,0.0002788209727503697,0.00964351552630993,0.754,0.7144078267312022,0.7897190083143293,0.0,0.002470110469644298,6.316085265775047e-05
23,0.2,0.05,1.5,50.0,0.1,0.5,1.0,500,0.1111111111111111,0.0032760085804301037,risk_only,500,0,0.00041223319145024863,0.0002884855640553823,0.006457450938074633,0.306,0.26721346373113636,0.3477447803679459,0.0,0.0010024586256116117,6.758264832516302e-05
23,0.2,0.05,1.5,50.0,0.1,0.5,1.0,500,0.1111111111111111,0.0032760085804301037,outcome_based,500,0,6.0491419569758454e-05,0.0003882663867425854,0.008673425042152546,0.36,0.3191414324050707,0.40299338292416403,0.014,0.0011793630889548375,7.03940569440709e-05
23,0.2,0.05,1.5,50.0,0.1,0.5,1.0,500,0.1111111111111111,0.0032760085804301037,beta_known_mean,500,0,-0.007728542415062805,3.450594419160796e-05,0.007766885301941662,1.0,0.9923756595384479,1.0,0.0,0.0032760085804301037,0.0
23,0.2,0.05,1.5,50.0,0.1,0.5,1.0,500,0.2,-0.015359422560532958,beta_estimated_mean,500,0,0.005479033423345271,0.0001949587366130766,0.0069990179908353085,0.016,0.008129253033388314,0.03125110853339426,0.0,0.0002457507609685273,8.627444146468375e-05
23,0.2,0.05,1.5,50.0,0.1,0.5,1.0,500,0.2,-0.015359422560532958,risk_only,500,0,0.00027437643181063743,0.00021380285289805852,0.0047838688025593065,0.004,0.0010976305226827934,0.014465715215177033,0.0,6.143769024213183e-05,4.339945549259346e-05
23,0.2,0.05,1.5,50.0,0.1,0.5,1.0,500,0.2,-0.015359422560532958,outcome_based,500,0,-0.0010875774394670428,0.0006921267665116311,0.01549914564377143,0.138,0.1105180088988837,0.17100201359528017,0.004,0.0021810380035956803,0.00024000065775076288
23,0.2,0.05,1.5,50.0,0.1,0.5,1.0,500,0.2,-0.015359422560532958,beta_known_mean,500,0,0.005268877517181257,7.783003760684138e-05,0.005548312369833318,0.0,4.336808689942018e-19,0.007624340461552241,0.0,0.0,0.0
23,0.2,0.05,1.5,50.0,0.1,0.5,1.0,500,0.3333333333333333,-0.008680489119915417,beta_estimated_mean,500,0,0.0018431030129838907,7.663127310107822e-05,0.002515418925944388,0.0,4.336808689942018e-19,0.007624340461552241,0.0,0.0,0.0
23,0.2,0.05,1.5,50.0,0.1,0.5,1.0,500,0.3333333333333333,-0.008680489119915417,risk_only,500,0,-1.7928549881914938e-06,7.183486427656881e-05,0.0016046703179843226,0.0,4.336808689942018e-19,0.007624340461552241,0.0,0.0,0.0
23,0.2,0.05,1.5,50.0,0.1,0.5,1.0,500,0.3333333333333333,-0.008680489119915417,outcome_based,500,0,-0.0010935108800845916,0.0005976958496236314,0.013396219244430994,0.242,0.20651780855112864,0.28141635112703234,0.01,0.0021874832582186848,0.00016871161921121056
23,0.2,0.05,1.5,50.0,0.1,0.5,1.0,500,0.3333333333333333,-0.008680489119915417,beta_known_mean,500,0,0.0018146695552820607,5.362893121561081e-05,0.002174438011134974,0.0,4.336808689942018e-19,0.007624340461552241,0.0,0.0,0.0
23,0.2,0.05,1.5,50.0,0.1,0.5,1.0,500,0.5,-6.120481618525086e-05,beta_estimated_mean,500,0,-0.0009207851773569731,1.1124769563658972e-05,0.0009537304814593714,0.0,4.336808689942018e-19,0.007624340461552241,0.0,0.0,0.0
23,0.2,0.05,1.5,50.0,0.1,0.5,1.0,500,0.5,-6.120481618525086e-05,risk_only,500,0,-8.347371860873655e-06,4.662550798048605e-06,0.00010448745957879904,0.012,0.005510995174027703,0.025930361116447292,0.458,2.87662636070679e-05,1.3674837961954799e-06
23,0.2,0.05,1.5,50.0,0.1,0.5,1.0,500,0.5,-6.120481618525086e-05,outcome_based,500,0,-3.479518381474911e-05,8.115874249251235e-05,0.0018132828529539187,0.22,0.18590093257162363,0.25836869808684565,0.522,4.541397360945613e-05,1.198801094487624e-06
23,0.2,0.05,1.5,50.0,0.1,0.5,1.0,500,0.5,-6.120481618525086e-05,beta_known_mean,500,0,-0.0009185339706355199,9.580043406099356e-06,0.0009431338684466619,0.0,4.336808689942018e-19,0.007624340461552241,0.0,0.0,0.0
23,0.2,0.05,1.5,50.0,0.1,0.5,1.0,3000,0.058823529411764705,0.0022836110098541362,beta_estimated_mean,500,0,-0.003080332390620685,0.00011897974284233543,0.004068461756108106,0.636,0.5929376153133843,0.6769885640810736,0.0,0.0014523766022672307,4.918708721050552e-05
23,0.2,0.05,1.5,50.0,0.1,0.5,1.0,3000,0.058823529411764705,0.0022836110098541362,risk_only,500,0,0.00011379047880104243,0.00011934828491042407,0.0026684660041837874,0.174,0.14328947208106416,0.20968159789986787,0.0,0.0003973483157146197,3.875578189488484e-05
23,0.2,0.05,1.5,50.0,0.1,0.5,1.0,3000,0.058823529411764705,0.0022836110098541362,outcome_based,500,0,1.622232347943553e-05,6.551162548682198e-05,0.0014635087726651856,0.06,0.0423483564809462,0.08436106312521979,0.002,0.00013701666059124818,2.427791616235754e-05
23,0.2,0.05,1.5,50.0,0.1,0.5,1.0,3000,0.058823529411764705,0.0022836110098541362,beta_known_mean,500,0,-0.0032021602763087106,3.378916176900389e-06,0.0032030497272693423,1.0,0.9923756595384479,1.0,0.0,0.0022836110098541362,0.0
23,0.2,0.05,1.5,50.0,0.1,0.5,1.0,3000,0.1111111111111111,0.0032760085804301037,beta_estimated_mean,500,0,-0.00759502975549166,0.00011002816641181755,0.007982823403494096,0.958,0.9366484142456699,0.9723676898915483,0.0,0.0031384162200520393,2.941725583757861e-05
23,0.2,0.05,1.5,50.0,0.1,0.5,1.0,3000,0.1111111111111111,0.0032760085804301037,risk_only,500,0,0.00011956877672593252,0.00011314581377734505,0.002530312689147573,0.082,0.06101908946846894,0.10935485915738875,0.0,0.00026863270359526846,4.023676203524368e-05
23,0.2,0.05,1.5,50.0,0.1,0.5,1.0,3000,0.1111111111111111,0.0032760085804301037,outcome_based,500,0,0.00010949141957060512,0.00015624653743661295,0.003492000232096799,0.184,0.1524894793781606,0.22032910379354043,0.0,0.000602785578799139,5.682621742266259e-05
23,0.2,0.05,1.5,50.0,0.1,0.5,1.0,3000,0.1111111111111111,0.0032760085804301037,beta_known_mean,500,0,-0.007710249161682722,1.5259408899375413e-05,0.007717780384647411,1.0,0.9923756595384479,1.0,0.0,0.0032760085804301037,0.0
23,0.2,0.05,1.5,50.0,0.1,0.5,1.0,3000,0.2,-0.015359422560532958,beta_estimated_mean,500,0,0.005388632468006855,7.6258554517137e-05,0.005651480166880371,0.0,4.336808689942018e-19,0.007624340461552241,0.0,0.0,0.0
23,0.2,0.05,1.5,50.0,0.1,0.5,1.0,3000,0.2,-0.015359422560532958,risk_only,500,0,0.00015517593972255177,8.42252455981936e-05,0.0018878378315710055,0.0,4.336808689942018e-19,0.007624340461552241,0.0,0.0,0.0
23,0.2,0.05,1.5,50.0,0.1,0.5,1.0,3000,0.2,-0.015359422560532958,outcome_based,500,0,-0.00011941077280130668,0.00026027732702411726,0.005815381167826218,0.006,0.0020425962719602363,0.01749025210405338,0.0,9.215653536319775e-05,5.30998669908381e-05
23,0.2,0.05,1.5,50.0,0.1,0.5,1.0,3000,0.2,-0.015359422560532958,beta_known_mean,500,0,0.0053237860792737235,3.459666135977484e-05,0.005379587881753854,0.0,4.336808689942018e-19,0.007624340461552241,0.0,0.0,0.0
23,0.2,0.05,1.5,50.0,0.1,0.5,1.0,3000,0.3333333333333333,-0.008680489119915417,beta_estimated_mean,500,0,0.0018464958463038127,3.1130128880498716e-05,0.0019730991580636154,0.0,4.336808689942018e-19,0.007624340461552241,0.0,0.0,0.0
23,0.2,0.05,1.5,50.0,0.1,0.5,1.0,3000,0.3333333333333333,-0.008680489119915417,risk_only,500,0,8.079246192087512e-05,3.0144568396806552e-05,0.0006782081014071423,0.0,4.336808689942018e-19,0.007624340461552241,0.0,0.0,0.0
23,0.2,0.05,1.5,50.0,0.1,0.5,1.0,3000,0.3333333333333333,-0.008680489119915417,outcome_based,500,0,0.00014548911991539698,0.00026392228222190284,0.005897372096075456,0.064,0.04569601604478943,0.08895240883768415,0.006,0.0006076342383940791,9.914810511903732e-05
23,0.2,0.05,1.5,50.0,0.1,0.5,1.0,3000,0.3333333333333333,-0.008680489119915417,beta_known_mean,500,0,0.0018410334724015614,2.3656393293843743e-05,0.0019153738782273777,0.0,4.336808689942018e-19,0.007624340461552241,0.0,0.0,0.0
23,0.2,0.05,1.5,50.0,0.1,0.5,1.0,3000,0.5,-6.120481618525086e-05,beta_estimated_mean,500,0,-0.0009134076888031557,4.609267721999856e-06,0.000919192599558071,0.0,4.336808689942018e-19,0.007624340461552241,0.0,0.0,0.0
23,0.2,0.05,1.5,50.0,0.1,0.5,1.0,3000,0.5,-6.120481618525086e-05,risk_only,500,0,6.093387124866615e-07,1.7651433916112488e-06,3.943502452069755e-05,0.012,0.005510995174027703,0.025930361116447292,0.012,1.4689155884460205e-06,4.193395790025707e-07
23,0.2,0.05,1.5,50.0,0.1,0.5,1.0,3000,0.5,-6.120481618525086e-05,outcome_based,500,0,1.5871482851917528e-05,3.0804199166045715e-05,0.0006882967008582586,0.39,0.3482413304011046,0.43343602450043706,0.176,3.464192596085198e-05,1.3579644648868835e-06
23,0.2,0.05,1.5,50.0,0.1,0.5,1.0,3000,0.5,-6.120481618525086e-05,beta_known_mean,500,0,-0.0009124374330187859,4.0953024694209304e-06,0.0009170120221837977,0.0,4.336808689942018e-19,0.007624340461552241,0.0,0.0,0.0
23,0.2,0.05,1.5,50.0,0.1,0.5,1.0,10000,0.058823529411764705,0.0022836110098541362,beta_estimated_mean,500,0,-0.0031657001930030185,6.586943987719884e-05,0.0034909469322431086,0.736,0.6956691427151993,0.7727321685869482,0.0,0.0016807377032526443,4.506223478020382e-05
23,0.2,0.05,1.5,50.0,0.1,0.5,1.0,10000,0.058823529411764705,0.0022836110098541362,risk_only,500,0,4.551471869688512e-05,6.560616644783182e-05,0.0014662373472710286,0.056,0.03902562068315149,0.0797447936467069,0.0,0.00012788221655183162,2.35045459455063e-05
23,0.2,0.05,1.5,50.0,0.1,0.5,1.0,10000,0.058823529411764705,0.0022836110098541362,outcome_based,500,0,4.778899014352034e-05,3.56432702684695e-05,0.0007976432175973713,0.0,4.336808689942018e-19,0.007624340461552241,0.0,0.0,0.0
23,0.2,0.05,1.5,50.0,0.1,0.5,1.0,10000,0.058823529411764705,0.0022836110098541362,beta_known_mean,500,0,-0.003209860124501063,1.7967228935004665e-06,0.003210111041261164,1.0,0.9923756595384479,1.0,0.0,0.0022836110098541362,0.0
23,0.2,0.05,1.5,50.0,0.1,0.5,1.0,10000,0.1111111111111111,0.0032760085804301037,beta_estimated_mean,500,0,-0.007700973390598762,6.08956253103681e-05,0.007820193186648183,1.0,0.9923756595384479,1.0,0.0,0.0032760085804301037,0.0
23,0.2,0.05,1.5,50.0,0.1,0.5,1.0,10000,0.1111111111111111,0.0032760085804301037,risk_only,500,0,4.827163204219995e-05,6.183662347527066e-05,0.0013821687248192216,0.006,0.0020425962719602363,0.01749025210405338,0.0,1.9656051482580622e-05,1.1325661443072295e-05
23,0.2,0.05,1.5,50.0,0.1,0.5,1.0,10000,0.1111111111111111,0.0032760085804301037,outcome_based,500,0,1.4841419571729936e-05,8.860130041863092e-05,0.0019792587741968644,0.044,0.02923395562860718,0.06571944287232845,0.0,0.00014414437753892457,3.0078075293327534e-05
23,0.2,0.05,1.5,50.0,0.1,0.5,1.0,10000,0.1111111111111111,0.0032760085804301037,beta_known_mean,500,0,-0.007739140314935432,7.962826792331697e-06,0.007741184193191033,1.0,0.9923756595384479,1.0,0.0,0.0032760085804301037,0.0
23,0.2,0.05,1.5,50.0,0.1,0.5,1.0,10000,0.2,-0.015359422560532958,beta_estimated_mean,500,0,0.005291372576114133,4.16096517954098e-05,0.005372389965127049,0.0,4.336808689942018e-19,0.007624340461552241,0.0,0.0,0.0
23,0.2,0.05,1.5,50.0,0.1,0.5,1.0,10000,0.2,-0.015359422560532958,risk_only,500,0,4.2686736264454085e-05,4.633440360947633e-05,0.0010359120423172965,0.0,4.336808689942018e-19,0.007624340461552241,0.0,0.0,0.0
23,0.2,0.05,1.5,50.0,0.1,0.5,1.0,10000,0.2,-0.015359422560532958,outcome_based,500,0,0.00010932256053347099,0.0001471942841777169,0.003289888130657674,0.0,4.336808689942018e-19,0.007624340461552241,0.0,0.0,0.0
23,0.2,0.05,1.5,50.0,0.1,0.5,1.0,10000,0.2,-0.015359422560532958,beta_known_mean,500,0,0.005267131390951829,1.7916753638735432e-05,0.005282315506476754,0.0,4.336808689942018e-19,0.007624340461552241,0.0,0.0,0.0
23,0.2,0.05,1.5,50.0,0.1,0.5,1.0,10000,0.3333333333333333,-0.008680489119915417,beta_estimated_mean,500,0,0.0018018570958493769,1.6578789835513958e-05,0.0018395222949981911,0.0,4.336808689942018e-19,0.007624340461552241,0.0,0.0,0.0
23,0.2,0.05,1.5,50.0,0.1,0.5,1.0,10000,0.3333333333333333,-0.008680489119915417,risk_only,500,0,1.3928324040460849e-05,1.654070525492111e-05,0.00036975379436232067,0.0,4.336808689942018e-19,0.007624340461552241,0.0,0.0,0.0
23,0.2,0.05,1.5,50.0,0.1,0.5,1.0,10000,0.3333333333333333,-0.008680489119915417,outcome_based,500,0,4.8589119915423916e-05,0.00013518715143024862,0.0030202430850139895,0.004,0.0010976305226827934,0.014465715215177033,0.0,3.472195647966167e-05,2.45275172116001e-05
23,0.2,0.05,1.5,50.0,0.1,0.5,1.0,10000,0.3333333333333333,-0.008680489119915417,beta_known_mean,500,0,0.0017943586779950941,1.2382061171197815e-05,0.001815551560623134,0.0,4.336808689942018e-19,0.007624340461552241,0.0,0.0,0.0
23,0.2,0.05,1.5,50.0,0.1,0.5,1.0,10000,0.5,-6.120481618525086e-05,beta_estimated_mean,500,0,-0.0009215346941824989,2.497177563808752e-06,0.0009232214818659938,0.0,4.336808689942018e-19,0.007624340461552241,0.0,0.0,0.0
23,0.2,0.05,1.5,50.0,0.1,0.5,1.0,10000,0.5,-6.120481618525086e-05,risk_only,500,0,1.2488879995315244e-06,9.778617229820376e-07,2.187944885783917e-05,0.002,0.00035313639455927456,0.011240706705146758,0.0,1.2240963237050172e-07,1.2240963237050175e-07
23,0.2,0.05,1.5,50.0,0.1,0.5,1.0,10000,0.5,-6.120481618525086e-05,outcome_based,500,0,-2.8595183814749144e-05,1.6740142913653367e-05,0.000375038190771819,0.352,0.31141084189074275,0.3948459628858768,0.068,2.5706022797805365e-05,1.3523028618934009e-06
23,0.2,0.05,1.5,50.0,0.1,0.5,1.0,10000,0.5,-6.120481618525086e-05,beta_known_mean,500,0,-0.0009220756646255827,2.208425647916909e-06,0.0009233944043971983,0.0,4.336808689942018e-19,0.007624340461552241,0.0,0.0,0.0
24,0.2,0.05,1.5,50.0,0.1,0.9,0.5,500,0.058823529411764705,0.0008979881150359414,beta_estimated_mean,500,0,-0.001605477792321972,0.0002925592976489535,0.006729594290848645,0.538,0.494176845283715,0.581243704841207,0.0,0.0004831176058893365,2.0041602378997327e-05
24,0.2,0.05,1.5,50.0,0.1,0.9,0.5,500,0.058823529411764705,0.0008979881150359414,risk_only,500,0,0.00021519686367134122,0.00029000717193279456,0.006481842748523776,0.44,0.397111794441699,0.4838031264136874,0.0,0.00039511477061581423,1.9954491617933848e-05
24,0.2,0.05,1.5,50.0,0.1,0.9,0.5,500,0.058823529411764705,0.0008979881150359414,outcome_based,500,0,0.00022276188496411003,0.00013173594837852747,0.002951177484478458,0.338,0.29791302434501227,0.3805572619645308,0.016,0.0003035199828821482,1.9015496122272388e-05
24,0.2,0.05,1.5,50.0,0.1,0.9,0.5,500,0.058823529411764705,0.0008979881150359414,beta_known_mean,500,0,-0.0018195980135525041,1.441806618595346e-05,0.0018478824006313128,1.0,0.9923756595384479,1.0,0.0,0.0008979881150359414,0.0
24,0.2,0.05,1.5,50.0,0.1,0.9,0.5,500,0.1111111111111111,0.0026544641182120327,beta_estimated_mean,500,0,-0.006851114347427136,0.00029071379167411196,0.009439836207669174,0.752,0.7123215407533253,0.7878357916540525,0.0,0.0019961570168954487,5.1317010339953215e-05
24,0.2,0.05,1.5,50.0,0.1,0.9,0.5,500,0.1111111111111111,0.0026544641182120327,risk_only,500,0,0.0002527997377836563,0.000284469684649363,0.006359597899882743,0.324,0.2844552822318157,0.3662284856106508,0.0,0.0008600463743006986,5.5612502642516383e-05
24,0.2,0.05,1.5,50.0,0.1,0.9,0.5,500,0.1111111111111111,0.0026544641182120327,outcome_based,500,0,0.0003275358817879074,0.000330593308873212,0.007392155014192838,0.338,0.29791302434501227,0.3805572619645308,0.008,0.000897208871955667,5.621004476718696e-05
24,0.2,0.05,1.5,50.0,0.1,0.9,0.5,500,0.1111111111111111,0.0026544641182120327,beta_known_mean,500,0,-0.00705702164468437,5.965797076343699e-05,0.007181749937019086,1.0,0.9923756595384479,1.0,0.0,0.0026544641182120327,0.0
24,0.2,0.05,1.5,50.0,0.1,0.9,0.5,500,0.2,-0.005703854883764035,beta_estimated_mean,500,0,-0.004137939735321626,0.0002429209561708493,0.006824135852669295,0.044,0.02923395562860718,0.06571944287232845,0.0,0.00025096961488561755,5.2368903329778394e-05
24,0.2,0.05,1.5,50.0,0.1,0.9,0.5,500,0.2,-0.005703854883764035,risk_only,500,0,0.00024565995572275377,0.00023560195105742958,0.005268679170867909,0.158,0.1286526978644355,0.19256235101126623,0.0,0.0009012090716347175,9.313282662019547e-05
24,0.2,0.05,1.5,50.0,0.1,0.9,0.5,500,0.2,-0.005703854883764035,outcome_based,500,0,0.000747854883764061,0.0006608051565399763,0.014780201315515674,0.384,0.34240767461779237,0.4273611723692879,0.014,0.002270134243738086,0.00012498502361868905
24,0.2,0.05,1.5,50.0,0.1,0.9,0.5,500,0.2,-0.005703854883764035,beta_known_mean,500,0,-0.004241716709325672,0.00012895213611827927,0.005127363717691262,0.0,4.336808689942018e-19,0.007624340461552241,0.0,0.0,0.0
24,0.2,0.05,1.5,50.0,0.1,0.9,0.5,500,0.3333333333333333,-0.013871973226929596,beta_estimated_mean,500,0,0.007055628317711694,0.00011832499287852357,0.0075344735797271715,0.004,0.0010976305226827934,0.014465715215177033,0.0,5.5487892907718385e-05,3.919653113806181e-05
24,0.2,0.05,1.5,50.0,0.1,0.9,0.5,500,0.3333333333333333,-0.013871973226929596,risk_only,500,0,0.00013174330951393434,0.00013715863247530118,0.0030667228502730018,0.0,4.336808689942018e-19,0.007624340461552241,0.0,0.0,0.0
24,0.2,0.05,1.5,50.0,0.1,0.9,0.5,500,0.3333333333333333,-0.013871973226929596,outcome_based,500,0,0.00035997322692959456,0.0005755921513096738,0.012862792726469084,0.14,0.11232266018786358,0.17316686494445405,0.032,0.0023859793950318908,0.0002343512967519516
24,0.2,0.05,1.5,50.0,0.1,0.9,0.5,500,0.3333333333333333,-0.013871973226929596,beta_known_mean,500,0,0.007072673697646616,9.403982497356118e-05,0.007378049477011536,0.0,4.336808689942018e-19,0.007624340461552241,0.0,0.0,0.0
24,0.2,0.05,1.5,50.0,0.1,0.9,0.5,500,0.5,-0.002904606341164634,beta_estimated_mean,500,0,0.0018990070537532936,2.0242989884815288e-05,0.001952103309587803,0.002,0.00035313639455927456,0.011240706705146758,0.0,5.809212682329268e-06,5.809212682329267e-06
24,0.2,0.05,1.5,50.0,0.1,0.9,0.5,500,0.5,-0.002904606341164634,risk_only,500,0,-4.211407075527501e-05,4.5611337101490616e-05,0.0010197500855485633,0.0,4.336808689942018e-19,0.007624340461552241,0.0,0.0,0.0
24,0.2,0.05,1.5,50.0,0.1,0.9,0.5,500,0.5,-0.002904606341164634,outcome_based,500,0,4.060634116463383e-05,0.0003535944939224373,0.00789880705391281,0.286,0.24814005321609287,0.3271231645014515,0.094,0.0011037504096425609,6.31138468132674e-05
24,0.2,0.05,1.5,50.0,0.1,0.9,0.5,500,0.5,-0.002904606341164634,beta_known_mean,500,0,0.0019083985585129396,1.8428004040133046e-05,0.0019522912521580745,0.0,4.336808689942018e-19,0.007624340461552241,0.0,0.0,0.0
24,0.2,0.05,1.5,50.0,0.1,0.9,0.5,3000,0.058823529411764705,0.0008979881150359414,beta_estimated_mean,500,0,-0.0018117833685376095,0.00012230824412920503,0.0032783003155464766,0.648,0.6051540371141233,0.6885891581092574,0.0,0.0005818962985432901,1.9199023961544226e-05
24,0.2,0.05,1.5,50.0,0.1,0.9,0.5,3000,0.058823529411764705,0.0008979881150359414,risk_only,500,0,2.1204238562722967e-05,0.00012093017660700544,0.0027014587391295812,0.358,0.317207603401289,0.40095770928979185,0.0,0.000321479745182867,1.9272113438465514e-05
24,0.2,0.05,1.5,50.0,0.1,0.9,0.5,3000,0.058823529411764705,0.0008979881150359414,outcome_based,500,0,-6.4047817024945884e-06,5.613787707001663e-05,0.001254041538766112,0.232,0.19712923845271468,0.2709574080346774,0.004,0.00020833324268833842,1.696855726499124e-05
24,0.2,0.05,1.5,50.0,0.1,0.9,0.5,3000,0.058823529411764705,0.0008979881150359414,beta_known_mean,500,0,-0.0018291203770211238,6.309817064862425e-06,0.001834543113567659,1.0,0.9923756595384479,1.0,0.0,0.0008979881150359414,0.0
24,0.2,0.05,1.5,50.0,0.1,0.9,0.5,3000,0.1111111111111111,0.0026544641182120327,beta_estimated_mean,500,0,-0.007114174421579852,0.00012306105333079233,0.007626817494948743,0.958,0.9366484142456699,0.9723676898915483,0.0,0.0025429766252471273,2.3836033441299436e-05
24,0.2,0.05,1.5,50.0,0.1,0.9,0.5,3000,0.1111111111111111,0.0026544641182120327,risk_only,500,0,9.439407945113776e-06,0.0001195053758496409,0.0026695645704959744,0.16,0.13047637235016407,0.19470817916369149,0.0,0.0004247142589139252,4.3563846657309924e-05
24,0.2,0.05,1.5,50.0,0.1,0.9,0.5,3000,0.1111111111111111,0.0026544641182120327,outcome_based,500,0,-2.2964118211521e-05,0.00014348114572432547,0.0032052082772776923,0.204,0.1709982729111479,0.241515336642091,0.008,0.0005415106801152547,4.788485800211868e-05
24,0.2,0.05,1.5,50.0,0.1,0.9,0.5,3000,0.1111111111111111,0.0026544641182120327,beta_known_mean,500,0,-0.007134635941476932,2.574757463077455e-05,0.007157781491460794,1.0,0.9923756595384479,1.0,0.0,0.0026544641182120327,0.0
24,0.2,0.05,1.5,50.0,0.1,0.9,0.5,3000,0.2,-0.005703854883764035,beta_estimated_mean,500,0,-0.004420278779524077,0.00010519937550534937,0.0050061214411420245,0.0,4.336808689942018e-19,0.007624340461552241,0.0,0.0,0.0
24,0.2,0.05,1.5,50.0,0.1,0.9,0.5,3000,0.2,-0.005703854883764035,risk_only,500,0,-4.46855578695282e-05,0.00010209010852744813,0.002280958030827405,0.014,0.00679778979084349,0.02861306913778529,0.0,7.985396837269649e-05,2.9999959626748916e-05
24,0.2,0.05,1.5,50.0,0.1,0.9,0.5,3000,0.2,-0.005703854883764035,outcome_based,500,0,-0.00018547844956961522,0.0003089600415607684,0.006904136411499224,0.204,0.1709982729111479,0.241515336642091,0.0,0.0011635863962878633,0.00010289394356466307
24,0.2,0.05,1.5,50.0,0.1,0.9,0.5,3000,0.2,-0.005703854883764035,beta_known_mean,500,0,-0.004426358899683803,5.516566690033538e-05,0.004594696427435095,0.0,4.336808689942018e-19,0.007624340461552241,0.0,0.0,0.0
24,0.2,0.05,1.5,50.0,0.1,0.9,0.5,3000,0.3333333333333333,-0.013871973226929596,beta_estimated_mean,500,0,0.006948194778455283,5.2044635281551606e-05,0.0070447870135360744,0.0,4.336808689942018e-19,0.007624340461552241,0.0,0.0,0.0
24,0.2,0.05,1.5,50.0,0.1,0.9,0.5,3000,0.3333333333333333,-0.013871973226929596,risk_only,500,0,-9.695601056674993e-06,5.9486653025052205e-05,0.0013288665421528243,0.0,4.336808689942018e-19,0.007624340461552241,0.0,0.0,0.0
24,0.2,0.05,1.5,50.0,0.1,0.9,0.5,3000,0.3333333333333333,-0.013871973226929596,outcome_based,500,0,-0.00017202677307039704,0.00023789302629900763,0.005316911330795491,0.004,0.0010976305226827934,0.014465715215177033,0.002,8.323183936157757e-05,4.7957527722635246e-05
24,0.2,0.05,1.5,50.0,0.1,0.9,0.5,3000,0.3333333333333333,-0.013871973226929596,beta_known_mean,500,0,0.006958536588801511,4.0701691608212407e-05,0.007017683996866389,0.0,4.336808689942018e-19,0.007624340461552241,0.0,0.0,0.0
24,0.2,0.05,1.5,50.0,0.1,0.9,0.5,3000,0.5,-0.002904606341164634,beta_estimated_mean,500,0,0.001910052897564763,8.859709966473045e-06,0.0019202788358412609,0.0,4.336808689942018e-19,0.007624340461552241,0.0,0.0,0.0
24,0.2,0.05,1.5,50.0,0.1,0.9,0.5,3000,0.5,-0.002904606341164634,risk_only,500,0,-4.38968770747618e-06,1.9413789371558006e-05,0.0004336934205426862,0.0,4.336808689942018e-19,0.007624340461552241,0.0,0.0,0.0
24,0.2,0.05,1.5,50.0,0.1,0.9,0.5,3000,0.5,-0.002904606341164634,outcome_based,500,0,-1.6060325502032705e-05,0.00013413698684650068,0.0029964363538950932,0.15,0.12137595769138819,0.18396108063169836,0.022,0.000499592290680317,4.907003866504277e-05
24,0.2,0.05,1.5,50.0,0.1,0.9,0.5,3000,0.5,-0.002904606341164634,beta_known_mean,500,0,0.0019127187892704017,8.06397222422312e-06,0.0019211824388111923,0.0,4.336808689942018e-19,0.007624340461552241,0.0,0.0,0.0
24,0.2,0.05,1.5,50.0,0.1,0.9,0.5,10000,0.058823529411764705,0.0008979881150359414,beta_estimated_mean,500,0,-0.0018106834332643786,6.677392676224332e-05,0.0023459527671774523,0.722,0.6811514003636959,0.7594633924713748,0.0,0.0006483474190559497,1.800990046862271e-05
24,0.2,0.05,1.5,50.0,0.1,0.9,0.5,10000,0.058823529411764705,0.0008979881150359414,risk_only,500,0,1.609782497050738e-05,6.589690647752257e-05,0.001472113405733115,0.264,0.22726783141305193,0.3043308572848008,0.0,0.00023706886236948854,1.771989673152213e-05
24,0.2,0.05,1.5,50.0,0.1,0.9,0.5,10000,0.058823529411764705,0.0008979881150359414,outcome_based,500,0,-9.650615037051779e-06,2.9888963535394578e-05,0.0006677386126617559,0.088,0.06620598447492893,0.11607647206539012,0.002,7.902295412316285e-05,1.138830451111288e-05
24,0.2,0.05,1.5,50.0,0.1,0.9,0.5,10000,0.058823529411764705,0.0008979881150359414,beta_known_mean,500,0,-0.0018237703785046332,3.3183830964621297e-06,0.0018252762023956814,1.0,0.9923756595384479,1.0,0.0,0.0008979881150359414,0.0
24,0.2,0.05,1.5,50.0,0.1,0.9,0.5,10000,0.1111111111111111,0.0026544641182120327,beta_estimated_mean,500,0,-0.007103610604201267,6.711445673687848e-05,0.007260093278833321,0.996,0.9855342847848231,0.9989023694773173,0.0,0.0026438462617391846,7.500431536472557e-06
24,0.2,0.05,1.5,50.0,0.1,0.9,0.5,10000,0.1111111111111111,0.0026544641182120327,risk_only,500,0,2.7000690267825533e-05,6.557189997126715e-05,0.0014650141283038978,0.04,0.026040797389777257,0.060973595834850805,0.0,0.0001061785647284813,2.3285855520230137e-05
24,0.2,0.05,1.5,50.0,0.1,0.9,0.5,10000,0.1111111111111111,0.0026544641182120327,outcome_based,500,0,-4.661411821192679e-05,7.715607802209794e-05,0.0017241664663010228,0.056,0.03902562068315149,0.0797447936467069,0.002,0.00014864999061987383,2.7321629453519687e-05
24,0.2,0.05,1.5,50.0,0.1,0.9,0.5,10000,0.1111111111111111,0.0026544641182120327,beta_known_mean,500,0,-0.007114318803790053,1.3591733285014653e-05,0.007120794542296002,1.0,0.9923756595384479,1.0,0.0,0.0026544641182120327,0.0
24,0.2,0.05,1.5,50.0,0.1,0.9,0.5,10000,0.2,-0.005703854883764035,beta_estimated_mean,500,0,-0.004374011919928767,5.678322522637955e-05,0.004554220380544481,0.0,4.336808689942018e-19,0.007624340461552241,0.0,0.0,0.0
24,0.2,0.05,1.5,50.0,0.1,0.9,0.5,10000,0.2,-0.005703854883764035,risk_only,500,0,1.8540669902534112e-05,5.553560044165973e-05,0.0012407098821770775,0.0,4.336808689942018e-19,0.007624340461552241,0.0,0.0,0.0
24,0.2,0.05,1.5,50.0,0.1,0.9,0.5,10000,0.2,-0.005703854883764035,outcome_based,500,0,-7.919511623522688e-05,0.00016004045986121228,0.0035759101378442207,0.056,0.03902562068315149,0.0797447936467069,0.0,0.00031941587349078597,5.8708124371188635e-05
24,0.2,0.05,1.5,50.0,0.1,0.9,0.5,10000,0.2,-0.005703854883764035,beta_known_mean,500,0,-0.004380860314706096,2.916063251992644e-05,0.004429024497443982,0.0,4.336808689942018e-19,0.007624340461552241,0.0,0.0,0.0
24,0.2,0.05,1.5,50.0,0.1,0.9,0.5,10000,0.3333333333333333,-0.013871973226929596,beta_estimated_mean,500,0,0.006992758916000784,2.7502713508156745e-05,0.0070196951844944105,0.0,4.336808689942018e-19,0.007624340461552241,0.0,0.0,0.0
24,0.2,0.05,1.5,50.0,0.1,0.9,0.5,10000,0.3333333333333333,-0.013871973226929596,risk_only,500,0,2.4216242812203286e-05,3.182287045550022e-05,0.000711281430480008,0.0,4.336808689942018e-19,0.007624340461552241,0.0,0.0,0.0
24,0.2,0.05,1.5,50.0,0.1,0.9,0.5,10000,0.3333333333333333,-0.013871973226929596,outcome_based,500,0,9.327322692940533e-05,0.0001408198959885007,0.0031470607246860817,0.0,4.336808689942018e-19,0.007624340461552241,0.0,0.0,0.0
24,0.2,0.05,1.5,50.0,0.1,0.9,0.5,10000,0.3333333333333333,-0.013871973226929596,beta_known_mean,500,0,0.006990730247047287,2.147338226928816e-05,0.007007167855409004,0.0,4.336808689942018e-19,0.007624340461552241,0.0,0.0,0.0
24,0.2,0.05,1.5,50.0,0.1,0.9,0.5,10000,0.5,-0.002904606341164634,beta_estimated_mean,500,0,0.001921220381083996,4.611115483471207e-06,0.001923979647321532,0.0,4.336808689942018e-19,0.007624340461552241,0.0,0.0,0.0
24,0.2,0.05,1.5,50.0,0.1,0.9,0.5,10000,0.5,-0.002904606341164634,risk_only,500,0,2.7189902174681277e-06,1.020048039136363e-05,0.00022787769354389438,0.0,4.336808689942018e-19,0.007624340461552241,0.0,0.0,0.0
24,0.2,0.05,1.5,50.0,0.1,0.9,0.5,10000,0.5,-0.002904606341164634,outcome_based,500,0,4.360634116463397e-05,7.912926691031282e-05,0.0017681517222766167,0.052,0.035730265115705276,0.07510114393784553,0.004,0.00016265795510521952,2.9896270820604372e-05
24,0.2,0.05,1.5,50.0,0.1,0.9,0.5,10000,0.5,-0.002904606341164634,beta_known_mean,500,0,0.0019212764153061467,4.221884283371363e-06,0.0019235897153904269,0.0,4.336808689942018e-19,0.007624340461552241,0.0,0.0,0.0
25,0.2,0.05,1.5,50.0,0.1,0.9,1.0,500,0.058823529411764705,0.0027238093081188575,beta_estimated_mean,500,0,-0.003111208841359124,0.0002886728719547083,0.007159769684063749,0.52,0.47622345295527013,0.5634715734262677,0.0,0.0014163808402218058,6.0918432141092775e-05
25,0.2,0.05,1.5,50.0,0.1,0.9,1.0,500,0.058823529411764705,0.0027238093081188575,risk_only,500,0,0.0005124711150911354,0.00028296355582522575,0.006341667385830428,0.29,0.2519474198773656,0.33125480311648636,0.0,0.0007899046993544687,5.532922666891407e-05
25,0.2,0.05,1.5,50.0,0.1,0.9,1.0,500,0.058823529411764705,0.0027238093081188575,outcome_based,500,0,3.8190691881318986e-05,0.00014026603695208657,0.0031335386592391333,0.186,0.1543339917500702,0.22245409405978459,0.004,0.0005066285313101075,4.744550804527853e-05
25,0.2,0.05,1.5,50.0,0.1,0.9,1.0,500,0.058823529411764705,0.0027238093081188575,beta_known_mean,500,0,-0.0036384485523642505,1.540365482647274e-05,0.0036546828708693803,1.0,0.9923756595384479,1.0,0.0,0.002723809308118858,1.941422201108567e-20
25,0.2,0.05,1.5,50.0,0.1,0.9,1.0,500,0.1111111111111111,0.009778978274065722,beta_estimated_mean,500,0,-0.013630638370316106,0.00029192844775682733,0.015110267683551452,0.728,0.6873673929547526,0.7651559077947796,0.0,0.007119096183519845,0.00019480197251523797
25,0.2,0.05,1.5,50.0,0.1,0.9,1.0,500,0.1111111111111111,0.009778978274065722,risk_only,500,0,0.0005187234412822898,0.00028044094590330676,0.006286015347894669,0.05,0.034093745243849435,0.0727681611715476,0.0,0.0004889489137032861,9.540914703905035e-05
25,0.2,0.05,1.5,50.0,0.1,0.9,1.0,500,0.1111111111111111,0.009778978274065722,outcome_based,500,0,2.0021725934144045e-05,0.00030151620527607624,0.006735391589915748,0.064,0.04569601604478943,0.08895240883768415,0.006,0.0006258546095402062,0.00010714480525370974
25,0.2,0.05,1.5,50.0,0.1,0.9,1.0,500,0.1111111111111111,0.009778978274065722,beta_known_mean,500,0,-0.014137725699074595,6.21768120074655e-05,0.014205787551629396,1.0,0.9923756595384479,1.0,0.0,0.00977897827406572,7.765688804434268e-20
25,0.2,0.05,1.5,50.0,0.1,0.9,1.0,500,0.2,-0.0013009032492688338,beta_estimated_mean,500,0,-0.00825869774097006,0.0002494327912720403,0.009962541359523826,0.04,0.026040797389777257,0.060973595834850805,0.0,5.203612997075335e-05,1.1411962550345645e-05
25,0.2,0.05,1.5,50.0,0.1,0.9,1.0,500,0.2,-0.0013009032492688338,risk_only,500,0,0.00043493785262439046,0.00023639130928042307,0.005298463516548786,0.416,0.3735974667931464,0.4596834224043944,0.0,0.0005411757516958349,2.870435645202268e-05
25,0.2,0.05,1.5,50.0,0.1,0.9,1.0,500,0.2,-0.0013009032492688338,outcome_based,500,0,0.000707903249268907,0.0007290203311887657,0.01630045944169451,0.51,0.4662736879310782,0.5535738252596908,0.014,0.0006816733026168689,2.9084650236607567e-05
25,0.2,0.05,1.5,50.0,0.1,0.9,1.0,500,0.2,-0.0013009032492688338,beta_known_mean,500,0,-0.008536078309971697,0.00013233367257769817,0.009033450125064181,0.0,4.336808689942018e-19,0.007624340461552241,0.0,0.0,0.0
25,0.2,0.05,1.5,50.0,0.1,0.9,1.0,500,0.3333333333333333,-0.02084692055854607,beta_estimated_mean,500,0,0.01411737207156989,0.00012497338640599798,0.014390752221990454,0.008,0.00311531518006224,0.020387035834105168,0.0,0.00016677536446836855,8.313663997187883e-05
25,0.2,0.05,1.5,50.0,0.1,0.9,1.0,500,0.3333333333333333,-0.02084692055854607,risk_only,500,0,0.0002269117858938471,0.00014468423943991555,0.0032399567899261614,0.0,4.336808689942018e-19,0.007624340461552241,0.0,0.0,0.0
25,0.2,0.05,1.5,50.0,0.1,0.9,1.0,500,0.3333333333333333,-0.02084692055854607,outcome_based,500,0,0.0006849205585460689,0.0005426125401586979,0.012140381879146917,0.044,0.02923395562860718,0.06571944287232845,0.008,0.0010840398690443954,0.00020720368704495791
25,0.2,0.05,1.5,50.0,0.1,0.9,1.0,500,0.3333333333333333,-0.02084692055854607,beta_known_mean,500,0,0.014112720237525814,9.850218874665281e-05,0.014283224790481434,0.0,4.336808689942018e-19,0.007624340461552241,0.0,0.0,0.0
25,0.2,0.05,1.5,50.0,0.1,0.9,1.0,500,0.5,-0.004824246191960727,beta_estimated_mean,500,0,0.0038225139754546884,2.197644827751942e-05,0.0038539086999713366,0.0,4.336808689942018e-19,0.007624340461552241,0.0,0.0,0.0
25,0.2,0.05,1.5,50.0,0.1,0.9,1.0,500,0.5,-0.004824246191960727,risk_only,500,0,0.00011781389539335246,5.262989965012044e-05,0.0011815512583893465,0.0,4.336808689942018e-19,0.007624340461552241,0.0,0.0,0.0
25,0.2,0.05,1.5,50.0,0.1,0.9,1.0,500,0.5,-0.004824246191960727,outcome_based,500,0,8.246191960726706e-06,0.00042266011302497495,0.009441515344460435,0.284,0.2462377719556586,0.32505594312373204,0.062,0.0016691891824184113,0.00010273208760718868
25,0.2,0.05,1.5,50.0,0.1,0.9,1.0,500,0.5,-0.004824246191960727,beta_known_mean,500,0,0.003832737934023162,1.994987484180053e-05,0.0038585594237351955,0.0,4.336808689942018e-19,0.007624340461552241,0.0,0.0,0.0
25,0.2,0.05,1.5,50.0,0.1,0.9,1.0,3000,0.058823529411764705,0.0027238093081188575,beta_estimated_mean,500,0,-0.0035910993359204624,0.00011932613500875639,0.0044722610570064264,0.634,0.5909042816385175,0.6750523951177865,0.0,0.0017268951013473556,5.873697800743134e-05
25,0.2,0.05,1.5,50.0,0.1,0.9,1.0,3000,0.058823529411764705,0.0027238093081188575,risk_only,500,0,6.334450379887935e-05,0.00011662231890557679,0.0026059152699870426,0.144,0.11593807411034973,0.17749045629827542,0.0,0.0003922285403691155,4.280993370026644e-05
25,0.2,0.05,1.5,50.0,0.1,0.9,1.0,3000,0.058823529411764705,0.0027238093081188575,outcome_based,500,0,0.00012781569188149755,5.438419078646226e-05,0.001221556103759795,0.004,0.0010976305226827934,0.014465715215177033,0.0,1.089523723247543e-05,7.69637272313669e-06
25,0.2,0.05,1.5,50.0,0.1,0.9,1.0,3000,0.058823529411764705,0.0027238093081188575,beta_known_mean,500,0,-0.0036624821733176657,7.179501100039261e-06,0.003665991917974777,1.0,0.9923756595384479,1.0,0.0,0.002723809308118858,1.941422201108567e-20
25,0.2,0.05,1.5,50.0,0.1,0.9,1.0,3000,0.1111111111111111,0.009778978274065722,beta_estimated_mean,500,0,-0.014210536667038818,0.0001216937644367986,0.01446821444216084,0.952,0.92957280316411,0.9675347930586469,0.0,0.009309587316910567,9.357984064936313e-05
25,0.2,0.05,1.5,50.0,0.1,0.9,1.0,3000,0.1111111111111111,0.009778978274065722,risk_only,500,0,3.3204493832443724e-05,0.00011661174029129507,0.0026051205782687157,0.0,4.336808689942018e-19,0.007624340461552241,0.0,0.0,0.0
25,0.2,0.05,1.5,50.0,0.1,0.9,1.0,3000,0.1111111111111111,0.009778978274065722,outcome_based,500,0,2.0188392602840304e-05,0.00012422868800216776,0.002775132116790679,0.0,4.336808689942018e-19,0.007624340461552241,0.0,0.0,0.0
25,0.2,0.05,1.5,50.0,0.1,0.9,1.0,3000,0.1111111111111111,0.009778978274065722,beta_known_mean,500,0,-0.014283684522349979,2.8938038989494043e-05,0.014298304485994085,1.0,0.9923756595384479,1.0,0.0,0.00977897827406572,7.765688804434268e-20
25,0.2,0.05,1.5,50.0,0.1,0.9,1.0,3000,0.2,-0.0013009032492688338,beta_estimated_mean,500,0,-0.00883900632639372,0.00010801321198937615,0.009162411962261623,0.0,4.336808689942018e-19,0.007624340461552241,0.0,0.0,0.0
25,0.2,0.05,1.5,50.0,0.1,0.9,1.0,3000,0.2,-0.0013009032492688338,risk_only,500,0,-4.694363595139579e-05,0.00010304144284635281,0.0023022501249737345,0.278,0.2405366075286252,0.31884859963630413,0.0,0.0003616511032967358,2.609069947178738e-05
25,0.2,0.05,1.5,50.0,0.1,0.9,1.0,3000,0.2,-0.0013009032492688338,outcome_based,500,0,-1.0596750731625735e-05,0.00028248944417826597,0.006310345080986202,0.412,0.369688475931219,0.4556534079900142,0.002,0.0005385739451972973,2.868426355369561e-05
25,0.2,0.05,1.5,50.0,0.1,0.9,1.0,3000,0.2,-0.0013009032492688338,beta_known_mean,500,0,-0.00887517920439757,6.140631419454142e-05,0.00898055693630565,0.0,4.336808689942018e-19,0.007624340461552241,0.0,0.0,0.0
25,0.2,0.05,1.5,50.0,0.1,0.9,1.0,3000,0.3333333333333333,-0.02084692055854607,beta_estimated_mean,500,0,0.013885244324539046,5.7146346874437266e-05,0.013943801372930177,0.0,4.336808689942018e-19,0.007624340461552241,0.0,0.0,0.0
25,0.2,0.05,1.5,50.0,0.1,0.9,1.0,3000,0.3333333333333333,-0.02084692055854607,risk_only,500,0,-5.014885033286341e-05,6.557751973109343e-05,0.0014657489700274737,0.0,4.336808689942018e-19,0.007624340461552241,0.0,0.0,0.0
25,0.2,0.05,1.5,50.0,0.1,0.9,1.0,3000,0.3333333333333333,-0.02084692055854607,outcome_based,500,0,0.00024325389187946223,0.00022559837994952123,0.005045353540120151,0.0,4.336808689942018e-19,0.007624340461552241,0.0,0.0,0.0
25,0.2,0.05,1.5,50.0,0.1,0.9,1.0,3000,0.3333333333333333,-0.02084692055854607,beta_known_mean,500,0,0.013892906956453207,4.587666622974625e-05,0.013930653009975496,0.0,4.336808689942018e-19,0.007624340461552241,0.0,0.0,0.0
25,0.2,0.05,1.5,50.0,0.1,0.9,1.0,3000,0.5,-0.004824246191960727,beta_estimated_mean,500,0,0.003818114375303554,1.0091863486495089e-05,0.003824763834736211,0.0,4.336808689942018e-19,0.007624340461552241,0.0,0.0,0.0
25,0.2,0.05,1.5,50.0,0.1,0.9,1.0,3000,0.5,-0.004824246191960727,risk_only,500,0,-1.804069547788201e-05,2.262634851770757e-05,0.0005057562047750523,0.0,4.336808689942018e-19,0.007624340461552241,0.0,0.0,0.0
25,0.2,0.05,1.5,50.0,0.1,0.9,1.0,3000,0.5,-0.004824246191960727,outcome_based,500,0,0.00010157952529406012,0.00017797681354318217,0.003976998332070596,0.1,0.07667756273730172,0.1294219096319401,0.022,0.0005885580354192087,7.068159857331134e-05
25,0.2,0.05,1.5,50.0,0.1,0.9,1.0,3000,0.5,-0.004824246191960727,beta_known_mean,500,0,0.003821202754677843,9.21694073760777e-06,0.0038267455544680863,0.0,4.336808689942018e-19,0.007624340461552241,0.0,0.0,0.0
25,0.2,0.05,1.5,50.0,0.1,0.9,1.0,10000,0.058823529411764705,0.0027238093081188575,beta_estimated_mean,500,0,-0.0036133854288093402,6.697239443967982e-05,0.003910846425520529,0.72,0.6790813332381924,0.7575639569587245,0.0,0.0019611427018455772,5.474843266639887e-05
25,0.2,0.05,1.5,50.0,0.1,0.9,1.0,10000,0.058823529411764705,0.0027238093081188575,risk_only,500,0,4.1883095815090866e-05,6.560732914858989e-05,0.0014661550706125022,0.024,0.013781314655496986,0.041477057463900756,0.0,6.537142339485258e-05,1.8661947208414178e-05
25,0.2,0.05,1.5,50.0,0.1,0.9,1.0,10000,0.058823529411764705,0.0027238093081188575,outcome_based,500,0,-1.9021808122366035e-05,3.173175163083257e-05,0.0007090888208843135,0.0,4.336808689942018e-19,0.007624340461552241,0.0,0.0,0.0
25,0.2,0.05,1.5,50.0,0.1,0.9,1.0,10000,0.058823529411764705,0.0027238093081188575,beta_known_mean,500,0,-0.003653797950744793,3.7442110346960316e-06,0.003654755122287504,1.0,0.9923756595384479,1.0,0.0,0.002723809308118858,1.941422201108567e-20
25,0.2,0.05,1.5,50.0,0.1,0.9,1.0,10000,0.1111111111111111,0.009778978274065722,beta_estimated_mean,500,0,-0.01421350453924256,6.759182501891826e-05,0.014293476485339511,1.0,0.9923756595384479,1.0,0.0,0.00977897827406572,7.765688804434268e-20
25,0.2,0.05,1.5,50.0,0.1,0.9,1.0,10000,0.1111111111111111,0.009778978274065722,risk_only,500,0,4.655481337339687e-05,6.425614621015793e-05,0.001436128358195411,0.0,4.336808689942018e-19,0.007624340461552241,0.0,0.0,0.0
25,0.2,0.05,1.5,50.0,0.1,0.9,1.0,10000,0.1111111111111111,0.009778978274065722,outcome_based,500,0,1.8371725933448435e-05,6.845756957901665e-05,0.0015293366201768863,0.0,4.336808689942018e-19,0.007624340461552241,0.0,0.0,0.0
25,0.2,0.05,1.5,50.0,0.1,0.9,1.0,10000,0.1111111111111111,0.009778978274065722,beta_known_mean,500,0,-0.014251472079950067,1.494716668490967e-05,0.014255382910457286,1.0,0.9923756595384479,1.0,0.0,0.00977897827406572,7.765688804434268e-20
25,0.2,0.05,1.5,50.0,0.1,0.9,1.0,10000,0.2,-0.0013009032492688338,beta_estimated_mean,500,0,-0.008784126905440068,5.807294132935104e-05,0.00887940010821016,0.0,4.336808689942018e-19,0.007624340461552241,0.0,0.0,0.0
25,0.2,0.05,1.5,50.0,0.1,0.9,1.0,10000,0.2,-0.0013009032492688338,risk_only,500,0,3.020178670436005e-05,5.438381823162907e-05,0.0012152178368342525,0.172,0.1414541198436514,0.20754744749912687,0.0,0.00022375535887423942,2.1977288913962073e-05
25,0.2,0.05,1.5,50.0,0.1,0.9,1.0,10000,0.2,-0.0013009032492688338,outcome_based,500,0,9.340324927067382e-05,0.00016215148382737075,0.0036233938396172086,0.354,0.3133423051969017,0.3968840022178716,0.002,0.00046312155673970483,2.7884486951157774e-05
25,0.2,0.05,1.5,50.0,0.1,0.9,1.0,10000,0.2,-0.0013009032492688338,beta_known_mean,500,0,-0.008805733232764741,3.152794080371417e-05,0.008833852459783742,0.0,4.336808689942018e-19,0.007624340461552241,0.0,0.0,0.0
25,0.2,0.05,1.5,50.0,0.1,0.9,1.0,10000,0.3333333333333333,-0.02084692055854607,beta_estimated_mean,500,0,0.01394647848989072,2.9907978424648335e-05,0.013962471535102076,0.0,4.336808689942018e-19,0.007624340461552241,0.0,0.0,0.0
25,0.2,0.05,1.5,50.0,0.1,0.9,1.0,10000,0.3333333333333333,-0.02084692055854607,risk_only,500,0,-1.6252508245483785e-05,3.4787119387340316e-05,0.0007772553235478898,0.0,4.336808689942018e-19,0.007624340461552241,0.0,0.0,0.0
25,0.2,0.05,1.5,50.0,0.1,0.9,1.0,10000,0.3333333333333333,-0.02084692055854607,outcome_based,500,0,4.872055854606847e-05,0.0001287902456506243,0.0028773686682148276,0.0,4.336808689942018e-19,0.007624340461552241,0.0,0.0,0.0
25,0.2,0.05,1.5,50.0,0.1,0.9,1.0,10000,0.3333333333333333,-0.02084692055854607,beta_known_mean,500,0,0.013944371046800132,2.3742063904582944e-05,0.013954453160352218,0.0,4.336808689942018e-19,0.007624340461552241,0.0,0.0,0.0
25,0.2,0.05,1.5,50.0,0.1,0.9,1.0,10000,0.5,-0.004824246191960727,beta_estimated_mean,500,0,0.003834154908268565,5.271072138926167e-06,0.0038359624838031608,0.0,4.336808689942018e-19,0.007624340461552241,0.0,0.0,0.0
25,0.2,0.05,1.5,50.0,0.1,0.9,1.0,10000,0.5,-0.004824246191960727,risk_only,500,0,-1.04210870982018e-05,1.257790721082417e-05,0.00028116235560358277,0.0,4.336808689942018e-19,0.007624340461552241,0.0,0.0,0.0
25,0.2,0.05,1.5,50.0,0.1,0.9,1.0,10000,0.5,-0.004824246191960727,outcome_based,500,0,6.104619196072673e-05,9.769780571990843e-05,0.0021832572907362307,0.014,0.00679778979084349,0.02861306913778529,0.002,7.718793907137163e-05,2.709796830311942e-05
25,0.2,0.05,1.5,50.0,0.1,0.9,1.0,10000,0.5,-0.004824246191960727,beta_known_mean,500,0,0.0038346053178887223,4.820777469575005e-06,0.00383611713217814,0.0,4.336808689942018e-19,0.007624340461552241,0.0,0.0,0.0
26,0.2,0.05,1.5,50.0,0.5,0.1,0.5,500,0.058823529411764705,-0.0035805841352521683,beta_estimated_mean,500,0,0.002617372585525595,0.0002959308804122542,0.007109895017246409,0.448,0.4049726694186174,0.4918202619893841,0.0,0.0016041016925929714,7.970988014848841e-05
26,0.2,0.05,1.5,50.0,0.5,0.1,0.5,500,0.058823529411764705,-0.0035805841352521683,risk_only,500,0,-4.980559252562799e-06,0.0002949609507176768,0.006588930419093837,0.292,0.2538524938356277,0.3333192317963781,0.0,0.001045530567493633,7.288055392855178e-05
26,0.2,0.05,1.5,50.0,0.5,0.1,0.5,500,0.058823529411764705,-0.0035805841352521683,outcome_based,500,0,0.00015108413525199619,0.00015587905908788312,0.003485350580060003,0.144,0.11593807411034973,0.17749045629827542,0.006,0.0005370876202878252,5.723460667774427e-05
26,0.2,0.05,1.5,50.0,0.5,0.1,0.5,500,0.058823529411764705,-0.0035805841352521683,beta_known_mean,500,0,0.0026553872267578516,1.0043071843353041e-05,0.0026648474828331317,0.0,4.336808689942018e-19,0.007624340461552241,0.0,0.0,0.0
26,0.2,0.05,1.5,50.0,0.5,0.1,0.5,500,0.1111111111111111,-0.010164465048320026,beta_estimated_mean,500,0,0.00566616070062353,0.0002787304704603248,0.00841861176154623,0.252,0.21593384838137186,0.2918478244875581,0.0,0.0025614451921766464,0.00019755377064910562
26,0.2,0.05,1.5,50.0,0.5,0.1,0.5,500,0.1111111111111111,-0.010164465048320026,risk_only,500,0,-1.5543761468879813e-05,0.00028234423876779256,0.006307111694114618,0.038,0.024460118055830385,0.05858477253064388,0.0,0.000386249671836161,8.699886531301368e-05
26,0.2,0.05,1.5,50.0,0.5,0.1,0.5,500,0.1111111111111111,-0.010164465048320026,outcome_based,500,0,6.596504832014832e-05,0.0003688121341286865,0.008238903090678845,0.114,0.08903690099400285,0.1448490898423155,0.006,0.001219735805798403,0.00014786528106096365
26,0.2,0.05,1.5,50.0,0.5,0.1,0.5,500,0.1111111111111111,-0.010164465048320026,beta_known_mean,500,0,0.005712712623961535,4.311919800448868e-05,0.005793346086417425,0.0,4.336808689942018e-19,0.007624340461552241,0.0,0.0,0.0
26,0.2,0.05,1.5,50.0,0.5,0.1,0.5,500,0.2,-0.00990740245861852,beta_estimated_mean,500,0,-0.00020265452515933337,0.00020479405829802727,0.004579239173415304,0.012,0.005510995174027703,0.025930361116447292,0.0,0.00011888882950342225,4.829238205158254e-05
26,0.2,0.05,1.5,50.0,0.5,0.1,0.5,500,0.2,-0.00990740245861852,risk_only,500,0,2.4907155144573492e-05,0.00021448051539073846,0.004791196532812396,0.02,0.010899183596210813,0.036420183246879345,0.0,0.00019814804917237043,6.209227440980678e-05
26,0.2,0.05,1.5,50.0,0.5,0.1,0.5,500,0.2,-0.00990740245861852,outcome_based,500,0,0.00018340245861848544,0.0006578747954535017,0.014696954121920219,0.238,0.2027590191807921,0.2772361352210613,0.01,0.002457035809737393,0.00019153330079800057
26,0.2,0.05,1.5,50.0,0.5,0.1,0.5,500,0.2,-0.00990740245861852,beta_known_mean,500,0,-0.00017002343381783476,9.557797833527733e-05,0.002141809466183657,0.0,4.336808689942018e-19,0.007624340461552241,0.0,0.0,0.0
26,0.2,0.05,1.5,50.0,0.5,0.1,0.5,500,0.3333333333333333,-0.0031138498560049606,beta_estimated_mean,500,0,-0.0037706022042393156,8.383986354863033e-05,0.0042101037065399,0.0,4.336808689942018e-19,0.007624340461552241,0.0,0.0,0.0
26,0.2,0.05,1.5,50.0,0.5,0.1,0.5,500,0.3333333333333333,-0.0031138498560049606,risk_only,500,0,-4.046107179581442e-05,9.038005130448976e-05,0.00201934280932143,0.06,0.0423483564809462,0.08436106312521979,0.0,0.00018683099136029762,3.310449346234598e-05
26,0.2,0.05,1.5,50.0,0.5,0.1,0.5,500,0.3333333333333333,-0.0031138498560049606,outcome_based,500,0,-0.00020615014399504134,0.0005937105223665296,0.013264090541076278,0.37,0.32882226377423945,0.4131600647457642,0.03,0.0012455399424019845,6.828935580739793e-05
26,0.2,0.05,1.5,50.0,0.5,0.1,0.5,500,0.3333333333333333,-0.0031138498560049606,beta_known_mean,500,0,-0.003754526885597344,6.743395117561457e-05,0.0040454410986293845,0.0,4.336808689942018e-19,0.007624340461552241,0.0,0.0,0.0
26,0.2,0.05,1.5,50.0,0.5,0.1,0.5,500,0.5,-0.000489612340022798,beta_estimated_mean,500,0,-0.0005035684027852505,1.329103509116759e-05,0.0005845770193629047,0.0,4.336808689942018e-19,0.007624340461552241,0.0,0.0,0.0
26,0.2,0.05,1.5,50.0,0.5,0.1,0.5,500,0.5,-0.000489612340022798,risk_only,500,0,1.4255662385241546e-05,2.210823934136154e-05,0.0004940663650267342,0.138,0.1105180088988837,0.17100201359528017,0.026,8.029642376373885e-05,8.115721681229295e-06
26,0.2,0.05,1.5,50.0,0.5,0.1,0.5,500,0.5,-0.000489612340022798,outcome_based,500,0,0.0001776123400227979,0.00016459494217617977,0.003681059921181449,0.35,0.3094801731446609,0.39280712899380477,0.23,0.00028397515721322275,1.0817844246556345e-05
26,0.2,0.05,1.5,50.0,0.5,0.1,0.5,500,0.5,-0.000489612340022798,beta_known_mean,500,0,-0.000499608626892578,1.2648858853344957e-05,0.0005739735199302464,0.0,4.336808689942018e-19,0.007624340461552241,0.0,0.0,0.0
26,0.2,0.05,1.5,50.0,0.5,0.1,0.5,3000,0.058823529411764705,-0.0035805841352521683,beta_estimated_mean,500,0,0.0024214480319930667,0.00011376491762621921,0.003510227393832316,0.31,0.2710389112735686,0.3518583381018213,0.0,0.001109981081928172,7.41325608179975e-05
26,0.2,0.05,1.5,50.0,0.5,0.1,0.5,3000,0.058823529411764705,-0.0035805841352521683,risk_only,500,0,-0.00022975137336947004,0.00011293748659216178,0.0025332723415702396,0.062,0.044019209142681565,0.08665971310163822,0.0,0.00022199621638563445,3.865457246845687e-05
26,0.2,0.05,1.5,50.0,0.5,0.1,0.5,3000,0.058823529411764705,-0.0035805841352521683,outcome_based,500,0,-2.8499198081533617e-05,6.291454251502864e-05,0.0014056933501191107,0.0,4.336808689942018e-19,0.007624340461552241,0.0,0.0,0.0
26,0.2,0.05,1.5,50.0,0.5,0.1,0.5,3000,0.058823529411764705,-0.0035805841352521683,beta_known_mean,500,0,0.0026541325105783166,3.824520603860111e-06,0.0026555071522546465,0.0,4.336808689942018e-19,0.007624340461552241,0.0,0.0,0.0
26,0.2,0.05,1.5,50.0,0.5,0.1,0.5,3000,0.1111111111111111,-0.010164465048320026,beta_estimated_mean,500,0,0.005486330105592179,0.00010786484072745049,0.00599212776367803,0.024,0.013781314655496986,0.041477057463900756,0.0,0.00024394716115968063,6.964096552872272e-05
26,0.2,0.05,1.5,50.0,0.5,0.1,0.5,3000,0.1111111111111111,-0.010164465048320026,risk_only,500,0,-0.00019735251854133894,0.00010929672723804307,0.002449467193996126,0.0,4.336808689942018e-19,0.007624340461552241,0.0,0.0,0.0
26,0.2,0.05,1.5,50.0,0.5,0.1,0.5,3000,0.1111111111111111,-0.010164465048320026,outcome_based,500,0,-6.451618348508937e-06,0.00014306186031879555,0.0031957663973511473,0.0,4.336808689942018e-19,0.007624340461552241,0.0,0.0,0.0
26,0.2,0.05,1.5,50.0,0.5,0.1,0.5,3000,0.1111111111111111,-0.010164465048320026,beta_known_mean,500,0,0.005700583990762649,1.688689265248702e-05,0.005713051394861092,0.0,4.336808689942018e-19,0.007624340461552241,0.0,0.0,0.0
26,0.2,0.05,1.5,50.0,0.5,0.1,0.5,3000,0.2,-0.00990740245861852,beta_estimated_mean,500,0,-0.00031826724581603393,8.097013121452693e-05,0.0018365236050917728,0.0,4.336808689942018e-19,0.007624340461552241,0.0,0.0,0.0
26,0.2,0.05,1.5,50.0,0.5,0.1,0.5,3000,0.2,-0.00990740245861852,risk_only,500,0,-0.00012924013750455237,8.4507860328576e-05,0.001892181456240901,0.0,4.336808689942018e-19,0.007624340461552241,0.0,0.0,0.0
26,0.2,0.05,1.5,50.0,0.5,0.1,0.5,3000,0.2,-0.00990740245861852,outcome_based,500,0,0.0005002357919515369,0.00027087088029134767,0.006071439838182074,0.064,0.04569601604478943,0.08895240883768415,0.0,0.0006340737573515853,0.00010855190360878719
26,0.2,0.05,1.5,50.0,0.5,0.1,0.5,3000,0.2,-0.00990740245861852,beta_known_mean,500,0,-0.00018859413653117646,3.7889939310250196e-05,0.0008671538798276965,0.0,4.336808689942018e-19,0.007624340461552241,0.0,0.0,0.0
26,0.2,0.05,1.5,50.0,0.5,0.1,0.5,3000,0.3333333333333333,-0.0031138498560049606,beta_estimated_mean,500,0,-0.0038035920924095246,3.346524347382563e-05,0.0038763583610523828,0.0,4.336808689942018e-19,0.007624340461552241,0.0,0.0,0.0
26,0.2,0.05,1.5,50.0,0.5,0.1,0.5,3000,0.3333333333333333,-0.0031138498560049606,risk_only,500,0,-3.1625113305484315e-05,3.655098578739017e-05,0.0008170994151537217,0.0,4.336808689942018e-19,0.007624340461552241,0.0,0.0,0.0
26,0.2,0.05,1.5,50.0,0.5,0.1,0.5,3000,0.3333333333333333,-0.0031138498560049606,outcome_based,500,0,-0.00015448347732838913,0.00023325099940646598,0.005212722271337785,0.268,0.23105397343634806,0.30848372053781226,0.008,0.000859422560257369,6.231193232979001e-05
26,0.2,0.05,1.5,50.0,0.5,0.1,0.5,3000,0.3333333333333333,-0.0031138498560049606,beta_known_mean,500,0,-0.0037732608833154907,2.6282022450153803e-05,0.0038186619778254687,0.0,4.336808689942018e-19,0.007624340461552241,0.0,0.0,0.0
26,0.2,0.05,1.5,50.0,0.5,0.1,0.5,3000,0.5,-0.000489612340022798,beta_estimated_mean,500,0,-0.0004967259759745034,5.0315715133895984e-06,0.0005092835501399052,0.0,4.336808689942018e-19,0.007624340461552241,0.0,0.0,0.0
26,0.2,0.05,1.5,50.0,0.5,0.1,0.5,3000,0.5,-0.000489612340022798,risk_only,500,0,1.422333822624139e-05,8.505652826109678e-06,0.00019053351993665975,0.002,0.00035313639455927456,0.011240706705146758,0.0,9.792246800455958e-07,9.792246800455956e-07
26,0.2,0.05,1.5,50.0,0.5,0.1,0.5,3000,0.5,-0.000489612340022798,outcome_based,500,0,-1.7054326643868695e-05,6.611259398556627e-05,0.001476941947648567,0.336,0.29598800782704915,0.37851277584434007,0.084,0.00020563718280957515,1.0817844246556341e-05
26,0.2,0.05,1.5,50.0,0.5,0.1,0.5,3000,0.5,-0.000489612340022798,beta_known_mean,500,0,-0.00049466317565227,4.701520450889985e-06,0.0005056893318302323,0.0,4.336808689942018e-19,0.007624340461552241,0.0,0.0,0.0
26,0.2,0.05,1.5,50.0,0.5,0.1,0.5,10000,0.058823529411764705,-0.0035805841352521683,beta_estimated_mean,500,0,0.0027353172218709696,6.161335645374381e-05,0.0030620690627937304,0.254,0.21782025491518664,0.2939309205918972,0.0,0.0009094683703540507,6.977339935802008e-05
26,0.2,0.05,1.5,50.0,0.5,0.1,0.5,10000,0.058823529411764705,-0.0035805841352521683,risk_only,500,0,8.036972401293746e-05,6.112424302356952e-05,0.001367775442846853,0.012,0.005510995174027703,0.025930361116447292,0.0,4.296700962302602e-05,1.7453105165523287e-05
26,0.2,0.05,1.5,50.0,0.5,0.1,0.5,10000,0.058823529411764705,-0.0035805841352521683,outcome_based,500,0,-2.3540864744263258e-05,3.5518331675634224e-05,0.0007937685827355906,0.0,4.336808689942018e-19,0.007624340461552241,0.0,0.0,0.0
26,0.2,0.05,1.5,50.0,0.5,0.1,0.5,10000,0.058823529411764705,-0.0035805841352521683,beta_known_mean,500,0,0.0026523877702838484,2.176225805097745e-06,0.00265283322645242,0.0,4.336808689942018e-19,0.007624340461552241,0.0,0.0,0.0
26,0.2,0.05,1.5,50.0,0.5,0.1,0.5,10000,0.1111111111111111,-0.010164465048320026,beta_estimated_mean,500,0,0.005766191191793389,5.818624777301684e-05,0.005910870911789329,0.0,4.336808689942018e-19,0.007624340461552241,0.0,0.0,0.0
26,0.2,0.05,1.5,50.0,0.5,0.1,0.5,10000,0.1111111111111111,-0.010164465048320026,risk_only,500,0,6.352828122037127e-05,5.8744381753349796e-05,0.0013137869438835507,0.0,4.336808689942018e-19,0.007624340461552241,0.0,0.0,0.0
26,0.2,0.05,1.5,50.0,0.5,0.1,0.5,10000,0.1111111111111111,-0.010164465048320026,outcome_based,500,0,-9.859951679097034e-06,8.10341844028454e-05,0.0018101934152245877,0.0,4.336808689942018e-19,0.007624340461552241,0.0,0.0,0.0
26,0.2,0.05,1.5,50.0,0.5,0.1,0.5,10000,0.1111111111111111,-0.010164465048320026,beta_known_mean,500,0,0.005692335611915753,9.3797590834014e-06,0.005696190540969916,0.0,4.336808689942018e-19,0.007624340461552241,0.0,0.0,0.0
26,0.2,0.05,1.5,50.0,0.5,0.1,0.5,10000,0.2,-0.00990740245861852,beta_estimated_mean,500,0,-0.0001600245078299622,4.325983239482772e-05,0.000979511602494675,0.0,4.336808689942018e-19,0.007624340461552241,0.0,0.0,0.0
26,0.2,0.05,1.5,50.0,0.5,0.1,0.5,10000,0.2,-0.00990740245861852,risk_only,500,0,3.823448318319394e-05,4.588035160150356e-05,0.001025602359874432,0.0,4.336808689942018e-19,0.007624340461552241,0.0,0.0,0.0
26,0.2,0.05,1.5,50.0,0.5,0.1,0.5,10000,0.2,-0.00990740245861852,outcome_based,500,0,0.00020685245861745732,0.00013983966590106186,0.0031306227634668904,0.0,4.336808689942018e-19,0.007624340461552241,0.0,0.0,0.0
26,0.2,0.05,1.5,50.0,0.5,0.1,0.5,10000,0.2,-0.00990740245861852,beta_known_mean,500,0,-0.00020534539764365285,2.0789469181477222e-05,0.000507775092662468,0.0,4.336808689942018e-19,0.007624340461552241,0.0,0.0,0.0
26,0.2,0.05,1.5,50.0,0.5,0.1,0.5,10000,0.3333333333333333,-0.0031138498560049606,beta_estimated_mean,500,0,-0.003774604006729412,1.799919963584301e-05,0.0037959579858312005,0.0,4.336808689942018e-19,0.007624340461552241,0.0,0.0,0.0
26,0.2,0.05,1.5,50.0,0.5,0.1,0.5,10000,0.3333333333333333,-0.0031138498560049606,risk_only,500,0,1.2924645150503748e-05,1.925862447513874e-05,0.00043039918700294783,0.0,4.336808689942018e-19,0.007624340461552241,0.0,0.0,0.0
26,0.2,0.05,1.5,50.0,0.5,0.1,0.5,10000,0.3333333333333333,-0.0031138498560049606,outcome_based,500,0,0.00015714985600500764,0.0001281572032993651,0.0028671250735261412,0.146,0.11774876682646929,0.1796492662203097,0.002,0.00046084977868873414,4.949918520194112e-05
26,0.2,0.05,1.5,50.0,0.5,0.1,0.5,10000,0.3333333333333333,-0.0031138498560049606,beta_known_mean,500,0,-0.003786207685705914,1.4663181705415317e-05,0.0038003497311778845,0.0,4.336808689942018e-19,0.007624340461552241,0.0,0.0,0.0
26,0.2,0.05,1.5,50.0,0.5,0.1,0.5,10000,0.5,-0.000489612340022798,beta_estimated_mean,500,0,-0.0004953208129104035,2.8295212153295637e-06,0.0004993373575709262,0.0,4.336808689942018e-19,0.007624340461552241,0.0,0.0,0.0
26,0.2,0.05,1.5,50.0,0.5,0.1,0.5,10000,0.5,-0.000489612340022798,risk_only,500,0,-3.2728327515680907e-06,4.75491583404138e-06,0.0001062671845116809,0.0,4.336808689942018e-19,0.007624340461552241,0.0,0.0,0.0
26,0.2,0.05,1.5,50.0,0.5,0.1,0.5,10000,0.5,-0.000489612340022798,outcome_based,500,0,9.761234002279796e-05,3.833759959995112e-05,0.0008619420913986776,0.312,0.27295294872528497,0.3539138032882587,0.042,0.00017332276836807048,1.0481416340710434e-05
26,0.2,0.05,1.5,50.0,0.5,0.1,0.5,10000,0.5,-0.000489612340022798,beta_known_mean,500,0,-0.0004959838897038397,2.713154942558641e-06,0.000499673155679964,0.0,4.336808689942018e-19,0.007624340461552241,0.0,0.0,0.0
27,0.2,0.05,1.5,50.0,0.5,0.1,1.0,500,0.058823529411764705,-0.006233335192457279,beta_estimated_mean,500,0,0.004990045263737827,0.000270994534905071,0.007845134330934799,0.418,0.3755530480719333,0.4616973437637613,0.0,0.0026055341104471424,0.00013763213337904
27,0.2,0.05,1.5,50.0,0.5,0.1,1.0,500,0.058823529411764705,-0.006233335192457279,risk_only,500,0,-0.00030337596752787107,0.0002660655447785543,0.005951191743063704,0.132,0.10511672384831994,0.1644947907313825,0.0,0.0008228002454043608,9.445327843978773e-05
27,0.2,0.05,1.5,50.0,0.5,0.1,1.0,500,0.058823529411764705,-0.006233335192457279,outcome_based,500,0,5.683519245698915e-05,0.0001894412084074768,0.004232177688743854,0.074,0.054161184751011976,0.10033475332223055,0.004,0.00048620014501166777,7.483124492733056e-05
27,0.2,0.05,1.5,50.0,0.5,0.1,1.0,500,0.058823529411764705,-0.006233335192457279,beta_known_mean,500,0,0.005303196492740355,7.888352199368624e-06,0.005306123242511789,0.0,4.336808689942018e-19,0.007624340461552241,0.0,0.0,0.0
27,0.2,0.05,1.5,50.0,0.5,0.1,1.0,500,0.1111111111111111,-0.015858880058998437,beta_estimated_mean,500,0,0.011048865293033679,0.00024556757820062033,0.012335673413308242,0.188,0.15617996413496654,0.22457762431304207,0.0,0.0029814694510917057,0.00027738257851386844
27,0.2,0.05,1.5,50.0,0.5,0.1,1.0,500,0.1111111111111111,-0.015858880058998437,risk_only,500,0,-0.00035030818726235424,0.0002442198390404691,0.005466693460105331,0.002,0.00035313639455927456,0.011240706705146758,0.0,3.1717760117996874e-05,3.171776011799687e-05
27,0.2,0.05,1.5,50.0,0.5,0.1,1.0,500,0.1111111111111111,-0.015858880058998437,outcome_based,500,0,9.038005899863439e-05,0.0003619538460540819,0.008085941584321658,0.02,0.010899183596210813,0.036420183246879345,0.0,0.00031717760117996874,9.9391736286935e-05
27,0.2,0.05,1.5,50.0,0.5,0.1,1.0,500,0.1111111111111111,-0.015858880058998437,beta_known_mean,500,0,0.011358253722937726,3.483352206137616e-05,0.011384875993614058,0.0,4.336808689942018e-19,0.007624340461552241,0.0,0.0,0.0
27,0.2,0.05,1.5,50.0,0.5,0.1,1.0,500,0.2,-0.009707998398977832,beta_estimated_mean,500,0,-0.0006828388244554755,0.00016354405355683703,0.0037165643986927926,0.002,0.00035313639455927456,0.011240706705146758,0.0,1.9415996797955666e-05,1.9415996797955666e-05
27,0.2,0.05,1.5,50.0,0.5,0.1,1.0,500,0.2,-0.009707998398977832,risk_only,500,0,-0.00029055704236177825,0.00018385362665951558,0.004117244133732956,0.01,0.004278753896590496,0.023193099755730702,0.0,9.707998398977833e-05,4.3241128594342174e-05
27,0.2,0.05,1.5,50.0,0.5,0.1,1.0,500,0.2,-0.009707998398977832,outcome_based,500,0,-0.00021600160102223354,0.0006680561698631227,0.014924807559618477,0.236,0.20088129547155886,0.27514435629214073,0.01,0.002388167606148547,0.000187168452531652
27,0.2,0.05,1.5,50.0,0.5,0.1,1.0,500,0.2,-0.009707998398977832,beta_known_mean,500,0,-0.0005002059528066448,7.831357295788153e-05,0.0018195001605464316,0.0,4.336808689942018e-19,0.007624340461552241,0.0,0.0,0.0
27,0.2,0.05,1.5,50.0,0.5,0.1,1.0,500,0.3333333333333333,0.0006693261833032012,beta_estimated_mean,500,0,-0.0076394260090100466,5.956844446065451e-05,0.007754449118750779,1.0,0.9923756595384479,1.0,0.0,0.0006693261833032011,4.8535555027714175e-21
27,0.2,0.05,1.5,50.0,0.5,0.1,1.0,500,0.3333333333333333,0.0006693261833032012,risk_only,500,0,-5.7195882003041075e-05,5.546540864364561e-05,0.0012403228351382546,0.342,0.3017655066658599,0.38464378491999074,0.0,0.00022890955468969482,1.4213909353373573e-05
27,0.2,0.05,1.5,50.0,0.5,0.1,1.0,500,0.3333333333333333,0.0006693261833032012,outcome_based,500,0,-1.1326183303201107e-05,0.0006002421622200603,0.013408399020107814,0.452,0.4089073378092892,0.49582459887502,0.044,0.00030253543485304695,1.4912382622365736e-05
27,0.2,0.05,1.5,50.0,0.5,0.1,1.0,500,0.3333333333333333,0.0006693261833032012,beta_known_mean,500,0,-0.007607336361314867,5.4195150471886475e-05,0.007703063453405006,1.0,0.9923756595384479,1.0,0.0,0.0006693261833032011,4.8535555027714175e-21
27,0.2,0.05,1.5,50.0,0.5,0.1,1.0,500,0.5,5.741810322944912e-06,beta_estimated_mean,500,0,-0.0009946907877721642,9.241669942749087e-06,0.0010158880777333856,1.0,0.9923756595384479,1.0,0.0,5.7418103229449125e-06,3.79184023654017e-23
27,0.2,0.05,1.5,50.0,0.5,0.1,1.0,500,0.5,5.741810322944912e-06,risk_only,500,0,-1.209774109519302e-06,2.104215058384083e-06,4.702016948448079e-05,0.09,0.0679425478891394,0.11830941128933344,0.766,5.167629290650419e-07,7.355979662076173e-08
27,0.2,0.05,1.5,50.0,0.5,0.1,1.0,500,0.5,5.741810322944912e-06,outcome_based,500,0,2.6258189677054982e-05,4.5980217058224534e-05,0.0010274558348294664,0.106,0.08195705027297034,0.13605093001073285,0.772,6.086318942321607e-07,7.912619117117118e-08
27,0.2,0.05,1.5,50.0,0.5,0.1,1.0,500,0.5,5.741810322944912e-06,beta_known_mean,500,0,-0.0009934983337750944,9.73901733040229e-06,0.0010170389963203305,1.0,0.9923756595384479,1.0,0.0,5.7418103229449125e-06,3.79184023654017e-23
27,0.2,0.05,1.5,50.0,0.5,0.1,1.0,3000,0.058823529411764705,-0.006233335192457279,beta_estimated_mean,500,0,0.005373329008275675,0.00010867322018136073,0.005896252127808437,0.358,0.317207603401289,0.40095770928979185,0.0,0.002231533998899706,0.0001337763172112894
27,0.2,0.05,1.5,50.0,0.5,0.1,1.0,3000,0.058823529411764705,-0.006233335192457279,risk_only,500,0,6.857628447112823e-05,0.00010642799886209421,0.0023784102376892507,0.006,0.0020425962719602363,0.01749025210405338,0.0,3.7400011154743674e-05,2.1549590703968927e-05
27,0.2,0.05,1.5,50.0,0.5,0.1,1.0,3000,0.058823529411764705,-0.006233335192457279,outcome_based,500,0,-2.066480754332861e-05,7.76141090758185e-05,0.0017338910139220681,0.0,4.336808689942018e-19,0.007624340461552241,0.0,0.0,0.0
27,0.2,0.05,1.5,50.0,0.5,0.1,1.0,3000,0.058823529411764705,-0.006233335192457279,beta_known_mean,500,0,0.005304946265511886,3.156125847893797e-06,0.00530541473251828,0.0,4.336808689942018e-19,0.007624340461552241,0.0,0.0,0.0
27,0.2,0.05,1.5,50.0,0.5,0.1,1.0,3000,0.1111111111111111,-0.015858880058998437,beta_estimated_mean,500,0,0.011439554404189586,9.784971700081432e-05,0.01164650651302209,0.014,0.00679778979084349,0.02861306913778529,0.0,0.00022202432082597812,8.341126679952341e-05
27,0.2,0.05,1.5,50.0,0.5,0.1,1.0,3000,0.1111111111111111,-0.015858880058998437,risk_only,500,0,7.193776488114792e-05,9.780069226729586e-05,0.002185886037877841,0.0,4.336808689942018e-19,0.007624340461552241,0.0,0.0,0.0
27,0.2,0.05,1.5,50.0,0.5,0.1,1.0,3000,0.1111111111111111,-0.015858880058998437,outcome_based,500,0,-5.786607670947464e-06,0.00013901420874791058,0.0031053475894814676,0.0,4.336808689942018e-19,0.007624340461552241,0.0,0.0,0.0
27,0.2,0.05,1.5,50.0,0.5,0.1,1.0,3000,0.1111111111111111,-0.015858880058998437,beta_known_mean,500,0,0.01138226785433315,1.3952494521435408e-05,0.011386534279023084,0.0,4.336808689942018e-19,0.007624340461552241,0.0,0.0,0.0
27,0.2,0.05,1.5,50.0,0.5,0.1,1.0,3000,0.2,-0.009707998398977832,beta_estimated_mean,500,0,-0.0003832045749510594,6.417903695648468e-05,0.0014839815328398372,0.0,4.336808689942018e-19,0.007624340461552241,0.0,0.0,0.0
27,0.2,0.05,1.5,50.0,0.5,0.1,1.0,3000,0.2,-0.009707998398977832,risk_only,500,0,2.3534391480945993e-05,7.107159623057549e-05,0.0015877936236087461,0.0,4.336808689942018e-19,0.007624340461552241,0.0,0.0,0.0
27,0.2,0.05,1.5,50.0,0.5,0.1,1.0,3000,0.2,-0.009707998398977832,outcome_based,500,0,-3.8349343558326805e-06,0.00027314158790448965,0.006101522097081315,0.048,0.03246520694135317,0.07042719683589006,0.0,0.00046598392315093596,9.290059940207948e-05
27,0.2,0.05,1.5,50.0,0.5,0.1,1.0,3000,0.2,-0.009707998398977832,beta_known_mean,500,0,-0.00041961568692117535,3.1371625507137604e-05,0.0008168124566284558,0.0,4.336808689942018e-19,0.007624340461552241,0.0,0.0,0.0
27,0.2,0.05,1.5,50.0,0.5,0.1,1.0,3000,0.3333333333333333,0.0006693261833032012,beta_estimated_mean,500,0,-0.00756353580807924,2.3044037013760073e-05,0.007581032694389385,1.0,0.9923756595384479,1.0,0.0,0.0006693261833032011,4.8535555027714175e-21
27,0.2,0.05,1.5,50.0,0.5,0.1,1.0,3000,0.3333333333333333,0.0006693261833032012,risk_only,500,0,-1.0547611154540701e-05,2.1371497709714682e-05,0.0004775195999798135,0.078,0.05758139347616159,0.10485354987338852,0.0,5.220744229764969e-05,8.035266837510194e-06
27,0.2,0.05,1.5,50.0,0.5,0.1,1.0,3000,0.3333333333333333,0.0006693261833032012,outcome_based,500,0,-7.699284996986844e-05,0.00022795488924286326,0.005092708535963921,0.444,0.4010408191814197,0.4878131069502743,0.016,0.0002971808253866213,1.4887316536105154e-05
27,0.2,0.05,1.5,50.0,0.5,0.1,1.0,3000,0.3333333333333333,0.0006693261833032012,beta_known_mean,500,0,-0.007575289509666165,2.1703485552331695e-05,0.007590787887731633,1.0,0.9923756595384479,1.0,0.0,0.0006693261833032011,4.8535555027714175e-21
27,0.2,0.05,1.5,50.0,0.5,0.1,1.0,3000,0.5,5.741810322944912e-06,beta_estimated_mean,500,0,-0.000990288560871185,3.6195281048567363e-06,0.0009935838287027142,1.0,0.9923756595384479,1.0,0.0,5.7418103229449125e-06,3.79184023654017e-23
27,0.2,0.05,1.5,50.0,0.5,0.1,1.0,3000,0.5,5.741810322944912e-06,risk_only,500,0,-1.2318050975305958e-06,9.203058466543772e-07,2.059494614316899e-05,0.212,0.17843950428829852,0.24995211581755555,0.292,1.2172637884643213e-06,1.0505811594895181e-07
27,0.2,0.05,1.5,50.0,0.5,0.1,1.0,3000,0.5,5.741810322944912e-06,outcome_based,500,0,9.248563437217637e-07,1.6452193856708922e-05,0.0003675153357697107,0.266,0.2291604018204711,0.30640778951553543,0.436,1.5273215459033465e-06,1.13576221739306e-07
27,0.2,0.05,1.5,50.0,0.5,0.1,1.0,3000,0.5,5.741810322944912e-06,beta_known_mean,500,0,-0.0009912238400649751,3.888286617803608e-06,0.0009950220946046517,1.0,0.9923756595384479,1.0,0.0,5.7418103229449125e-06,3.79184023654017e-23
27,0.2,0.05,1.5,50.0,0.5,0.1,1.0,10000,0.058823529411764705,-0.006233335192457279,beta_estimated_mean,500,0,0.005368236653498974,6.280170802445128e-05,0.005548517637967216,0.26,0.22348572318538285,0.3001739602361623,0.0,0.0016206671500388924,0.00012239755497431618
27,0.2,0.05,1.5,50.0,0.5,0.1,1.0,10000,0.058823529411764705,-0.006233335192457279,risk_only,500,0,5.948869837987497e-05,6.177834225041572e-05,0.0013813052259614715,0.002,0.00035313639455927456,0.011240706705146758,0.0,1.2466670384914558e-05,1.2466670384914563e-05
27,0.2,0.05,1.5,50.0,0.5,0.1,1.0,10000,0.058823529411764705,-0.006233335192457279,outcome_based,500,0,3.679769246322445e-05,3.968169227542616e-05,0.0008871853156976757,0.0,4.336808689942018e-19,0.007624340461552241,0.0,0.0,0.0
27,0.2,0.05,1.5,50.0,0.5,0.1,1.0,10000,0.058823529411764705,-0.006233335192457279,beta_known_mean,500,0,0.005303275936504404,1.726000300177266e-06,0.005303416089479283,0.0,4.336808689942018e-19,0.007624340461552241,0.0,0.0,0.0
27,0.2,0.05,1.5,50.0,0.5,0.1,1.0,10000,0.1111111111111111,-0.015858880058998437,beta_estimated_mean,500,0,0.011436905405134954,5.692556794959106e-05,0.01150738132108737,0.002,0.00035313639455927456,0.011240706705146758,0.0,3.1717760117996874e-05,3.1717760117996853e-05
27,0.2,0.05,1.5,50.0,0.5,0.1,1.0,10000,0.1111111111111111,-0.015858880058998437,risk_only,500,0,4.1499923543038665e-05,5.726008027852309e-05,0.0012797663550867516,0.0,4.336808689942018e-19,0.007624340461552241,0.0,0.0,0.0
27,0.2,0.05,1.5,50.0,0.5,0.1,1.0,10000,0.1111111111111111,-0.015858880058998437,outcome_based,500,0,3.89550589991719e-05,8.06932504307553e-05,0.0018029715550992042,0.0,4.336808689942018e-19,0.007624340461552241,0.0,0.0,0.0
27,0.2,0.05,1.5,50.0,0.5,0.1,1.0,10000,0.1111111111111111,-0.015858880058998437,beta_known_mean,500,0,0.011380149883015668,7.698663031393748e-06,0.011381449239737641,0.0,4.336808689942018e-19,0.007624340461552241,0.0,0.0,0.0
27,0.2,0.05,1.5,50.0,0.5,0.1,1.0,10000,0.2,-0.009707998398977832,beta_estimated_mean,500,0,-0.00038168312098481685,3.7522970432776974e-05,0.0009210106875515283,0.0,4.336808689942018e-19,0.007624340461552241,0.0,0.0,0.0
27,0.2,0.05,1.5,50.0,0.5,0.1,1.0,10000,0.2,-0.009707998398977832,risk_only,500,0,1.0945351263913953e-05,4.1404685732956324e-05,0.0009249753796918513,0.0,4.336808689942018e-19,0.007624340461552241,0.0,0.0,0.0
27,0.2,0.05,1.5,50.0,0.5,0.1,1.0,10000,0.2,-0.009707998398977832,outcome_based,500,0,1.0848398976083362e-05,0.00014845289751487734,0.0033162042782767655,0.0,4.336808689942018e-19,0.007624340461552241,0.0,0.0,0.0
27,0.2,0.05,1.5,50.0,0.5,0.1,1.0,10000,0.2,-0.009707998398977832,beta_known_mean,500,0,-0.00041737855145226155,1.7387448909209093e-05,0.0005701440358523415,0.0,4.336808689942018e-19,0.007624340461552241,0.0,0.0,0.0
27,0.2,0.05,1.5,50.0,0.5,0.1,1.0,10000,0.3333333333333333,0.0006693261833032012,beta_estimated_mean,500,0,-0.007569544127044498,1.3076933303474912e-05,0.007575178570660958,1.0,0.9923756595384479,1.0,0.0,0.0006693261833032011,4.8535555027714175e-21
27,0.2,0.05,1.5,50.0,0.5,0.1,1.0,10000,0.3333333333333333,0.0006693261833032012,risk_only,500,0,1.3653909836770245e-05,1.283464532501759e-05,0.0002870291996343048,0.012,0.005510995174027703,0.025930361116447292,0.0,8.031914199638415e-06,3.262545949477144e-06
27,0.2,0.05,1.5,50.0,0.5,0.1,1.0,10000,0.3333333333333333,0.0006693261833032012,outcome_based,500,0,4.007381669678575e-05,0.00012159841952616874,0.0027165985258746747,0.358,0.317207603401289,0.40095770928979185,0.006,0.00023961877362254605,1.4364700284967765e-05
27,0.2,0.05,1.5,50.0,0.5,0.1,1.0,10000,0.3333333333333333,0.0006693261833032012,beta_known_mean,500,0,-0.0075801527692444075,1.1956108046105387e-05,0.007584856446655345,1.0,0.9923756595384479,1.0,0.0,0.0006693261833032011,4.8535555027714175e-21
27,0.2,0.05,1.5,50.0,0.5,0.1,1.0,10000,0.5,5.741810322944912e-06,beta_estimated_mean,500,0,-0.0009929828963034313,1.9705099767708697e-06,0.0009939580495301897,1.0,0.9923756595384479,1.0,0.0,5.7418103229449125e-06,3.79184023654017e-23
27,0.2,0.05,1.5,50.0,0.5,0.1,1.0,10000,0.5,5.741810322944912e-06,risk_only,500,0,-7.351579782133048e-07,4.775479317511238e-07,1.0692914419637844e-05,0.29,0.2519474198773656,0.33125480311648636,0.01,1.665124993654024e-06,1.1663442220466442e-07
27,0.2,0.05,1.5,50.0,0.5,0.1,1.0,10000,0.5,5.741810322944912e-06,outcome_based,500,0,-1.941810322944905e-06,9.480024352471194e-06,0.00021177660547692774,0.394,0.3521341694850665,0.4374821906927827,0.212,2.2622732672402952e-06,1.2559807753762557e-07
27,0.2,0.05,1.5,50.0,0.5,0.1,1.0,10000,0.5,5.741810322944912e-06,beta_known_mean,500,0,-0.0009937931817961836,2.1163838682903063e-06,0.0009949170565644577,1.0,0.9923756595384479,1.0,0.0,5.7418103229449125e-06,3.79184023654017e-23
28,0.2,0.05,1.5,50.0,0.5,0.5,0.5,500,0.058823529411764705,-0.0006158630316251967,beta_estimated_mean,500,0,-0.00016067926589726167,0.0002767305661287155,0.006183780488925773,0.46,0.4167851025299866,0.5038248447069378,0.0,0.0002832969945475905,1.374072533204409e-05
28,0.2,0.05,1.5,50.0,0.5,0.5,0.5,500,0.058823529411764705,-0.0006158630316251967,risk_only,500,0,0.00013954721901826184,0.00027944616770217147,0.006243914123961616,0.482,0.4385065876245351,0.5257678886320809,0.0,0.00029684598124334483,1.377597232630012e-05
28,0.2,0.05,1.5,50.0,0.5,0.5,0.5,500,0.058823529411764705,-0.0006158630316251967,outcome_based,500,0,4.986303162514485e-05,0.00012437937311674126,0.002778872131265256,0.378,0.3365807935394356,0.42127954553318325,0.012,0.00024018658233382673,1.3447175834093517e-05
28,0.2,0.05,1.5,50.0,0.5,0.5,0.5,500,0.058823529411764705,-0.0006158630316251967,beta_known_mean,500,0,-0.0003098762242180336,9.680087221511078e-06,0.00037786454524742067,0.0,4.336808689942018e-19,0.007624340461552241,0.0,0.0,0.0
28,0.2,0.05,1.5,50.0,0.5,0.5,0.5,500,0.1111111111111111,-0.004190651333863107,beta_estimated_mean,500,0,-0.00013769073760767098,0.00026855121323972607,0.00600055964484604,0.214,0.18030299998759533,0.2520581227564126,0.0,0.0008967993854467049,7.69395098928348e-05
28,0.2,0.05,1.5,50.0,0.5,0.5,0.5,500,0.1111111111111111,-0.004190651333863107,risk_only,500,0,0.00011856675429819033,0.0002763737201594235,0.006174859693904769,0.24,0.204637860033381,0.2793267970066262,0.0,0.001005756320127146,8.01205040445294e-05
28,0.2,0.05,1.5,50.0,0.5,0.5,0.5,500,0.1111111111111111,-0.004190651333863107,outcome_based,500,0,0.0007196513338630977,0.00037119521788346637,0.008323043736658388,0.322,0.2825360924255015,0.36417817277881126,0.008,0.0013829149401748252,8.82115853013138e-05
28,0.2,0.05,1.5,50.0,0.5,0.5,0.5,500,0.1111111111111111,-0.004190651333863107,beta_known_mean,500,0,-0.00026924253452932623,4.248297141000303e-05,0.0009864523148391514,0.0,4.336808689942018e-19,0.007624340461552241,0.0,0.0,0.0
28,0.2,0.05,1.5,50.0,0.5,0.5,0.5,500,0.2,-0.0113936252031024,beta_estimated_mean,500,0,0.001372662448441664,0.0002094168614894655,0.004875249502695709,0.016,0.008129253033388314,0.03125110853339426,0.0,0.00018229800324963841,6.399841184013204e-05
28,0.2,0.05,1.5,50.0,0.5,0.5,0.5,500,0.2,-0.0113936252031024,risk_only,500,0,8.782463988101255e-05,0.00022142675782761768,0.0049470787237837046,0.016,0.008129253033388314,0.03125110853339426,0.0,0.00018229800324963841,6.399841184013204e-05
28,0.2,0.05,1.5,50.0,0.5,0.5,0.5,500,0.2,-0.0113936252031024,outcome_based,500,0,0.00025562520310238934,0.0007022051667371774,0.015688157962121058,0.238,0.2027590191807921,0.2772361352210613,0.018,0.0029167680519942146,0.0002225963848323304
28,0.2,0.05,1.5,50.0,0.5,0.5,0.5,500,0.2,-0.0113936252031024,beta_known_mean,500,0,0.0012935503701910571,9.493936879656401e-05,0.00248414994519633,0.0,4.336808689942018e-19,0.007624340461552241,0.0,0.0,0.0
28,0.2,0.05,1.5,50.0,0.5,0.5,0.5,500,0.3333333333333333,-0.006415795683764367,beta_estimated_mean,500,0,-0.0004559943607790765,8.824700022903382e-05,0.0020233412585929354,0.002,0.00035313639455927456,0.011240706705146758,0.0,1.2831591367528734e-05,1.2831591367528736e-05
28,0.2,0.05,1.5,50.0,0.5,0.5,0.5,500,0.3333333333333333,-0.006415795683764367,risk_only,500,0,5.505361148530422e-05,9.67990972241881e-05,0.002163028766943026,0.0,4.336808689942018e-19,0.007624340461552241,0.0,0.0,0.0
28,0.2,0.05,1.5,50.0,0.5,0.5,0.5,500,0.3333333333333333,-0.006415795683764367,outcome_based,500,0,9.579568376436545e-05,0.0006473649378252198,0.014461354598135951,0.308,0.26912574805455886,0.3498019986826773,0.026,0.0021428757583772987,0.00013545985307384674
28,0.2,0.05,1.5,50.0,0.5,0.5,0.5,500,0.3333333333333333,-0.006415795683764367,beta_known_mean,500,0,-0.00046389045447912887,6.621426981954327e-05,0.001550153149884474,0.0,4.336808689942018e-19,0.007624340461552241,0.0,0.0,0.0
28,0.2,0.05,1.5,50.0,0.5,0.5,0.5,500,0.5,-0.0005182945772866672,beta_estimated_mean,500,0,-0.00047335998958916156,1.3180651777290269e-05,0.0005574591830795054,0.0,4.336808689942018e-19,0.007624340461552241,0.0,0.0,0.0
28,0.2,0.05,1.5,50.0,0.5,0.5,0.5,500,0.5,-0.0005182945772866672,risk_only,500,0,-1.7967558650326095e-05,2.252243572128279e-05,0.000503433837224606,0.086,0.06447314240360771,0.11383981149855754,0.022,5.597581434696006e-05,7.201462393713843e-06
28,0.2,0.05,1.5,50.0,0.5,0.5,0.5,500,0.5,-0.0005182945772866672,outcome_based,500,0,-4.570542271333283e-05,0.00016832252655509832,0.0037603182027144202,0.32,0.28061775068949024,0.3621270118766686,0.226,0.0002829888391985203,1.1551826034271969e-05
28,0.2,0.05,1.5,50.0,0.5,0.5,0.5,500,0.5,-0.0005182945772866672,beta_known_mean,500,0,-0.00046986869716671446,1.1948421057115958e-05,0.0005403852428503702,0.0,4.336808689942018e-19,0.007624340461552241,0.0,0.0,0.0
28,0.2,0.05,1.5,50.0,0.5,0.5,0.5,3000,0.058823529411764705,-0.0006158630316251967,beta_estimated_mean,500,0,-0.0005136322104329719,0.00012133945340349097,0.002758754476348155,0.332,0.2921404418575132,0.3744213365375685,0.0,0.00020446652649956532,1.2983480672568e-05
28,0.2,0.05,1.5,50.0,0.5,0.5,0.5,3000,0.058823529411764705,-0.0006158630316251967,risk_only,500,0,-0.00021109073597369037,0.00012244666027443678,0.0027433844827845803,0.372,0.3307607484885237,0.4151910826696337,0.0,0.0002291010477645732,1.3325550347361557e-05
28,0.2,0.05,1.5,50.0,0.5,0.5,0.5,3000,0.058823529411764705,-0.0006158630316251967,outcome_based,500,0,-4.751196837490767e-05,4.85696825841707e-05,0.0010860043306709594,0.274,0.2367406256658206,0.3147055762228011,0.004,0.0001712099227918047,1.235164666007868e-05
28,0.2,0.05,1.5,50.0,0.5,0.5,0.5,3000,0.058823529411764705,-0.0006158630316251967,beta_known_mean,500,0,-0.0003138990818903364,4.232556699604863e-06,0.0003278292042864176,0.0,4.336808689942018e-19,0.007624340461552241,0.0,0.0,0.0
28,0.2,0.05,1.5,50.0,0.5,0.5,0.5,3000,0.1111111111111111,-0.004190651333863107,beta_estimated_mean,500,0,-0.0004642068893680704,0.00011728390745508319,0.002660731101625098,0.042,0.027632310108451703,0.06335158575433016,0.0,0.00017600735602225052,3.763038447175132e-05
28,0.2,0.05,1.5,50.0,0.5,0.5,0.5,3000,0.1111111111111111,-0.004190651333863107,risk_only,500,0,-0.00020542090431207574,0.00012124902827014663,0.0027162768359096506,0.058,0.0406837291117572,0.08205618785625499,0.0,0.00024305777736406022,4.385011170055315e-05
28,0.2,0.05,1.5,50.0,0.5,0.5,0.5,3000,0.1111111111111111,-0.004190651333863107,outcome_based,500,0,5.856800052897865e-05,0.00015351986467714235,0.0034298740920155543,0.114,0.08903690099400285,0.1448490898423155,0.0,0.00047773425206039426,5.962117660255883e-05
28,0.2,0.05,1.5,50.0,0.5,0.5,0.5,3000,0.1111111111111111,-0.004190651333863107,beta_known_mean,500,0,-0.000283687414380462,1.803448071543747e-05,0.0004927215785014286,0.0,4.336808689942018e-19,0.007624340461552241,0.0,0.0,0.0
28,0.2,0.05,1.5,50.0,0.5,0.5,0.5,3000,0.2,-0.0113936252031024,beta_estimated_mean,500,0,0.0011663727795375315,9.051524724187084e-05,0.002334253080214601,0.0,4.336808689942018e-19,0.007624340461552241,0.0,0.0,0.0
28,0.2,0.05,1.5,50.0,0.5,0.5,0.5,3000,0.2,-0.0113936252031024,risk_only,500,0,-0.0001335940226779807,9.405059216609677e-05,0.0021051742902679633,0.0,4.336808689942018e-19,0.007624340461552241,0.0,0.0,0.0
28,0.2,0.05,1.5,50.0,0.5,0.5,0.5,3000,0.2,-0.0113936252031024,outcome_based,500,0,8.24585364351851e-05,0.00029019778141470536,0.006483051814300236,0.034,0.02133451980853219,0.053771365501634506,0.0,0.0003873832569054816,9.243568799790626e-05
28,0.2,0.05,1.5,50.0,0.5,0.5,0.5,3000,0.2,-0.0113936252031024,beta_known_mean,500,0,0.0012786242336665491,3.972075462293045e-05,0.001556332665749544,0.0,4.336808689942018e-19,0.007624340461552241,0.0,0.0,0.0
28,0.2,0.05,1.5,50.0,0.5,0.5,0.5,3000,0.3333333333333333,-0.006415795683764367,beta_estimated_mean,500,0,-0.000520746504370291,3.839871278750646e-05,0.0010034605286401883,0.0,4.336808689942018e-19,0.007624340461552241,0.0,0.0,0.0
28,0.2,0.05,1.5,50.0,0.5,0.5,0.5,3000,0.3333333333333333,-0.006415795683764367,risk_only,500,0,-1.9879335720512734e-05,4.2202428444189123e-05,0.0009429404150398655,0.0,4.336808689942018e-19,0.007624340461552241,0.0,0.0,0.0
28,0.2,0.05,1.5,50.0,0.5,0.5,0.5,3000,0.3333333333333333,-0.006415795683764367,outcome_based,500,0,-0.00042520431623565923,0.0002668381925808552,0.005975860322952203,0.122,0.0961592783150937,0.15360472307383977,0.01,0.0008468850302568964,9.721808910014548e-05
28,0.2,0.05,1.5,50.0,0.5,0.5,0.5,3000,0.3333333333333333,-0.006415795683764367,beta_known_mean,500,0,-0.000488734989791604,2.8254682364391338e-05,0.0007982650568122159,0.0,4.336808689942018e-19,0.007624340461552241,0.0,0.0,0.0
28,0.2,0.05,1.5,50.0,0.5,0.5,0.5,3000,0.5,-0.0005182945772866672,beta_estimated_mean,500,0,-0.0004738578833270619,5.8955726530166016e-06,0.0004918184871147027,0.0,4.336808689942018e-19,0.007624340461552241,0.0,0.0,0.0
28,0.2,0.05,1.5,50.0,0.5,0.5,0.5,3000,0.5,-0.0005182945772866672,risk_only,500,0,6.5106528515487185e-06,9.23172507000266e-06,0.00020632386613487805,0.008,0.00311531518006224,0.020387035834105168,0.0,4.146356618293338e-06,2.066936915226772e-06
28,0.2,0.05,1.5,50.0,0.5,0.5,0.5,3000,0.5,-0.0005182945772866672,outcome_based,500,0,-6.637208937999948e-05,6.78345991619668e-05,0.0015167630477887955,0.298,0.2595732118784324,0.3395070216680347,0.096,0.00020420806345094688,1.1337330710011032e-05
28,0.2,0.05,1.5,50.0,0.5,0.5,0.5,3000,0.5,-0.0005182945772866672,beta_known_mean,500,0,-0.0004708916143243514,5.306546667039757e-06,0.0004855826106526052,0.0,4.336808689942018e-19,0.007624340461552241,0.0,0.0,0.0
28,0.2,0.05,1.5,50.0,0.5,0.5,0.5,10000,0.058823529411764705,-0.0006158630316251967,beta_estimated_mean,500,0,-0.00021863666997932153,6.394830766922464e-05,0.0014451317013631654,0.28,0.2424360430412755,0.3209186667618076,0.0,0.0001724416488550551,1.2378816541288153e-05
28,0.2,0.05,1.5,50.0,0.5,0.5,0.5,10000,0.058823529411764705,-0.0006158630316251967,risk_only,500,0,9.294855909385013e-05,6.46476947062771e-05,0.0014471082632701647,0.366,0.32494760488221347,0.40909571836148256,0.0,0.000225405869574822,1.3280640915770256e-05
28,0.2,0.05,1.5,50.0,0.5,0.5,0.5,10000,0.058823529411764705,-0.0006158630316251967,outcome_based,500,0,4.368803162623436e-05,2.6808222158524502e-05,0.0006004417964986082,0.17,0.13962036610396117,0.20541169860066333,0.0,0.00010469671537628344,1.035612704534229e-05
28,0.2,0.05,1.5,50.0,0.5,0.5,0.5,10000,0.058823529411764705,-0.0006158630316251967,beta_known_mean,500,0,-0.0003095862532716031,2.0646176849104815e-06,0.00031300272947849334,0.0,4.336808689942018e-19,0.007624340461552241,0.0,0.0,0.0
28,0.2,0.05,1.5,50.0,0.5,0.5,0.5,10000,0.1111111111111111,-0.004190651333863107,beta_estimated_mean,500,0,-0.00018758341584193525,6.163610890980098e-05,0.0013895659353725578,0.0,4.336808689942018e-19,0.007624340461552241,0.0,0.0,0.0
28,0.2,0.05,1.5,50.0,0.5,0.5,0.5,10000,0.1111111111111111,-0.004190651333863107,risk_only,500,0,8.853906359511409e-05,6.365602711686174e-05,0.001424721716738155,0.002,0.00035313639455927456,0.011240706705146758,0.0,8.381302667726214e-06,8.381302667726212e-06
28,0.2,0.05,1.5,50.0,0.5,0.5,0.5,10000,0.1111111111111111,-0.004190651333863107,outcome_based,500,0,4.752633386443958e-05,8.456821749671701e-05,0.0018897086215303247,0.014,0.00679778979084349,0.02861306913778529,0.0,5.86691186740835e-05,2.204112365893698e-05
28,0.2,0.05,1.5,50.0,0.5,0.5,0.5,10000,0.1111111111111111,-0.004190651333863107,beta_known_mean,500,0,-0.00027055621433882444,8.976566825689979e-06,0.0003367632140739525,0.0,4.336808689942018e-19,0.007624340461552241,0.0,0.0,0.0
28,0.2,0.05,1.5,50.0,0.5,0.5,0.5,10000,0.2,-0.0113936252031024,beta_estimated_mean,500,0,0.0013534952213176007,4.695012592150903e-05,0.001712279814115763,0.0,4.336808689942018e-19,0.007624340461552241,0.0,0.0,0.0
28,0.2,0.05,1.5,50.0,0.5,0.5,0.5,10000,0.2,-0.0113936252031024,risk_only,500,0,5.69208002037214e-05,4.914757782667306e-05,0.001099348305226349,0.0,4.336808689942018e-19,0.007624340461552241,0.0,0.0,0.0
28,0.2,0.05,1.5,50.0,0.5,0.5,0.5,10000,0.2,-0.0113936252031024,outcome_based,500,0,-9.627479689790504e-05,0.00014863738467912332,0.003321703151474906,0.0,4.336808689942018e-19,0.007624340461552241,0.0,0.0,0.0
28,0.2,0.05,1.5,50.0,0.5,0.5,0.5,10000,0.2,-0.0113936252031024,beta_known_mean,500,0,0.0013037231758810123,2.0020599278188734e-05,0.0013782980420296335,0.0,4.336808689942018e-19,0.007624340461552241,0.0,0.0,0.0
28,0.2,0.05,1.5,50.0,0.5,0.5,0.5,10000,0.3333333333333333,-0.006415795683764367,beta_estimated_mean,500,0,-0.0004566273399242562,1.9181673179420995e-05,0.0006261859819266153,0.0,4.336808689942018e-19,0.007624340461552241,0.0,0.0,0.0
28,0.2,0.05,1.5,50.0,0.5,0.5,0.5,10000,0.3333333333333333,-0.006415795683764367,risk_only,500,0,3.356616504555353e-05,2.088465616962901e-05,0.00046773384550869666,0.0,4.336808689942018e-19,0.007624340461552241,0.0,0.0,0.0
28,0.2,0.05,1.5,50.0,0.5,0.5,0.5,10000,0.3333333333333333,-0.006415795683764367,outcome_based,500,0,-0.00013000431623570803,0.00014432673047728024,0.003226635009145038,0.02,0.010899183596210813,0.036420183246879345,0.0,0.00012831591367528736,4.020946436944276e-05
28,0.2,0.05,1.5,50.0,0.5,0.5,0.5,10000,0.3333333333333333,-0.006415795683764367,beta_known_mean,500,0,-0.0004668806718413578,1.4005081803586288e-05,0.0005620076312518224,0.0,4.336808689942018e-19,0.007624340461552241,0.0,0.0,0.0
28,0.2,0.05,1.5,50.0,0.5,0.5,0.5,10000,0.5,-0.0005182945772866672,beta_estimated_mean,500,0,-0.00046351237972000703,2.851958884175022e-06,0.0004678700965254558,0.0,4.336808689942018e-19,0.007624340461552241,0.0,0.0,0.0
28,0.2,0.05,1.5,50.0,0.5,0.5,0.5,10000,0.5,-0.0005182945772866672,risk_only,500,0,2.8491529634685997e-06,4.648974497056355e-06,0.00010388929995853835,0.0,4.336808689942018e-19,0.007624340461552241,0.0,0.0,0.0
28,0.2,0.05,1.5,50.0,0.5,0.5,0.5,10000,0.5,-0.0005182945772866672,outcome_based,500,0,-5.905422713332761e-06,3.913991038786804e-05,0.000874339312862817,0.256,0.21970770819171886,0.2960129699535187,0.036,0.00015134201656770684,1.0549562435615449e-05
28,0.2,0.05,1.5,50.0,0.5,0.5,0.5,10000,0.5,-0.0005182945772866672,beta_known_mean,500,0,-0.0004637764668824623,2.56900230229376e-06,0.00046731348993555254,0.0,4.336808689942018e-19,0.007624340461552241,0.0,0.0,0.0
29,0.2,0.05,1.5,50.0,0.5,0.5,1.0,500,0.058823529411764705,-0.00030389298520333563,beta_estimated_mean,500,0,-0.0003255343532274742,0.0002983080383443763,0.006671643560609732,0.454,0.4108757266738578,0.49782571264860515,0.0,0.00013796741528231438,6.7732117061353335e-06
29,0.2,0.05,1.5,50.0,0.5,0.5,1.0,500,0.058823529411764705,-0.00030389298520333563,risk_only,500,0,0.0003121020655844986,0.0003034370876388714,0.006785452579641789,0.49,0.4464261747403093,0.5337263120689218,0.0,0.00014890756274963445,6.800698643719747e-06
29,0.2,0.05,1.5,50.0,0.5,0.5,1.0,500,0.058823529411764705,-0.00030389298520333563,outcome_based,500,0,-6.607014796700145e-06,0.00010780212008206592,0.00240812601469367,0.432,0.3892622537365845,0.47577465656618667,0.016,0.00013614405737109436,6.76517364584097e-06
29,0.2,0.05,1.5,50.0,0.5,0.5,1.0,500,0.058823529411764705,-0.00030389298520333563,beta_known_mean,500,0,-0.0006266843836438001,7.82376759765912e-06,0.0006505980134266303,0.0,4.336808689942018e-19,0.007624340461552241,0.0,0.0,0.0
29,0.2,0.05,1.5,50.0,0.5,0.5,1.0,500,0.1111111111111111,-0.003911252630084572,beta_estimated_mean,500,0,-0.00030849938983479086,0.00028305076125502383,0.00633039658027881,0.25,0.21404849674782103,0.2897636734829552,0.0,0.000977813157521143,7.581693637844007e-05
29,0.2,0.05,1.5,50.0,0.5,0.5,1.0,500,0.1111111111111111,-0.003911252630084572,risk_only,500,0,0.00025081858589456787,0.00029923682002710935,0.006689148265552089,0.276,0.23863813294339814,0.31677757158337744,0.0,0.001079505725903342,7.82689341107893e-05
29,0.2,0.05,1.5,50.0,0.5,0.5,1.0,500,0.1111111111111111,-0.003911252630084572,outcome_based,500,0,-0.00020324736991543272,0.0004094579846362244,0.009148856444571335,0.308,0.26912574805455886,0.3498019986826773,0.018,0.0012750683574075702,8.207376259063207e-05
29,0.2,0.05,1.5,50.0,0.5,0.5,1.0,500,0.1111111111111111,-0.003911252630084572,beta_known_mean,500,0,-0.0005731952939521923,3.403292292706936e-05,0.0009521105642969739,0.0,4.336808689942018e-19,0.007624340461552241,0.0,0.0,0.0
29,0.2,0.05,1.5,50.0,0.5,0.5,1.0,500,0.2,-0.012680443887945578,beta_estimated_mean,500,0,0.002678099116036515,0.00020512324657082187,0.005307345143375255,0.012,0.005510995174027703,0.025930361116447292,0.0,0.00015216532665534693,6.180922228385085e-05
29,0.2,0.05,1.5,50.0,0.5,0.5,1.0,500,0.2,-0.012680443887945578,risk_only,500,0,0.00010382046328798617,0.00022086403616826565,0.0049348210709602505,0.004,0.0010976305226827934,0.014465715215177033,0.0,5.072177555178231e-05,3.582975583700116e-05
29,0.2,0.05,1.5,50.0,0.5,0.5,1.0,500,0.2,-0.012680443887945578,outcome_based,500,0,0.0009514438879455636,0.0007053560606847367,0.01578516089471087,0.232,0.19712923845271468,0.2709574080346774,0.004,0.002992584757555156,0.00024103874894065806
29,0.2,0.05,1.5,50.0,0.5,0.5,1.0,500,0.2,-0.012680443887945578,beta_known_mean,500,0,0.002527178187452681,7.611715593594945e-05,0.0030459393433877936,0.0,4.336808689942018e-19,0.007624340461552241,0.0,0.0,0.0
29,0.2,0.05,1.5,50.0,0.5,0.5,1.0,500,0.3333333333333333,-0.005934565472215609,beta_estimated_mean,500,0,-0.0009638400741622516,7.851134581835555e-05,0.0020012094763526365,0.0,4.336808689942018e-19,0.007624340461552241,0.0,0.0,0.0
29,0.2,0.05,1.5,50.0,0.5,0.5,1.0,500,0.3333333333333333,-0.005934565472215609,risk_only,500,0,-4.249276859540193e-05,7.8661595143677e-05,0.0017576806490674664,0.002,0.00035313639455927456,0.011240706705146758,0.0,1.1869130944431218e-05,1.1869130944431218e-05
29,0.2,0.05,1.5,50.0,0.5,0.5,1.0,500,0.3333333333333333,-0.005934565472215609,outcome_based,500,0,0.0006185654722156048,0.000635086575134313,0.01420023828121969,0.346,0.30562123178807926,0.3887270650740789,0.026,0.0022076583556642063,0.0001284073680815609
29,0.2,0.05,1.5,50.0,0.5,0.5,1.0,500,0.3333333333333333,-0.005934565472215609,beta_known_mean,500,0,-0.0009830622937228764,5.3069337647752093e-05,0.0015400559788289745,0.0,4.336808689942018e-19,0.007624340461552241,0.0,0.0,0.0
29,0.2,0.05,1.5,50.0,0.5,0.5,1.0,500,0.5,-5.16226642047936e-05,beta_estimated_mean,500,0,-0.0009436175354941932,1.1278240401709132e-05,0.0009766709824014165,0.0,4.336808689942018e-19,0.007624340461552241,0.0,0.0,0.0
29,0.2,0.05,1.5,50.0,0.5,0.5,1.0,500,0.5,-5.16226642047936e-05,risk_only,500,0,2.1708190396119404e-06,5.155436227377222e-06,0.00011518417981600134,0.106,0.08195705027297034,0.13605093001073285,0.438,2.808272932740771e-05,1.1509912252898599e-06
29,0.2,0.05,1.5,50.0,0.5,0.5,1.0,500,0.5,-5.16226642047936e-05,outcome_based,500,0,-0.00018037733579520643,7.94037903619701e-05,0.001782894271477862,0.196,0.16357810661426447,0.2330574923863593,0.524,3.716831822745138e-05,1.0376130028089808e-06
29,0.2,0.05,1.5,50.0,0.5,0.5,1.0,500,0.5,-5.16226642047936e-05,beta_known_mean,500,0,-0.0009402179322455901,9.79226211807508e-06,0.0009653279600287812,0.0,4.336808689942018e-19,0.007624340461552241,0.0,0.0,0.0
29,0.2,0.05,1.5,50.0,0.5,0.5,1.0,3000,0.058823529411764705,-0.00030389298520333563,beta_estimated_mean,500,0,-0.0005568528088341928,0.00011591216191775466,0.002648483351212533,0.388,0.3462960293500537,0.4314118229133341,0.0,0.00011791047825889423,6.6292130463912e-06
29,0.2,0.05,1.5,50.0,0.5,0.5,1.0,3000,0.058823529411764705,-0.00030389298520333563,risk_only,500,0,7.279542073268519e-05,0.0001178373812415912,0.0026332940841842616,0.486,0.4424649931129956,0.5297484884199279,0.0,0.00014769199080882112,6.799392261602576e-06
29,0.2,0.05,1.5,50.0,0.5,0.5,1.0,3000,0.058823529411764705,-0.00030389298520333563,outcome_based,500,0,-2.87320147967402e-05,4.058131380093085e-05,0.0009069730980295287,0.344,0.3036929655617379,0.38668582866226636,0.008,0.00010697033079157415,6.497244904438991e-06
29,0.2,0.05,1.5,50.0,0.5,0.5,1.0,3000,0.058823529411764705,-0.00030389298520333563,beta_known_mean,500,0,-0.0006221733402145932,3.170149472177159e-06,0.0006261904975836671,0.0,4.336808689942018e-19,0.007624340461552241,0.0,0.0,0.0
29,0.2,0.05,1.5,50.0,0.5,0.5,1.0,3000,0.1111111111111111,-0.003911252630084572,beta_estimated_mean,500,0,-0.0004966843023718098,0.00011056932647845034,0.0025193764504761375,0.036,0.02289106098029272,0.056184326968027755,0.0,0.00014080509468304459,3.261785236684628e-05
29,0.2,0.05,1.5,50.0,0.5,0.5,1.0,3000,0.1111111111111111,-0.003911252630084572,risk_only,500,0,8.691240734050032e-05,0.00011618022138389441,0.002596724444971832,0.064,0.04569601604478943,0.08895240883768415,0.0,0.0002503201683254126,4.285421130956641e-05
29,0.2,0.05,1.5,50.0,0.5,0.5,1.0,3000,0.1111111111111111,-0.003911252630084572,outcome_based,500,0,0.00030925263008394686,0.0001633144775287373,0.0036612531810686867,0.174,0.14328947208106416,0.20968159789986787,0.0,0.0006805579576347155,6.637892934183859e-05
29,0.2,0.05,1.5,50.0,0.5,0.5,1.0,3000,0.1111111111111111,-0.003911252630084572,beta_known_mean,500,0,-0.0005542645208917583,1.4028285700002905e-05,0.0006367171790992782,0.0,4.336808689942018e-19,0.007624340461552241,0.0,0.0,0.0
29,0.2,0.05,1.5,50.0,0.5,0.5,1.0,3000,0.2,-0.012680443887945578,beta_estimated_mean,500,0,0.002611589393697491,8.182466203003512e-05,0.0031876859230673326,0.0,4.336808689942018e-19,0.007624340461552241,0.0,0.0,0.0
29,0.2,0.05,1.5,50.0,0.5,0.5,1.0,3000,0.2,-0.012680443887945578,risk_only,500,0,3.6908870441672584e-05,8.828872522733838e-05,0.0019725660614664446,0.0,4.336808689942018e-19,0.007624340461552241,0.0,0.0,0.0
29,0.2,0.05,1.5,50.0,0.5,0.5,1.0,3000,0.2,-0.012680443887945578,outcome_based,500,0,0.00023877722127817858,0.00027679139609806524,0.006187660265512759,0.02,0.010899183596210813,0.036420183246879345,0.002,0.0002789697655348027,8.326547264201596e-05
29,0.2,0.05,1.5,50.0,0.5,0.5,1.0,3000,0.2,-0.012680443887945578,beta_known_mean,500,0,0.0025782267671027874,3.1510652692075674e-05,0.0026725869411326018,0.0,4.336808689942018e-19,0.007624340461552241,0.0,0.0,0.0
29,0.2,0.05,1.5,50.0,0.5,0.5,1.0,3000,0.3333333333333333,-0.005934565472215609,beta_estimated_mean,500,0,-0.0009487522521435616,3.193309579346464e-05,0.0011870014392652692,0.0,4.336808689942018e-19,0.007624340461552241,0.0,0.0,0.0
29,0.2,0.05,1.5,50.0,0.5,0.5,1.0,3000,0.3333333333333333,-0.005934565472215609,risk_only,500,0,-1.33695355665224e-06,3.284839782750561e-05,0.0007337788427871276,0.0,4.336808689942018e-19,0.007624340461552241,0.0,0.0,0.0
29,0.2,0.05,1.5,50.0,0.5,0.5,1.0,3000,0.3333333333333333,-0.005934565472215609,outcome_based,500,0,-0.00018076786111774655,0.0002735433004256346,0.006113167729277501,0.16,0.13047637235016407,0.19470817916369149,0.008,0.0009970069993322222,9.932417277152227e-05
29,0.2,0.05,1.5,50.0,0.5,0.5,1.0,3000,0.3333333333333333,-0.005934565472215609,beta_known_mean,500,0,-0.0009542977901039111,2.182464626675925e-05,0.0010716181919635014,0.0,4.336808689942018e-19,0.007624340461552241,0.0,0.0,0.0
29,0.2,0.05,1.5,50.0,0.5,0.5,1.0,3000,0.5,-5.16226642047936e-05,beta_estimated_mean,500,0,-0.0009316030000302991,4.464589980106364e-06,0.0009369260904399004,0.0,4.336808689942018e-19,0.007624340461552241,0.0,0.0,0.0
29,0.2,0.05,1.5,50.0,0.5,0.5,1.0,3000,0.5,-5.16226642047936e-05,risk_only,500,0,-1.6703405134707803e-06,2.064653265141571e-06,4.6151097462092466e-05,0.1,0.07667756273730172,0.1294219096319401,0.006,5.472002405708121e-06,7.113966792512701e-07
29,0.2,0.05,1.5,50.0,0.5,0.5,1.0,3000,0.5,-5.16226642047936e-05,outcome_based,500,0,-1.904400246187305e-05,3.3430239898288074e-05,0.000747017779519776,0.356,0.3152745600260401,0.398921250026887,0.194,2.839246531263647e-05,1.1496820299728615e-06
29,0.2,0.05,1.5,50.0,0.5,0.5,1.0,3000,0.5,-5.16226642047936e-05,beta_known_mean,500,0,-0.0009312433405819314,3.892824198017897e-06,0.0009352946302723519,0.0,4.336808689942018e-19,0.007624340461552241,0.0,0.0,0.0
29,0.2,0.05,1.5,50.0,0.5,0.5,1.0,10000,0.058823529411764705,-0.00030389298520333563,beta_estimated_mean,500,0,-0.0006927867422668632,6.619037969128269e-05,0.0016328366377978975,0.264,0.22726783141305193,0.3043308572848008,0.0,8.02277480936806e-05,5.996685507381755e-06
29,0.2,0.05,1.5,50.0,0.5,0.5,1.0,10000,0.058823529411764705,-0.00030389298520333563,risk_only,500,0,-7.087668564397082e-05,6.727468101996767e-05,0.0015044729891329838,0.418,0.3755530480719333,0.4616973437637613,0.0,0.0001270272678149943,6.709961614621894e-06
29,0.2,0.05,1.5,50.0,0.5,0.5,1.0,10000,0.058823529411764705,-0.00030389298520333563,outcome_based,500,0,-5.83201479588813e-06,2.178898933780209e-05,0.00048676409124096573,0.248,0.21216420834594762,0.2876784592466748,0.008,7.779660421205392e-05,5.937134026819491e-06
29,0.2,0.05,1.5,50.0,0.5,0.5,1.0,10000,0.058823529411764705,-0.00030389298520333563,beta_known_mean,500,0,-0.0006227639085989718,1.7428618872724117e-06,0.0006239796727978916,0.0,4.336808689942018e-19,0.007624340461552241,0.0,0.0,0.0
29,0.2,0.05,1.5,50.0,0.5,0.5,1.0,10000,0.1111111111111111,-0.003911252630084572,beta_estimated_mean,500,0,-0.0006226841935157609,6.290687944978456e-05,0.0015370153123593557,0.0,4.336808689942018e-19,0.007624340461552241,0.0,0.0,0.0
29,0.2,0.05,1.5,50.0,0.5,0.5,1.0,10000,0.1111111111111111,-0.003911252630084572,risk_only,500,0,-6.521526712772496e-05,6.623347986265928e-05,0.0014809804470587952,0.002,0.00035313639455927456,0.011240706705146758,0.0,7.822505260169143e-06,7.822505260169145e-06
29,0.2,0.05,1.5,50.0,0.5,0.5,1.0,10000,0.1111111111111111,-0.003911252630084572,outcome_based,500,0,-8.047369913846996e-06,8.394279484036745e-05,0.001875157265448135,0.01,0.004278753896590496,0.023193099755730702,0.0,3.911252630084572e-05,1.742140562778148e-05
29,0.2,0.05,1.5,50.0,0.5,0.5,1.0,10000,0.1111111111111111,-0.003911252630084572,beta_known_mean,500,0,-0.0005568625892324535,7.776182671529544e-06,0.0005833266518343127,0.0,4.336808689942018e-19,0.007624340461552241,0.0,0.0,0.0
29,0.2,0.05,1.5,50.0,0.5,0.5,1.0,10000,0.2,-0.012680443887945578,beta_estimated_mean,500,0,0.002535349991838615,4.5858601268344847e-05,0.0027344839046793265,0.0,4.336808689942018e-19,0.007624340461552241,0.0,0.0,0.0
29,0.2,0.05,1.5,50.0,0.5,0.5,1.0,10000,0.2,-0.012680443887945578,risk_only,500,0,-4.2911345088453374e-05,4.916497624237812e-05,0.001099100374445023,0.0,4.336808689942018e-19,0.007624340461552241,0.0,0.0,0.0
29,0.2,0.05,1.5,50.0,0.5,0.5,1.0,10000,0.2,-0.012680443887945578,outcome_based,500,0,0.00017104388794541246,0.0001435341854918548,0.003210869843454226,0.0,4.336808689942018e-19,0.007624340461552241,0.0,0.0,0.0
29,0.2,0.05,1.5,50.0,0.5,0.5,1.0,10000,0.2,-0.012680443887945578,beta_known_mean,500,0,0.002573905778925332,1.7523152969834345e-05,0.002603500401939151,0.0,4.336808689942018e-19,0.007624340461552241,0.0,0.0,0.0
29,0.2,0.05,1.5,50.0,0.5,0.5,1.0,10000,0.3333333333333333,-0.005934565472215609,beta_estimated_mean,500,0,-0.0009654785531475516,1.749682785303405e-05,0.0010415911818282282,0.0,4.336808689942018e-19,0.007624340461552241,0.0,0.0,0.0
29,0.2,0.05,1.5,50.0,0.5,0.5,1.0,10000,0.3333333333333333,-0.005934565472215609,risk_only,500,0,-8.330244013226643e-07,1.7622625771974442e-05,0.0003936605219476334,0.0,4.336808689942018e-19,0.007624340461552241,0.0,0.0,0.0
29,0.2,0.05,1.5,50.0,0.5,0.5,1.0,10000,0.3333333333333333,-0.005934565472215609,outcome_based,500,0,-5.9834527784386145e-05,0.00013690816253949565,0.003058881954361057,0.022,0.012328008269927582,0.03896086121131637,0.0,0.00013056044038874337,3.89690142818084e-05
29,0.2,0.05,1.5,50.0,0.5,0.5,1.0,10000,0.3333333333333333,-0.005934565472215609,beta_known_mean,500,0,-0.000958503831001614,1.2082027358919284e-05,0.0009957767376327414,0.0,4.336808689942018e-19,0.007624340461552241,0.0,0.0,0.0
29,0.2,0.05,1.5,50.0,0.5,0.5,1.0,10000,0.5,-5.16226642047936e-05,beta_estimated_mean,500,0,-0.0009317919287439209,2.420831669184033e-06,0.0009333598186292402,0.0,4.336808689942018e-19,0.007624340461552241,0.0,0.0,0.0
29,0.2,0.05,1.5,50.0,0.5,0.5,1.0,10000,0.5,-5.16226642047936e-05,risk_only,500,0,4.7235324903195945e-07,1.118166436275916e-06,2.4982412033661766e-05,0.01,0.004278753896590496,0.023193099755730702,0.0,5.162266420479359e-07,2.2993640599457236e-07
29,0.2,0.05,1.5,50.0,0.5,0.5,1.0,10000,0.5,-5.16226642047936e-05,outcome_based,500,0,-3.377335795206404e-06,1.8119786237884078e-05,0.0004047794540204253,0.408,0.3657823909308153,0.45162048771411034,0.08,2.5191860131939272e-05,1.1551410912253743e-06
29,0.2,0.05,1.5,50.0,0.5,0.5,1.0,10000,0.5,-5.16226642047936e-05,beta_known_mean,500,0,-0.0009314897448460498,2.1267607419620434e-06,0.000932700475645253,0.0,4.336808689942018e-19,0.007624340461552241,0.0,0.0,0.0
30,0.2,0.05,1.5,50.0,0.5,0.9,0.5,500,0.058823529411764705,-0.00039576388249282224,beta_estimated_mean,500,0,-0.0005269156309124787,0.00028339073524036903,0.006352360520571725,0.464,0.42072818700752684,0.5078207655057051,0.0,0.00018363444147666952,8.835421449364734e-06
30,0.2,0.05,1.5,50.0,0.5,0.9,0.5,500,0.058823529411764705,-0.00039576388249282224,risk_only,500,0,-4.773967505628751e-06,0.00028132333427212603,0.0062842890747763155,0.496,0.45237314911404547,0.539687845609647,0.0,0.00019629888571643983,8.858128815132754e-06
30,0.2,0.05,1.5,50.0,0.5,0.9,0.5,500,0.058823529411764705,-0.00039576388249282224,outcome_based,500,0,6.75138824927967e-05,0.00010263776301045994,0.0022937477655202475,0.404,0.36187922469306827,0.44758464867554987,0.016,0.00016622083064698535,8.74428949037605e-06
30,0.2,0.05,1.5,50.0,0.5,0.9,0.5,500,0.058823529411764705,-0.00039576388249282224,beta_known_mean,500,0,-0.0005361589781704311,1.5289354412148357e-05,0.0006357002947022761,0.0,4.336808689942018e-19,0.007624340461552241,0.0,0.0,0.0
30,0.2,0.05,1.5,50.0,0.5,0.9,0.5,500,0.1111111111111111,-0.0009391664870452981,beta_estimated_mean,500,0,-0.003481038438818718,0.00028874113625128615,0.0073293914515880285,0.262,0.22537626941723765,0.30225291664246134,0.0,0.00024606161960586813,1.8487200047842055e-05
30,0.2,0.05,1.5,50.0,0.5,0.9,0.5,500,0.1111111111111111,-0.0009391664870452981,risk_only,500,0,1.4144573701423413e-06,0.00028250974559865163,0.006310789841488851,0.474,0.43059811407349635,0.5177983516305045,0.0,0.0004451649148594713,2.0992992810444538e-05
30,0.2,0.05,1.5,50.0,0.5,0.9,0.5,500,0.1111111111111111,-0.0009391664870452981,outcome_based,500,0,-2.2833512954678255e-05,0.0003522929642574851,0.007869661833224562,0.45,0.4069396517813318,0.4938227822648235,0.014,0.00043577324998901834,2.0966874672589784e-05
30,0.2,0.05,1.5,50.0,0.5,0.9,0.5,500,0.1111111111111111,-0.0009391664870452981,beta_known_mean,500,0,-0.0034961261738935706,6.274309066070921e-05,0.00376660447103051,0.0,4.336808689942018e-19,0.007624340461552241,0.0,0.0,0.0
30,0.2,0.05,1.5,50.0,0.5,0.9,0.5,500,0.2,-0.004364365547470335,beta_estimated_mean,500,0,-0.005650612684280176,0.00025352369914654114,0.008000142652240149,0.022,0.012328008269927582,0.03896086121131637,0.0,9.601604204434737e-05,2.8658378468762317e-05
30,0.2,0.05,1.5,50.0,0.5,0.9,0.5,500,0.2,-0.004364365547470335,risk_only,500,0,6.3498200224908486e-06,0.0002452332446570307,0.0054780994074986305,0.242,0.20651780855112864,0.28141635112703234,0.0,0.001056176462487821,8.367835457323161e-05
30,0.2,0.05,1.5,50.0,0.5,0.9,0.5,500,0.2,-0.004364365547470335,outcome_based,500,0,-0.0006926344525296466,0.000712031234538148,0.01592064676716473,0.37,0.32882226377423945,0.4131600647457642,0.014,0.0016759163702286086,9.502257918222896e-05
30,0.2,0.05,1.5,50.0,0.5,0.9,0.5,500,0.2,-0.004364365547470335,beta_known_mean,500,0,-0.005643727305980483,0.00013528271528970312,0.006401879647360689,0.0,4.336808689942018e-19,0.007624340461552241,0.0,0.0,0.0
30,0.2,0.05,1.5,50.0,0.5,0.9,0.5,500,0.3333333333333333,-0.012499011403079692,beta_estimated_mean,500,0,0.005607619466619424,0.00012568622783055275,0.006271213039570546,0.0,4.336808689942018e-19,0.007624340461552241,0.0,0.0,0.0
30,0.2,0.05,1.5,50.0,0.5,0.9,0.5,500,0.3333333333333333,-0.012499011403079692,risk_only,500,0,0.00010445129023370635,0.00014900552774074356,0.0033301698265077923,0.0,4.336808689942018e-19,0.007624340461552241,0.0,0.0,0.0
30,0.2,0.05,1.5,50.0,0.5,0.9,0.5,500,0.3333333333333333,-0.012499011403079692,outcome_based,500,0,0.00015901140307969324,0.0006417292519947421,0.014336027505076475,0.182,0.1506464452041556,0.2182026353293916,0.014,0.0024498062350036195,0.00022211682223687593
30,0.2,0.05,1.5,50.0,0.5,0.9,0.5,500,0.3333333333333333,-0.012499011403079692,beta_known_mean,500,0,0.005645525034798537,9.903282531462973e-05,0.006063488736935709,0.0,4.336808689942018e-19,0.007624340461552241,0.0,0.0,0.0
30,0.2,0.05,1.5,50.0,0.5,0.9,0.5,500,0.5,-0.002899815265174405,beta_estimated_mean,500,0,0.0018756596635151653,2.1785544959787897e-05,0.0019377640589003863,0.0,4.336808689942018e-19,0.007624340461552241,0.0,0.0,0.0
30,0.2,0.05,1.5,50.0,0.5,0.9,0.5,500,0.5,-0.002899815265174405,risk_only,500,0,-2.0813158062461217e-05,4.8560000703523695e-05,0.0010849479010732806,0.0,4.336808689942018e-19,0.007624340461552241,0.0,0.0,0.0
30,0.2,0.05,1.5,50.0,0.5,0.9,0.5,500,0.5,-0.002899815265174405,outcome_based,500,0,-0.000332184734825595,0.0003431382224109677,0.007672321858345826,0.286,0.24814005321609287,0.3271231645014515,0.092,0.0010961301702359252,6.294498743522216e-05
30,0.2,0.05,1.5,50.0,0.5,0.9,0.5,500,0.5,-0.002899815265174405,beta_known_mean,500,0,0.001887333975789132,1.971965370451474e-05,0.0019380590916013825,0.0,4.336808689942018e-19,0.007624340461552241,0.0,0.0,0.0
30,0.2,0.05,1.5,50.0,0.5,0.9,0.5,3000,0.058823529411764705,-0.00039576388249282224,beta_estimated_mean,500,0,-0.00032584983406165407,0.0001223380759630596,0.0027521834831092445,0.396,0.35408170350275736,0.4395041593132456,0.0,0.00015672249746715762,8.664668411186475e-06
30,0.2,0.05,1.5,50.0,0.5,0.9,0.5,3000,0.058823529411764705,-0.00039576388249282224,risk_only,500,0,0.0002011661868914612,0.00012222322759682412,0.0027376610453956492,0.476,0.43257418943321424,0.5197917789089403,0.0,0.0001883836080665834,8.848201513106448e-06
30,0.2,0.05,1.5,50.0,0.5,0.9,0.5,3000,0.058823529411764705,-0.00039576388249282224,outcome_based,500,0,-2.431945084055942e-05,4.198609505830918e-05,0.0009382135645116353,0.306,0.26721346373113636,0.3477447803679459,0.006,0.00012347833133776053,8.20837901049768e-06
30,0.2,0.05,1.5,50.0,0.5,0.9,0.5,3000,0.058823529411764705,-0.00039576388249282224,beta_known_mean,500,0,-0.0005328377189122793,5.849303675519909e-06,0.0005486246413408516,0.0,4.336808689942018e-19,0.007624340461552241,0.0,0.0,0.0
30,0.2,0.05,1.5,50.0,0.5,0.9,0.5,3000,0.1111111111111111,-0.0009391664870452981,beta_estimated_mean,500,0,-0.0033400735914980812,0.00012244478654984726,0.004317112663284163,0.054,0.03737435018105752,0.07742656151064709,0.0,5.07149903004461e-05,9.502431820363948e-06
30,0.2,0.05,1.5,50.0,0.5,0.9,0.5,3000,0.1111111111111111,-0.0009391664870452981,risk_only,500,0,0.0001759010291383604,0.000122351648813989,0.002738783348466118,0.38,0.33852233078455757,0.42330751092621505,0.0,0.0003568832650772133,2.0407037248209237e-05
30,0.2,0.05,1.5,50.0,0.5,0.9,0.5,3000,0.1111111111111111,-0.0009391664870452981,outcome_based,500,0,-3.4166846288241265e-05,0.00013916489164827388,0.0031088959519507426,0.358,0.317207603401289,0.40095770928979185,0.004,0.0003399782683103979,2.0204910859507592e-05
30,0.2,0.05,1.5,50.0,0.5,0.9,0.5,3000,0.1111111111111111,-0.0009391664870452981,beta_known_mean,500,0,-0.003529212422829885,2.3785044011983755e-05,0.0035689828742183865,0.0,4.336808689942018e-19,0.007624340461552241,0.0,0.0,0.0
30,0.2,0.05,1.5,50.0,0.5,0.9,0.5,3000,0.2,-0.004364365547470335,beta_estimated_mean,500,0,-0.005628238102505585,0.00010267391430524324,0.006077621948196277,0.0,4.336808689942018e-19,0.007624340461552241,0.0,0.0,0.0
30,0.2,0.05,1.5,50.0,0.5,0.9,0.5,3000,0.2,-0.004364365547470335,risk_only,500,0,8.295818944968912e-05,0.00010019870681292613,0.002239806398741006,0.028,0.01675097472075645,0.04644640267494888,0.0,0.00012220223532916937,3.223168381629097e-05
30,0.2,0.05,1.5,50.0,0.5,0.9,0.5,3000,0.2,-0.004364365547470335,outcome_based,500,0,0.0005876988808034666,0.000287184561156338,0.006442080493568076,0.27,0.2329485392031058,0.3105586574092084,0.004,0.0011958361600068717,8.713937440842141e-05
30,0.2,0.05,1.5,50.0,0.5,0.9,0.5,3000,0.2,-0.004364365547470335,beta_known_mean,500,0,-0.005738568069582108,5.09234528654577e-05,0.005850228142307429,0.0,4.336808689942018e-19,0.007624340461552241,0.0,0.0,0.0
30,0.2,0.05,1.5,50.0,0.5,0.9,0.5,3000,0.3333333333333333,-0.012499011403079692,beta_estimated_mean,500,0,0.005622318077845202,4.882790122142193e-05,0.00572714225188896,0.0,4.336808689942018e-19,0.007624340461552241,0.0,0.0,0.0
30,0.2,0.05,1.5,50.0,0.5,0.9,0.5,3000,0.3333333333333333,-0.012499011403079692,risk_only,500,0,3.517453392353704e-05,5.627748549504075e-05,0.0012576357896010096,0.0,4.336808689942018e-19,0.007624340461552241,0.0,0.0,0.0
30,0.2,0.05,1.5,50.0,0.5,0.9,0.5,3000,0.3333333333333333,-0.012499011403079692,outcome_based,500,0,0.00031301140307969774,0.00024791072476782676,0.005546745003915142,0.016,0.008129253033388314,0.03125110853339426,0.0,0.00019998418244927506,7.020740678313603e-05
30,0.2,0.05,1.5,50.0,0.5,0.9,0.5,3000,0.3333333333333333,-0.012499011403079692,beta_known_mean,500,0,0.005603765166786228,3.76158723403431e-05,0.0056664138585702725,0.0,4.336808689942018e-19,0.007624340461552241,0.0,0.0,0.0
30,0.2,0.05,1.5,50.0,0.5,0.9,0.5,3000,0.5,-0.002899815265174405,beta_estimated_mean,500,0,0.001910503473440122,8.216005521880847e-06,0.0019192986720799408,0.0,4.336808689942018e-19,0.007624340461552241,0.0,0.0,0.0
30,0.2,0.05,1.5,50.0,0.5,0.9,0.5,3000,0.5,-0.002899815265174405,risk_only,500,0,2.0791346310858203e-05,1.8718461174189616e-05,0.000418655339936696,0.0,4.336808689942018e-19,0.007624340461552241,0.0,0.0,0.0
30,0.2,0.05,1.5,50.0,0.5,0.9,0.5,3000,0.5,-0.002899815265174405,outcome_based,500,0,0.00031048193184107163,0.00013739486659041327,0.0030848332796657094,0.182,0.1506464452041556,0.2182026353293916,0.018,0.0005799630530348809,5.1925423853533057e-05
30,0.2,0.05,1.5,50.0,0.5,0.9,0.5,3000,0.5,-0.002899815265174405,beta_known_mean,500,0,0.0019110609674551635,7.500621959696116e-06,0.0019183918856406845,0.0,4.336808689942018e-19,0.007624340461552241,0.0,0.0,0.0
30,0.2,0.05,1.5,50.0,0.5,0.9,0.5,10000,0.058823529411764705,-0.00039576388249282224,beta_estimated_mean,500,0,-0.00043413713325805457,6.65257666812836e-05,0.0015481886800733562,0.306,0.26721346373113636,0.3477447803679459,0.0,0.0001211037480428036,8.164438716702627e-06
30,0.2,0.05,1.5,50.0,0.5,0.9,0.5,10000,0.058823529411764705,-0.00039576388249282224,risk_only,500,0,9.808461240615257e-05,6.640622589992791e-05,0.0014866419284712514,0.45,0.4069396517813318,0.4938227822648235,0.0,0.00017809374712177,8.81400894012824e-06
30,0.2,0.05,1.5,50.0,0.5,0.9,0.5,10000,0.058823529411764705,-0.00039576388249282224,outcome_based,500,0,-2.0173617506739737e-05,2.3347400297226524e-05,0.0005219314361696716,0.194,0.1617264666432368,0.2309396297192332,0.002,7.756972096859316e-05,7.033021500706408e-06
30,0.2,0.05,1.5,50.0,0.5,0.9,0.5,10000,0.058823529411764705,-0.00039576388249282224,beta_known_mean,500,0,-0.0005289500553878395,3.1722648506394238e-06,0.0005336756786399555,0.0,4.336808689942018e-19,0.007624340461552241,0.0,0.0,0.0
30,0.2,0.05,1.5,50.0,0.5,0.9,0.5,10000,0.1111111111111111,-0.0009391664870452981,beta_estimated_mean,500,0,-0.0034312071324433886,6.661037440965939e-05,0.0037399487206710323,0.006,0.0020425962719602363,0.01749025210405338,0.0,5.634998922271789e-06,3.246841822849594e-06
30,0.2,0.05,1.5,50.0,0.5,0.9,0.5,10000,0.1111111111111111,-0.0009391664870452981,risk_only,500,0,9.542849370012868e-05,6.621560698807394e-05,0.00148221975266848,0.294,0.25575848743575685,0.3353827408344027,0.0,0.00027611494719131767,1.9154390179541285e-05
30,0.2,0.05,1.5,50.0,0.5,0.9,0.5,10000,0.1111111111111111,-0.0009391664870452981,outcome_based,500,0,1.4766487045276084e-05,8.228263878420191e-05,0.0018381142345186526,0.3,0.2614819321406983,0.3415678040439227,0.002,0.00028362827908768007,1.9302941607638397e-05
30,0.2,0.05,1.5,50.0,0.5,0.9,0.5,10000,0.1111111111111111,-0.0009391664870452981,beta_known_mean,500,0,-0.0035179550470398314,1.2946484682754085e-05,0.003529822351669808,0.0,4.336808689942018e-19,0.007624340461552241,0.0,0.0,0.0
30,0.2,0.05,1.5,50.0,0.5,0.9,0.5,10000,0.2,-0.004364365547470335,beta_estimated_mean,500,0,-0.005664827033325851,5.5788249047192925e-05,0.0058002859717985805,0.0,4.336808689942018e-19,0.007624340461552241,0.0,0.0,0.0
30,0.2,0.05,1.5,50.0,0.5,0.9,0.5,10000,0.2,-0.004364365547470335,risk_only,500,0,7.299849462086134e-05,5.344540491473068e-05,0.0011961095360209161,0.0,4.336808689942018e-19,0.007624340461552241,0.0,0.0,0.0
30,0.2,0.05,1.5,50.0,0.5,0.9,0.5,10000,0.2,-0.004364365547470335,outcome_based,500,0,-3.473445252927161e-05,0.00015636673076131166,0.0034931408749424627,0.114,0.08903690099400285,0.1448490898423155,0.002,0.0005062664035065589,6.25642111514767e-05
30,0.2,0.05,1.5,50.0,0.5,0.9,0.5,10000,0.2,-0.004364365547470335,beta_known_mean,500,0,-0.005716334232484469,2.777955769982186e-05,0.005749918022602293,0.0,4.336808689942018e-19,0.007624340461552241,0.0,0.0,0.0
30,0.2,0.05,1.5,50.0,0.5,0.9,0.5,10000,0.3333333333333333,-0.012499011403079692,beta_estimated_mean,500,0,0.005632401841842048,2.65141554565234e-05,0.0056634572239342,0.0,4.336808689942018e-19,0.007624340461552241,0.0,0.0,0.0
30,0.2,0.05,1.5,50.0,0.5,0.9,0.5,10000,0.3333333333333333,-0.012499011403079692,risk_only,500,0,2.8217980051757208e-05,3.08535526426592e-05,0.0006897935691380423,0.0,4.336808689942018e-19,0.007624340461552241,0.0,0.0,0.0
30,0.2,0.05,1.5,50.0,0.5,0.9,0.5,10000,0.3333333333333333,-0.012499011403079692,outcome_based,500,0,6.101140307946914e-05,0.00013409479792168992,0.00299607216056381,0.0,4.336808689942018e-19,0.007624340461552241,0.0,0.0,0.0
30,0.2,0.05,1.5,50.0,0.5,0.9,0.5,10000,0.3333333333333333,-0.012499011403079692,beta_known_mean,500,0,0.0056225627008005714,2.0460152237738357e-05,0.005641108190896532,0.0,4.336808689942018e-19,0.007624340461552241,0.0,0.0,0.0
30,0.2,0.05,1.5,50.0,0.5,0.9,0.5,10000,0.5,-0.002899815265174405,beta_estimated_mean,500,0,0.0019182373499517925,4.449166399356808e-06,0.0019208103176766333,0.0,4.336808689942018e-19,0.007624340461552241,0.0,0.0,0.0
30,0.2,0.05,1.5,50.0,0.5,0.9,0.5,10000,0.5,-0.002899815265174405,risk_only,500,0,7.23517907112991e-06,1.045839809440992e-05,0.0002337349248102831,0.0,4.336808689942018e-19,0.007624340461552241,0.0,0.0,0.0
30,0.2,0.05,1.5,50.0,0.5,0.9,0.5,10000,0.5,-0.002899815265174405,outcome_based,500,0,-9.278473482559498e-05,7.272708531129068e-05,0.001627247444925527,0.036,0.02289106098029272,0.056184326968027755,0.004,0.0001159926106069762,2.543815862377963e-05
30,0.2,0.05,1.5,50.0,0.5,0.9,0.5,10000,0.5,-0.002899815265174405,beta_known_mean,500,0,0.0019181785627307671,4.056892984088699e-06,0.0019203181326231757,0.0,4.336808689942018e-19,0.007624340461552241,0.0,0.0,0.0
31,0.2,0.05,1.5,50.0,0.5,0.9,1.0,500,0.058823529411764705,0.0001363053130613856,beta_estimated_mean,500,0,-0.000972707010197476,0.00029003596454532275,0.006551524130446703,0.554,0.5101829628154826,0.5969936084146699,0.0,7.551314343600763e-05,3.033086691667894e-06
31,0.2,0.05,1.5,50.0,0.5,0.9,1.0,500,0.058823529411764705,0.0001363053130613856,risk_only,500,0,7.193338692475277e-05,0.00028765531933881586,0.006426135712959121,0.474,0.43059811407349635,0.5177983516305045,0.0,6.460871839109677e-05,3.046804263773783e-06
31,0.2,0.05,1.5,50.0,0.5,0.9,1.0,500,0.058823529411764705,0.0001363053130613856,outcome_based,500,0,4.044468693863354e-05,6.345083444513145e-05,0.0014179611984118327,0.282,0.2443364332272433,0.32298777921399346,0.022,3.843809828331074e-05,2.745676003124789e-06
31,0.2,0.05,1.5,50.0,0.5,0.9,1.0,500,0.058823529411764705,0.0001363053130613856,beta_known_mean,500,0,-0.0010699760635114201,1.8326535647873828e-05,0.0011456194259023967,1.0,0.9923756595384479,1.0,0.0,0.0001363053130613856,0.0
31,0.2,0.05,1.5,50.0,0.5,0.9,1.0,500,0.1111111111111111,0.0025917170635510467,beta_estimated_mean,500,0,-0.0068877310701763875,0.0003018687124576927,0.00963909095070406,0.73,0.6894413425907917,0.7670514607968943,0.0,0.001891953456392264,5.150870454331593e-05
31,0.2,0.05,1.5,50.0,0.5,0.9,1.0,500,0.1111111111111111,0.0025917170635510467,risk_only,500,0,8.612178925586628e-05,0.00029277961766534325,0.006540768251375114,0.33,0.2902178997291812,0.3723743760277467,0.0,0.0008552666309718454,5.455463903210322e-05
31,0.2,0.05,1.5,50.0,0.5,0.9,1.0,500,0.1111111111111111,0.0025917170635510467,outcome_based,500,0,0.0005602829364489303,0.0003504424515147131,0.007848315932024733,0.328,0.28829618984058974,0.3703265832781843,0.014,0.0008500831968447433,5.4470187929101126e-05
31,0.2,0.05,1.5,50.0,0.5,0.9,1.0,500,0.1111111111111111,0.0025917170635510467,beta_known_mean,500,0,-0.007000167724643358,7.202347281349511e-05,0.0071826771548330485,1.0,0.9923756595384479,1.0,0.0,0.0025917170635510467,0.0
31,0.2,0.05,1.5,50.0,0.5,0.9,1.0,500,0.2,0.0013780754233185463,beta_estimated_mean,500,0,-0.011266074024093508,0.0002747306228114976,0.01282916227025135,0.956,0.9342805571276716,0.9707660443713928,0.0,0.0013174401046925303,1.2652548161829769e-05
31,0.2,0.05,1.5,50.0,0.5,0.9,1.0,500,0.2,0.0013780754233185463,risk_only,500,0,0.0001151212339503049,0.00025612957789801315,0.005722659423287325,0.388,0.3462960293500537,0.4314118229133341,0.0,0.0005346932642475958,3.0061752064009497e-05
31,0.2,0.05,1.5,50.0,0.5,0.9,1.0,500,0.2,0.0013780754233185463,outcome_based,500,0,0.0006939245766815006,0.0006798087317942084,0.01520162318037531,0.442,0.3990759531428234,0.4858084703507167,0.02,0.0006091093371067975,3.063733242853834e-05
31,0.2,0.05,1.5,50.0,0.5,0.9,1.0,500,0.2,0.0013780754233185463,beta_known_mean,500,0,-0.011298940938969756,0.00015164555685785307,0.011795815250535939,1.0,0.9923756595384479,1.0,0.0,0.0013780754233185463,0.0
31,0.2,0.05,1.5,50.0,0.5,0.9,1.0,500,0.3333333333333333,-0.01810099691084626,beta_estimated_mean,500,0,0.011221255341181038,0.00014442150397719778,0.011675808291792513,0.006,0.0020425962719602363,0.01749025210405338,0.0,0.00010860598146507757,6.257790776830849e-05
31,0.2,0.05,1.5,50.0,0.5,0.9,1.0,500,0.3333333333333333,-0.01810099691084626,risk_only,500,0,6.446581673608856e-05,0.00017106979030039434,0.0038219533677276178,0.0,4.336808689942018e-19,0.007624340461552241,0.0,0.0,0.0
31,0.2,0.05,1.5,50.0,0.5,0.9,1.0,500,0.3333333333333333,-0.01810099691084626,outcome_based,500,0,0.0015729969108462644,0.0006108590094767511,0.013735921348112466,0.122,0.0961592783150937,0.15360472307383977,0.016,0.002497937573696784,0.00027947656550613765
31,0.2,0.05,1.5,50.0,0.5,0.9,1.0,500,0.3333333333333333,-0.01810099691084626,beta_known_mean,500,0,0.011280962557032478,0.00011462007432680594,0.011567880496057665,0.0,4.336808689942018e-19,0.007624340461552241,0.0,0.0,0.0
31,0.2,0.05,1.5,50.0,0.5,0.9,1.0,500,0.5,-0.00481466403998027,beta_estimated_mean,500,0,0.00377143700580086,2.7075697989843516e-05,0.0038196270375680822,0.0,4.336808689942018e-19,0.007624340461552241,0.0,0.0,0.0
31,0.2,0.05,1.5,50.0,0.5,0.9,1.0,500,0.5,-0.00481466403998027,risk_only,500,0,4.615240825766572e-05,5.987293427305296e-05,0.0013382561061927485,0.0,4.336808689942018e-19,0.007624340461552241,0.0,0.0,0.0
31,0.2,0.05,1.5,50.0,0.5,0.9,1.0,500,0.5,-0.00481466403998027,outcome_based,500,0,0.0006746640399802697,0.000400851798460051,0.008979731152258542,0.29,0.2519474198773656,0.33125480311648636,0.084,0.0018006843509526208,0.00010428904318911394
31,0.2,0.05,1.5,50.0,0.5,0.9,1.0,500,0.5,-0.00481466403998027,beta_known_mean,500,0,0.0037891146936863,2.4460280136916407e-05,0.003828308309004548,0.0,4.336808689942018e-19,0.007624340461552241,0.0,0.0,0.0
31,0.2,0.05,1.5,50.0,0.5,0.9,1.0,3000,0.058823529411764705,0.0001363053130613856,beta_estimated_mean,500,0,-0.0012198000539676824,0.00012611891793011445,0.0030700157849970692,0.632,0.588871722496907,0.6731154516212433,0.0,8.61449578547957e-05,2.942693027656227e-06
31,0.2,0.05,1.5,50.0,0.5,0.9,1.0,3000,0.058823529411764705,0.0001363053130613856,risk_only,500,0,-0.00015838727972644745,0.00012532791054972292,0.0028040902315360785,0.492,0.44840780608924286,0.535714183358142,0.0,6.706221402620171e-05,3.0505413716240504e-06
31,0.2,0.05,1.5,50.0,0.5,0.9,1.0,3000,0.058823529411764705,0.0001363053130613856,outcome_based,500,0,-2.8846979728014087e-05,2.6136908934611965e-05,0.0005845665185065526,0.378,0.3365807935394356,0.42127954553318325,0.018,5.152340833720376e-05,2.9587182056188406e-06
31,0.2,0.05,1.5,50.0,0.5,0.9,1.0,3000,0.058823529411764705,0.0001363053130613856,beta_known_mean,500,0,-0.0010726802437020684,6.9035556916020835e-06,0.0010837088108625248,1.0,0.9923756595384479,1.0,0.0,0.0001363053130613856,0.0
31,0.2,0.05,1.5,50.0,0.5,0.9,1.0,3000,0.1111111111111111,0.0025917170635510467,beta_estimated_mean,500,0,-0.007203861258410786,0.00012972324832571727,0.007764847035670664,0.95,0.9272318388284524,0.9659062547561506,0.0,0.002462131210373494,2.528623210624548e-05
31,0.2,0.05,1.5,50.0,0.5,0.9,1.0,3000,0.1111111111111111,0.0025917170635510467,risk_only,500,0,-0.00014692042057573885,0.00012724871013834776,0.0028463152481211394,0.198,0.1654311225691935,0.2351739790695841,0.0,0.0005131599785831072,4.623353434258992e-05
31,0.2,0.05,1.5,50.0,0.5,0.9,1.0,3000,0.1111111111111111,0.0025917170635510467,outcome_based,500,0,-1.3837302171988696e-06,0.0001366915894475696,0.003053459126455612,0.208,0.17471631170962926,0.24573630311991723,0.004,0.0005390771492186177,4.7090312611672874e-05
31,0.2,0.05,1.5,50.0,0.5,0.9,1.0,3000,0.1111111111111111,0.0025917170635510467,beta_known_mean,500,0,-0.007077150972166902,2.731962720366265e-05,0.007103414709566514,1.0,0.9923756595384479,1.0,0.0,0.0025917170635510467,0.0
31,0.2,0.05,1.5,50.0,0.5,0.9,1.0,3000,0.2,0.0013780754233185463,beta_estimated_mean,500,0,-0.011585201062050255,0.0001133107865525822,0.01185848689708614,1.0,0.9923756595384479,1.0,0.0,0.0013780754233185463,0.0
31,0.2,0.05,1.5,50.0,0.5,0.9,1.0,3000,0.2,0.0013780754233185463,risk_only,500,0,-8.882905978876929e-05,0.00010583426386800793,0.002365826581703748,0.282,0.2443364332272433,0.32298777921399346,0.0,0.0003886172693758301,2.7759362678678135e-05
31,0.2,0.05,1.5,50.0,0.5,0.9,1.0,3000,0.2,0.0013780754233185463,outcome_based,500,0,0.00023775791001458193,0.0003027636081800673,0.0067674045423960685,0.4,0.35797899079473766,0.44354587729757294,0.002,0.0005512301693274185,3.022235729540609e-05
31,0.2,0.05,1.5,50.0,0.5,0.9,1.0,3000,0.2,0.0013780754233185463,beta_known_mean,500,0,-0.011501752605568502,5.7321294601715556e-05,0.011572808331442086,1.0,0.9923756595384479,1.0,0.0,0.0013780754233185463,0.0
31,0.2,0.05,1.5,50.0,0.5,0.9,1.0,3000,0.3333333333333333,-0.01810099691084626,beta_estimated_mean,500,0,0.011140946893883062,5.638448213125164e-05,0.011211918809690968,0.0,4.336808689942018e-19,0.007624340461552241,0.0,0.0,0.0
31,0.2,0.05,1.5,50.0,0.5,0.9,1.0,3000,0.3333333333333333,-0.01810099691084626,risk_only,500,0,-6.314706665901298e-05,6.632276296516989e-05,0.0014828834366892626,0.0,4.336808689942018e-19,0.007624340461552241,0.0,0.0,0.0
31,0.2,0.05,1.5,50.0,0.5,0.9,1.0,3000,0.3333333333333333,-0.01810099691084626,outcome_based,500,0,-2.7336422487015886e-05,0.00024051606867716034,0.0053727915413368426,0.002,0.00035313639455927456,0.011240706705146758,0.0,3.6201993821692524e-05,3.620199382169251e-05
31,0.2,0.05,1.5,50.0,0.5,0.9,1.0,3000,0.3333333333333333,-0.01810099691084626,beta_known_mean,500,0,0.011174604551826018,4.3468755759018895e-05,0.011216713588238855,0.0,4.336808689942018e-19,0.007624340461552241,0.0,0.0,0.0
31,0.2,0.05,1.5,50.0,0.5,0.9,1.0,3000,0.5,-0.00481466403998027,beta_estimated_mean,500,0,0.0038081500795282305,9.818262396446476e-06,0.0038144606130063943,0.0,4.336808689942018e-19,0.007624340461552241,0.0,0.0,0.0
31,0.2,0.05,1.5,50.0,0.5,0.9,1.0,3000,0.5,-0.00481466403998027,risk_only,500,0,-3.3823396007052004e-05,2.3449548623436366e-05,0.0005249140940270704,0.0,4.336808689942018e-19,0.007624340461552241,0.0,0.0,0.0
31,0.2,0.05,1.5,50.0,0.5,0.9,1.0,3000,0.5,-0.00481466403998027,outcome_based,500,0,-7.333596001973038e-05,0.00017206818489726977,0.0038444116363494014,0.094,0.0714264085922213,0.12276455586255913,0.018,0.0005392423724777901,6.797218167469106e-05
31,0.2,0.05,1.5,50.0,0.5,0.9,1.0,3000,0.5,-0.00481466403998027,beta_known_mean,500,0,0.003812666858500335,8.937084885888384e-06,0.0038178900515270665,0.0,4.336808689942018e-19,0.007624340461552241,0.0,0.0,0.0
31,0.2,0.05,1.5,50.0,0.5,0.9,1.0,10000,0.058823529411764705,0.0001363053130613856,beta_estimated_mean,500,0,-0.0011380324838852357,6.245176137629331e-05,0.0018003691180921038,0.772,0.7332341279039163,0.8066182308849994,0.0,0.00010522770168338968,2.559991866186693e-06
31,0.2,0.05,1.5,50.0,0.5,0.9,1.0,10000,0.058823529411764705,0.0001363053130613856,risk_only,500,0,-7.354461280647473e-05,6.19975621020588e-05,0.0013868720076725086,0.48,0.43652842657373225,0.5237765470447299,0.0,6.542655026946509e-05,3.048490193292963e-06
31,0.2,0.05,1.5,50.0,0.5,0.9,1.0,10000,0.058823529411764705,0.0001363053130613856,outcome_based,500,0,-5.230313061799163e-06,1.4366200408542608e-05,0.00032095922723883626,0.332,0.2921404418575132,0.3744213365375685,0.006,4.525336393638002e-05,2.8735567923775767e-06
31,0.2,0.05,1.5,50.0,0.5,0.9,1.0,10000,0.058823529411764705,0.0001363053130613856,beta_known_mean,500,0,-0.0010686073297577854,3.7789326505559717e-06,0.0010719363371342562,1.0,0.9923756595384479,1.0,0.0,0.0001363053130613856,0.0
31,0.2,0.05,1.5,50.0,0.5,0.9,1.0,10000,0.1111111111111111,0.0025917170635510467,beta_estimated_mean,500,0,-0.007138337649226511,6.472658527209666e-05,0.007283298722695415,0.998,0.9887592932948532,0.9996468636054407,0.0,0.0025865336294239446,5.183434127102093e-06
31,0.2,0.05,1.5,50.0,0.5,0.9,1.0,10000,0.1111111111111111,0.0025917170635510467,risk_only,500,0,-7.343500811952348e-05,6.342152158951325e-05,0.001418631421963201,0.042,0.027632310108451703,0.06335158575433016,0.0,0.00010885211666914396,2.327258981326889e-05
31,0.2,0.05,1.5,50.0,0.5,0.9,1.0,10000,0.1111111111111111,0.0025917170635510467,outcome_based,500,0,0.00015290793644787373,7.47655928988321e-05,0.0016771219049026161,0.046,0.030845108370816204,0.06807779276827323,0.0,0.00011921898492334814,2.4304708598086945e-05
31,0.2,0.05,1.5,50.0,0.5,0.9,1.0,10000,0.1111111111111111,0.0025917170635510467,beta_known_mean,500,0,-0.007077243455507641,1.489595591008037e-05,0.007085061593963794,1.0,0.9923756595384479,1.0,0.0,0.0025917170635510467,0.0
31,0.2,0.05,1.5,50.0,0.5,0.9,1.0,10000,0.2,0.0013780754233185463,beta_estimated_mean,500,0,-0.011555628108126633,5.815783218176663e-05,0.011628427467285655,1.0,0.9923756595384479,1.0,0.0,0.0013780754233185463,0.0
31,0.2,0.05,1.5,50.0,0.5,0.9,1.0,10000,0.2,0.0013780754233185463,risk_only,500,0,-7.764359859509324e-05,5.3824794945142256e-05,0.0012048592014402412,0.142,0.114129360445696,0.1753296673247754,0.0,0.00019568671011123355,2.1533297018370187e-05
31,0.2,0.05,1.5,50.0,0.5,0.9,1.0,10000,0.2,0.0013780754233185463,outcome_based,500,0,0.00022857457668259545,0.00014583880474325082,0.0032658009529986216,0.32,0.28061775068949024,0.3621270118766686,0.002,0.0004409841354619348,2.8777440208932324e-05
31,0.2,0.05,1.5,50.0,0.5,0.9,1.0,10000,0.2,0.0013780754233185463,beta_known_mean,500,0,-0.011516475645803954,3.120785961189178e-05,0.011537556180607393,1.0,0.9923756595384479,1.0,0.0,0.0013780754233185463,0.0
31,0.2,0.05,1.5,50.0,0.5,0.9,1.0,10000,0.3333333333333333,-0.01810099691084626,beta_estimated_mean,500,0,0.011165438864569626,3.0136473110814893e-05,0.011185715012336483,0.0,4.336808689942018e-19,0.007624340461552241,0.0,0.0,0.0
31,0.2,0.05,1.5,50.0,0.5,0.9,1.0,10000,0.3333333333333333,-0.01810099691084626,risk_only,500,0,-3.744719145359466e-05,3.6028991038360346e-05,0.0008056974007489692,0.0,4.336808689942018e-19,0.007624340461552241,0.0,0.0,0.0
31,0.2,0.05,1.5,50.0,0.5,0.9,1.0,10000,0.3333333333333333,-0.01810099691084626,outcome_based,500,0,3.789691084625894e-05,0.00012851856216765717,0.002871137329674607,0.0,4.336808689942018e-19,0.007624340461552241,0.0,0.0,0.0
31,0.2,0.05,1.5,50.0,0.5,0.9,1.0,10000,0.3333333333333333,-0.01810099691084626,beta_known_mean,500,0,0.011178853373929222,2.3716426875316282e-05,0.011191400034793285,0.0,4.336808689942018e-19,0.007624340461552241,0.0,0.0,0.0
31,0.2,0.05,1.5,50.0,0.5,0.9,1.0,10000,0.5,-0.00481466403998027,beta_estimated_mean,500,0,0.0038212625246434183,5.3599363776745316e-06,0.0038231378489811977,0.0,4.336808689942018e-19,0.007624340461552241,0.0,0.0,0.0
31,0.2,0.05,1.5,50.0,0.5,0.9,1.0,10000,0.5,-0.00481466403998027,risk_only,500,0,-7.054494981671074e-06,1.2525105385994756e-05,0.0002798785809947835,0.0,4.336808689942018e-19,0.007624340461552241,0.0,0.0,0.0
31,0.2,0.05,1.5,50.0,0.5,0.9,1.0,10000,0.5,-0.00481466403998027,outcome_based,500,0,5.886403998026971e-05,9.372652796347561e-05,0.0020945193566073335,0.014,0.00679778979084349,0.02861306913778529,0.004,8.666395271964485e-05,2.8655481592397772e-05
31,0.2,0.05,1.5,50.0,0.5,0.9,1.0,10000,0.5,-0.00481466403998027,beta_known_mean,500,0,0.003822793033003263,4.902024146272005e-06,0.0038243610529999487,0.0,4.336808689942018e-19,0.007624340461552241,0.0,0.0,0.0
32,0.2,0.05,1.5,50.0,0.9,0.1,0.5,500,0.058823529411764705,-0.0036553283739508002,beta_estimated_mean,500,0,0.0024893777358108216,0.00028406099153442595,0.006816277159887185,0.444,0.4010408191814197,0.4878131069502743,0.0,0.0016229657980341551,8.130270696695731e-05
32,0.2,0.05,1.5,50.0,0.9,0.1,0.5,500,0.058823529411764705,-0.0036553283739508002,risk_only,500,0,-0.000245459713060164,0.0002817361152855471,0.006298292987800341,0.266,0.2291604018204711,0.30640778951553543,0.0,0.0009723173474709128,7.23044410350502e-05
32,0.2,0.05,1.5,50.0,0.9,0.1,0.5,500,0.058823529411764705,-0.0036553283739508002,outcome_based,500,0,-6.84216260493782e-05,0.00014771153228010543,0.0033003350142691602,0.128,0.10152682399523652,0.16014568530815834,0.002,0.000475192688613604,5.50310028574247e-05
32,0.2,0.05,1.5,50.0,0.9,0.1,0.5,500,0.058823529411764705,-0.0036553283739508002,beta_known_mean,500,0,0.0027344888991613736,1.0299022667350116e-05,0.0027441498508135767,0.0,4.336808689942018e-19,0.007624340461552241,0.0,0.0,0.0
32,0.2,0.05,1.5,50.0,0.9,0.1,0.5,500,0.1111111111111111,-0.01179977565016306,beta_estimated_mean,500,0,0.007084721760781066,0.0002754151194814069,0.009383185650893017,0.228,0.19338176911500068,0.26676587209608377,0.0,0.0026903488482371775,0.00022161520346342806
32,0.2,0.05,1.5,50.0,0.9,0.1,0.5,500,0.1111111111111111,-0.01179977565016306,risk_only,500,0,-0.00024384822216665501,0.00027329298138152,0.006109770841691311,0.024,0.013781314655496986,0.041477057463900756,0.0,0.00028319461560391345,8.084515667014715e-05
32,0.2,0.05,1.5,50.0,0.9,0.1,0.5,500,0.1111111111111111,-0.01179977565016306,outcome_based,500,0,-0.0005232243498368063,0.00031910107017364925,0.007147355085642541,0.042,0.027632310108451703,0.06335158575433016,0.006,0.0005663892312078269,0.00011291784213990301
32,0.2,0.05,1.5,50.0,0.9,0.1,0.5,500,0.1111111111111111,-0.01179977565016306,beta_known_mean,500,0,0.007339415994549576,4.8237136094565284e-05,0.007418093486136066,0.0,4.336808689942018e-19,0.007624340461552241,0.0,0.0,0.0
32,0.2,0.05,1.5,50.0,0.9,0.1,0.5,500,0.2,-0.013569915956088814,beta_estimated_mean,500,0,0.0032953139431954807,0.0002210935359093689,0.005937287886152342,0.02,0.010899183596210813,0.036420183246879345,0.0,0.00027139831912177627,8.504620144208531e-05
32,0.2,0.05,1.5,50.0,0.9,0.1,0.5,500,0.2,-0.013569915956088814,risk_only,500,0,-0.00015967028746245005,0.0002183752780133813,0.004880746650089687,0.002,0.00035313639455927456,0.011240706705146758,0.0,2.713983191217763e-05,2.7139831912177623e-05
32,0.2,0.05,1.5,50.0,0.9,0.1,0.5,500,0.2,-0.013569915956088814,outcome_based,500,0,-0.00026108404391125194,0.0006963488216136559,0.015557445287642373,0.176,0.1451264013297259,0.21181417128935995,0.008,0.002496864535920341,0.00023538613394801327
32,0.2,0.05,1.5,50.0,0.9,0.1,0.5,500,0.2,-0.013569915956088814,beta_known_mean,500,0,0.003434898939022351,0.00011206103083108992,0.0042502717986182,0.0,4.336808689942018e-19,0.007624340461552241,0.0,0.0,0.0
32,0.2,0.05,1.5,50.0,0.9,0.1,0.5,500,0.3333333333333333,0.0007620997168794035,beta_estimated_mean,500,0,-0.007645765682710152,9.152212659215522e-05,0.007914386040826385,1.0,0.9923756595384479,1.0,0.0,0.0007620997168794035,0.0
32,0.2,0.05,1.5,50.0,0.9,0.1,0.5,500,0.3333333333333333,0.0007620997168794035,risk_only,500,0,1.580226692780978e-05,0.00010717240709654511,0.0023941023804822945,0.362,0.32107604417818575,0.40502827378920275,0.0,0.0002758800975103441,1.6395556121309547e-05
32,0.2,0.05,1.5,50.0,0.9,0.1,0.5,500,0.3333333333333333,0.0007620997168794035,outcome_based,500,0,0.0004599002831205962,0.0006094853376033807,0.013622636465472255,0.44,0.397111794441699,0.4838031264136874,0.038,0.00033532387542693754,1.6934870470853785e-05
32,0.2,0.05,1.5,50.0,0.9,0.1,0.5,500,0.3333333333333333,0.0007620997168794035,beta_known_mean,500,0,-0.007635468470599187,7.420773790188284e-05,0.007813338989152272,1.0,0.9923756595384479,1.0,0.0,0.0007620997168794035,0.0
32,0.2,0.05,1.5,50.0,0.9,0.1,0.5,500,0.5,-0.00011218991815459061,beta_estimated_mean,500,0,-0.0008694313296227479,1.2982556075896174e-05,0.0009165236883459203,0.0,4.336808689942018e-19,0.007624340461552241,0.0,0.0,0.0
32,0.2,0.05,1.5,50.0,0.9,0.1,0.5,500,0.5,-0.00011218991815459061,risk_only,500,0,2.227370089467943e-05,2.6032098320806626e-05,0.0005819394462490348,0.456,0.41284481758175473,0.499826124378862,0.0,5.1158602678493314e-05,2.5014131554630334e-06
32,0.2,0.05,1.5,50.0,0.9,0.1,0.5,500,0.5,-0.00011218991815459061,outcome_based,500,0,-0.0002718100818454093,0.00022270222396986126,0.004982210826590221,0.396,0.35408170350275736,0.4395041593132456,0.162,6.260197433026155e-05,2.4942029728355315e-06
32,0.2,0.05,1.5,50.0,0.9,0.1,0.5,500,0.5,-0.00011218991815459061,beta_known_mean,500,0,-0.0008684301805427257,1.242543583496076e-05,0.0009117084593586626,0.0,4.336808689942018e-19,0.007624340461552241,0.0,0.0,0.0
32,0.2,0.05,1.5,50.0,0.9,0.1,0.5,3000,0.058823529411764705,-0.0036553283739508002,beta_estimated_mean,500,0,0.0026818327256322235,0.00011677166849578172,0.0037411766100189717,0.354,0.3133423051969017,0.3968840022178716,0.0,0.0012939862443785833,7.825174207742895e-05
32,0.2,0.05,1.5,50.0,0.9,0.1,0.5,3000,0.058823529411764705,-0.0036553283739508002,risk_only,500,0,-3.726561659337618e-05,0.00011494823803250137,0.0025680195369470237,0.078,0.05758139347616159,0.10485354987338852,0.0,0.0002851156131681624,4.3882249934501336e-05
32,0.2,0.05,1.5,50.0,0.9,0.1,0.5,3000,0.058823529411764705,-0.0036553283739508002,outcome_based,500,0,-2.992162604958909e-05,6.0757010874527706e-05,0.0013575386088575101,0.004,0.0010976305226827934,0.014465715215177033,0.0,1.4621313495803201e-05,1.0328465178354148e-05
32,0.2,0.05,1.5,50.0,0.9,0.1,0.5,3000,0.058823529411764705,-0.0036553283739508002,beta_known_mean,500,0,0.002728057024844602,4.2264888692077385e-06,0.0027296902519657043,0.0,4.336808689942018e-19,0.007624340461552241,0.0,0.0,0.0
32,0.2,0.05,1.5,50.0,0.9,0.1,0.5,3000,0.1111111111111111,-0.01179977565016306,beta_estimated_mean,500,0,0.007288628218926196,0.000113151495090175,0.007714462293216363,0.044,0.02923395562860718,0.06571944287232845,0.0,0.0005191901286071747,0.0001083374880548637
32,0.2,0.05,1.5,50.0,0.9,0.1,0.5,3000,0.1111111111111111,-0.01179977565016306,risk_only,500,0,-1.2974990544276781e-05,0.00011061321332942386,0.0024709460837798306,0.0,4.336808689942018e-19,0.007624340461552241,0.0,0.0,0.0
32,0.2,0.05,1.5,50.0,0.9,0.1,0.5,3000,0.1111111111111111,-0.01179977565016306,outcome_based,500,0,-6.330768317244937e-05,0.00013668187158810116,0.003053897990952043,0.0,4.336808689942018e-19,0.007624340461552241,0.0,0.0,0.0
32,0.2,0.05,1.5,50.0,0.9,0.1,0.5,3000,0.1111111111111111,-0.01179977565016306,beta_known_mean,500,0,0.0073303904402326914,1.9620314632207896e-05,0.007343481287689238,0.0,4.336808689942018e-19,0.007624340461552241,0.0,0.0,0.0
32,0.2,0.05,1.5,50.0,0.9,0.1,0.5,3000,0.2,-0.013569915956088814,beta_estimated_mean,500,0,0.003430636979670918,9.068132044460731e-05,0.003984042911816688,0.0,4.336808689942018e-19,0.007624340461552241,0.0,0.0,0.0
32,0.2,0.05,1.5,50.0,0.9,0.1,0.5,3000,0.2,-0.013569915956088814,risk_only,500,0,-1.4442195753508413e-05,9.147159718824676e-05,0.0020433717405333885,0.0,4.336808689942018e-19,0.007624340461552241,0.0,0.0,0.0
32,0.2,0.05,1.5,50.0,0.9,0.1,0.5,3000,0.2,-0.013569915956088814,outcome_based,500,0,-9.891737724477568e-05,0.0002700834597045397,0.006034018327391943,0.012,0.005510995174027703,0.025930361116447292,0.0,0.00016283899147306576,6.614484154615482e-05
32,0.2,0.05,1.5,50.0,0.9,0.1,0.5,3000,0.2,-0.013569915956088814,beta_known_mean,500,0,0.0034585413397165226,4.512294980191886e-05,0.0036024314590762975,0.0,4.336808689942018e-19,0.007624340461552241,0.0,0.0,0.0
32,0.2,0.05,1.5,50.0,0.9,0.1,0.5,3000,0.3333333333333333,0.0007620997168794035,beta_estimated_mean,500,0,-0.007668576201435446,3.7996107748533464e-05,0.007715404678630741,1.0,0.9923756595384479,1.0,0.0,0.0007620997168794035,0.0
32,0.2,0.05,1.5,50.0,0.9,0.1,0.5,3000,0.3333333333333333,0.0007620997168794035,risk_only,500,0,-4.203730861088811e-05,4.5350171376365455e-05,0.0010139179055546062,0.254,0.21782025491518664,0.2939309205918972,0.0,0.0001935733280873685,1.4850729905475542e-05
32,0.2,0.05,1.5,50.0,0.9,0.1,0.5,3000,0.3333333333333333,0.0007620997168794035,outcome_based,500,0,-0.00014476638354607546,0.0002444161976351905,0.005461763164158696,0.454,0.4108757266738578,0.49782571264860515,0.014,0.0003459932714632492,1.6985790969002404e-05
32,0.2,0.05,1.5,50.0,0.9,0.1,0.5,3000,0.3333333333333333,0.0007620997168794035,beta_known_mean,500,0,-0.007657169868250103,3.02622736063452e-05,0.007686952399224683,1.0,0.9923756595384479,1.0,0.0,0.0007620997168794035,0.0
32,0.2,0.05,1.5,50.0,0.9,0.1,0.5,3000,0.5,-0.00011218991815459061,beta_estimated_mean,500,0,-0.0008746966577721642,5.361038137447273e-06,0.0008828566516391355,0.0,4.336808689942018e-19,0.007624340461552241,0.0,0.0,0.0
32,0.2,0.05,1.5,50.0,0.9,0.1,0.5,3000,0.5,-0.00011218991815459061,risk_only,500,0,-1.0883854056000564e-05,1.1032937646911497e-05,0.00024669736343607365,0.31,0.2710389112735686,0.3518583381018213,0.0,3.477887462792309e-05,2.322784667696579e-06
32,0.2,0.05,1.5,50.0,0.9,0.1,0.5,3000,0.5,-0.00011218991815459061,outcome_based,500,0,-4.181008184540946e-05,9.078268246375556e-05,0.002028362468881275,0.444,0.4010408191814197,0.4878131069502743,0.064,5.6992478422532025e-05,2.5108337974732198e-06
32,0.2,0.05,1.5,50.0,0.9,0.1,0.5,3000,0.5,-0.00011218991815459061,beta_known_mean,500,0,-0.00087303399743589,5.061068515989894e-06,0.0008803237776671368,0.0,4.336808689942018e-19,0.007624340461552241,0.0,0.0,0.0
32,0.2,0.05,1.5,50.0,0.9,0.1,0.5,10000,0.058823529411764705,-0.0036553283739508002,beta_estimated_mean,500,0,0.0026963022050801,6.190279910335372e-05,0.0030302131761640243,0.24,0.204637860033381,0.2793267970066262,0.0,0.0008772788097481921,6.988573575726998e-05
32,0.2,0.05,1.5,50.0,0.9,0.1,0.5,10000,0.058823529411764705,-0.0036553283739508002,risk_only,500,0,-3.5273501372185935e-05,6.137221678967276e-05,0.0013714051800050452,0.002,0.00035313639455927456,0.011240706705146758,0.0,7.3106567479016006e-06,7.3106567479016e-06
32,0.2,0.05,1.5,50.0,0.9,0.1,0.5,10000,0.058823529411764705,-0.0036553283739508002,outcome_based,500,0,2.0153373954605924e-05,3.21383084182444e-05,0.0007181982467305718,0.0,4.336808689942018e-19,0.007624340461552241,0.0,0.0,0.0
32,0.2,0.05,1.5,50.0,0.9,0.1,0.5,10000,0.058823529411764705,-0.0036553283739508002,beta_known_mean,500,0,0.0027292131484250417,2.3646783435493588e-06,0.0027297242845508566,0.0,4.336808689942018e-19,0.007624340461552241,0.0,0.0,0.0
32,0.2,0.05,1.5,50.0,0.9,0.1,0.5,10000,0.1111111111111111,-0.01179977565016306,beta_estimated_mean,500,0,0.007305125940168228,6.0331862176300584e-05,0.007428404395625965,0.0,4.336808689942018e-19,0.007624340461552241,0.0,0.0,0.0
32,0.2,0.05,1.5,50.0,0.9,0.1,0.5,10000,0.1111111111111111,-0.01179977565016306,risk_only,500,0,-2.8765802730262747e-05,5.959812369429269e-05,0.0013316319720549452,0.0,4.336808689942018e-19,0.007624340461552241,0.0,0.0,0.0
32,0.2,0.05,1.5,50.0,0.9,0.1,0.5,10000,0.1111111111111111,-0.01179977565016306,outcome_based,500,0,-0.00010714934983529642,7.582705122279958e-05,0.0016972336580581705,0.0,4.336808689942018e-19,0.007624340461552241,0.0,0.0,0.0
32,0.2,0.05,1.5,50.0,0.9,0.1,0.5,10000,0.1111111111111111,-0.01179977565016306,beta_known_mean,500,0,0.007336203937104848,1.1175677302612294e-05,0.007340450339905282,0.0,4.336808689942018e-19,0.007624340461552241,0.0,0.0,0.0
32,0.2,0.05,1.5,50.0,0.9,0.1,0.5,10000,0.2,-0.013569915956088814,beta_estimated_mean,500,0,0.0034567264765342654,4.919725161801862e-05,0.003627219644216428,0.0,4.336808689942018e-19,0.007624340461552241,0.0,0.0,0.0
32,0.2,0.05,1.5,50.0,0.9,0.1,0.5,10000,0.2,-0.013569915956088814,risk_only,500,0,-1.4538478249871895e-05,4.8934943975133855e-05,0.0010932205219134504,0.0,4.336808689942018e-19,0.007624340461552241,0.0,0.0,0.0
32,0.2,0.05,1.5,50.0,0.9,0.1,0.5,10000,0.2,-0.013569915956088814,outcome_based,500,0,0.00010621595608717057,0.00015223218745652242,0.0034022678670746374,0.0,4.336808689942018e-19,0.007624340461552241,0.0,0.0,0.0
32,0.2,0.05,1.5,50.0,0.9,0.1,0.5,10000,0.2,-0.013569915956088814,beta_known_mean,500,0,0.0034748946501967975,2.586651958014278e-05,0.0035226072972623684,0.0,4.336808689942018e-19,0.007624340461552241,0.0,0.0,0.0
32,0.2,0.05,1.5,50.0,0.9,0.1,0.5,10000,0.3333333333333333,0.0007620997168794035,beta_estimated_mean,500,0,-0.007652106653062803,2.0882129584062662e-05,0.007666311488225275,1.0,0.9923756595384479,1.0,0.0,0.0007620997168794035,0.0
32,0.2,0.05,1.5,50.0,0.9,0.1,0.5,10000,0.3333333333333333,0.0007620997168794035,risk_only,500,0,1.0379657351530832e-05,2.4823452568903075e-05,0.0005546110639083799,0.082,0.06101908946846894,0.10935485915738875,0.0,6.249217678411108e-05,9.36030056159903e-06
32,0.2,0.05,1.5,50.0,0.9,0.1,0.5,10000,0.3333333333333333,0.0007620997168794035,outcome_based,500,0,-9.169971687939149e-05,0.00013641857547809025,0.0030487395228316885,0.402,0.359928740326145,0.44556563040431935,0.01,0.00030636408618552025,1.6727273041540242e-05
32,0.2,0.05,1.5,50.0,0.9,0.1,0.5,10000,0.3333333333333333,0.0007620997168794035,beta_known_mean,500,0,-0.007648569728205782,1.7190362924372805e-05,0.007658203292377671,1.0,0.9923756595384479,1.0,0.0,0.0007620997168794035,0.0
32,0.2,0.05,1.5,50.0,0.9,0.1,0.5,10000,0.5,-0.00011218991815459061,beta_estimated_mean,500,0,-0.0008712024678093984,2.917092972664397e-06,0.0008736360490452295,0.0,4.336808689942018e-19,0.007624340461552241,0.0,0.0,0.0
32,0.2,0.05,1.5,50.0,0.9,0.1,0.5,10000,0.5,-0.00011218991815459061,risk_only,500,0,5.410860684408932e-06,6.103570474228009e-06,0.0001364507607444758,0.212,0.17843950428829852,0.24995211581755555,0.0,2.378426264877321e-05,2.0527430839518308e-06
32,0.2,0.05,1.5,50.0,0.9,0.1,0.5,10000,0.5,-0.00011218991815459061,outcome_based,500,0,9.778991815459061e-05,5.0215420509180516e-05,0.001125982019435782,0.474,0.43059811407349635,0.5177983516305045,0.018,5.519743973205858e-05,2.5108337974732198e-06
32,0.2,0.05,1.5,50.0,0.9,0.1,0.5,10000,0.5,-0.00011218991815459061,beta_known_mean,500,0,-0.0008709227908896711,2.788607078086798e-06,0.0008731476943104162,0.0,4.336808689942018e-19,0.007624340461552241,0.0,0.0,0.0
33,0.2,0.05,1.5,50.0,0.9,0.1,1.0,500,0.058823529411764705,-0.00638282366985457,beta_estimated_mean,500,0,0.005985160908294512,0.000260576172836019,0.008348905442107986,0.47,0.4266480518519465,0.5138094085757468,0.0,0.002999927124831648,0.00014260982201270728
33,0.2,0.05,1.5,50.0,0.9,0.1,1.0,500,0.058823529411764705,-0.00638282366985457,risk_only,500,0,0.0005373651293043318,0.000256613190273118,0.005757436553175713,0.156,0.126830791403845,0.19041475483370296,0.0,0.000995720492497313,0.00010368026452651725
33,0.2,0.05,1.5,50.0,0.9,0.1,1.0,500,0.058823529411764705,-0.00638282366985457,outcome_based,500,0,5.2573669854262234e-05,0.00017212840774405734,0.0038454167756254553,0.07,0.0507597429450181,0.09579718985191686,0.002,0.00045956330422952907,7.385889576648567e-05
33,0.2,0.05,1.5,50.0,0.9,0.1,1.0,500,0.058823529411764705,-0.00638282366985457,beta_known_mean,500,0,0.005463165859353186,9.656671438227733e-06,0.005467422940209758,0.0,4.336808689942018e-19,0.007624340461552241,0.0,0.0,0.0
33,0.2,0.05,1.5,50.0,0.9,0.1,1.0,500,0.1111111111111111,-0.019129501262684492,beta_estimated_mean,500,0,0.015116162547358373,0.000250178457532994,0.01611615373481962,0.248,0.21216420834594762,0.2876784592466748,0.0,0.004744116313145755,0.00036981807640954325
33,0.2,0.05,1.5,50.0,0.9,0.1,1.0,500,0.1111111111111111,-0.019129501262684492,risk_only,500,0,0.0004997482134089042,0.00024621077535215484,0.005522590106160379,0.0,4.336808689942018e-19,0.007624340461552241,0.0,0.0,0.0
33,0.2,0.05,1.5,50.0,0.9,0.1,1.0,500,0.1111111111111111,-0.019129501262684492,outcome_based,500,0,-0.00033699873731528654,0.0002882171816314426,0.00644709786640086,0.006,0.0020425962719602363,0.01749025210405338,0.0,0.00011477700757610695,6.613360421893167e-05
33,0.2,0.05,1.5,50.0,0.9,0.1,1.0,500,0.1111111111111111,-0.019129501262684492,beta_known_mean,500,0,0.014681981832460968,4.8920091527228856e-05,0.014722594371607035,0.0,4.336808689942018e-19,0.007624340461552241,0.0,0.0,0.0
33,0.2,0.05,1.5,50.0,0.9,0.1,1.0,500,0.2,-0.017033025393918405,beta_estimated_mean,500,0,0.007224382588672077,0.0002038100830310085,0.008539288038830663,0.016,0.008129253033388314,0.03125110853339426,0.0,0.00027252840630269447,9.56751301373855e-05
33,0.2,0.05,1.5,50.0,0.9,0.1,1.0,500,0.2,-0.017033025393918405,risk_only,500,0,0.0003695111801685391,0.00020026446281681956,0.004488803870838744,0.0,4.336808689942018e-19,0.007624340461552241,0.0,0.0,0.0
33,0.2,0.05,1.5,50.0,0.9,0.1,1.0,500,0.2,-0.017033025393918405,outcome_based,500,0,-0.0002539746060817181,0.0007039128131359701,0.01572627209800641,0.122,0.0961592783150937,0.15360472307383977,0.006,0.0021802272504215557,0.0002547444601849368
33,0.2,0.05,1.5,50.0,0.9,0.1,1.0,500,0.2,-0.017033025393918405,beta_known_mean,500,0,0.006932782134039245,0.00011680262203390763,0.007407513180719809,0.0,4.336808689942018e-19,0.007624340461552241,0.0,0.0,0.0
33,0.2,0.05,1.5,50.0,0.9,0.1,1.0,500,0.3333333333333333,0.008421225329071932,beta_estimated_mean,500,0,-0.015166436863288358,8.378440700464275e-05,0.015281482281827725,0.998,0.9887592932948532,0.9996468636054407,0.0,0.008404382878413786,1.6842450658143865e-05
33,0.2,0.05,1.5,50.0,0.9,0.1,1.0,500,0.3333333333333333,0.008421225329071932,risk_only,500,0,7.990717793184651e-05,0.00010318841662406535,0.0023064392405720328,0.0,4.336808689942018e-19,0.007624340461552241,0.0,0.0,0.0
33,0.2,0.05,1.5,50.0,0.9,0.1,1.0,500,0.3333333333333333,0.008421225329071932,outcome_based,500,0,0.00024077467092806869,0.0005829435292690308,0.013024197804170532,0.242,0.20651780855112864,0.28141635112703234,0.022,0.0020379365296354078,0.00016146087475087928
33,0.2,0.05,1.5,50.0,0.9,0.1,1.0,500,0.3333333333333333,0.008421225329071932,beta_known_mean,500,0,-0.0152764110465589,7.43871605647158e-05,0.015366519639860231,1.0,0.9923756595384479,1.0,0.0,0.00842122532907193,7.765688804434268e-20
33,0.2,0.05,1.5,50.0,0.9,0.1,1.0,500,0.5,0.0007605866540593596,beta_estimated_mean,500,0,-0.0017326881961257621,1.057588551201471e-05,0.0017487198783169376,1.0,0.9923756595384479,1.0,0.0,0.0007605866540593596,0.0
33,0.2,0.05,1.5,50.0,0.9,0.1,1.0,500,0.5,0.0007605866540593596,risk_only,500,0,-1.789849029514183e-05,2.019237235826601e-05,0.0004514184032367567,0.0,4.336808689942018e-19,0.007624340461552241,0.012,0.0,0.0
33,0.2,0.05,1.5,50.0,0.9,0.1,1.0,500,0.5,0.0007605866540593596,outcome_based,500,0,-2.4586654059359385e-05,0.00021120089876531907,0.00471793477101558,0.354,0.3133423051969017,0.3968840022178716,0.17,0.0002692476755370133,1.628232120132602e-05
33,0.2,0.05,1.5,50.0,0.9,0.1,1.0,500,0.5,0.0007605866540593596,beta_known_mean,500,0,-0.0017411971169214975,1.0859759882400366e-05,0.0017580149765979607,1.0,0.9923756595384479,1.0,0.0,0.0007605866540593596,0.0
33,0.2,0.05,1.5,50.0,0.9,0.1,1.0,3000,0.058823529411764705,-0.00638282366985457,beta_estimated_mean,500,0,0.005489697780515681,0.00011649303938974125,0.0060752386954178545,0.392,0.35018737778967923,0.4354594797500162,0.0,0.0025020668785829914,0.0001394946004318897
33,0.2,0.05,1.5,50.0,0.9,0.1,1.0,3000,0.058823529411764705,-0.00638282366985457,risk_only,500,0,4.0563727111508465e-05,0.00011397105790433197,0.002546243710612486,0.008,0.00311531518006224,0.020387035834105168,0.0,5.106258935883656e-05,2.545443160079347e-05
33,0.2,0.05,1.5,50.0,0.9,0.1,1.0,3000,0.058823529411764705,-0.00638282366985457,outcome_based,500,0,3.7407003187252765e-05,6.687771630694651e-05,0.0014944032669146666,0.0,4.336808689942018e-19,0.007624340461552241,0.0,0.0,0.0
33,0.2,0.05,1.5,50.0,0.9,0.1,1.0,3000,0.058823529411764705,-0.00638282366985457,beta_known_mean,500,0,0.005460526213756225,3.677378986253557e-06,0.005461144071172903,0.0,4.336808689942018e-19,0.007624340461552241,0.0,0.0,0.0
33,0.2,0.05,1.5,50.0,0.9,0.1,1.0,3000,0.1111111111111111,-0.019129501262684492,beta_estimated_mean,500,0,0.014700358191236258,0.000109873749588249,0.014903844441421447,0.02,0.010899183596210813,0.036420183246879345,0.0,0.0003825900252536899,0.00011988957213422574
33,0.2,0.05,1.5,50.0,0.9,0.1,1.0,3000,0.1111111111111111,-0.019129501262684492,risk_only,500,0,4.986971747475938e-05,0.00010710398889424497,0.0023930415672974064,0.0,4.336808689942018e-19,0.007624340461552241,0.0,0.0,0.0
33,0.2,0.05,1.5,50.0,0.9,0.1,1.0,3000,0.1111111111111111,-0.019129501262684492,outcome_based,500,0,8.591792934776001e-05,0.00012427058227566331,0.0027773238058480822,0.0,4.336808689942018e-19,0.007624340461552241,0.0,0.0,0.0
33,0.2,0.05,1.5,50.0,0.9,0.1,1.0,3000,0.1111111111111111,-0.019129501262684492,beta_known_mean,500,0,0.014679009606944647,1.87095257003028e-05,0.014684958160321275,0.0,4.336808689942018e-19,0.007624340461552241,0.0,0.0,0.0
33,0.2,0.05,1.5,50.0,0.9,0.1,1.0,3000,0.2,-0.017033025393918405,beta_estimated_mean,500,0,0.006974472175139947,8.456255411324034e-05,0.007225754221901028,0.0,4.336808689942018e-19,0.007624340461552241,0.0,0.0,0.0
33,0.2,0.05,1.5,50.0,0.9,0.1,1.0,3000,0.2,-0.017033025393918405,risk_only,500,0,7.059385729804826e-05,8.282865911525169e-05,0.0018515983072288304,0.0,4.336808689942018e-19,0.007624340461552241,0.0,0.0,0.0
33,0.2,0.05,1.5,50.0,0.9,0.1,1.0,3000,0.2,-0.017033025393918405,outcome_based,500,0,-0.00047497460608178163,0.00027784876919605735,0.0062248188897156475,0.004,0.0010976305226827934,0.014465715215177033,0.0,6.813210157567362e-05,4.812837361393133e-05
33,0.2,0.05,1.5,50.0,0.9,0.1,1.0,3000,0.2,-0.017033025393918405,beta_known_mean,500,0,0.006959652081644666,4.4745166140206416e-05,0.007031061080242823,0.0,4.336808689942018e-19,0.007624340461552241,0.0,0.0,0.0
33,0.2,0.05,1.5,50.0,0.9,0.1,1.0,3000,0.3333333333333333,0.008421225329071932,beta_estimated_mean,500,0,-0.01527929222784844,3.23051288483022e-05,0.015296324330949334,1.0,0.9923756595384479,1.0,0.0,0.00842122532907193,7.765688804434268e-20
33,0.2,0.05,1.5,50.0,0.9,0.1,1.0,3000,0.3333333333333333,0.008421225329071932,risk_only,500,0,2.382767229019441e-05,4.0336403607776996e-05,0.0009013620030351303,0.0,4.336808689942018e-19,0.007624340461552241,0.0,0.0,0.0
33,0.2,0.05,1.5,50.0,0.9,0.1,1.0,3000,0.3333333333333333,0.008421225329071932,outcome_based,500,0,-6.225329071912408e-06,0.0002351226720189916,0.005252246332046876,0.042,0.027632310108451703,0.06335158575433016,0.006,0.00035369146382102114,7.561925858530015e-05
33,0.2,0.05,1.5,50.0,0.9,0.1,1.0,3000,0.3333333333333333,0.008421225329071932,beta_known_mean,500,0,-0.015285911978464453,2.8419392131837198e-05,0.015299089132235473,1.0,0.9923756595384479,1.0,0.0,0.00842122532907193,7.765688804434268e-20
33,0.2,0.05,1.5,50.0,0.9,0.1,1.0,3000,0.5,0.0007605866540593596,beta_estimated_mean,500,0,-0.0017389720949152322,3.935597166519769e-06,0.001741192959007523,1.0,0.9923756595384479,1.0,0.0,0.0007605866540593596,0.0
33,0.2,0.05,1.5,50.0,0.9,0.1,1.0,3000,0.5,0.0007605866540593596,risk_only,500,0,-4.849829028040227e-06,7.697373291006685e-06,0.00017201467692197562,0.0,4.336808689942018e-19,0.007624340461552241,0.0,0.0,0.0
33,0.2,0.05,1.5,50.0,0.9,0.1,1.0,3000,0.5,0.0007605866540593596,outcome_based,500,0,-9.258665405935951e-05,8.772335617657483e-05,0.001961777385620532,0.328,0.28829618984058974,0.3703265832781843,0.05,0.00024947242253147,1.598527036983547e-05
33,0.2,0.05,1.5,50.0,0.9,0.1,1.0,3000,0.5,0.0007605866540593596,beta_known_mean,500,0,-0.001739311361907962,4.1587531963236995e-06,0.001741790553570649,1.0,0.9923756595384479,1.0,0.0,0.0007605866540593596,0.0
33,0.2,0.05,1.5,50.0,0.9,0.1,1.0,10000,0.058823529411764705,-0.00638282366985457,beta_estimated_mean,500,0,0.005489415569974294,6.374649637133398e-05,0.005671104617610826,0.266,0.2291604018204711,0.30640778951553543,0.0,0.0016978310961813156,0.00012625582450074408
33,0.2,0.05,1.5,50.0,0.9,0.1,1.0,10000,0.058823529411764705,-0.00638282366985457,risk_only,500,0,3.2931374888105605e-05,6.247094237254354e-05,0.0013958836546316944,0.0,4.336808689942018e-19,0.007624340461552241,0.0,0.0,0.0
33,0.2,0.05,1.5,50.0,0.9,0.1,1.0,10000,0.058823529411764705,-0.00638282366985457,outcome_based,500,0,-4.226383013903878e-05,3.820127292308133e-05,0.0008543977531319655,0.0,4.336808689942018e-19,0.007624340461552241,0.0,0.0,0.0
33,0.2,0.05,1.5,50.0,0.9,0.1,1.0,10000,0.058823529411764705,-0.00638282366985457,beta_known_mean,500,0,0.005452480252026897,2.1048674001984737e-06,0.005452682981951429,0.0,4.336808689942018e-19,0.007624340461552241,0.0,0.0,0.0
33,0.2,0.05,1.5,50.0,0.9,0.1,1.0,10000,0.1111111111111111,-0.019129501262684492,beta_estimated_mean,500,0,0.014675677244110362,6.0763062189000105e-05,0.01473831351569318,0.0,4.336808689942018e-19,0.007624340461552241,0.0,0.0,0.0
33,0.2,0.05,1.5,50.0,0.9,0.1,1.0,10000,0.1111111111111111,-0.019129501262684492,risk_only,500,0,1.9979867912439803e-05,5.9484254530416656e-05,0.0013289277960462926,0.0,4.336808689942018e-19,0.007624340461552241,0.0,0.0,0.0
33,0.2,0.05,1.5,50.0,0.9,0.1,1.0,10000,0.1111111111111111,-0.019129501262684492,outcome_based,500,0,-6.607373731324032e-05,6.506799637344434e-05,0.0014550099555115656,0.0,4.336808689942018e-19,0.007624340461552241,0.0,0.0,0.0
33,0.2,0.05,1.5,50.0,0.9,0.1,1.0,10000,0.1111111111111111,-0.019129501262684492,beta_known_mean,500,0,0.014645210303807867,1.0822786011084841e-05,0.014647205674072577,0.0,4.336808689942018e-19,0.007624340461552241,0.0,0.0,0.0
33,0.2,0.05,1.5,50.0,0.9,0.1,1.0,10000,0.2,-0.017033025393918405,beta_estimated_mean,500,0,0.006910157030083624,4.817097031004669e-05,0.006993437704615609,0.0,4.336808689942018e-19,0.007624340461552241,0.0,0.0,0.0
33,0.2,0.05,1.5,50.0,0.9,0.1,1.0,10000,0.2,-0.017033025393918405,risk_only,500,0,-1.0059247531908316e-05,4.751291776146234e-05,0.0010614058546147382,0.0,4.336808689942018e-19,0.007624340461552241,0.0,0.0,0.0
33,0.2,0.05,1.5,50.0,0.9,0.1,1.0,10000,0.2,-0.017033025393918405,outcome_based,500,0,-0.00015842460608441855,0.000145964902632797,0.003264455391533687,0.0,4.336808689942018e-19,0.007624340461552241,0.0,0.0,0.0
33,0.2,0.05,1.5,50.0,0.9,0.1,1.0,10000,0.2,-0.017033025393918405,beta_known_mean,500,0,0.0068900656491219054,2.5925203482090566e-05,0.006914361186749501,0.0,4.336808689942018e-19,0.007624340461552241,0.0,0.0,0.0
33,0.2,0.05,1.5,50.0,0.9,0.1,1.0,10000,0.3333333333333333,0.008421225329071932,beta_estimated_mean,500,0,-0.01533176382286013,1.8927921836976128e-05,0.015337592926084293,1.0,0.9923756595384479,1.0,0.0,0.00842122532907193,7.765688804434268e-20
33,0.2,0.05,1.5,50.0,0.9,0.1,1.0,10000,0.3333333333333333,0.008421225329071932,risk_only,500,0,-1.7025755666560112e-05,2.302522752759045e-05,0.0005146263368716904,0.0,4.336808689942018e-19,0.007624340461552241,0.0,0.0,0.0
33,0.2,0.05,1.5,50.0,0.9,0.1,1.0,10000,0.3333333333333333,0.008421225329071932,outcome_based,500,0,-6.572532907188832e-05,0.00013241002352034348,0.002958546022775699,0.002,0.00035313639455927456,0.011240706705146758,0.0,1.6842450658143865e-05,1.6842450658143868e-05
33,0.2,0.05,1.5,50.0,0.9,0.1,1.0,10000,0.3333333333333333,0.008421225329071932,beta_known_mean,500,0,-0.01533949810579971,1.6422805200596503e-05,0.015343884341803109,1.0,0.9923756595384479,1.0,0.0,0.00842122532907193,7.765688804434268e-20
33,0.2,0.05,1.5,50.0,0.9,0.1,1.0,10000,0.5,0.0007605866540593596,beta_estimated_mean,500,0,-0.0017476893205517561,2.2663702466599474e-06,0.0017484224437429407,1.0,0.9923756595384479,1.0,0.0,0.0007605866540593596,0.0
33,0.2,0.05,1.5,50.0,0.9,0.1,1.0,10000,0.5,0.0007605866540593596,risk_only,500,0,-4.311995227542604e-06,4.3800172809350104e-06,9.793714536428823e-05,0.0,4.336808689942018e-19,0.007624340461552241,0.0,0.0,0.0
33,0.2,0.05,1.5,50.0,0.9,0.1,1.0,10000,0.5,0.0007605866540593596,outcome_based,500,0,-1.898665405935957e-05,4.961392913212836e-05,0.0011084538479487406,0.258,0.2215962002228131,0.29809398056057823,0.02,0.00019623135674731477,1.4897391580742363e-05
33,0.2,0.05,1.5,50.0,0.9,0.1,1.0,10000,0.5,0.0007605866540593596,beta_known_mean,500,0,-0.0017483322558999796,2.3455778894397378e-06,0.0017491172182282097,1.0,0.9923756595384479,1.0,0.0,0.0007605866540593596,0.0
34,0.2,0.05,1.5,50.0,0.9,0.5,0.5,500,0.058823529411764705,-0.0006906072703238286,beta_estimated_mean,500,0,-0.00035023863880343046,0.00029625819487601103,0.0066271681132800565,0.442,0.3990759531428234,0.4858084703507167,0.0,0.00030524841348313227,1.5353560596505727e-05
34,0.2,0.05,1.5,50.0,0.9,0.5,0.5,500,0.058823529411764705,-0.0006906072703238286,risk_only,500,0,-0.00011109384031094043,0.00029795313765604195,0.006656696018946344,0.454,0.4108757266738578,0.49782571264860515,0.0,0.00031353570072701817,1.5392356768517413e-05
34,0.2,0.05,1.5,50.0,0.9,0.5,0.5,500,0.058823529411764705,-0.0006906072703238286,outcome_based,500,0,-6.939272967623364e-05,0.00011105275967242531,0.002481701100239871,0.34,0.29983885845371416,0.3826009304939827,0.032,0.0002569059045604643,1.4942806238375944e-05
34,0.2,0.05,1.5,50.0,0.9,0.5,0.5,500,0.058823529411764705,-0.0006906072703238286,beta_known_mean,500,0,-0.00022951948875925943,1.050376521730968e-05,0.00032822767784992447,0.0,4.336808689942018e-19,0.007624340461552241,0.0,0.0,0.0
34,0.2,0.05,1.5,50.0,0.9,0.5,0.5,500,0.1111111111111111,-0.005825961935706142,beta_estimated_mean,500,0,0.0012439887218923691,0.00029223201871310866,0.006645440900948832,0.238,0.2027590191807921,0.2772361352210613,0.0,0.0013865789406980618,0.00011106656339398858
34,0.2,0.05,1.5,50.0,0.9,0.5,0.5,500,0.1111111111111111,-0.005825961935706142,risk_only,500,0,-0.00011943825029944258,0.00029728571928289637,0.0066419339157748015,0.178,0.14696488670733526,0.21394518854990435,0.0,0.0010370212245556934,9.976157107489017e-05
34,0.2,0.05,1.5,50.0,0.9,0.5,0.5,500,0.1111111111111111,-0.005825961935706142,outcome_based,500,0,-0.0004205380642938553,0.00037598731151041316,0.00840944201558685,0.208,0.17471631170962926,0.24573630311991723,0.016,0.0013050154735981757,0.0001087357213196356
34,0.2,0.05,1.5,50.0,0.9,0.5,0.5,500,0.1111111111111111,-0.005825961935706142,beta_known_mean,500,0,0.0013795011336915656,4.8030275780130265e-05,0.0017476184269520861,0.0,4.336808689942018e-19,0.007624340461552241,0.0,0.0,0.0
34,0.2,0.05,1.5,50.0,0.9,0.5,0.5,500,0.2,-0.015056138700572694,beta_estimated_mean,500,0,0.004877919971213187,0.0002382841409750443,0.007219902342402398,0.024,0.013781314655496986,0.041477057463900756,0.0,0.00036134732881374466,0.00010315585043165156
34,0.2,0.05,1.5,50.0,0.9,0.5,0.5,500,0.2,-0.015056138700572694,risk_only,500,0,-9.691469366902976e-05,0.00023924562813325504,0.005345221162656037,0.0,4.336808689942018e-19,0.007624340461552241,0.0,0.0,0.0
34,0.2,0.05,1.5,50.0,0.9,0.5,0.5,500,0.2,-0.015056138700572694,outcome_based,500,0,0.00044213870057264657,0.0006974560185385122,0.015586259674166388,0.18,0.148804907912759,0.21607466998263444,0.008,0.002830554075707666,0.0002633420871896708
34,0.2,0.05,1.5,50.0,0.9,0.5,0.5,500,0.2,-0.015056138700572694,beta_known_mean,500,0,0.0049623917220386286,0.00011054008957799023,0.005542803279344185,0.0,4.336808689942018e-19,0.007624340461552241,0.0,0.0,0.0
34,0.2,0.05,1.5,50.0,0.9,0.5,0.5,500,0.3333333333333333,-0.002539846110880003,beta_estimated_mean,500,0,-0.004334449490901385,0.00010075999819163108,0.0048840135574881914,0.0,4.336808689942018e-19,0.007624340461552241,0.0,0.0,0.0
34,0.2,0.05,1.5,50.0,0.9,0.5,0.5,500,0.3333333333333333,-0.002539846110880003,risk_only,500,0,4.560792983793454e-05,0.00011535858654598334,0.0025773191934096522,0.16,0.13047637235016407,0.19470817916369149,0.0,0.0004063753777408005,4.1682788532876796e-05
34,0.2,0.05,1.5,50.0,0.9,0.5,0.5,500,0.3333333333333333,-0.002539846110880003,outcome_based,500,0,0.0005558461108800016,0.0006587650801778454,0.014726191255683878,0.424,0.381424117793864,0.46773478195629203,0.038,0.0011734089032265614,5.668514427505807e-05
34,0.2,0.05,1.5,50.0,0.9,0.5,0.5,500,0.3333333333333333,-0.002539846110880003,beta_known_mean,500,0,-0.0043146296701633315,7.417060736522391e-05,0.004621814298532549,0.0,4.336808689942018e-19,0.007624340461552241,0.0,0.0,0.0
34,0.2,0.05,1.5,50.0,0.9,0.5,0.5,500,0.5,-0.0001408721554184599,beta_estimated_mean,500,0,-0.0008469658244934251,1.456275577192062e-05,0.0009072904506498779,0.0,4.336808689942018e-19,0.007624340461552241,0.0,0.0,0.0
34,0.2,0.05,1.5,50.0,0.9,0.5,0.5,500,0.5,-0.0001408721554184599,risk_only,500,0,1.5681211723202048e-05,2.5985661903251064e-05,0.0005806874874246859,0.43,0.38730164759035934,0.4737657600742581,0.002,6.085677114077467e-05,3.123855438886791e-06
34,0.2,0.05,1.5,50.0,0.9,0.5,0.5,500,0.5,-0.0001408721554184599,outcome_based,500,0,0.0004248721554184598,0.00021273740245854656,0.004771148745160847,0.466,0.42270077745690987,0.5098176776944758,0.162,8.846771360279282e-05,3.0480787174646643e-06
34,0.2,0.05,1.5,50.0,0.9,0.5,0.5,500,0.5,-0.0001408721554184599,beta_known_mean,500,0,-0.0008414022389045195,1.2874321046363198e-05,0.0008891940455792247,0.0,4.336808689942018e-19,0.007624340461552241,0.0,0.0,0.0
34,0.2,0.05,1.5,50.0,0.9,0.5,0.5,3000,0.058823529411764705,-0.0006906072703238286,beta_estimated_mean,500,0,-0.0003921353264311304,0.00011704025263265764,0.002643725035183707,0.336,0.29598800782704915,0.37851277584434007,0.0,0.0002320440428288064,1.4602746687619655e-05
34,0.2,0.05,1.5,50.0,0.9,0.5,0.5,3000,0.058823529411764705,-0.0006906072703238286,risk_only,500,0,-0.00015686904237996251,0.0001182463321976147,0.0026460769528631146,0.368,0.3268845483787568,0.4111282775030931,0.0,0.0002541434754791689,1.4909508320599362e-05
34,0.2,0.05,1.5,50.0,0.9,0.5,0.5,3000,0.058823529411764705,-0.0006906072703238286,outcome_based,500,0,2.319060365703657e-05,4.644422978350032e-05,0.0010377446592052808,0.262,0.22537626941723765,0.30225291664246134,0.012,0.00018922639206872904,1.3788736264955366e-05
34,0.2,0.05,1.5,50.0,0.9,0.5,0.5,3000,0.058823529411764705,-0.0006906072703238286,beta_known_mean,500,0,-0.00023546731455809366,4.156147858438953e-06,0.00025310939368340793,0.0,4.336808689942018e-19,0.007624340461552241,0.0,0.0,0.0
34,0.2,0.05,1.5,50.0,0.9,0.5,0.5,3000,0.1111111111111111,-0.005825961935706142,beta_estimated_mean,500,0,0.0012207048835148789,0.00011491524350478543,0.0028424762961772217,0.032,0.019791513626571118,0.051344869045441784,0.0,0.00018643078194259654,4.590183397530143e-05
34,0.2,0.05,1.5,50.0,0.9,0.5,0.5,3000,0.1111111111111111,-0.005825961935706142,risk_only,500,0,-0.0001520307262145432,0.00011579580257960093,0.0025911461983734586,0.006,0.0020425962719602363,0.01749025210405338,0.0,3.4955771614236854e-05,2.0141239207429386e-05
34,0.2,0.05,1.5,50.0,0.9,0.5,0.5,3000,0.1111111111111111,-0.005825961935706142,outcome_based,500,0,1.0128602371702572e-05,0.00014732165434751336,0.0032909320622872816,0.044,0.02923395562860718,0.06571944287232845,0.0,0.00025634232517107025,5.3490006956948605e-05
34,0.2,0.05,1.5,50.0,0.9,0.5,0.5,3000,0.1111111111111111,-0.005825961935706142,beta_known_mean,500,0,0.001362970981707853,1.9258860275764027e-05,0.00142925534556959,0.0,4.336808689942018e-19,0.007624340461552241,0.0,0.0,0.0
34,0.2,0.05,1.5,50.0,0.9,0.5,0.5,3000,0.2,-0.015056138700572694,beta_estimated_mean,500,0,0.004872218818861827,9.313367541542776e-05,0.005297809272290582,0.0,4.336808689942018e-19,0.007624340461552241,0.0,0.0,0.0
34,0.2,0.05,1.5,50.0,0.9,0.5,0.5,3000,0.2,-0.015056138700572694,risk_only,500,0,-5.606836900854449e-05,9.219638073030042e-05,0.0020602742048734116,0.0,4.336808689942018e-19,0.007624340461552241,0.0,0.0,0.0
34,0.2,0.05,1.5,50.0,0.9,0.5,0.5,3000,0.2,-0.015056138700572694,outcome_based,500,0,0.00033647203390556405,0.0002702925334945231,0.006047245836526046,0.008,0.00311531518006224,0.020387035834105168,0.0,0.00012044910960458155,6.004324614759709e-05
34,0.2,0.05,1.5,50.0,0.9,0.5,0.5,3000,0.2,-0.015056138700572694,beta_known_mean,500,0,0.0049600276256393525,4.430408686095138e-05,0.005057799645229567,0.0,4.336808689942018e-19,0.007624340461552241,0.0,0.0,0.0
34,0.2,0.05,1.5,50.0,0.9,0.5,0.5,3000,0.3333333333333333,-0.002539846110880003,beta_estimated_mean,500,0,-0.0043701851848126205,3.9275753116242884e-05,0.0044573835774136495,0.0,4.336808689942018e-19,0.007624340461552241,0.0,0.0,0.0
34,0.2,0.05,1.5,50.0,0.9,0.5,0.5,3000,0.3333333333333333,-0.002539846110880003,risk_only,500,0,-1.87621332696492e-05,4.6569409110180494e-05,0.001040450979246806,0.002,0.00035313639455927456,0.011240706705146758,0.0,5.0796922217600065e-06,5.079692221760006e-06
34,0.2,0.05,1.5,50.0,0.9,0.5,0.5,3000,0.3333333333333333,-0.002539846110880003,outcome_based,500,0,0.00041451277754666005,0.00024526085886029383,0.005494370973851789,0.334,0.29406381245587715,0.3764674685773583,0.008,0.0008686273699209611,5.3936545875739555e-05
34,0.2,0.05,1.5,50.0,0.9,0.5,0.5,3000,0.3333333333333333,-0.002539846110880003,beta_known_mean,500,0,-0.004345533714583603,2.970624619465202e-05,0.004395908476641481,0.0,4.336808689942018e-19,0.007624340461552241,0.0,0.0,0.0
34,0.2,0.05,1.5,50.0,0.9,0.5,0.5,3000,0.5,-0.0001408721554184599,beta_estimated_mean,500,0,-0.0008456237849937208,5.535420268324294e-06,0.0008546165126201617,0.0,4.336808689942018e-19,0.007624340461552241,0.0,0.0,0.0
34,0.2,0.05,1.5,50.0,0.9,0.5,0.5,3000,0.5,-0.0001408721554184599,risk_only,500,0,1.3738582635875973e-06,1.0928156325621218e-05,0.0002441203867448574,0.288,0.250043271115854,0.32918944923984417,0.0,4.057118076051645e-05,2.855690438820628e-06
34,0.2,0.05,1.5,50.0,0.9,0.5,0.5,3000,0.5,-0.0001408721554184599,outcome_based,500,0,-2.712784458154009e-05,9.402310247332051e-05,0.0021004921983923666,0.452,0.4089073378092892,0.49582459887502,0.066,7.297177650676223e-05,3.1511079817046055e-06
34,0.2,0.05,1.5,50.0,0.9,0.5,0.5,3000,0.5,-0.0001408721554184599,beta_known_mean,500,0,-0.0008431479505420679,4.994934124124876e-06,0.0008504987951717266,0.0,4.336808689942018e-19,0.007624340461552241,0.0,0.0,0.0
34,0.2,0.05,1.5,50.0,0.9,0.5,0.5,10000,0.058823529411764705,-0.0006906072703238286,beta_estimated_mean,500,0,-0.0002685987577233404,6.014234784432797e-05,0.0013700653972567747,0.222,0.18776935138162992,0.26046978191499315,0.0,0.00015331481401188995,1.284834409216745e-05
34,0.2,0.05,1.5,50.0,0.9,0.5,0.5,10000,0.058823529411764705,-0.0006906072703238286,risk_only,500,0,-3.359378656067369e-05,6.044499122967994e-05,0.0013506566654441722,0.284,0.2462377719556586,0.32505594312373204,0.0,0.00019613246477196732,1.3941084334652864e-05
34,0.2,0.05,1.5,50.0,0.9,0.5,0.5,10000,0.058823529411764705,-0.0006906072703238286,outcome_based,500,0,2.219770325086079e-06,2.407639120933574e-05,0.0005378304208569099,0.112,0.08726280019410226,0.1426536880040623,0.004,8.011044335756413e-05,9.90001836769349e-06
34,0.2,0.05,1.5,50.0,0.9,0.5,0.5,10000,0.058823529411764705,-0.0006906072703238286,beta_known_mean,500,0,-0.00023468139246967962,2.283752623950297e-06,0.00024016224405422335,0.0,4.336808689942018e-19,0.007624340461552241,0.0,0.0,0.0
34,0.2,0.05,1.5,50.0,0.9,0.5,0.5,10000,0.1111111111111111,-0.005825961935706142,beta_estimated_mean,500,0,0.0013342427665902928,5.941373941342524e-05,0.001881932512953276,0.0,4.336808689942018e-19,0.007624340461552241,0.0,0.0,0.0
34,0.2,0.05,1.5,50.0,0.9,0.5,0.5,10000,0.1111111111111111,-0.005825961935706142,risk_only,500,0,-2.3740075623911006e-05,6.026023127034717e-05,0.0013463209246296875,0.0,4.336808689942018e-19,0.007624340461552241,0.0,0.0,0.0
34,0.2,0.05,1.5,50.0,0.9,0.5,0.5,10000,0.1111111111111111,-0.005825961935706142,outcome_based,500,0,3.7619357082820106e-06,8.883528429330328e-05,0.0019844334990522638,0.0,4.336808689942018e-19,0.007624340461552241,0.0,0.0,0.0
34,0.2,0.05,1.5,50.0,0.9,0.5,0.5,10000,0.1111111111111111,-0.005825961935706142,beta_known_mean,500,0,0.0013649711459224455,1.057579661481266e-05,0.001385264638524256,0.0,4.336808689942018e-19,0.007624340461552241,0.0,0.0,0.0
34,0.2,0.05,1.5,50.0,0.9,0.5,0.5,10000,0.2,-0.015056138700572694,beta_estimated_mean,500,0,0.004946709347484583,4.910814827097441e-05,0.005066885322519818,0.0,4.336808689942018e-19,0.007624340461552241,0.0,0.0,0.0
34,0.2,0.05,1.5,50.0,0.9,0.5,0.5,10000,0.2,-0.015056138700572694,risk_only,500,0,-1.3223079158217895e-05,4.8721764628254894e-05,0.0010884421039814053,0.0,4.336808689942018e-19,0.007624340461552241,0.0,0.0,0.0
34,0.2,0.05,1.5,50.0,0.9,0.5,0.5,10000,0.2,-0.015056138700572694,outcome_based,500,0,0.00017173870057183004,0.0001494581170009728,0.003343055611454118,0.0,4.336808689942018e-19,0.007624340461552241,0.0,0.0,0.0
34,0.2,0.05,1.5,50.0,0.9,0.5,0.5,10000,0.2,-0.015056138700572694,beta_known_mean,500,0,0.004965800821186916,2.4305675102767453e-05,0.0049953948743777085,0.0,4.336808689942018e-19,0.007624340461552241,0.0,0.0,0.0
34,0.2,0.05,1.5,50.0,0.9,0.5,0.5,10000,0.3333333333333333,-0.002539846110880003,beta_estimated_mean,500,0,-0.004347975808451682,2.1139106858487335e-05,0.004373542921754576,0.0,4.336808689942018e-19,0.007624340461552241,0.0,0.0,0.0
34,0.2,0.05,1.5,50.0,0.9,0.5,0.5,10000,0.3333333333333333,-0.002539846110880003,risk_only,500,0,2.305541585511473e-05,2.5410551181007857e-05,0.0005680967450621765,0.0,4.336808689942018e-19,0.007624340461552241,0.0,0.0,0.0
34,0.2,0.05,1.5,50.0,0.9,0.5,0.5,10000,0.3333333333333333,-0.002539846110880003,outcome_based,500,0,-7.165388912010951e-05,0.00013743872928915915,0.0030709847003570047,0.192,0.15987621859588308,0.22882037512843312,0.0,0.00048765045328896063,4.47830249533432e-05
34,0.2,0.05,1.5,50.0,0.9,0.5,0.5,10000,0.3333333333333333,-0.002539846110880003,beta_known_mean,500,0,-0.004342317749408798,1.6316623978717147e-05,0.004357588015593494,0.0,4.336808689942018e-19,0.007624340461552241,0.0,0.0,0.0
34,0.2,0.05,1.5,50.0,0.9,0.5,0.5,10000,0.5,-0.0001408721554184599,beta_estimated_mean,500,0,-0.0008416416752776685,3.0039330864368734e-06,0.0008443124379896978,0.0,4.336808689942018e-19,0.007624340461552241,0.0,0.0,0.0
34,0.2,0.05,1.5,50.0,0.9,0.5,0.5,10000,0.5,-0.0001408721554184599,risk_only,500,0,2.1922695423385735e-06,5.903165997399566e-06,0.00013188496151336063,0.136,0.10871544340723721,0.16883507644877283,0.0,1.9158613136910542e-05,2.1617288181353204e-06
34,0.2,0.05,1.5,50.0,0.9,0.5,0.5,10000,0.5,-0.0001408721554184599,outcome_based,500,0,-3.927844581540077e-06,5.2152715475446967e-05,0.001165010037709142,0.416,0.3735974667931464,0.4596834224043944,0.046,6.508293580332846e-05,3.144032396304138e-06
34,0.2,0.05,1.5,50.0,0.9,0.5,0.5,10000,0.5,-0.0001408721554184599,beta_known_mean,500,0,-0.0008410167498278477,2.7397790961556334e-06,0.0008432406903425418,0.0,4.336808689942018e-19,0.007624340461552241,0.0,0.0,0.0
35,0.2,0.05,1.5,50.0,0.9,0.5,1.0,500,0.058823529411764705,-0.00045338146260062717,beta_estimated_mean,500,0,-0.0004304920769115247,0.0002936768417479762,0.006574353278493442,0.45,0.4069396517813318,0.4938227822648235,0.0,0.00020402165817028222,1.0097203007712108e-05
35,0.2,0.05,1.5,50.0,0.9,0.5,1.0,500,0.058823529411764705,-0.00045338146260062717,risk_only,500,0,3.1618652269494284e-05,0.0002966669510971331,0.006627113126839805,0.488,0.4444452370209479,0.5317377471501294,0.0,0.00022125015374910607,1.0145147785712559e-05
35,0.2,0.05,1.5,50.0,0.9,0.5,1.0,500,0.058823529411764705,-0.00045338146260062717,outcome_based,500,0,-0.00017661853739943539,8.98650457792443e-05,0.00201518773511379,0.31,0.2710389112735686,0.3518583381018213,0.032,0.00015505646020941448,9.628075477492564e-06
35,0.2,0.05,1.5,50.0,0.9,0.5,1.0,500,0.058823529411764705,-0.00045338146260062717,beta_known_mean,500,0,-0.0004465390708226753,9.804143097606711e-06,0.0004973546335246858,0.0,4.336808689942018e-19,0.007624340461552241,0.0,0.0,0.0
35,0.2,0.05,1.5,50.0,0.9,0.5,1.0,500,0.1111111111111111,-0.007181873833770627,beta_estimated_mean,500,0,0.002812169438688333,0.00029402382016322144,0.007144707856641619,0.25,0.21404849674782103,0.2897636734829552,0.0,0.0017954684584426568,0.00013921567411542972
35,0.2,0.05,1.5,50.0,0.9,0.5,1.0,500,0.1111111111111111,-0.007181873833770627,risk_only,500,0,5.340856704332331e-05,0.0002998529339847909,0.006698420090040489,0.142,0.114129360445696,0.1753296673247754,0.0,0.001019826084395429,0.00011222130501292328
35,0.2,0.05,1.5,50.0,0.9,0.5,1.0,500,0.1111111111111111,-0.007181873833770627,outcome_based,500,0,-7.162616622936848e-05,0.0003618059321861988,0.008082449694101766,0.188,0.15617996413496654,0.22457762431304207,0.004,0.0013789197760839605,0.0001266320954374972
35,0.2,0.05,1.5,50.0,0.9,0.5,1.0,500,0.1111111111111111,-0.007181873833770627,beta_known_mean,500,0,0.002823297286776879,4.9911973532358254e-05,0.0030354767196220113,0.0,4.336808689942018e-19,0.007624340461552241,0.0,0.0,0.0
35,0.2,0.05,1.5,50.0,0.9,0.5,1.0,500,0.2,-0.02000547088288615,beta_estimated_mean,500,0,0.01010027277299463,0.0002490361272773137,0.011530957785060551,0.042,0.027632310108451703,0.06335158575433016,0.0,0.0008402297770812183,0.00017964118245252794
35,0.2,0.05,1.5,50.0,0.9,0.5,1.0,500,0.2,-0.02000547088288615,risk_only,500,0,0.0001886774787665477,0.00024616455876735486,0.005502135694215823,0.0,4.336808689942018e-19,0.007624340461552241,0.0,0.0,0.0
35,0.2,0.05,1.5,50.0,0.9,0.5,1.0,500,0.2,-0.02000547088288615,outcome_based,500,0,-0.00010252911711391773,0.0006860889943851554,0.015326410154366114,0.098,0.07492391886460623,0.12720605086648182,0.004,0.0020405580300543874,0.00027104210375172074
35,0.2,0.05,1.5,50.0,0.9,0.5,1.0,500,0.2,-0.02000547088288615,beta_known_mean,500,0,0.010100964397285611,0.00011946544411247643,0.010447545450075348,0.0,4.336808689942018e-19,0.007624340461552241,0.0,0.0,0.0
35,0.2,0.05,1.5,50.0,0.9,0.5,1.0,500,0.3333333333333333,0.001817333673553122,beta_estimated_mean,500,0,-0.008526502115279534,0.00010265012696017019,0.008829452166231547,0.994,0.9825097478959467,0.9979574037280398,0.0,0.0018064296715118026,6.282799757824587e-06
35,0.2,0.05,1.5,50.0,0.9,0.5,1.0,500,0.3333333333333333,0.001817333673553122,risk_only,500,0,0.00022392868766232652,0.00012048716747596299,0.0027007787141530436,0.214,0.18030299998759533,0.2520581227564126,0.0,0.00038890940614036814,3.3365878240704475e-05
35,0.2,0.05,1.5,50.0,0.9,0.5,1.0,500,0.3333333333333333,0.001817333673553122,outcome_based,500,0,-0.00042333367355312345,0.0006354503302733335,0.014201196266482759,0.458,0.4148146097748511,0.5018258348239194,0.028,0.0008323388224873298,4.053374987269069e-05
35,0.2,0.05,1.5,50.0,0.9,0.5,1.0,500,0.3333333333333333,0.001817333673553122,beta_known_mean,500,0,-0.008533834193499951,7.582734814271915e-05,0.008700314340217896,1.0,0.9923756595384479,1.0,0.0,0.0018173336735531214,2.9121333016628507e-20
35,0.2,0.05,1.5,50.0,0.9,0.5,1.0,500,0.5,0.0007032221795316211,beta_estimated_mean,500,0,-0.0016646334752440032,1.2572338797967414e-05,0.0016881582848256602,1.0,0.9923756595384479,1.0,0.0,0.000703222179531621,4.8535555027714175e-21
35,0.2,0.05,1.5,50.0,0.9,0.5,1.0,500,0.5,0.0007032221795316211,risk_only,500,0,3.216654060409628e-05,2.066400020164673e-05,0.00046271820538739273,0.014,0.00679778979084349,0.02861306913778529,0.006,9.845110513442694e-06,3.698662996254405e-06
35,0.2,0.05,1.5,50.0,0.9,0.5,1.0,500,0.5,0.0007032221795316211,outcome_based,500,0,0.0005487778204683791,0.00022483347656514308,0.005052291865701944,0.32,0.28061775068949024,0.3621270118766686,0.162,0.00022503109745011877,1.4684924992228436e-05
35,0.2,0.05,1.5,50.0,0.9,0.5,1.0,500,0.5,0.0007032221795316211,beta_known_mean,500,0,-0.0016612809566057779,1.0985132014110327e-05,0.001679306495652106,1.0,0.9923756595384479,1.0,0.0,0.000703222179531621,4.8535555027714175e-21
35,0.2,0.05,1.5,50.0,0.9,0.5,1.0,3000,0.058823529411764705,-0.00045338146260062717,beta_estimated_mean,500,0,-0.0004981774338128988,0.00011463496272075926,0.002608759651611729,0.368,0.3268845483787568,0.4111282775030931,0.0,0.0001668443782370308,9.788044492899574e-06
35,0.2,0.05,1.5,50.0,0.9,0.5,1.0,3000,0.058823529411764705,-0.00045338146260062717,risk_only,500,0,-2.860946506141471e-05,0.00011553532018047221,0.002581022122315888,0.424,0.381424117793864,0.46773478195629203,0.0,0.00019223374014266592,1.0030155276235574e-05
35,0.2,0.05,1.5,50.0,0.9,0.5,1.0,3000,0.058823529411764705,-0.00045338146260062717,outcome_based,500,0,6.423129267173588e-06,3.840475809895541e-05,0.000857921356223625,0.302,0.26339155087985655,0.3436276879429182,0.01,0.00014145501633139567,9.40340199292244e-06
35,0.2,0.05,1.5,50.0,0.9,0.5,1.0,3000,0.058823529411764705,-0.00045338146260062717,beta_known_mean,500,0,-0.0004706572211530647,3.906274450639481e-06,0.0004786778153260296,0.0,4.336808689942018e-19,0.007624340461552241,0.0,0.0,0.0
35,0.2,0.05,1.5,50.0,0.9,0.5,1.0,3000,0.1111111111111111,-0.007181873833770627,beta_estimated_mean,500,0,0.0027061859567148504,0.00011504504177335301,0.0037320085596097325,0.046,0.030845108370816204,0.06807779276827323,0.0,0.00033036619635344887,6.735046551680914e-05
35,0.2,0.05,1.5,50.0,0.9,0.5,1.0,3000,0.1111111111111111,-0.007181873833770627,risk_only,500,0,-2.3432161357149066e-05,0.00011633611900042775,0.0025988576847612546,0.0,4.336808689942018e-19,0.007624340461552241,0.0,0.0,0.0
35,0.2,0.05,1.5,50.0,0.9,0.5,1.0,3000,0.1111111111111111,-0.007181873833770627,outcome_based,500,0,-1.2928328973759174e-06,0.00014742552418588225,0.0032932370058919983,0.02,0.010899183596210813,0.036420183246879345,0.0,0.00014363747667541256,4.501067587853679e-05
35,0.2,0.05,1.5,50.0,0.9,0.5,1.0,3000,0.1111111111111111,-0.007181873833770627,beta_known_mean,500,0,0.00273207895934601,1.9751846040452642e-05,0.00276747773535435,0.0,4.336808689942018e-19,0.007624340461552241,0.0,0.0,0.0
35,0.2,0.05,1.5,50.0,0.9,0.5,1.0,3000,0.2,-0.02000547088288615,beta_estimated_mean,500,0,0.009924798752420676,9.781619050520067e-05,0.010162483251223636,0.0,4.336808689942018e-19,0.007624340461552241,0.0,0.0,0.0
35,0.2,0.05,1.5,50.0,0.9,0.5,1.0,3000,0.2,-0.02000547088288615,risk_only,500,0,4.032403907014938e-05,9.761682290918545e-05,0.002180967455386184,0.0,4.336808689942018e-19,0.007624340461552241,0.0,0.0,0.0
35,0.2,0.05,1.5,50.0,0.9,0.5,1.0,3000,0.2,-0.02000547088288615,outcome_based,500,0,0.0001029708828856061,0.00029104655665500496,0.006502302974712038,0.002,0.00035313639455927456,0.011240706705146758,0.0,4.00109417657723e-05,4.0010941765772305e-05
35,0.2,0.05,1.5,50.0,0.9,0.5,1.0,3000,0.2,-0.02000547088288615,beta_known_mean,500,0,0.009942241764316389,4.698605953476599e-05,0.009997490110304121,0.0,4.336808689942018e-19,0.007624340461552241,0.0,0.0,0.0
35,0.2,0.05,1.5,50.0,0.9,0.5,1.0,3000,0.3333333333333333,0.001817333673553122,beta_estimated_mean,500,0,-0.008690829578948758,4.067175435761563e-05,0.008738189765620293,1.0,0.9923756595384479,1.0,0.0,0.0018173336735531214,2.9121333016628507e-20
35,0.2,0.05,1.5,50.0,0.9,0.5,1.0,3000,0.3333333333333333,0.001817333673553122,risk_only,500,0,2.8084109249993415e-05,4.8473170525732906e-05,0.001083172746767541,0.04,0.026040797389777257,0.060973595834850805,0.0,7.269334694212488e-05,1.5942264604017822e-05
35,0.2,0.05,1.5,50.0,0.9,0.5,1.0,3000,0.3333333333333333,0.001817333673553122,outcome_based,500,0,2.9332993113538762e-05,0.000273429769390037,0.006108028812967461,0.374,0.33269999999487937,0.41722133380143184,0.006,0.0006796827939088676,3.936473830705523e-05
35,0.2,0.05,1.5,50.0,0.9,0.5,1.0,3000,0.3333333333333333,0.001817333673553122,beta_known_mean,500,0,-0.008683161553026215,3.0052390123029553e-05,0.00870907368701482,1.0,0.9923756595384479,1.0,0.0,0.0018173336735531214,2.9121333016628507e-20
35,0.2,0.05,1.5,50.0,0.9,0.5,1.0,3000,0.5,0.0007032221795316211,beta_estimated_mean,500,0,-0.0016873279223469334,5.029075616760274e-06,0.0016910635785533335,1.0,0.9923756595384479,1.0,0.0,0.000703222179531621,4.8535555027714175e-21
35,0.2,0.05,1.5,50.0,0.9,0.5,1.0,3000,0.5,0.0007032221795316211,risk_only,500,0,-2.9417190324972974e-06,8.051030760945874e-06,0.00017987046108630737,0.0,4.336808689942018e-19,0.007624340461552241,0.0,0.0,0.0
35,0.2,0.05,1.5,50.0,0.9,0.5,1.0,3000,0.5,0.0007032221795316211,outcome_based,500,0,-6.555512864954511e-06,9.430203941678684e-05,0.0021065581926909514,0.334,0.29406381245587715,0.3764674685773583,0.048,0.00023487620796356146,1.4847476106304606e-05
35,0.2,0.05,1.5,50.0,0.9,0.5,1.0,3000,0.5,0.0007032221795316211,beta_known_mean,500,0,-0.0016857438116429453,4.401230836784843e-06,0.0016886083749937226,1.0,0.9923756595384479,1.0,0.0,0.000703222179531621,4.8535555027714175e-21
35,0.2,0.05,1.5,50.0,0.9,0.5,1.0,10000,0.058823529411764705,-0.00045338146260062717,beta_estimated_mean,500,0,-0.0004969752477728849,6.518261679832152e-05,0.001538545543591303,0.254,0.21782025491518664,0.2939309205918972,0.0,0.0001151588915005593,8.834861759037797e-06
35,0.2,0.05,1.5,50.0,0.9,0.5,1.0,10000,0.058823529411764705,-0.00045338146260062717,risk_only,500,0,-2.312604168972804e-05,6.584554704902563e-05,0.0014710598936925627,0.374,0.33269999999487937,0.41722133380143184,0.0,0.00016956466701263456,9.820564538184103e-06
35,0.2,0.05,1.5,50.0,0.9,0.5,1.0,10000,0.058823529411764705,-0.00045338146260062717,outcome_based,500,0,-3.6718537398155174e-05,1.8564140084967386e-05,0.00041631391069565747,0.13,0.10332065036463456,0.16232136157691412,0.004,6.075311598848404e-05,6.913927664916657e-06
35,0.2,0.05,1.5,50.0,0.9,0.5,1.0,10000,0.058823529411764705,-0.00045338146260062717,beta_known_mean,500,0,-0.0004737984593711035,2.109679327148941e-06,0.00047613643295516423,0.0,4.336808689942018e-19,0.007624340461552241,0.0,0.0,0.0
35,0.2,0.05,1.5,50.0,0.9,0.5,1.0,10000,0.1111111111111111,-0.007181873833770627,beta_estimated_mean,500,0,0.0026878348756434675,6.49566342092248e-05,0.0030544916300905226,0.0,4.336808689942018e-19,0.007624340461552241,0.0,0.0,0.0
35,0.2,0.05,1.5,50.0,0.9,0.5,1.0,10000,0.1111111111111111,-0.007181873833770627,risk_only,500,0,-2.932405857580517e-05,6.67225108345967e-05,0.0014907564298019046,0.0,4.336808689942018e-19,0.007624340461552241,0.0,0.0,0.0
35,0.2,0.05,1.5,50.0,0.9,0.5,1.0,10000,0.1111111111111111,-0.007181873833770627,outcome_based,500,0,0.0001186488337737748,7.717983400672322e-05,0.0017281447299434289,0.0,4.336808689942018e-19,0.007624340461552241,0.0,0.0,0.0
35,0.2,0.05,1.5,50.0,0.9,0.5,1.0,10000,0.1111111111111111,-0.007181873833770627,beta_known_mean,500,0,0.002710691100732024,1.0688736749235824e-05,0.002721186605351006,0.0,4.336808689942018e-19,0.007624340461552241,0.0,0.0,0.0
35,0.2,0.05,1.5,50.0,0.9,0.5,1.0,10000,0.2,-0.02000547088288615,beta_estimated_mean,500,0,0.00987755629123982,5.409458706145803e-05,0.009951196120916161,0.0,4.336808689942018e-19,0.007624340461552241,0.0,0.0,0.0
35,0.2,0.05,1.5,50.0,0.9,0.5,1.0,10000,0.2,-0.02000547088288615,risk_only,500,0,-2.9662481732709592e-05,5.3522157158777935e-05,0.0011959623300840528,0.0,4.336808689942018e-19,0.007624340461552241,0.0,0.0,0.0
35,0.2,0.05,1.5,50.0,0.9,0.5,1.0,10000,0.2,-0.02000547088288615,outcome_based,500,0,9.777088288490827e-05,0.0001521678070519721,0.003400577135655093,0.0,4.336808689942018e-19,0.007624340461552241,0.0,0.0,0.0
35,0.2,0.05,1.5,50.0,0.9,0.5,1.0,10000,0.2,-0.02000547088288615,beta_known_mean,500,0,0.00989046994737189,2.5543088063833822e-05,0.009906915160857949,0.0,4.336808689942018e-19,0.007624340461552241,0.0,0.0,0.0
35,0.2,0.05,1.5,50.0,0.9,0.5,1.0,10000,0.3333333333333333,0.001817333673553122,beta_estimated_mean,500,0,-0.008716651774142742,2.1911784310522098e-05,0.008730383792893046,1.0,0.9923756595384479,1.0,0.0,0.0018173336735531214,2.9121333016628507e-20
35,0.2,0.05,1.5,50.0,0.9,0.5,1.0,10000,0.3333333333333333,0.001817333673553122,risk_only,500,0,1.1710960242517919e-05,2.6098319766236625e-05,0.0005831099138289021,0.004,0.0010976305226827934,0.014465715215177033,0.0,7.269334694212488e-06,5.135042777143526e-06
35,0.2,0.05,1.5,50.0,0.9,0.5,1.0,10000,0.3333333333333333,0.001817333673553122,outcome_based,500,0,0.0001730663264469339,0.00015023573887218265,0.0033604716623341275,0.282,0.2443364332272433,0.32298777921399346,0.002,0.0005124880959419805,3.660759324105177e-05
35,0.2,0.05,1.5,50.0,0.9,0.5,1.0,10000,0.3333333333333333,0.001817333673553122,beta_known_mean,500,0,-0.008714896034492041,1.6243547198176246e-05,0.008722446643687147,1.0,0.9923756595384479,1.0,0.0,0.0018173336735531214,2.9121333016628507e-20
35,0.2,0.05,1.5,50.0,0.9,0.5,1.0,10000,0.5,0.0007032221795316211,beta_estimated_mean,500,0,-0.0016872553108749685,2.7159201743206107e-06,0.0016883457048395135,1.0,0.9923756595384479,1.0,0.0,0.000703222179531621,4.8535555027714175e-21
35,0.2,0.05,1.5,50.0,0.9,0.5,1.0,10000,0.5,0.0007032221795316211,risk_only,500,0,6.838687689741682e-07,4.3949145879408255e-06,9.817733709927878e-05,0.0,4.336808689942018e-19,0.007624340461552241,0.0,0.0,0.0
35,0.2,0.05,1.5,50.0,0.9,0.5,1.0,10000,0.5,0.0007032221795316211,outcome_based,500,0,6.757782046837887e-05,5.1182947435805535e-05,0.0011453358118120886,0.232,0.19712923845271468,0.2709574080346774,0.024,0.00016314754565133611,1.3288222442583962e-05
35,0.2,0.05,1.5,50.0,0.9,0.5,1.0,10000,0.5,0.0007032221795316211,beta_known_mean,500,0,-0.0016870461315818329,2.399232004218334e-06,0.0016878972275811252,1.0,0.9923756595384479,1.0,0.0,0.000703222179531621,4.8535555027714175e-21
36,0.2,0.05,1.5,50.0,0.9,0.9,0.5,500,0.058823529411764705,-0.00047050812119145413,beta_estimated_mean,500,0,0.00010685509526953347,0.0002967130030746919,0.006628927703783813,0.496,0.45237314911404547,0.539687845609647,0.0,0.00023337202811096126,1.053108110782591e-05
36,0.2,0.05,1.5,50.0,0.9,0.9,0.5,500,0.058823529411764705,-0.00047050812119145413,risk_only,500,0,0.0005645911126308734,0.000294262727579172,0.006597533553744644,0.53,0.4861905914242533,0.5733519481480536,0.0,0.0002493693042314707,1.0512444474308252e-05
36,0.2,0.05,1.5,50.0,0.9,0.9,0.5,500,0.058823529411764705,-0.00047050812119145413,outcome_based,500,0,4.525812119141606e-05,9.218396357980246e-05,0.0020597310467713177,0.38,0.33852233078455757,0.42330751092621505,0.016,0.00018632121599181583,1.0301083639101982e-05
36,0.2,0.05,1.5,50.0,0.9,0.9,0.5,500,0.058823529411764705,-0.00047050812119145413,beta_known_mean,500,0,-0.0004439580400043471,1.5699302194854406e-05,0.0005657617147684848,0.0,4.336808689942018e-19,0.007624340461552241,0.0,0.0,0.0
36,0.2,0.05,1.5,50.0,0.9,0.9,0.5,500,0.1111111111111111,-0.002574477088888333,beta_estimated_mean,500,0,-0.0013061587345796824,0.0003072078156667721,0.006985699320847325,0.278,0.2405366075286252,0.31884859963630413,0.0,0.0007157046307109565,5.1633284843388654e-05
36,0.2,0.05,1.5,50.0,0.9,0.9,0.5,500,0.1111111111111111,-0.002574477088888333,risk_only,500,0,0.0005538959837235335,0.0002996114056908778,0.006715692888779003,0.384,0.34240767461779237,0.4273611723692879,0.0,0.0009885992021331199,5.605246635986297e-05
36,0.2,0.05,1.5,50.0,0.9,0.9,0.5,500,0.1111111111111111,-0.002574477088888333,outcome_based,500,0,0.00010697708888833558,0.00032173773144545417,0.0071878726232136965,0.35,0.3094801731446609,0.39280712899380477,0.016,0.0009422586145331297,5.55167366892893e-05
36,0.2,0.05,1.5,50.0,0.9,0.9,0.5,500,0.1111111111111111,-0.002574477088888333,beta_known_mean,500,0,-0.0018050431957169896,6.60708327916105e-05,0.0023316288418929166,0.0,4.336808689942018e-19,0.007624340461552241,0.0,0.0,0.0
36,0.2,0.05,1.5,50.0,0.9,0.9,0.5,500,0.2,-0.008026879044940628,beta_estimated_mean,500,0,-0.001592924174026992,0.00027507316139333324,0.006347784199194397,0.052,0.035730265115705276,0.07510114393784553,0.0,0.0004173977103369126,7.978151635896126e-05
36,0.2,0.05,1.5,50.0,0.9,0.9,0.5,500,0.2,-0.008026879044940628,risk_only,500,0,0.00045157261911263797,0.000259953452465516,0.00582445197055089,0.094,0.0714264085922213,0.12276455586255913,0.0,0.000754526630224419,0.00010486352960989328
36,0.2,0.05,1.5,50.0,0.9,0.9,0.5,500,0.2,-0.008026879044940628,outcome_based,500,0,0.0005938790449406151,0.0007029839221415965,0.015714697048305488,0.296,0.2576653952306019,0.33744533567771146,0.006,0.0024241174715720695,0.00016497860563948337
36,0.2,0.05,1.5,50.0,0.9,0.9,0.5,500,0.2,-0.008026879044940628,beta_known_mean,500,0,-0.0018871278712431373,0.00014488595376596912,0.003746495624201536,0.0,4.336808689942018e-19,0.007624340461552241,0.0,0.0,0.0
36,0.2,0.05,1.5,50.0,0.9,0.9,0.5,500,0.3333333333333333,-0.008623061830195327,beta_estimated_mean,500,0,0.0019090956526985007,0.0001322557892885364,0.003517520649195802,0.008,0.00311531518006224,0.020387035834105168,0.0,6.898449464156262e-05,3.438840690253956e-05
36,0.2,0.05,1.5,50.0,0.9,0.9,0.5,500,0.3333333333333333,-0.008623061830195327,risk_only,500,0,0.00024884792254496036,0.0001572355065016433,0.003521179424065788,0.01,0.004278753896590496,0.023193099755730702,0.0,8.623061830195328e-05,3.840863071379367e-05
36,0.2,0.05,1.5,50.0,0.9,0.9,0.5,500,0.3333333333333333,-0.008623061830195327,outcome_based,500,0,-0.0004789381698046722,0.0006190683995866153,0.0138372315789863,0.252,0.21593384838137186,0.2918478244875581,0.028,0.0024144573124546915,0.00017332311721729465
36,0.2,0.05,1.5,50.0,0.9,0.9,0.5,500,0.3333333333333333,-0.008623061830195327,beta_known_mean,500,0,0.0018630903249298154,0.00010372382348337384,0.002973157026847745,0.0,4.336808689942018e-19,0.007624340461552241,0.0,0.0,0.0
36,0.2,0.05,1.5,50.0,0.9,0.9,0.5,500,0.5,-0.002522392843306198,beta_estimated_mean,500,0,0.001527722996168761,2.1998818436330296e-05,0.0016048138868129146,0.0,4.336808689942018e-19,0.007624340461552241,0.0,0.0,0.0
36,0.2,0.05,1.5,50.0,0.9,0.9,0.5,500,0.5,-0.002522392843306198,risk_only,500,0,-1.8422068390831654e-05,4.8673678670434365e-05,0.0010874436736055954,0.002,0.00035313639455927456,0.011240706705146758,0.0,5.044785686612396e-06,5.044785686612396e-06
36,0.2,0.05,1.5,50.0,0.9,0.9,0.5,500,0.5,-0.002522392843306198,outcome_based,500,0,0.00045439284330619763,0.0003804105365952755,0.008509867734345106,0.374,0.33269999999487937,0.41722133380143184,0.088,0.0011653454936074634,5.6295616348049315e-05
36,0.2,0.05,1.5,50.0,0.9,0.9,0.5,500,0.5,-0.002522392843306198,beta_known_mean,500,0,0.0015333379968056858,2.005495148372913e-05,0.001597442878752296,0.0,4.336808689942018e-19,0.007624340461552241,0.0,0.0,0.0
36,0.2,0.05,1.5,50.0,0.9,0.9,0.5,3000,0.058823529411764705,-0.00047050812119145413,beta_estimated_mean,500,0,-0.00039020807546333975,0.00011311860357945201,0.00255682923981318,0.376,0.3346400158192325,0.4192508206152326,0.0,0.00017691105356798674,1.0202416955749067e-05
36,0.2,0.05,1.5,50.0,0.9,0.9,0.5,3000,0.058823529411764705,-0.00047050812119145413,risk_only,500,0,6.580195164049663e-05,0.00011245884837065282,0.002513002027991539,0.442,0.3990759531428234,0.4858084703507167,0.0,0.00020796458956662272,1.0460322762709547e-05
36,0.2,0.05,1.5,50.0,0.9,0.9,0.5,3000,0.058823529411764705,-0.00047050812119145413,outcome_based,500,0,2.3216454524720154e-05,3.7849962568226714e-05,0.0008458228049079571,0.286,0.24814005321609287,0.3271231645014515,0.012,0.00014021142011505334,9.633709345105382e-06
36,0.2,0.05,1.5,50.0,0.9,0.9,0.5,3000,0.058823529411764705,-0.00047050812119145413,beta_known_mean,500,0,-0.00045578341883514476,6.046792016643322e-06,0.00047537754263072966,0.0,4.336808689942018e-19,0.007624340461552241,0.0,0.0,0.0
36,0.2,0.05,1.5,50.0,0.9,0.9,0.5,3000,0.1111111111111111,-0.002574477088888333,beta_estimated_mean,500,0,-0.0018189549496324927,0.00011743945911072537,0.0031923061194606937,0.052,0.035730265115705276,0.07510114393784553,0.0,0.00013387280862219332,2.5588486488079963e-05
36,0.2,0.05,1.5,50.0,0.9,0.9,0.5,3000,0.1111111111111111,-0.002574477088888333,risk_only,500,0,7.699627252280175e-05,0.00011459798498882996,0.0025610827416483353,0.166,0.13595774323101012,0.2011353161973068,0.0,0.00042736319675546326,4.288207852702025e-05
36,0.2,0.05,1.5,50.0,0.9,0.9,0.5,3000,0.1111111111111111,-0.002574477088888333,outcome_based,500,0,0.00014147708888782507,0.00013836035180530925,0.0030939724716895845,0.204,0.1709982729111479,0.241515336642091,0.0,0.0005251933261332199,4.64419424566049e-05
36,0.2,0.05,1.5,50.0,0.9,0.9,0.5,3000,0.1111111111111111,-0.002574477088888333,beta_known_mean,500,0,-0.0018776164107608395,2.583607199495742e-05,0.0019643134147601295,0.0,4.336808689942018e-19,0.007624340461552241,0.0,0.0,0.0
36,0.2,0.05,1.5,50.0,0.9,0.9,0.5,3000,0.2,-0.008026879044940628,beta_estimated_mean,500,0,-0.001999969301758519,0.00010624691182982046,0.0031036739420225675,0.0,4.336808689942018e-19,0.007624340461552241,0.0,0.0,0.0
36,0.2,0.05,1.5,50.0,0.9,0.9,0.5,3000,0.2,-0.008026879044940628,risk_only,500,0,6.947087837023666e-05,0.00010136058264488231,0.0022652894058557797,0.0,4.336808689942018e-19,0.007624340461552241,0.0,0.0,0.0
36,0.2,0.05,1.5,50.0,0.9,0.9,0.5,3000,0.2,-0.008026879044940628,outcome_based,500,0,2.4212378273829965e-05,0.0002848362575400861,0.006362806090898368,0.1,0.07667756273730172,0.1294219096319401,0.002,0.0008187416625839441,0.00010875136084712035
36,0.2,0.05,1.5,50.0,0.9,0.9,0.5,3000,0.2,-0.008026879044940628,beta_known_mean,500,0,-0.002035277684215866,5.7077327288161344e-05,0.00240166776964606,0.0,4.336808689942018e-19,0.007624340461552241,0.0,0.0,0.0
36,0.2,0.05,1.5,50.0,0.9,0.9,0.5,3000,0.3333333333333333,-0.008623061830195327,beta_estimated_mean,500,0,0.0017577284291703606,5.103192889076668e-05,0.0020950259798158885,0.0,4.336808689942018e-19,0.007624340461552241,0.0,0.0,0.0
36,0.2,0.05,1.5,50.0,0.9,0.9,0.5,3000,0.3333333333333333,-0.008623061830195327,risk_only,500,0,4.8927940781993996e-05,6.064412309912762e-05,0.001355570384359948,0.0,4.336808689942018e-19,0.007624340461552241,0.0,0.0,0.0
36,0.2,0.05,1.5,50.0,0.9,0.9,0.5,3000,0.3333333333333333,-0.008623061830195327,outcome_based,500,0,-0.000355271503137981,0.00025492489321393767,0.005705662251643584,0.046,0.030845108370816204,0.06807779276827323,0.014,0.0005173837098117197,9.16749705939102e-05
36,0.2,0.05,1.5,50.0,0.9,0.9,0.5,3000,0.3333333333333333,-0.008623061830195327,beta_known_mean,500,0,0.0017517807134550983,4.044515563411948e-05,0.0019710416445506826,0.0,4.336808689942018e-19,0.007624340461552241,0.0,0.0,0.0
36,0.2,0.05,1.5,50.0,0.9,0.9,0.5,3000,0.5,-0.002522392843306198,beta_estimated_mean,500,0,0.0015339341458118735,8.266605168368842e-06,0.0015450093874897473,0.0,4.336808689942018e-19,0.007624340461552241,0.0,0.0,0.0
36,0.2,0.05,1.5,50.0,0.9,0.9,0.5,3000,0.5,-0.002522392843306198,risk_only,500,0,-3.632353604448217e-06,1.925390001162888e-05,0.00043011488483421636,0.0,4.336808689942018e-19,0.007624340461552241,0.0,0.0,0.0
36,0.2,0.05,1.5,50.0,0.9,0.9,0.5,3000,0.5,-0.002522392843306198,outcome_based,500,0,-0.00019427382336046882,0.00014957782197716558,0.003346958500987424,0.196,0.16357810661426447,0.2330574923863593,0.018,0.0005397920684675263,4.6310621824572074e-05
36,0.2,0.05,1.5,50.0,0.9,0.9,0.5,3000,0.5,-0.002522392843306198,beta_known_mean,500,0,0.0015347996788956113,7.606354954659871e-06,0.0015441763226880908,0.0,4.336808689942018e-19,0.007624340461552241,0.0,0.0,0.0
36,0.2,0.05,1.5,50.0,0.9,0.9,0.5,10000,0.058823529411764705,-0.00047050812119145413,beta_estimated_mean,500,0,-0.000448571069322449,6.373885234711936e-05,0.0014928074263609822,0.266,0.2291604018204711,0.30640778951553543,0.0,0.0001251551602369268,9.30691396910806e-06
36,0.2,0.05,1.5,50.0,0.9,0.9,0.5,10000,0.058823529411764705,-0.00047050812119145413,risk_only,500,0,1.0061981183213165e-05,6.345307973518001e-05,0.0014174701457445261,0.368,0.3268845483787568,0.4111282775030931,0.0,0.00017314698859845513,1.015779162667108e-05
36,0.2,0.05,1.5,50.0,0.9,0.9,0.5,10000,0.058823529411764705,-0.00047050812119145413,outcome_based,500,0,5.708121192127768e-06,2.137831956902316e-05,0.0004775895977694532,0.17,0.13962036610396117,0.20541169860066333,0.006,8.280942932969593e-05,8.021152824572907e-06
36,0.2,0.05,1.5,50.0,0.9,0.9,0.5,10000,0.058823529411764705,-0.00047050812119145413,beta_known_mean,500,0,-0.0004566623448634467,3.2004477326599287e-06,0.0004622247150415435,0.0,4.336808689942018e-19,0.007624340461552241,0.0,0.0,0.0
36,0.2,0.05,1.5,50.0,0.9,0.9,0.5,10000,0.1111111111111111,-0.002574477088888333,beta_estimated_mean,500,0,-0.0018879467659270847,6.514343857955338e-05,0.002383680582286266,0.002,0.00035313639455927456,0.011240706705146758,0.0,5.148954177776666e-06,5.148954177776667e-06
36,0.2,0.05,1.5,50.0,0.9,0.9,0.5,10000,0.1111111111111111,-0.002574477088888333,risk_only,500,0,8.621303964207738e-06,6.385198934366007e-05,0.0014263714529919402,0.036,0.02289106098029272,0.056184326968027755,0.0,9.268117519997999e-05,2.1469826050426223e-05
36,0.2,0.05,1.5,50.0,0.9,0.9,0.5,10000,0.1111111111111111,-0.002574477088888333,outcome_based,500,0,-2.067291111089842e-05,7.106720622482564e-05,0.0015876557314966446,0.044,0.02923395562860718,0.06571944287232845,0.0,0.00011327699191108664,2.3637091851073108e-05
36,0.2,0.05,1.5,50.0,0.9,0.9,0.5,10000,0.1111111111111111,-0.002574477088888333,beta_known_mean,500,0,-0.0018940465355940326,1.3696327985413928e-05,0.0019185982877448552,0.0,4.336808689942018e-19,0.007624340461552241,0.0,0.0,0.0
36,0.2,0.05,1.5,50.0,0.9,0.9,0.5,10000,0.2,-0.008026879044940628,beta_estimated_mean,500,0,-0.002075768324742648,5.7416140470176215e-05,0.0024400459254005674,0.0,4.336808689942018e-19,0.007624340461552241,0.0,0.0,0.0
36,0.2,0.05,1.5,50.0,0.9,0.9,0.5,10000,0.2,-0.008026879044940628,risk_only,500,0,1.2172236601066282e-05,5.427168032828126e-05,0.0012123986105591648,0.0,4.336808689942018e-19,0.007624340461552241,0.0,0.0,0.0
36,0.2,0.05,1.5,50.0,0.9,0.9,0.5,10000,0.2,-0.008026879044940628,outcome_based,500,0,0.00010832904494045422,0.00014444461842029054,0.003228466327759792,0.004,0.0010976305226827934,0.014465715215177033,0.0,3.210751617976251e-05,2.268068206876939e-05
36,0.2,0.05,1.5,50.0,0.9,0.9,0.5,10000,0.2,-0.008026879044940628,beta_known_mean,500,0,-0.0020799283171384453,3.027800994291334e-05,0.0021871360244849515,0.0,4.336808689942018e-19,0.007624340461552241,0.0,0.0,0.0
36,0.2,0.05,1.5,50.0,0.9,0.9,0.5,10000,0.3333333333333333,-0.008623061830195327,beta_estimated_mean,500,0,0.0017304103840526852,2.725985641570075e-05,0.0018344282170114664,0.0,4.336808689942018e-19,0.007624340461552241,0.0,0.0,0.0
36,0.2,0.05,1.5,50.0,0.9,0.9,0.5,10000,0.3333333333333333,-0.008623061830195327,risk_only,500,0,-3.217095145293208e-06,3.27049480775398e-05,0.0007305802833704907,0.0,4.336808689942018e-19,0.007624340461552241,0.0,0.0,0.0
36,0.2,0.05,1.5,50.0,0.9,0.9,0.5,10000,0.3333333333333333,-0.008623061830195327,outcome_based,500,0,-3.953816980492196e-05,0.00013074222553971677,0.0029208277092070208,0.0,4.336808689942018e-19,0.007624340461552241,0.002,1.7246123660390654e-05,1.7246123660390654e-05
36,0.2,0.05,1.5,50.0,0.9,0.9,0.5,10000,0.3333333333333333,-0.008623061830195327,beta_known_mean,500,0,0.0017289924302426307,2.1434695001591862e-05,0.0017940675719136504,0.0,4.336808689942018e-19,0.007624340461552241,0.0,0.0,0.0
36,0.2,0.05,1.5,50.0,0.9,0.9,0.5,10000,0.5,-0.002522392843306198,beta_estimated_mean,500,0,0.00153769410086168,4.3779562708892315e-06,0.0015408008410818738,0.0,4.336808689942018e-19,0.007624340461552241,0.0,0.0,0.0
36,0.2,0.05,1.5,50.0,0.9,0.9,0.5,10000,0.5,-0.002522392843306198,risk_only,500,0,4.66508363266959e-06,1.0672046844196115e-05,0.00023844110875395041,0.0,4.336808689942018e-19,0.007624340461552241,0.0,0.0,0.0
36,0.2,0.05,1.5,50.0,0.9,0.9,0.5,10000,0.5,-0.002522392843306198,outcome_based,500,0,4.43928433061979e-05,8.294571709237273e-05,0.0018533986955150282,0.09,0.0679425478891394,0.11830941128933344,0.018,0.00027241842707706937,3.504747685831094e-05
36,0.2,0.05,1.5,50.0,0.9,0.9,0.5,10000,0.5,-0.002522392843306198,beta_known_mean,500,0,0.001537848879121797,4.009530358019892e-06,0.001540454889157231,0.0,4.336808689942018e-19,0.007624340461552241,0.0,0.0,0.0
37,0.2,0.05,1.5,50.0,0.9,0.9,1.0,500,0.058823529411764705,-1.318316433590594e-05,beta_estimated_mean,500,0,-0.0009470944760707669,0.00029551702457511605,0.006668943960002581,0.456,0.41284481758175473,0.499826124378862,0.0,6.011522937173109e-06,2.939349742195784e-07
37,0.2,0.05,1.5,50.0,0.9,0.9,1.0,500,0.058823529411764705,-1.318316433590594e-05,risk_only,500,0,-4.192235390023985e-05,0.0002919736887365581,0.00652233288831982,0.518,0.4742321113679192,0.561493412375465,0.0,6.8288791259992765e-06,2.9488846990093746e-07
37,0.2,0.05,1.5,50.0,0.9,0.9,1.0,500,0.058823529411764705,-1.318316433590594e-05,outcome_based,500,0,3.0183164335903317e-05,3.406049374963494e-05,0.0007614522463091955,0.296,0.2576653952306019,0.33744533567771146,0.176,6.222453566547603e-06,2.9461669521464424e-07
37,0.2,0.05,1.5,50.0,0.9,0.9,1.0,500,0.058823529411764705,-1.318316433590594e-05,beta_known_mean,500,0,-0.0009212645813069269,1.7595389924644297e-05,0.0010016075600374453,0.0,4.336808689942018e-19,0.007624340461552241,0.0,0.0,0.0
37,0.2,0.05,1.5,50.0,0.9,0.9,1.0,500,0.1111111111111111,-0.0006789041401350088,beta_estimated_mean,500,0,-0.003808416632842684,0.00031602273264009595,0.008021181375235465,0.258,0.2215962002228131,0.29809398056057823,0.0,0.00017515726815483227,1.3297499722614219e-05
37,0.2,0.05,1.5,50.0,0.9,0.9,1.0,500,0.1111111111111111,-0.0006789041401350088,risk_only,500,0,-4.812446625602912e-05,0.00030222067195427734,0.006751269947790814,0.472,0.42862273473006285,0.5158042283357841,0.0,0.00032044275414372413,1.51721156649278e-05
37,0.2,0.05,1.5,50.0,0.9,0.9,1.0,500,0.1111111111111111,-0.0006789041401350088,outcome_based,500,0,0.00012040414013501212,0.0002672550392640346,0.0059712393945444845,0.468,0.4246740659219794,0.5118138918675601,0.018,0.0003299474121056143,1.5190003657752287e-05
37,0.2,0.05,1.5,50.0,0.9,0.9,1.0,500,0.1111111111111111,-0.0006789041401350088,beta_known_mean,500,0,-0.0037834845552098856,7.321199565913298e-05,0.004121819202415337,0.0,4.336808689942018e-19,0.007624340461552241,0.0,0.0,0.0
37,0.2,0.05,1.5,50.0,0.9,0.9,1.0,500,0.2,-0.005946951571622026,beta_estimated_mean,500,0,-0.004188453816308586,0.0002985588854067413,0.007875449954824962,0.06,0.0423483564809462,0.08436106312521979,0.0,0.0003568170942973216,6.322424925016546e-05
37,0.2,0.05,1.5,50.0,0.9,0.9,1.0,500,0.2,-0.005946951571622026,risk_only,500,0,-0.00011862421214249122,0.00027031684567791674,0.006039585998665679,0.148,0.1195614053892054,0.18180613029572734,0.0,0.0008801488326000599,9.453546922405772e-05
37,0.2,0.05,1.5,50.0,0.9,0.9,1.0,500,0.2,-0.005946951571622026,outcome_based,500,0,-8.404842837797919e-05,0.0007027708386831445,0.015698936369649842,0.332,0.2921404418575132,0.3744213365375685,0.006,0.0020100696312082447,0.00012593065838626847
37,0.2,0.05,1.5,50.0,0.9,0.9,1.0,500,0.2,-0.005946951571622026,beta_known_mean,500,0,-0.0041576031364386,0.0001606113397143489,0.005491618073036237,0.0,4.336808689942018e-19,0.007624340461552241,0.0,0.0,0.0
37,0.2,0.05,1.5,50.0,0.9,0.9,1.0,500,0.3333333333333333,-0.010349097765077529,beta_estimated_mean,500,0,0.0034183150659151283,0.0001483953677968316,0.00476166455102176,0.012,0.005510995174027703,0.025930361116447292,0.0,0.00012418917318093034,5.044537004000869e-05
37,0.2,0.05,1.5,50.0,0.9,0.9,1.0,500,0.3333333333333333,-0.010349097765077529,risk_only,500,0,-1.942752926923269e-05,0.00018106174090427616,0.004044659575850337,0.002,0.00035313639455927456,0.011240706705146758,0.0,2.069819553015506e-05,2.0698195530155056e-05
37,0.2,0.05,1.5,50.0,0.9,0.9,1.0,500,0.3333333333333333,-0.010349097765077529,outcome_based,500,0,0.00046509776507753397,0.00057769243122113,0.012913049985618423,0.21,0.1765772705084025,0.24784484695929782,0.03,0.0024837834636186064,0.0001978630201572408
37,0.2,0.05,1.5,50.0,0.9,0.9,1.0,500,0.3333333333333333,-0.010349097765077529,beta_known_mean,500,0,0.0034596052641031145,0.00011506009289288255,0.004309877289052769,0.0,4.336808689942018e-19,0.007624340461552241,0.0,0.0,0.0
37,0.2,0.05,1.5,50.0,0.9,0.9,1.0,500,0.5,-0.004059819196243855,beta_estimated_mean,500,0,0.0030270161663192735,2.566886445621659e-05,0.003080846195737718,0.002,0.00035313639455927456,0.011240706705146758,0.0,8.119638392487709e-06,8.119638392487709e-06
37,0.2,0.05,1.5,50.0,0.9,0.9,1.0,500,0.5,-0.004059819196243855,risk_only,500,0,3.1904527459583834e-05,5.809452070266799e-05,0.0012981254151171629,0.0,4.336808689942018e-19,0.007624340461552241,0.0,0.0,0.0
37,0.2,0.05,1.5,50.0,0.9,0.9,1.0,500,0.5,-0.004059819196243855,outcome_based,500,0,0.0007278191962438543,0.0004607778036849621,0.010318696467210434,0.326,0.28637531603524746,0.3682779544453728,0.062,0.0015752098481426155,8.856211789068235e-05
37,0.2,0.05,1.5,50.0,0.9,0.9,1.0,500,0.5,-0.004059819196243855,beta_known_mean,500,0,0.0030414408466779195,2.2918694430187093e-05,0.003084229309645873,0.0,4.336808689942018e-19,0.007624340461552241,0.0,0.0,0.0
37,0.2,0.05,1.5,50.0,0.9,0.9,1.0,3000,0.058823529411764705,-1.318316433590594e-05,beta_estimated_mean,500,0,-0.0009994636954651533,0.00012373135135538402,0.0029391056267782175,0.352,0.31141084189074275,0.3948459628858768,0.0,4.6404738462388905e-06,2.8185661228256125e-07
37,0.2,0.05,1.5,50.0,0.9,0.9,1.0,3000,0.058823529411764705,-1.318316433590594e-05,risk_only,500,0,-9.022211636726952e-05,0.00012254221730335197,0.002738872203311271,0.482,0.4385065876245351,0.5257678886320809,0.0,6.354285209906663e-06,2.9488846990093746e-07
37,0.2,0.05,1.5,50.0,0.9,0.9,1.0,3000,0.058823529411764705,-1.318316433590594e-05,outcome_based,500,0,6.414976692348528e-07,1.4823670769044521e-05,0.0003311363432767583,0.406,0.3638304421340635,0.4496029338727085,0.036,5.826958636470425e-06,2.930877232006474e-07
37,0.2,0.05,1.5,50.0,0.9,0.9,1.0,3000,0.058823529411764705,-1.318316433590594e-05,beta_known_mean,500,0,-0.0009142755194255631,7.047595869608261e-06,0.0009277307586708557,0.0,4.336808689942018e-19,0.007624340461552241,0.0,0.0,0.0
37,0.2,0.05,1.5,50.0,0.9,0.9,1.0,3000,0.1111111111111111,-0.0006789041401350088,beta_estimated_mean,500,0,-0.0038597118136338275,0.00013099105568146612,0.004843505441507056,0.062,0.044019209142681565,0.08665971310163822,0.0,4.2092056688370547e-05,7.329181019827063e-06
37,0.2,0.05,1.5,50.0,0.9,0.9,1.0,3000,0.1111111111111111,-0.0006789041401350088,risk_only,500,0,-8.281816138487041e-05,0.00012678329122790092,0.0028333348394092004,0.382,0.3404646252341933,0.4253347191147331,0.0,0.0002593413815315734,1.4766722150734059e-05
37,0.2,0.05,1.5,50.0,0.9,0.9,1.0,3000,0.1111111111111111,-0.0006789041401350088,outcome_based,500,0,-0.00013701252653182904,0.00011980265046506885,0.0026796935060927982,0.388,0.3462960293500537,0.4314118229133341,0.006,0.0002674882312131934,1.4850552358469114e-05
37,0.2,0.05,1.5,50.0,0.9,0.9,1.0,3000,0.1111111111111111,-0.0006789041401350088,beta_known_mean,500,0,-0.003783999185138807,2.935636184070925e-05,0.003840401805464105,0.0,4.336808689942018e-19,0.007624340461552241,0.0,0.0,0.0
37,0.2,0.05,1.5,50.0,0.9,0.9,1.0,3000,0.2,-0.005946951571622026,beta_estimated_mean,500,0,-0.004195649405860652,0.00012133499602853977,0.004994981720312945,0.0,4.336808689942018e-19,0.007624340461552241,0.0,0.0,0.0
37,0.2,0.05,1.5,50.0,0.9,0.9,1.0,3000,0.2,-0.005946951571622026,risk_only,500,0,-3.4496134579354743e-05,0.00011049861169379487,0.0024685930473131233,0.012,0.005510995174027703,0.025930361116447292,0.0,7.136341885946431e-05,2.898766437909256e-05
37,0.2,0.05,1.5,50.0,0.9,0.9,1.0,3000,0.2,-0.005946951571622026,outcome_based,500,0,-0.00017938176171136222,0.00028349217874324865,0.006335275661352321,0.178,0.14696488670733526,0.21394518854990435,0.0,0.0010585573797487209,0.00010183335188910597
37,0.2,0.05,1.5,50.0,0.9,0.9,1.0,3000,0.2,-0.005946951571622026,beta_known_mean,500,0,-0.004147251884402229,6.41236876685045e-05,0.004387654271414463,0.0,4.336808689942018e-19,0.007624340461552241,0.0,0.0,0.0
37,0.2,0.05,1.5,50.0,0.9,0.9,1.0,3000,0.3333333333333333,-0.010349097765077529,beta_estimated_mean,500,0,0.0034442629904149727,5.9387232292761374e-05,0.0036909134890268152,0.0,4.336808689942018e-19,0.007624340461552241,0.0,0.0,0.0
37,0.2,0.05,1.5,50.0,0.9,0.9,1.0,3000,0.3333333333333333,-0.010349097765077529,risk_only,500,0,-9.360985651233705e-06,7.125416149369951e-05,0.0015917249252327794,0.0,4.336808689942018e-19,0.007624340461552241,0.0,0.0,0.0
37,0.2,0.05,1.5,50.0,0.9,0.9,1.0,3000,0.3333333333333333,-0.010349097765077529,outcome_based,500,0,-4.95689015890567e-05,0.0002362446414562424,0.00527753833276294,0.026,0.015256383923327248,0.04397149083422428,0.002,0.0002897747374221708,7.6430088937258e-05
37,0.2,0.05,1.5,50.0,0.9,0.9,1.0,3000,0.3333333333333333,-0.010349097765077529,beta_known_mean,500,0,0.003462682667770731,4.6156479164175e-05,0.0036129283305273933,0.0,4.336808689942018e-19,0.007624340461552241,0.0,0.0,0.0
37,0.2,0.05,1.5,50.0,0.9,0.9,1.0,3000,0.5,-0.004059819196243855,beta_estimated_mean,500,0,0.003067893047185872,9.925686647002277e-06,0.0030758948059748793,0.0,4.336808689942018e-19,0.007624340461552241,0.0,0.0,0.0
37,0.2,0.05,1.5,50.0,0.9,0.9,1.0,3000,0.5,-0.004059819196243855,risk_only,500,0,-3.340869924379781e-06,2.4769287859291457e-05,0.0005533140648122157,0.0,4.336808689942018e-19,0.007624340461552241,0.0,0.0,0.0
37,0.2,0.05,1.5,50.0,0.9,0.9,1.0,3000,0.5,-0.004059819196243855,outcome_based,500,0,-5.818080375614538e-05,0.0001822816644932255,0.004072279583467436,0.118,0.09259300825150649,0.14923198786111944,0.032,0.0006089728794365783,6.489504117277458e-05
37,0.2,0.05,1.5,50.0,0.9,0.9,1.0,3000,0.5,-0.004059819196243855,beta_known_mean,500,0,0.0030711185754997263,9.021126019976125e-06,0.0030777229052335016,0.0,4.336808689942018e-19,0.007624340461552241,0.0,0.0,0.0
37,0.2,0.05,1.5,50.0,0.9,0.9,1.0,10000,0.058823529411764705,-1.318316433590594e-05,beta_estimated_mean,500,0,-0.0009615576219046527,6.917255300519403e-05,0.0018199530935663875,0.274,0.2367406256658206,0.3147055762228011,0.0,3.6121870280382273e-06,2.6321642411921824e-07
37,0.2,0.05,1.5,50.0,0.9,0.9,1.0,10000,0.058823529411764705,-1.318316433590594e-05,risk_only,500,0,-4.4649094004288625e-05,6.821662759526833e-05,0.0015244980070668165,0.5,0.4563412653024843,0.5436587346975157,0.0,6.59158216795297e-06,2.950797435675294e-07
37,0.2,0.05,1.5,50.0,0.9,0.9,1.0,10000,0.058823529411764705,-1.318316433590594e-05,outcome_based,500,0,8.670664335958312e-06,7.90246901104051e-06,0.0001767405998597498,0.464,0.42072818700752684,0.5078207655057051,0.02,6.380651538578474e-06,2.949286240423155e-07
37,0.2,0.05,1.5,50.0,0.9,0.9,1.0,10000,0.058823529411764705,-1.318316433590594e-05,beta_known_mean,500,0,-0.0009202037785187287,4.034274434699735e-06,0.0009246060803051032,0.0,4.336808689942018e-19,0.007624340461552241,0.0,0.0,0.0
37,0.2,0.05,1.5,50.0,0.9,0.9,1.0,10000,0.1111111111111111,-0.0006789041401350088,beta_estimated_mean,500,0,-0.0038453250234743324,7.428912631719505e-05,0.004188131183040353,0.0,4.336808689942018e-19,0.007624340461552241,0.0,0.0,0.0
37,0.2,0.05,1.5,50.0,0.9,0.9,1.0,10000,0.1111111111111111,-0.0006789041401350088,risk_only,500,0,-3.986121419639449e-05,7.099923623293078e-05,0.001586503639353313,0.34,0.29983885845371416,0.3826009304939827,0.0,0.00023082740764590297,1.4396920636770107e-05
37,0.2,0.05,1.5,50.0,0.9,0.9,1.0,10000,0.1111111111111111,-0.0006789041401350088,outcome_based,500,0,0.00010585414013548866,6.542164112321804e-05,0.0014652374113037568,0.354,0.3133423051969017,0.3968840022178716,0.002,0.00024168987388806313,1.4552114961140773e-05
37,0.2,0.05,1.5,50.0,0.9,0.9,1.0,10000,0.1111111111111111,-0.0006789041401350088,beta_known_mean,500,0,-0.003809056933330062,1.716742372109658e-05,0.0038283129730368745,0.0,4.336808689942018e-19,0.007624340461552241,0.0,0.0,0.0
37,0.2,0.05,1.5,50.0,0.9,0.9,1.0,10000,0.2,-0.005946951571622026,beta_estimated_mean,500,0,-0.004219085789916008,7.04542176168767e-05,0.004503067787175126,0.0,4.336808689942018e-19,0.007624340461552241,0.0,0.0,0.0
37,0.2,0.05,1.5,50.0,0.9,0.9,1.0,10000,0.2,-0.005946951571622026,risk_only,500,0,-4.797906479837587e-05,6.422338401670861e-05,0.0014354437902207042,0.0,4.336808689942018e-19,0.007624340461552241,0.0,0.0,0.0
37,0.2,0.05,1.5,50.0,0.9,0.9,1.0,10000,0.2,-0.005946951571622026,outcome_based,500,0,3.405157162208738e-05,0.00015251013363618154,0.0034069884941882594,0.038,0.024460118055830385,0.05858477253064388,0.002,0.00023787806286488107,5.21686671643058e-05
37,0.2,0.05,1.5,50.0,0.9,0.9,1.0,10000,0.2,-0.005946951571622026,beta_known_mean,500,0,-0.004195258917317436,3.777511675027326e-05,0.004279281498877394,0.0,4.336808689942018e-19,0.007624340461552241,0.0,0.0,0.0
37,0.2,0.05,1.5,50.0,0.9,0.9,1.0,10000,0.3333333333333333,-0.010349097765077529,beta_estimated_mean,500,0,0.003413380214242557,3.4572423867450836e-05,0.0034996564803600133,0.0,4.336808689942018e-19,0.007624340461552241,0.0,0.0,0.0
37,0.2,0.05,1.5,50.0,0.9,0.9,1.0,10000,0.3333333333333333,-0.010349097765077529,risk_only,500,0,-4.347088330417298e-05,4.1823510004716745e-05,0.0009352772349755185,0.0,4.336808689942018e-19,0.007624340461552241,0.0,0.0,0.0
37,0.2,0.05,1.5,50.0,0.9,0.9,1.0,10000,0.3333333333333333,-0.010349097765077529,outcome_based,500,0,5.359776507757101e-05,0.00014107407021339018,0.0031518117758554376,0.002,0.00035313639455927456,0.011240706705146758,0.0,2.069819553015506e-05,2.0698195530155056e-05
37,0.2,0.05,1.5,50.0,0.9,0.9,1.0,10000,0.3333333333333333,-0.010349097765077529,beta_known_mean,500,0,0.0034226153504828796,2.6904289968235385e-05,0.0034749809216583906,0.0,4.336808689942018e-19,0.007624340461552241,0.0,0.0,0.0
37,0.2,0.05,1.5,50.0,0.9,0.9,1.0,10000,0.5,-0.004059819196243855,beta_estimated_mean,500,0,0.0030646078928568245,5.56482773184613e-06,0.0030671280089841746,0.0,4.336808689942018e-19,0.007624340461552241,0.0,0.0,0.0
37,0.2,0.05,1.5,50.0,0.9,0.9,1.0,10000,0.5,-0.004059819196243855,risk_only,500,0,-3.0621829215031814e-05,1.3596080108494237e-05,0.0003052532394397385,0.0,4.336808689942018e-19,0.007624340461552241,0.0,0.0,0.0
37,0.2,0.05,1.5,50.0,0.9,0.9,1.0,10000,0.5,-0.004059819196243855,outcome_based,500,0,8.941919624385456e-05,0.00010828674766303989,0.002420594892305794,0.052,0.035730265115705276,0.07510114393784553,0.0,0.00021111059820468043,4.035173942526373e-05
37,0.2,0.05,1.5,50.0,0.9,0.9,1.0,10000,0.5,-0.004059819196243855,beta_known_mean,500,0,0.0030659496804325875,5.065477735701534e-06,0.0030680370460972987,0.0,4.336808689942018e-19,0.007624340461552241,0.0,0.0,0.0
