case,n,rho0,rho1,threshold,primary,method,true_delta,valid_reps,failed_reps,strict_wrong_rate,wrong_low,wrong_high,tie_rate,selection_error_rate,loss_low,loss_high,mean_loss,loss_mcse,bias,bias_mcse,rmse,estimate_sd,best_default,available_gain,mean_loss_fraction_of_gain,loss_low_fraction_of_gain,loss_high_fraction_of_gain,loss_mcse_fraction_of_gain
beta_control,500,-0.5,-0.5,0.0588235294117647,False,beta_estimated_mean,-0.0001448285645434,500,0,0.54,0.4961751552930624,0.5832148974700135,0.0,0.54,7.186033550320546e-05,8.446617642092316e-05,7.820742485344978e-05,3.2313183669652997e-06,0.0005082809323124,0.0003257919764928,0.0072953694264072,0.0072849300596197,0.15000000000000002,0.0005280169993554795,0.1481153541437362,0.13609473859917637,0.15996866866791457,0.006119724120453673
beta_control,500,-0.5,-0.5,0.0588235294117647,False,risk_only,-0.0001448285645434,500,0,0.538,0.494176845283715,0.581243704841207,0.0,0.538,7.157092313303893e-05,8.418069142205452e-05,7.791776772436293e-05,3.2323328728956626e-06,0.0005115253193908,0.0003257964697138,0.0072956963102708,0.0072850305310958,0.15000000000000002,0.0005280169993554795,0.14756677875801866,0.1355466267570959,0.159427994789579,0.006121645471341241
beta_control,500,-0.5,-0.5,0.0588235294117647,False,outcome_based,-0.0001448285645434,500,0,0.432,0.3892622537365845,0.4757746565661866,0.03,0.462,6.064787312137101e-05,7.32576414103866e-05,6.691079681906259e-05,3.2323328728956626e-06,-2.8171435456585905e-05,0.0001032658931563,0.0023069573315897,0.0023090955685482,0.15000000000000002,0.0005280169993554795,0.1267209141007521,0.11485969806919179,0.13874106610167486,0.006121645471341241
beta_control,500,-0.5,-0.5,0.0588235294117647,False,beta_known_mean,-0.0001448285645434,500,0,0.18,0.148804907912759,0.2160746699826344,0.0,0.18,2.1551201210021508e-05,3.129378428777934e-05,2.6069141617816592e-05,2.490847460511949e-06,7.370472459901079e-06,6.405341415914046e-06,0.0001432741944414,0.0001432277882507,0.15000000000000002,0.0005280169993554795,0.04937178471457873,0.040815354877452505,0.059266622714757085,0.0047173622507464446
beta_control,500,-0.5,-0.5,0.1111111111111111,False,beta_estimated_mean,-0.0008863961521738,500,0,0.504,0.460312154390353,0.5476268508859545,0.0,0.504,0.0004080189224504,0.0004854143334523,0.0004467436606956,1.9839635814509425e-05,0.0004993474379161,0.000316291078197,0.0070830311937153,0.0070724835152539,0.10000000000000002,0.006196772497093578,0.07209295821415625,0.06584377958715926,0.07833341205925665,0.0032016079053756854
beta_control,500,-0.5,-0.5,0.1111111111111111,False,risk_only,-0.0008863961521738,500,0,0.5,0.4563412653024843,0.5436587346975157,0.0,0.5,0.0004044991416422,0.0004818970105315,0.0004431980760869,1.98402707133308e-05,0.0004643808150716,0.0003185675083362,0.007131394882336,0.0071233860406248,0.10000000000000002,0.006196772497093578,0.0715207918791225,0.0652757773231015,0.07776580643512736,0.00320171036174659
beta_control,500,-0.5,-0.5,0.1111111111111111,False,outcome_based,-0.0008863961521738,500,0,0.448,0.4049726694186174,0.4918202619893841,0.018,0.466,0.0003746803426586,0.0004519004278185,0.000413060606913,1.979434685795276e-05,-7.360384782615818e-05,0.0003530638868766,0.0078871932603691,0.0078947485145642,0.10000000000000002,0.006196772497093578,0.06665737803134365,0.06046378866326516,0.07292512804535768,0.003194299430427169
beta_control,500,-0.5,-0.5,0.1111111111111111,False,beta_known_mean,-0.0008863961521738,500,0,0.18,0.148804907912759,0.2160746699826344,0.0,0.18,0.0001319000977984,0.0001915277560548,0.0001595513073912,1.5244766193810903e-05,3.827201352795273e-05,3.909886642169517e-05,0.0008742406438703,0.0008742772316209,0.10000000000000002,0.006196772497093578,0.025747485076470542,0.02128528969883339,0.03090766300435117,0.0024601139062247375
beta_control,500,-0.5,-0.5,0.2,True,beta_estimated_mean,-0.0021931319985468,500,0,0.36,0.3191414324050707,0.402993382924164,0.0,0.36,0.0006999192874696,0.0008838176832936,0.0007895275194768,4.712547449167582e-05,0.0003579667767559,0.0002339478596994,0.0052382448531145,0.0052312331747856,0.0,0.0469155015575012,0.01682871318148712,0.014918721195205717,0.01883850015352311,0.0010044755555670074
beta_control,500,-0.5,-0.5,0.2,True,risk_only,-0.0021931319985468,500,0,0.366,0.3249476048822134,0.4090957183614825,0.0,0.366,0.0007126529901183,0.000897200910407,0.0008026863114681,4.7293305585700105e-05,0.0003284857545754,0.0002360416790271,0.0052829938799603,0.0052780523982788,0.0,0.0469155015575012,0.01710919173451233,0.015190139004372548,0.019123762522443903,0.0010080528613284855
beta_control,500,-0.5,-0.5,0.2,True,outcome_based,-0.0021931319985468,500,0,0.412,0.369688475931219,0.4556534079900142,0.008,0.42,0.0008279278380371,0.0010169784303476,0.0009211154393896,4.84566225829067e-05,-0.0010258680014531,0.0007588285178081,0.0169819593732998,0.0169679214908438,0.0,0.0469155015575012,0.019633498711734972,0.017647212766602614,0.021676810363013114,0.0010328488660302747
beta_control,500,-0.5,-0.5,0.2,True,beta_known_mean,-0.0021931319985468,500,0,0.18,0.148804907912759,0.2160746699826344,0.0,0.18,0.0003263488050842,0.0004738802728143,0.0003947637597384,3.771878348977162e-05,8.114028264146003e-05,9.730925135145388e-05,0.0021752378845447,0.0021759010086146,0.0,0.0469155015575012,0.00841435659074356,0.006956097542391527,0.010100718463672323,0.0008039727219699915
beta_control,500,-0.5,-0.5,0.3333333333333333,False,beta_estimated_mean,-0.0013204894972435,500,0,0.25,0.214048496747821,0.2897636734829552,0.0,0.25,0.0002826487918562,0.0003826298875169,0.0003301223743108,2.5596778748281603e-05,0.0001135192591147,7.880533100478915e-05,0.0017640341378166,0.0017621407711608,0.0,0.0080558984632644,0.040978964148590855,0.03508594269715578,0.0474968607488942,0.0031773959000358743
beta_control,500,-0.5,-0.5,0.3333333333333333,False,risk_only,-0.0013204894972435,500,0,0.282,0.2443364332272433,0.3229877792139934,0.0,0.282,0.0003226436938705,0.00042650197019,0.0003723780382226,2.6599376381806887e-05,0.0001336705721808,9.518973279484108e-05,0.0021305748875395,0.002128507132893,0.0,0.0080558984632644,0.046224271559612666,0.040050615749662614,0.052942818499374864,0.0033018509981353867
beta_control,500,-0.5,-0.5,0.3333333333333333,False,outcome_based,-0.0013204894972435,500,0,0.436,0.393185603123056,0.4797903124560227,0.038,0.474,0.0005686002871669,0.000683747285018,0.0006259120216934,2.9516626609104515e-05,-0.0004615105027564,0.0006140480943087,0.0137245571128599,0.0137305328032864,0.0,0.0080558984632644,0.07769611602574356,0.0705818587162893,0.08487536035067315,0.003663976990735783
beta_control,500,-0.5,-0.5,0.3333333333333333,False,beta_known_mean,-0.0013204894972435,500,0,0.18,0.148804907912759,0.2160746699826344,0.0,0.18,0.000196495318037,0.0002853243323324,0.0002376881095038,2.2710560732344144e-05,5.921558098182601e-05,5.819130987829667e-05,0.0013012434549928,0.0013011972458762,0.0,0.0080558984632644,0.029504854186988394,0.02439148394596032,0.03541806461855296,0.002819122017973077
beta_control,500,-0.5,-0.5,0.5,False,beta_estimated_mean,-0.000118134186694,500,0,0.192,0.159876218595883,0.2288203751284331,0.0,0.192,1.8886847055550723e-05,2.703150891483335e-05,2.2681763845264718e-05,2.082963297619316e-06,6.899093368498711e-06,5.921890198477258e-06,0.0001324647895374,0.0001324174903908,0.0,0.0003132871106972,0.07239928829113951,0.06028606479698217,0.086283501592761,0.006648736020399363
beta_control,500,-0.5,-0.5,0.5,False,risk_only,-0.000118134186694,500,0,0.378,0.3365807935394356,0.4212795455331832,0.038,0.416,4.4134632890579545e-05,5.4304327242497606e-05,4.9143821664740215e-05,2.6066241328421198e-06,3.206245950945133e-05,1.6913729159175475e-05,0.0003791820725069,0.0003782024815293,0.0,0.0003132871106972,0.15686512463080224,0.1408759932458147,0.1733372532360073,0.008320240583920762
beta_control,500,-0.5,-0.5,0.5,False,outcome_based,-0.000118134186694,500,0,0.338,0.2979130243450122,0.3805572619645308,0.23,0.568,6.192893459098199e-05,7.214900693820828e-05,6.710021804224144e-05,2.619638497945727e-06,-0.0003058658133059,0.0001717306928353,0.0038483474239924,0.0038400150300307,0.0,0.0003132871106972,0.21418122786128765,0.1976746967124284,0.23029676126044696,0.008361781919836705
beta_control,500,-0.5,-0.5,0.5,False,beta_known_mean,-0.000118134186694,500,0,0.18,0.148804907912759,0.2160746699826344,0.0,0.18,1.75789467723623e-05,2.5525805403591784e-05,2.1264153604935668e-05,2.0317417344724262e-06,5.679195009900708e-06,5.362167225071582e-06,0.0001199163003658,0.0001199017042198,0.0,0.0003132871106972,0.06787433277294327,0.056111299099543245,0.08147735585669572,0.006485238827575504
beta_control,500,0.0,0.0,0.0588235294117647,False,beta_estimated_mean,-0.0001448285645434,500,0,0.512,0.4682622528498706,0.5555547629790522,0.0,0.512,6.781774991011734e-05,8.046019884751912e-05,7.415222504623386e-05,3.240774738467724e-06,0.000356259923378,0.0002645575874047,0.0059204973560227,0.0059156874940044,0.15000000000000002,0.0005280169993554795,0.14043529874369062,0.1284385729870414,0.15238183419422544,0.006137633338365155
beta_control,500,0.0,0.0,0.0588235294117647,False,risk_only,-0.0001448285645434,500,0,0.514,0.470251511580072,0.5575350068870044,0.0,0.514,6.810585139651787e-05,8.07469947301537e-05,7.444188217532072e-05,3.2404374860995244e-06,0.0003532059714843,0.0002648842966717,0.0059275995208282,0.0059229929353034,0.15000000000000002,0.0005280169993554795,0.1409838741294082,0.12898420217464748,0.1529249907270353,0.00613699462338323
beta_control,500,0.0,0.0,0.0588235294117647,False,outcome_based,-0.0001448285645434,500,0,0.438,0.3951483440866656,0.4817970741305669,0.026,0.464,6.0933459387258005e-05,7.354695251353477e-05,6.720045394814944e-05,3.2332950586285354e-06,1.1078564543410246e-05,0.0001021084553222,0.002280957018905,0.0022832144717805,0.15000000000000002,0.0005280169993554795,0.12726948948646963,0.11540056373494799,0.13928898615633467,0.0061234677341359
beta_control,500,0.0,0.0,0.0588235294117647,False,beta_known_mean,-0.0001448285645434,500,0,0.174,0.1432894720810641,0.2096815978998678,0.0,0.174,2.075240855568577e-05,3.036788483500961e-05,2.520017023055604e-05,2.4579248547031538e-06,3.607346950524448e-06,6.608972489886172e-06,0.0001476773277137,0.0001477811174881,0.15000000000000002,0.0005280169993554795,0.04772605855742611,0.03930253870806633,0.05751308172289522,0.004655010838104462
beta_control,500,0.0,0.0,0.1111111111111111,False,beta_estimated_mean,-0.0008863961521738,500,0,0.464,0.4207281870075268,0.5078207655057051,0.0,0.464,0.0003729318460745,0.0004501303725382,0.0004112878146086,1.978877791025601e-05,0.0003440532970674,0.0002586637608298,0.0057883448682148,0.0057838975253139,0.10000000000000002,0.006196772497093578,0.06637129486381871,0.06018162620128675,0.0726394865632587,0.0031934007452326806
beta_control,500,0.0,0.0,0.1111111111111111,False,risk_only,-0.0008863961521738,500,0,0.45,0.4069396517813318,0.4938227822648235,0.0,0.45,0.0003607097415059,0.0004377226140553,0.0003988782684782,1.9740820108558535e-05,0.0003088249579747,0.0002610680554154,0.0058399898205667,0.0058376591866272,0.10000000000000002,0.006196772497093578,0.06436871269120863,0.05820929228482743,0.07063719287106338,0.0031856615871919476
beta_control,500,0.0,0.0,0.1111111111111111,False,outcome_based,-0.0008863961521738,500,0,0.416,0.3735974667931464,0.4596834224043944,0.012,0.428,0.000341565449249,0.0004181628358026,0.0003793775531304,1.963348921590329e-05,-0.0004781038478261,0.0003401307209215,0.0076129723524589,0.0076055541321663,0.10000000000000002,0.006196772497093578,0.06122179784853105,0.055119894979072034,0.06748074679177388,0.0031683411364725467
beta_control,500,0.0,0.0,0.1111111111111111,False,beta_known_mean,-0.0008863961521738,500,0,0.174,0.1432894720810641,0.2096815978998678,0.0,0.174,0.0001270112366996,0.0001858609615601,0.0001542329304782,1.5043269540160772e-05,1.8609901267359867e-05,4.042841369552908e-05,0.0009032940765662,0.0009040068124568,0.10000000000000002,0.006196772497093578,0.02488923557392798,0.020496353022346883,0.02999318784855711,0.002427597519065997
beta_control,500,0.0,0.0,0.2,True,beta_estimated_mean,-0.0021931319985468,500,0,0.342,0.3017655066658599,0.3846437849199907,0.0,0.342,0.0006618115887265,0.0008435745927501,0.000750051143503,4.657367394995e-05,0.0002305371937884,0.0002012886168419,0.0045023531542433,0.0045009503035554,0.0,0.0469155015575012,0.015987277522413617,0.014106458777070978,0.017980722037388576,0.0009927139730749282
beta_control,500,0.0,0.0,0.2,True,risk_only,-0.0021931319985468,500,0,0.338,0.2979130243450122,0.3805572619645308,0.0,0.338,0.0006533625864749,0.0008346123084937,0.0007412786155088,4.64410300266944e-05,0.0002275376523519,0.0002058417623674,0.0046037830226209,0.0046027617326198,0.0,0.0469155015575012,0.01580029182039681,0.013926368999255333,0.01778969169648056,0.0009898866789215654
beta_control,500,0.0,0.0,0.2,True,outcome_based,-0.0021931319985468,500,0,0.418,0.3755530480719333,0.4616973437637613,0.012,0.43,0.0008494036364203,0.0010390308482347,0.0009430467593751,4.8605582733188126e-05,-0.0002258680014531,0.0006748189677821,0.01507600594833,0.0150894108446711,0.0,0.0469155015575012,0.020100962966776992,0.018104967616710706,0.02214685580972057,0.001036023939200895
beta_control,500,0.0,0.0,0.2,True,beta_known_mean,-0.0021931319985468,500,0,0.174,0.1432894720810641,0.2096815978998678,0.0,0.174,0.0003142527262758,0.0004598594218606,0.0003816049677471,3.722023805087678e-05,3.5678790641000586e-05,0.0001006728525617,0.0022491441870886,0.0022511134181679,0.0,0.0469155015575012,0.008133878037718348,0.006698270632162834,0.009801865195813391,0.0007933462675499358
beta_control,500,0.0,0.0,0.3333333333333333,False,beta_estimated_mean,-0.0013204894972435,500,0,0.236,0.2008812954715588,0.2751443562921407,0.0,0.236,0.0002652616408628,0.0003633252327095,0.0003116355213494,2.5100788207219545e-05,6.551725234391259e-05,7.4419734687356e-05,0.0016637014963364,0.0016640758562842,0.0,0.0080558984632644,0.03868414215627036,0.0329276296210058,0.04510052284872939,0.0031158272812997
beta_control,500,0.0,0.0,0.3333333333333333,False,risk_only,-0.0013204894972435,500,0,0.268,0.231053973436348,0.3084837205378122,0.0,0.268,0.000305104345219,0.0004073495130407,0.0003538911852612,2.6182289226424285e-05,8.219511688453908e-05,8.84540417267161e-05,0.0019776224787956,0.0019778925018554,0.0,0.0080558984632644,0.043929449567292174,0.03787340997534942,0.05056537329737326,0.0032500768655188256
beta_control,500,0.0,0.0,0.3333333333333333,False,outcome_based,-0.0013204894972435,500,0,0.43,0.3873016475903593,0.4737657600742581,0.032,0.462,0.0005529632896617,0.0006679341632654,0.0006100661477265,2.947113108321842e-05,-0.0003995105027564,0.0005742113176127,0.0128331293394017,0.0128397553963178,0.0,0.0080558984632644,0.07572912574661347,0.06864079682524064,0.0829124356905984,0.0036583295106820614
beta_control,500,0.0,0.0,0.3333333333333333,False,beta_known_mean,-0.0013204894972435,500,0,0.174,0.1432894720810641,0.2096815978998678,0.0,0.174,0.0001892122429486,0.000276882347792,0.0002297651725203,2.241038545042063e-05,2.920503373139241e-05,6.015519082745823e-05,0.0013440825044452,0.0013451109588966,0.0,0.0080558984632644,0.02852135904741715,0.02348741655712573,0.03437013873183825,0.0027818604656716993
beta_control,500,0.0,0.0,0.5,False,beta_estimated_mean,-0.000118134186694,500,0,0.186,0.1543339917500702,0.2224540940597845,0.0,0.186,1.8232120594646483e-05,2.627943347852259e-05,2.197295872510019e-05,2.0577565722057376e-06,2.6356066129314094e-06,5.909387424872124e-06,0.0001320320242634,0.0001321379198739,0.0,0.0003132871106972,0.07013681053204138,0.05819620396789415,0.0838829067050969,0.0065682771551831
beta_control,500,0.0,0.0,0.5,False,risk_only,-0.000118134186694,500,0,0.362,0.3210760441781857,0.4050282737892027,0.028,0.39,4.113920634020134e-05,5.120361223827752e-05,4.607233281069395e-05,2.579422856898797e-06,9.370491245746044e-06,1.7535670962617644e-05,0.0003918292796673,0.0003921095230348,0.0,0.0003132871106972,0.1470610543413771,0.1313147108052059,0.163439894237357,0.008233415192723569
beta_control,500,0.0,0.0,0.5,False,outcome_based,-0.000118134186694,500,0,0.334,0.2940638124558771,0.3764674685773583,0.214,0.548,5.956035096306462e-05,6.982825090874237e-05,6.473753430835971e-05,2.63199354322314e-06,-0.0003418658133059,0.0001717783910486,0.0038524371810981,0.0038410815945032,0.0,0.0003132871106972,0.20663963533096066,0.1901142719549392,0.2228890002954292,0.008401218733084201
beta_control,500,0.0,0.0,0.5,False,beta_known_mean,-0.000118134186694,500,0,0.174,0.1432894720810641,0.2096815978998678,0.0,0.174,1.6927385246121607e-05,2.477056503261748e-05,2.055534848477115e-05,2.0048873271714013e-06,2.1209999361220078e-06,5.514492314210421e-06,0.0001232026856727,0.0001233077967597,0.0,0.0003132871106972,0.06561185501384517,0.05403154061605285,0.07906665862343397,0.006399520627291866
beta_control,500,0.3,0.3,0.0588235294117647,False,beta_estimated_mean,-0.0001448285645434,500,0,0.496,0.4523731491140454,0.539687845609647,0.0,0.496,6.551655382417619e-05,7.816221598117903e-05,7.183496801353905e-05,3.2416047486589403e-06,0.0002531417249516,0.0002210524413335,0.0049444218530434,0.0049428828541411,0.15000000000000002,0.0005280169993554795,0.13604669565795027,0.1240803873817482,0.14802973403619055,0.0061392052767539375
beta_control,500,0.3,0.3,0.0588235294117647,False,risk_only,-0.0001448285645434,500,0,0.5,0.4563412653024843,0.5436587346975157,0.0,0.5,6.609125039568932e-05,7.87373141477362e-05,7.241428227171276e-05,3.241708484990268e-06,0.0002482208313467,0.000221404008984,0.004952015896887,0.0049507441457927,0.15000000000000002,0.0005280169993554795,0.13714384642938537,0.12516879281607063,0.14911890004270012,0.006139401740753116
beta_control,500,0.3,0.3,0.0588235294117647,False,outcome_based,-0.0001448285645434,500,0,0.42,0.3775093512774022,0.4637105431964461,0.026,0.446,5.836683719512901e-05,7.093949838434736e-05,6.459353978636778e-05,3.222747388373616e-06,2.07856454341232e-06,0.0001023976461197,0.002287391092037,0.0022896809745968,0.15000000000000002,0.0005280169993554795,0.12233231101501175,0.11053969335527854,0.13435078505226006,0.006103491729068272
beta_control,500,0.3,0.3,0.0588235294117647,False,beta_known_mean,-0.0001448285645434,500,0,0.136,0.1087154434072372,0.1688350764487728,0.0,0.136,1.574510161237218e-05,2.445214176665528e-05,1.969668477790587e-05,2.222441196648775e-06,1.700355921870289e-06,6.10992208872778e-06,0.0001364959121274,0.0001366220112762,0.15000000000000002,0.0005280169993554795,0.037303126228792824,0.029819308150289353,0.04630938359276808,0.0042090334200633375
beta_control,500,0.3,0.3,0.1111111111111111,False,beta_estimated_mean,-0.0008863961521738,500,0,0.44,0.397111794441699,0.4838031264136874,0.0,0.44,0.0003519983665759,0.0004288412296627,0.0003900143069564,1.9696902768043628e-05,0.0002417691515075,0.000217036739803,0.0048542579853527,0.0048530890381451,0.10000000000000002,0.006196772497093578,0.06293829685361618,0.05680350000601038,0.06920396542939666,0.003178574455861
beta_control,500,0.3,0.3,0.1111111111111111,False,risk_only,-0.0008863961521738,500,0,0.442,0.3990759531428234,0.4858084703507167,0.0,0.442,0.0003537393892909,0.0004306187588123,0.0003917870992608,1.970633328046068e-05,0.0002026941350989,0.0002194890288139,0.0049072014798124,0.0049079238874334,0.10000000000000002,0.006196772497093578,0.06322438002114113,0.05708445637738219,0.06949081300213453,0.003180096298468821
beta_control,500,0.3,0.3,0.1111111111111111,False,outcome_based,-0.0008863961521738,500,0,0.414,0.3716426089098014,0.4576687776495856,0.02,0.434,0.0003467790694217,0.0004235048712234,0.0003846959300434,1.9666662715255544e-05,-0.0004181038478261,0.0003134538500836,0.0070145003797537,0.0070090411659605,0.10000000000000002,0.006196772497093578,0.062080047351073614,0.05596123943300275,0.06834281417012374,0.0031736944876513767
beta_control,500,0.3,0.3,0.1111111111111111,False,beta_known_mean,-0.0008863961521738,500,0,0.136,0.1087154434072372,0.1688350764487728,0.0,0.136,9.6364950718048e-05,0.0001496547621161,0.0001205498766956,1.3602035837008e-05,8.886073106821518e-06,3.722331641222478e-05,0.0008315533833572,0.0008323386584571,0.10000000000000002,0.006196772497093578,0.01945365539111538,0.01555082920395178,0.024150436729166898,0.002195019398144381
beta_control,500,0.3,0.3,0.2,True,beta_estimated_mean,-0.0021931319985468,500,0,0.3,0.2614819321406983,0.3415678040439227,0.0,0.3,0.0005734643924196,0.0007491032807221,0.000657939599564,4.499084458725314e-05,0.0001512592058208,0.0001734766289382,0.0038781252687936,0.0038790553481354,0.0,0.0469155015575012,0.014023927651239266,0.012223345661491927,0.015967073906349993,0.000958976097316382
beta_control,500,0.3,0.3,0.2,True,risk_only,-0.0021931319985468,500,0,0.314,0.2748678558360977,0.3559683988155998,0.0,0.314,0.0006028214900061,0.0007806856859139,0.0006886434475437,4.5566049805699126e-05,0.0001421875179081,0.0001788235152465,0.0039971445111744,0.0039986153606677,0.0,0.0469155015575012,0.014678377608298094,0.012849089746323225,0.016640250237057907,0.000971236548539332
beta_control,500,0.3,0.3,0.2,True,outcome_based,-0.0021931319985468,500,0,0.42,0.3775093512774022,0.4637105431964461,0.012,0.432,0.0008537035044961,0.0010434366234129,0.0009474330233722,4.863294170168872e-05,-0.0006488680014531,0.0005942038610249,0.0132893591148448,0.0132868022574454,0.0,0.0469155015575012,0.0201944558177854,0.018196618945867445,0.022240764539925666,0.0010366070933310297
beta_control,500,0.3,0.3,0.2,True,beta_known_mean,-0.0021931319985468,500,0,0.136,0.1087154434072372,0.1688350764487728,0.0,0.136,0.0002384273176726,0.0003702776086369,0.0002982659518023,3.365432032434247e-05,1.3288014153726048e-05,9.266431543804776e-05,0.0020700066603191,0.0020720370840795,0.0,0.0469155015575012,0.006357513868560806,0.005082058376384946,0.007892436323697306,0.0007173390288302601
beta_control,500,0.3,0.3,0.3333333333333333,False,beta_estimated_mean,-0.0013204894972435,500,0,0.204,0.1709982729111479,0.241515336642091,0.0,0.204,0.0002258014234259,0.0003189184654591,0.0002693798574376,2.3820797438914048e-05,3.718382449607393e-05,6.682485653403082e-05,0.0014932172650857,0.0014942492179676,0.0,0.0080558984632644,0.03343883474524855,0.028029328380387887,0.03958819328637222,0.002956938639127462
beta_control,500,0.3,0.3,0.3333333333333333,False,risk_only,-0.0013204894972435,500,0,0.252,0.2159338483813718,0.2918478244875581,0.0,0.252,0.0002851383788869,0.0003853819870291,0.0003327633533053,2.566467374749963e-05,6.694332720954196e-05,8.154002552895208e-05,0.0018226959469219,0.001823290399698,0.0,0.0080558984632644,0.04130679586178127,0.03539498172514908,0.04783848614607986,0.003185823886005116
beta_control,500,0.3,0.3,0.3333333333333333,False,outcome_based,-0.0013204894972435,500,0,0.434,0.3912235726331776,0.4777828403077473,0.04,0.474,0.0005686002871669,0.000683747285018,0.0006259120216934,2.9516626609104515e-05,-0.0003115105027564,0.0005444501850564,0.012166084612287,0.0121742762414858,0.0,0.0080558984632644,0.07769611602574356,0.0705818587162893,0.08487536035067315,0.003663976990735783
beta_control,500,0.3,0.3,0.3333333333333333,False,beta_known_mean,-0.0013204894972435,500,0,0.136,0.1087154434072372,0.1688350764487728,0.0,0.136,0.0001435576012074,0.0002229449452169,0.0001795865716251,2.0263338711308247e-05,1.432197647844137e-05,5.540339111145941e-05,0.0012377008752474,0.0012388574870923,0.0,0.0080558984632644,0.022292556496836504,0.017820185031134042,0.027674746179280736,0.002515341870768461
beta_control,500,0.3,0.3,0.5,False,beta_estimated_mean,-0.000118134186694,500,0,0.162,0.1323017883898392,0.19685226576217,0.0,0.162,1.562936416960687e-05,2.3254982314702234e-05,1.91377382444421e-05,1.9485198727512214e-06,1.0378707215101014e-07,5.488538962635577e-06,0.0001226047172175,0.000122727462176,0.0,0.0003132871106972,0.06108689949564894,0.04988830895348596,0.07422897885249664,0.006219597954141547
beta_control,500,0.3,0.3,0.5,False,risk_only,-0.000118134186694,500,0,0.334,0.2940638124558771,0.3764674685773583,0.038,0.372,3.907415201301923e-05,4.904826087381464e-05,4.394591745020038e-05,2.5560927863822463e-06,-8.587340732503802e-06,1.757145131539344e-05,0.0003926104140036,0.0003929095960454,0.0,0.0003132871106972,0.14027362106408275,0.1247231395063214,0.1565600983859851,0.008158946535316531
beta_control,500,0.3,0.3,0.5,False,outcome_based,-0.000118134186694,500,0,0.322,0.2825360924255015,0.3641781727788112,0.21,0.532,5.767146883957744e-05,6.796566130632291e-05,6.284738732125431e-05,2.6387853577360557e-06,-0.0004858658133059,0.0001636947156136,0.0036888005623155,0.0036603251166965,0.0,0.0003132871106972,0.200606361306699,0.18408503532505172,0.21694368834731112,0.00842289793494412
beta_control,500,0.3,0.3,0.5,False,beta_known_mean,-0.000118134186694,500,0,0.136,0.1087154434072372,0.1688350764487728,0.0,0.136,1.2843010488001015e-05,1.994519444170979e-05,1.6066249390395838e-05,1.8128073289217372e-06,2.3636516831164813e-07,5.144287602270612e-06,0.0001149149234912,0.0001150297677448,0.0,0.0003132871106972,0.05128282920622381,0.04099437879656056,0.06366426757016291,0.005786408910623399
beta_control,500,0.6,0.6,0.0588235294117647,False,beta_estimated_mean,-0.0001448285645434,500,0,0.494,0.4503901309190321,0.5377013611665066,0.0,0.494,6.522935614552892e-05,7.787451629079116e-05,7.154531088445221e-05,3.241475073576236e-06,0.0001446875818204,0.0001673443881608,0.0037409895050036,0.0037419342758075,0.15000000000000002,0.0005280169993554795,0.13549812027223276,0.12353646989614103,0.14748486580138173,0.006138959687913308
beta_control,500,0.6,0.6,0.0588235294117647,False,risk_only,-0.0001448285645434,500,0,0.484,0.4404854432314528,0.527758535663317,0.0,0.484,6.379487444548586e-05,7.643451114565844e-05,7.009702523901795e-05,3.240048305131052e-06,0.0001368386640183,0.0001677658992965,0.0037501037194174,0.0037513595513339,0.15000000000000002,0.0005280169993554795,0.13275524334364505,0.12081973596182823,0.14475767113361449,0.006136257561945914
beta_control,500,0.6,0.6,0.0588235294117647,False,outcome_based,-0.0001448285645434,500,0,0.416,0.3735974667931464,0.4596834224043944,0.022,0.438,5.7228767455783374e-05,6.977797864755238e-05,6.343491127002038e-05,3.216689685335844e-06,1.907856454340881e-05,9.764799863938002e-05,0.0021813744930948,0.0021834756282446,0.15000000000000002,0.0005280169993554795,0.1201380094721416,0.1083843276364952,0.13215100788937933,0.006092019176015688
beta_control,500,0.6,0.6,0.0588235294117647,False,beta_known_mean,-0.0001448285645434,500,0,0.11,0.0854914151566031,0.1404555704034076,0.0,0.11,1.238159893791688e-05,2.0341978643653576e-05,1.5931142099776807e-05,2.02859475989889e-06,-4.293959662289848e-07,5.066366581335838e-06,0.0001131748712338,0.000113287400748,0.15000000000000002,0.0005280169993554795,0.030171646214464783,0.023449243022536013,0.03852523435511334,0.003841911836882299
beta_control,500,0.6,0.6,0.1111111111111111,False,beta_estimated_mean,-0.0008863961521738,500,0,0.422,0.3794663749809711,0.4657230221310311,0.0,0.422,0.0003363575346624,0.0004128150947957,0.0003740591762173,1.959736737319248e-05,0.0001345408739513,0.0001650292115639,0.0036889276139284,0.0036901653533019,0.10000000000000002,0.006196772497093578,0.06036354834597236,0.05427947126026638,0.06661775867829896,0.003162511998364322
beta_control,500,0.6,0.6,0.1111111111111111,False,risk_only,-0.0008863961521738,500,0,0.428,0.3853417553894058,0.4717561496370578,0.0,0.428,0.000341565449249,0.0004181628358026,0.0003793775531304,1.963348921590329e-05,0.0001018036355213,0.000167735507419,0.0037483101531646,0.0037506799682938,0.10000000000000002,0.006196772497093578,0.06122179784853105,0.055119894979072034,0.06748074679177388,0.0031683411364725467
beta_control,500,0.6,0.6,0.1111111111111111,False,outcome_based,-0.0008863961521738,500,0,0.416,0.3735974667931464,0.4596834224043944,0.012,0.428,0.000341565449249,0.0004181628358026,0.0003793775531304,1.963348921590329e-05,-0.0001461038478261,0.000285885639194,0.0063878725006333,0.0063925972302887,0.10000000000000002,0.006196772497093578,0.06122179784853105,0.055119894979072034,0.06748074679177388,0.0031683411364725467
beta_control,500,0.6,0.6,0.1111111111111111,False,beta_known_mean,-0.0008863961521738,500,0,0.11,0.0854914151566031,0.1404555704034076,0.0,0.11,7.577926143870935e-05,0.0001244992771569,9.750357673912246e-05,1.2415634962364325e-05,-9.128754723504996e-07,3.0442909614345784e-05,0.0006800437011615,0.0006807241533055,0.10000000000000002,0.006196772497093578,0.015734574213407668,0.012228827421734699,0.020090987238161946,0.002003564753779089
beta_control,500,0.6,0.6,0.2,True,beta_estimated_mean,-0.0021931319985468,500,0,0.26,0.2234857231853828,0.3001739602361623,0.0,0.26,0.0004901336907362,0.0006583211173244,0.0005702143196221,4.306426432560373e-05,6.966837400730333e-05,0.0001352177150317,0.0030213382930563,0.0030235600257329,0.0,0.0469155015575012,0.012154070631073322,0.010447158710122193,0.01403205967045966,0.0009179111998370673
beta_control,500,0.6,0.6,0.2,True,risk_only,-0.0021931319985468,500,0,0.254,0.2178202549151866,0.2939309205918972,0.0,0.254,0.0004777085709861,0.0006446293073124,0.0005570555276308,4.273667898846463e-05,5.832685751376987e-05,0.0001400896140489,0.0031299084498638,0.0031324989995507,0.0,0.0469155015575012,0.01187359207804811,0.010182318319683836,0.013740219882810394,0.00091092874571713
beta_control,500,0.6,0.6,0.2,True,outcome_based,-0.0021931319985468,500,0,0.4,0.3579789907947376,0.4435458772975729,0.022,0.422,0.0008322198493433,0.0010213920622955,0.0009255017033867,4.848804156924746e-05,-0.0005528680014531,0.0005220671184362,0.0116751936612217,0.0116737756564083,0.0,0.0469155015575012,0.01972699156274338,0.017738696629371074,0.021770886559608616,0.0010335185591018121
beta_control,500,0.6,0.6,0.2,True,beta_known_mean,-0.0021931319985468,500,0,0.11,0.0854914151566031,0.1404555704034076,0.0,0.11,0.0001874939581809,0.0003080376058258,0.0002412445198401,3.071891304069859e-05,-8.239658299340493e-06,7.560973221544401e-05,0.0016890135769758,0.0016906850099428,0.0,0.0469155015575012,0.005142106805453687,0.003996418069859088,0.0065657958585023084,0.0006547710675766402
beta_control,500,0.6,0.6,0.3333333333333333,False,beta_estimated_mean,-0.0013204894972435,500,0,0.136,0.1087154434072372,0.1688350764487728,0.0,0.136,0.0001435576012074,0.0002229449452169,0.0001795865716251,2.0263338711308247e-05,7.68769660156729e-06,5.403850301753909e-05,0.0012071531986698,0.0012083376614954,0.0,0.0080558984632644,0.022292556496836504,0.017820185031134042,0.027674746179280736,0.002515341870768461
beta_control,500,0.6,0.6,0.3333333333333333,False,risk_only,-0.0013204894972435,500,0,0.2,0.1672854989717574,0.2372891053051739,0.0,0.2,0.0002208987444333,0.0003133377713657,0.0002640978994487,2.364529136113228e-05,3.50997489780431e-05,7.118851303259058e-05,0.0015906182388889,0.00159182354358,0.0,0.0080558984632644,0.03278317131888013,0.02742074585977189,0.038895446956605476,0.0029351526051323604
beta_control,500,0.6,0.6,0.3333333333333333,False,outcome_based,-0.0013204894972435,500,0,0.408,0.3657823909308153,0.4516204877141103,0.044,0.452,0.0005399578449229,0.0006547311752894,0.000596861252754,2.9420102071205444e-05,-8.151050275649408e-05,0.000472778840118,0.0105613938456086,0.0105716562482736,0.0,0.0080558984632644,0.0740899671806614,0.06702639654473735,0.08127351384516965,0.0036519951443484146
beta_control,500,0.6,0.6,0.3333333333333333,False,beta_known_mean,-0.0013204894972435,500,0,0.11,0.0854914151566031,0.1404555704034076,0.0,0.11,0.0001128905158187,0.000185470105547,0.0001452538446967,1.8495923667091948e-05,-9.30265805168598e-07,4.537199245811138e-05,0.0010135339646525,0.0010145485941094,0.0,0.0080558984632644,0.018030744225373523,0.01401339854685242,0.023022895136124155,0.002295947963027957
beta_control,500,0.6,0.6,0.5,False,beta_estimated_mean,-0.000118134186694,500,0,0.114,0.0890369009940028,0.1448490898423155,0.0,0.114,1.0518301884688478e-05,1.7111629421900687e-05,1.3467297283125924e-05,1.6807170643793523e-06,-2.884348462555317e-06,4.670658370842669e-06,0.0001043744663459,0.0001044390961688,0.0,0.0003132871106972,0.042987077422864076,0.03357400137299196,0.05461964069897378,0.005364782038555708
beta_control,500,0.6,0.6,0.5,False,risk_only,-0.000118134186694,500,0,0.316,0.2767836281199081,0.3580221291699432,0.04,0.356,3.724470373401237e-05,4.712623742691485e-05,4.2055770463094985e-05,2.5321723112063454e-06,-1.716521088041106e-05,1.5774971338280952e-05,0.0003528039896396,0.000352739082555,0.0,0.0003132871106972,0.13424034703982113,0.11888361334472625,0.15042507596957463,0.008082593329713315
beta_control,500,0.6,0.6,0.5,False,outcome_based,-0.000118134186694,500,0,0.318,0.2787002611764217,0.3600749987515833,0.23,0.548,5.956035096306462e-05,6.982825090874237e-05,6.473753430835971e-05,2.63199354322314e-06,-0.0005498658133059,0.0001509474154945,0.0034164496795127,0.0033752868207375,0.0,0.0003132871106972,0.20663963533096066,0.1901142719549392,0.2228890002954292,0.008401218733084201
beta_control,500,0.6,0.6,0.5,False,beta_known_mean,-0.000118134186694,500,0,0.11,0.0854914151566031,0.1404555704034076,0.0,0.11,1.0099458798851854e-05,1.659260457626065e-05,1.2994760536349575e-05,1.6546901010034269e-06,-2.051280453320147e-06,4.370056497465215e-06,9.764121697944012e-05,9.77174339384686e-05,0.0,0.0003132871106972,0.04147875891679867,0.03223707089760625,0.052962934029858084,0.005281705006379044
beta_control,500,0.9,0.9,0.0588235294117647,False,beta_estimated_mean,-0.0001448285645434,500,0,0.464,0.4207281870075268,0.5078207655057051,0.0,0.464,6.0933459387258005e-05,7.354695251353477e-05,6.720045394814944e-05,3.2332950586285354e-06,3.295353548488178e-05,8.455169134190803e-05,0.0018890291690127,0.0018906332945308,0.15000000000000002,0.0005280169993554795,0.12726948948646963,0.11540056373494799,0.13928898615633467,0.0061234677341359
beta_control,500,0.9,0.9,0.0588235294117647,False,risk_only,-0.0001448285645434,500,0,0.462,0.418756295158793,0.505823154716285,0.0,0.462,6.064787312137101e-05,7.32576414103866e-05,6.691079681906259e-05,3.2323328728956626e-06,2.982055492313829e-05,8.502478051353685e-05,0.0018995438144149,0.0019012118900026,0.15000000000000002,0.0005280169993554795,0.1267209141007521,0.11485969806919179,0.13874106610167486,0.006121645471341241
beta_control,500,0.9,0.9,0.0588235294117647,False,outcome_based,-0.0001448285645434,500,0,0.326,0.2863753160352474,0.3682779544453728,0.054,0.38,4.902770323342214e-05,6.130701916789413e-05,5.50348545265017e-05,3.146962707901446e-06,-2.8171435456591452e-05,7.198528156173955e-05,0.0016082761360461,0.0016096398295151,0.15000000000000002,0.0005280169993554795,0.10422932328633289,0.09285250909206992,0.11610804054174041,0.005959964758223249
beta_control,500,0.9,0.9,0.0588235294117647,False,beta_known_mean,-0.0001448285645434,500,0,0.008,0.0031153151800622,0.0203870358341051,0.0,0.008,4.511866256287574e-07,2.9526251351488293e-06,1.158628516347404e-06,5.775702072772007e-07,-2.601455912850104e-06,2.980258864168461e-06,6.662474824490064e-05,6.664061410826992e-05,0.15000000000000002,0.0005280169993554795,0.0021943015428701656,0.0008544926132671778,0.005591913023165792,0.001093847751080378
beta_control,500,0.9,0.9,0.1111111111111111,False,beta_estimated_mean,-0.0008863961521738,500,0,0.332,0.2921404418575132,0.3744213365375685,0.0,0.332,0.0002589521635568,0.0003318856319986,0.0002942835225217,1.8686796769758983e-05,2.532025551772912e-05,8.385521735392016e-05,0.0018733547866324,0.0018750596627138,0.10000000000000002,0.006196772497093578,0.04748980580773708,0.04178823148312355,0.053557820971201,0.0030155692787694724
beta_control,500,0.9,0.9,0.1111111111111111,False,risk_only,-0.0008863961521738,500,0,0.332,0.2921404418575132,0.3744213365375685,0.0,0.332,0.0002589521635568,0.0003318856319986,0.0002942835225217,1.8686796769758983e-05,9.504392462848926e-06,8.544039472057104e-05,0.0019086175094632,0.0019105053061961,0.10000000000000002,0.006196772497093578,0.04748980580773708,0.04178823148312355,0.053557820971201,0.0030155692787694724
beta_control,500,0.9,0.9,0.1111111111111111,False,outcome_based,-0.0008863961521738,500,0,0.386,0.3443514767140062,0.4293868729112278,0.032,0.418,0.0003328887767481,0.000409246748981,0.0003705135916086,1.9571640169500475e-05,-0.0001376038478261,0.0002109771806179,0.0047148816336081,0.0047175931756289,0.10000000000000002,0.006196772497093578,0.059791382010938594,0.05371970278144504,0.06604191926893326,0.0031583602881467736
beta_control,500,0.9,0.9,0.1111111111111111,False,beta_known_mean,-0.0008863961521738,500,0,0.008,0.0031153151800622,0.0203870358341051,0.0,0.008,2.761403388415925e-06,1.8070990117581027e-05,7.091169217390725e-06,3.534910471250667e-06,-9.246611638803528e-06,1.6627790583210058e-05,0.00037155178138,0.0003718087005968,0.10000000000000002,0.006196772497093578,0.0011443326700660123,0.0004456196172622254,0.0029161938938466305,0.0005704438032715607
beta_control,500,0.9,0.9,0.2,True,beta_estimated_mean,-0.0021931319985468,500,0,0.072,0.0524580314181262,0.0980684040169625,0.0,0.072,0.0001150473872838,0.000215076954896,0.0001579055038953,2.5377844675208743e-05,-8.009450059502154e-06,7.055459938088832e-05,0.0015760907165183,0.0015776488034093,0.0,0.0469155015575012,0.0033657426362961452,0.0024522254577795375,0.004584347342687886,0.0005409266411466327
beta_control,500,0.9,0.9,0.2,True,risk_only,-0.0021931319985468,500,0,0.102,0.0784343521031695,0.131634622904226,0.0,0.102,0.0001720168873827,0.0002886921036079,0.0002236994638517,2.9713427600440107e-05,-9.67037288531128e-06,7.374461374882024e-05,0.0016473582720635,0.0016489796931682,0.0,0.0469155015575012,0.004768135401420071,0.0036665255975547946,0.0061534480933571455,0.0006333392293381397
beta_control,500,0.9,0.9,0.2,True,outcome_based,-0.0021931319985468,500,0,0.35,0.3094801731446609,0.3928071289938047,0.016,0.366,0.0007126529901183,0.000897200910407,0.0008026863114681,4.72933055857001e-05,-0.0003698680014531,0.0003501861257178,0.0078313047021872,0.0078303998188244,0.0,0.0469155015575012,0.01710919173451233,0.015190139004372548,0.019123762522443903,0.0010080528613284853
beta_control,500,0.9,0.9,0.2,True,beta_known_mean,-0.0021931319985468,500,0,0.008,0.0031153151800622,0.0203870358341051,0.0,0.008,6.832297406953197e-06,4.471146064329704e-05,1.7545055988374692e-05,8.74611791520693e-06,-2.444394135064075e-05,4.063541054976324e-05,0.0009080553754877,0.0009086354028288,0.0,0.0469155015575012,0.00037397140403307605,0.00014562984898667885,0.0009530210518691179,0.00018642277338732906
beta_control,500,0.9,0.9,0.3333333333333333,False,beta_estimated_mean,-0.0013204894972435,500,0,0.02,0.0108991835962108,0.0364201832468793,0.0,0.02,1.4392257467325096e-05,4.8092469465188105e-05,2.640978994487014e-05,8.275851976396297e-06,-1.927973660686445e-05,2.983943029174677e-05,0.0006668411480341,0.0006672299454221,0.0,0.0080558984632644,0.0032783171318880307,0.0017865490153525453,0.0059698455342373,0.001027303411796326
beta_control,500,0.9,0.9,0.3333333333333333,False,risk_only,-0.0013204894972435,500,0,0.088,0.0662059844749289,0.1160764720653901,0.0,0.088,8.742430715381033e-05,0.0001532777622394,0.0001162030757574,1.6746476090870668e-05,-3.4862964831640987e-06,4.397193923630551e-05,0.0009822649046584,0.0009832424523486,0.0,0.0080558984632644,0.014424595380303782,0.010852210656883625,0.01902677434905119,0.002078784404649098
beta_control,500,0.9,0.9,0.3333333333333333,False,outcome_based,-0.0013204894972435,500,0,0.38,0.3385223307845575,0.423307510926215,0.052,0.432,0.0005140167177324,0.0006282554370502,0.0005704514628091,2.9281998885469388e-05,-0.0005315105027564,0.0003424832573471,0.007668937306729,0.0076581584458382,0.0,0.0080558984632644,0.07081165004876966,0.0638062557610875,0.07798701037694301,0.0036348520303474356
beta_control,500,0.9,0.9,0.3333333333333333,False,beta_known_mean,-0.0013204894972435,500,0,0.008,0.0031153151800622,0.0203870358341051,0.0,0.008,4.113740975875453e-06,2.6920866698862892e-05,1.0563915977948056e-05,5.266056423569795e-06,-1.4375064668791786e-05,2.49870951331602e-05,0.0005583545013321,0.00055872843278,0.0,0.0080558984632644,0.0013113268527552122,0.0005106495563014443,0.0033417584421681075,0.0006536895229729461
beta_control,500,0.9,0.9,0.5,False,beta_estimated_mean,-0.000118134186694,500,0,0.006,0.0020425962719602,0.0174902521040533,0.0,0.006,2.413004493323968e-07,2.0661967073868906e-06,7.088051201645223e-07,4.084079056881676e-07,-5.998553620100765e-06,3.062948317978917e-06,6.86835292660442e-05,6.848960650569499e-05,0.0,0.0003132871106972,0.002262477759098109,0.0007702214393544581,0.00659521773107328,0.001303621795289575
beta_control,500,0.9,0.9,0.5,False,risk_only,-0.000118134186694,500,0,0.238,0.2027590191807921,0.2772361352210613,0.084,0.322,3.337717149041202e-05,4.302189225296358e-05,3.803920811549603e-05,2.470973601516865e-06,-1.3574792663626086e-05,1.0670030056264528e-05,0.0002387366669685,0.0002385891252777,0.0,0.0003132871106972,0.12141963973826518,0.10653860420919746,0.1373241693768415,0.00788724948185029
beta_control,500,0.9,0.9,0.5,False,outcome_based,-0.000118134186694,500,0,0.242,0.2065178085511286,0.2814163511270323,0.356,0.598,6.54976533274346e-05,7.561429768783066e-05,7.064424364306404e-05,2.5929189482758743e-06,-0.0003938658133059,0.0001139019724088,0.0025746817820637,0.002546925530776,0.0,0.0003132871106972,0.22549361665677817,0.2090659050149681,0.2413578315416679,0.008276494179749377
beta_control,500,0.9,0.9,0.5,False,beta_known_mean,-0.000118134186694,500,0,0.008,0.0031153151800622,0.0203870358341051,0.0,0.008,3.6802522509239603e-07,2.4084058973652226e-06,9.450734935526964e-07,4.7111415424523517e-07,-4.605030271600177e-06,2.834122617721385e-06,6.347676392925236e-05,6.337290829794668e-05,0.0,0.0003132871106972,0.0030166370121308124,0.0011747218845785897,0.007687535858099852,0.00150377764727314
beta_control,500,0.0,0.9,0.0588235294117647,False,beta_estimated_mean,-0.0001448285645434,500,0,0.506,0.4622986388334935,0.5496098690809679,0.0,0.506,6.695404825263437e-05,7.95992083978966e-05,7.328325365897331e-05,3.241475073576236e-06,0.0003304892333951,0.0002394891103049,0.0053599799511531,0.0053551393051281,0.15000000000000002,0.0005280169993554795,0.13878957258653798,0.12680282705738904,0.15075122296262972,0.006138959687913308
beta_control,500,0.0,0.9,0.0588235294117647,False,risk_only,-0.0001448285645434,500,0,0.508,0.464285816641858,0.5515921939107572,0.0,0.508,6.724184836211236e-05,7.988630565745379e-05,7.357291078806016e-05,3.2412935197447144e-06,0.0003337591306455,0.0002403166981061,0.0053786337239313,0.0053736447309355,0.15000000000000002,0.0005280169993554795,0.13933814797225552,0.1273478854737455,0.1512949502666893,0.006138615847029884
beta_control,500,0.0,0.9,0.0588235294117647,False,outcome_based,-0.0001448285645434,500,0,0.372,0.3307607484885237,0.4151910826696337,0.038,0.41,5.325854223459073e-05,6.569964070225286e-05,5.9379711462804464e-05,3.1887603966501124e-06,-6.092143545658868e-05,7.528433992987673e-05,0.0016828278607148,0.001683409017244,0.15000000000000002,0.0005280169993554795,0.11245795407209601,0.1008652037710915,0.12442713166895894,0.006039124498912822
beta_control,500,0.0,0.9,0.0588235294117647,False,beta_known_mean,-0.0001448285645434,500,0,0.106,0.0819570502729703,0.1360509300107328,0.0,0.106,1.1869721945247656e-05,1.970406089825249e-05,1.5351827841603105e-05,1.995839646481359e-06,-5.515563478224461e-07,5.459894889649804e-06,0.0001219660603004,0.0001220869612326,0.15000000000000002,0.0005280169993554795,0.0290744954430297,0.022479810232883323,0.03731709570393401,0.003779877634465496
beta_control,500,0.0,0.9,0.1111111111111111,False,beta_estimated_mean,-0.0008863961521738,500,0,0.444,0.4010408191814197,0.4878131069502743,0.0,0.444,0.000355481038987,0.0004323956609806,0.0003935598915651,1.9715439830358248e-05,0.000303248868521,0.0002288309544419,0.0051206834627778,0.0051168156948846,0.10000000000000002,0.006196772497093578,0.06351046318864993,0.05736551392740792,0.06977755939618617,0.003181565861842632
beta_control,500,0.0,0.9,0.1111111111111111,False,risk_only,-0.0008863961521738,500,0,0.458,0.4148146097748511,0.5018258348239194,0.0,0.458,0.0003676900739699,0.0004448164890493,0.0004059694376956,1.9770150326926023e-05,0.0002818639998958,0.0002335295585688,0.0052242644096943,0.0052218796771552,0.10000000000000002,0.006196772497093578,0.06551304536127614,0.05933573874825237,0.0717819621840125,0.0031903947314829866
beta_control,500,0.0,0.9,0.1111111111111111,False,outcome_based,-0.0008863961521738,500,0,0.402,0.359928740326145,0.4455656304043193,0.014,0.416,0.0003311553570273,0.0004074616168373,0.0003687407993043,1.955828085140045e-05,-0.0003621038478261,0.0002357517832522,0.0052787301452725,0.005271570131688,0.10000000000000002,0.006196772497093578,0.05950529884342979,0.05343997333815613,0.06575384476812864,0.003156204437160427
beta_control,500,0.0,0.9,0.1111111111111111,False,beta_known_mean,-0.0008863961521738,500,0,0.106,0.0819570502729703,0.1360509300107328,0.0,0.106,7.264641400547893e-05,0.0001205950208611,9.39579921304271e-05,1.2215163414580593e-05,-2.145158064916136e-06,3.2656680209842066e-05,0.0007294981316663,0.0007302255686867,0.10000000000000002,0.006196772497093578,0.015162407878374662,0.01172326627120032,0.01946094050050437,0.001971213792391083
beta_control,500,0.0,0.9,0.2,True,beta_estimated_mean,-0.0021931319985468,500,0,0.302,0.2633915508798565,0.3436276879429182,0.0,0.302,0.0005776524383814,0.0007536208780142,0.0006623258635611,4.507603230070435e-05,0.0001708293672252,0.0001669212196198,0.0037326487591024,0.0037324719395705,0.0,0.0469155015575012,0.014117420502247669,0.012312613511621738,0.01606336611557988,0.0009607918663185911
beta_control,500,0.0,0.9,0.2,True,risk_only,-0.0021931319985468,500,0,0.31,0.2710389112735686,0.3518583381018213,0.0,0.31,0.0005944241091653,0.0007716717802466,0.0006798709195495,4.540669486397074e-05,0.0001720655373498,0.0001727913417742,0.0038636994703808,0.0038637318613058,0.0,0.0469155015575012,0.014491391906281285,0.012670100274570315,0.016448119590085023,0.0009678399112565977
beta_control,500,0.0,0.9,0.2,True,outcome_based,-0.0021931319985468,500,0,0.376,0.3346400158192325,0.4192508206152326,0.034,0.41,0.0008064915477058,0.0009948865044087,0.0008991841194042,4.8287245569539327e-05,-0.0003538680014531,0.0004448667157583,0.0099438681388307,0.0099475221736264,0.0,0.0469155015575012,0.019166034456695086,0.017190300027323316,0.021205922805478995,0.0010292386091270253
beta_control,500,0.0,0.9,0.2,True,beta_known_mean,-0.0021931319985468,500,0,0.106,0.0819570502729703,0.1360509300107328,0.0,0.106,0.0001797426294601,0.0002983776480385,0.0002324719918459,3.0222903931042064e-05,-1.2145612395871724e-05,8.09779373025161e-05,0.0018089508712112,0.0018107217248614,0.0,0.0469155015575012,0.0049551211034368796,0.003831199145122672,0.00635989466451293,0.0006441986748026101
beta_control,500,0.0,0.9,0.3333333333333333,False,beta_estimated_mean,-0.0013204894972435,500,0,0.154,0.1250106802783401,0.188265363321054,0.0,0.154,0.0001650752903508,0.0002486024349601,0.0002033553825755,2.133684589010255e-05,3.091587479343232e-05,5.968830659137228e-05,0.0013336941438138,0.0013346711100015,0.0,0.0080558984632644,0.025243041915537823,0.020491232741271223,0.030859678295816265,0.0026485991584179504
beta_control,500,0.0,0.9,0.3333333333333333,False,risk_only,-0.0013204894972435,500,0,0.2,0.1672854989717574,0.2372891053051739,0.0,0.2,0.0002208987444333,0.0003133377713657,0.0002640978994487,2.364529136113228e-05,1.2955614146780717e-05,7.00095943539281e-05,0.0015639495373691,0.0015654621205256,0.0,0.0080558984632644,0.03278317131888013,0.02742074585977189,0.038895446956605476,0.0029351526051323604
beta_control,500,0.0,0.9,0.3333333333333333,False,outcome_based,-0.0013204894972435,500,0,0.392,0.3501873777896792,0.4354594797500162,0.044,0.436,0.0005191974593913,0.0006335580684773,0.0005757334207981,2.9313486453855247e-05,-0.0006755105027564,0.0004248399061903,0.0095142155976903,0.0094997090979614,0.0,0.0080558984632644,0.07146731347515049,0.06444935493649599,0.07864524005191725,0.0036387606655579516
beta_control,500,0.0,0.9,0.3333333333333333,False,beta_known_mean,-0.0013204894972435,500,0,0.106,0.0819570502729703,0.1360509300107328,0.0,0.106,0.0001082234241105,0.0001796538241693,0.0001399718867078,1.81972755144625e-05,-2.6203674716594463e-06,4.8702172426756496e-05,0.0010879272789434,0.0010890136819814,0.0,0.0080558984632644,0.017375080799005106,0.013434060099442447,0.022300904733163797,0.002258875977328124
beta_control,500,0.0,0.9,0.5,False,beta_estimated_mean,-0.000118134186694,500,0,0.126,0.099735288945377,0.157967717719864,0.0,0.126,1.178214724426189e-05,1.866138785675726e-05,1.4884907523454968e-05,1.7549563208275333e-06,-1.94235205083409e-06,5.087050294338933e-06,0.0001136526946418,0.000113749902631,0.0,0.0003132871106972,0.047512032941060295,0.037608145506023184,0.05956640799944678,0.005601750793136662
beta_control,500,0.0,0.9,0.5,False,risk_only,-0.000118134186694,500,0,0.314,0.2748678558360977,0.3559683988155998,0.056,0.37,3.884515069787834e-05,4.8808328223217205e-05,4.370964907681221e-05,2.553268337310988e-06,7.427059554598549e-06,1.3605914166223546e-05,0.0003040238320636,0.000304237489717,0.0,0.0003132871106972,0.13951946181105007,0.12399217641425145,0.1557942429058044,0.008149931006190636
beta_control,500,0.0,0.9,0.5,False,outcome_based,-0.000118134186694,500,0,0.29,0.2519474198773656,0.3312548031164863,0.25,0.54,5.861524842835826e-05,6.889761758049541e-05,6.379246081480701e-05,2.635731206993032e-06,-0.0005058658133059,0.0001387795645441,0.00314110238946,0.0031032054020858,0.0,0.0003132871106972,0.20362299831882985,0.18709754224460068,0.21991845571676494,0.008413149207215658
beta_control,500,0.0,0.9,0.5,False,beta_known_mean,-0.000118134186694,500,0,0.106,0.0819570502729703,0.1360509300107328,0.0,0.106,9.681929477843756e-06,1.6072265965792085e-05,1.2522223789573229e-05,1.6279723143854956e-06,-2.177607097848504e-06,4.743715540429354e-06,0.0001059889508382,0.0001060727041432,0.0,0.0003132871106972,0.03997044041073327,0.030904333907313505,0.051302033875649425,0.005196422893883344
beta_control,500,0.9,0.0,0.0588235294117647,False,beta_estimated_mean,-0.0001448285645434,500,0,0.506,0.4622986388334935,0.5496098690809679,0.0,0.506,6.695404825263437e-05,7.95992083978966e-05,7.328325365897331e-05,3.241475073576236e-06,5.882079953851388e-05,0.0001448962818758,0.0032372721857583,0.0032399793596144,0.15000000000000002,0.0005280169993554795,0.13878957258653798,0.12680282705738904,0.15075122296262972,0.006138959687913308
beta_control,500,0.9,0.0,0.0588235294117647,False,risk_only,-0.0001448285645434,500,0,0.508,0.464285816641858,0.5515921939107572,0.0,0.508,6.724184836211236e-05,7.988630565745379e-05,7.357291078806016e-05,3.2412935197447144e-06,4.926739576200212e-05,0.0001446210852749,0.0032309659810998,0.0032338257765448,0.15000000000000002,0.0005280169993554795,0.13933814797225552,0.1273478854737455,0.1512949502666893,0.006138615847029884
beta_control,500,0.9,0.0,0.0588235294117647,False,outcome_based,-0.0001448285645434,500,0,0.384,0.3424076746177923,0.4273611723692879,0.034,0.418,5.4390808862166176e-05,6.686696355081803e-05,6.053833997915187e-05,3.197816850352582e-06,4.382856454340869e-05,0.0001004048568075,0.0022433027979008,0.0022451208509277,0.15000000000000002,0.0005280169993554795,0.11465225561496617,0.1030095791017296,0.12663789921998486,0.006056276321133555
beta_control,500,0.9,0.0,0.0588235294117647,False,beta_known_mean,-0.0001448285645434,500,0,0.078,0.0575813934761615,0.1048535498733885,0.0,0.078,8.33943056156265e-06,1.5185789115445337e-05,1.1296628034387193e-05,1.7386682171266943e-06,1.9609956582655182e-06,4.760611540319809e-06,0.000106362085353,0.0001064505101862,0.15000000000000002,0.0005280169993554795,0.021394440042984124,0.015793867568169435,0.028760038282823794,0.003292826214400272
beta_control,500,0.9,0.0,0.1111111111111111,False,beta_estimated_mean,-0.0008863961521738,500,0,0.416,0.3735974667931464,0.4596834224043944,0.0,0.416,0.0003311553570273,0.0004074616168373,0.0003687407993043,1.9558280851400446e-05,6.540873758573962e-05,0.0001499642400494,0.0033505858706295,0.0033533023494465,0.10000000000000002,0.006196772497093578,0.05950529884342979,0.05343997333815613,0.06575384476812864,0.0031562044371604265
beta_control,500,0.9,0.0,0.1111111111111111,False,risk_only,-0.0008863961521738,500,0,0.422,0.3794663749809711,0.4657230221310311,0.0,0.422,0.0003363575346624,0.0004128150947957,0.0003740591762173,1.959736737319248e-05,3.646535054170583e-05,0.000147491292425,0.0032949076938593,0.0032980055595169,0.10000000000000002,0.006196772497093578,0.06036354834597236,0.05427947126026638,0.06661775867829896,0.003162511998364322
beta_control,500,0.9,0.0,0.1111111111111111,False,outcome_based,-0.0008863961521738,500,0,0.408,0.3657823909308153,0.4516204877141103,0.022,0.43,0.0003433026901546,0.0004199441467615,0.0003811503454347,1.9644873877820598e-05,-0.0002536038478261,0.0003198513870841,0.0071494380836279,0.0071520944421768,0.10000000000000002,0.006196772497093578,0.061507881016039864,0.055400241063491756,0.06776820465144767,0.003170178328643576
beta_control,500,0.9,0.0,0.1111111111111111,False,beta_known_mean,-0.0008863961521738,500,0,0.078,0.0575813934761615,0.1048535498733885,0.0,0.078,5.103992561407752e-05,9.294178314953948e-05,6.913889986955957e-05,1.0641193761925011e-05,1.231583414772508e-05,2.849406773453099e-05,0.0006366283970297,0.0006371467240989,0.10000000000000002,0.006196772497093578,0.01115724353314362,0.008236533717837207,0.014998417836564311,0.0017172154967631883
beta_control,500,0.9,0.0,0.2,True,beta_estimated_mean,-0.0021931319985468,500,0,0.226,0.191509780865554,0.2646683577073766,0.0,0.226,0.0004200062284509,0.0005804526442908,0.0004956478316715,4.106191489600777e-05,5.02664406836034e-05,0.0001329657211822,0.0029706545300338,0.0029732039124084,0.0,0.0469155015575012,0.010564692163932587,0.00895239770454391,0.012372299666867632,0.0008752312888668773
beta_control,500,0.9,0.0,0.2,True,risk_only,-0.0021931319985468,500,0,0.236,0.2008812954715588,0.2751443562921407,0.0,0.236,0.0004405591970082,0.0006034278920038,0.000517579151657,4.168858739195924e-05,4.580174211676345e-05,0.0001338506593619,0.0029903480242908,0.0029929917316642,0.0,0.0469155015575012,0.011032156418974606,0.009390482513934886,0.012862015154292203,0.000888588760814255
beta_control,500,0.9,0.0,0.2,True,outcome_based,-0.0021931319985468,500,0,0.39,0.3482413304011046,0.433436024500437,0.022,0.412,0.0008107756260587,0.0009993080693098,0.0009035703834012,4.832276425375051e-05,-0.0002418680014531,0.0006090965006418,0.0136083347669774,0.013619811802925,0.0,0.0469155015575012,0.01925952730770136,0.017281614799854295,0.02130016809230985,0.0010299956869164986
beta_control,500,0.9,0.0,0.2,True,beta_known_mean,-0.0021931319985468,500,0,0.078,0.0575813934761615,0.1048535498733885,0.0,0.078,0.0001262835965534,0.0002299576753885,0.0001710642958866,2.6328569325104377e-05,2.3444355511078175e-05,7.064422713586349e-05,0.0015782466362357,0.0015796529409372,0.0,0.0469155015575012,0.003646221189321357,0.0026917243205558106,0.004901528657999237,0.0005611912577090368
beta_control,500,0.9,0.0,0.3333333333333333,False,beta_estimated_mean,-0.0013204894972435,500,0,0.124,0.0979460911393034,0.1557874128877838,0.0,0.124,0.0001293367846455,0.000205715642521,0.0001637406976581,1.948262961286337e-05,1.6640200385291612e-05,5.342889099619472e-05,0.0011936270131064,0.0011947063222991,0.0,0.0080558984632644,0.020325566217694012,0.016054917429171558,0.025536027230119804,0.002418430383861696
beta_control,500,0.9,0.0,0.3333333333333333,False,risk_only,-0.0013204894972435,500,0,0.196,0.1635781066142644,0.2330574923863593,0.0,0.196,0.0002160031717631,0.00030774997095,0.0002588159414597,2.3466090354364292e-05,6.575320625459408e-05,6.943581365717919e-05,0.0015524716619094,0.0015526319941046,0.0,0.0080558984632644,0.0321275078924993,0.026813045465765656,0.038201818500241375,0.0029129079098218174
beta_control,500,0.9,0.0,0.3333333333333333,False,outcome_based,-0.0013204894972435,500,0,0.414,0.3716426089098014,0.4576687776495856,0.042,0.456,0.0005451572456081,0.0006600151476902,0.000602143210743,2.944194856710945e-05,-0.0002555105027564,0.0005180745607545,0.0115757293341291,0.0115844993526048,0.0,0.0080558984632644,0.07474563060704223,0.06767181191447046,0.0819294273258193,0.003654707007712089
beta_control,500,0.9,0.0,0.3333333333333333,False,beta_known_mean,-0.0013204894972435,500,0,0.078,0.0575813934761615,0.1048535498733885,0.0,0.078,7.603562532191717e-05,0.0001384580113565,0.0001029981807849,1.5852488265313787e-05,1.9046433988311187e-05,4.24940624741549e-05,0.0009494365139812,0.0009501961233233,0.0,0.0080558984632644,0.012785436814351707,0.009438503435544312,0.017187159444459314,0.0019678113295000573
beta_control,500,0.9,0.0,0.5,False,beta_estimated_mean,-0.000118134186694,500,0,0.098,0.0749239188646062,0.1272060508664818,0.0,0.098,8.851076219004023e-06,1.5027383361678496e-05,1.157715029602053e-05,1.57232250096855e-06,-1.0559972892285135e-06,4.505889938179457e-06,0.0001006594960926,0.000100754762009,0.0,0.0003132871106972,0.03695380339860245,0.02825228334260714,0.04796681015135298,0.005018790902279539
beta_control,500,0.9,0.0,0.5,False,risk_only,-0.000118134186694,500,0,0.332,0.2921404418575132,0.3744213365375685,0.056,0.388,4.0909399782660296e-05,5.096448483008023e-05,4.583606443730577e-05,2.577014705137917e-06,-1.1631360972478583e-05,1.6357927667175647e-05,0.0003655934976757,0.0003657743823482,0.0,0.0003132871106972,0.14630689508834438,0.13058117741141376,0.1626766090588984,0.008225728468059024
beta_control,500,0.9,0.0,0.5,False,outcome_based,-0.000118134186694,500,0,0.314,0.2748678558360977,0.3559683988155998,0.298,0.612,6.716970186400682e-05,7.722478691142674e-05,7.229812225678128e-05,2.577014705137917e-06,-0.0002298658133059,0.000146890931959,0.0032893364516459,0.0032845810913862,0.0,0.0003132871106972,0.23077273142800717,0.21440301745745313,0.24649844910493773,0.008225728468059024
beta_control,500,0.9,0.0,0.5,False,beta_known_mean,-0.000118134186694,500,0,0.078,0.0575813934761615,0.1048535498733885,0.0,0.078,6.802331087018559e-06,1.2386788836280649e-05,9.214466562138787e-06,1.418201971473205e-06,1.7050224159164373e-07,4.112237763767157e-06,9.186059157476066e-05,9.195243179425086e-05,0.0,0.0003132871106972,0.02941221086827541,0.021712770346282093,0.03953813742517099,0.004526844300479165
beta_control,3000,-0.5,-0.5,0.0588235294117647,False,beta_estimated_mean,-0.0001448285645434,500,0,0.482,0.4385065876245351,0.5257678886320809,0.0,0.482,6.350827962849725e-05,7.614620859361189e-05,6.98073681099311e-05,3.239607176847426e-06,4.969810026805355e-06,0.0001343266865254,0.0030006349989208,0.0030036360226315,0.15000000000000002,0.0005280169993554795,0.13220666795792752,0.12027696022290611,0.14421166115212058,0.006135422118609498
beta_control,3000,-0.5,-0.5,0.0588235294117647,False,risk_only,-0.0001448285645434,500,0,0.48,0.4365284265737322,0.5237765470447299,0.0,0.48,6.322178540307376e-05,7.585780545000021e-05,6.951771098084425e-05,3.2391140800248527e-06,5.109779524676616e-06,0.0001345821378871,0.0030063415769244,0.0030093480887288,0.15000000000000002,0.0005280169993554795,0.13165809257220995,0.11973437499217832,0.14366546066243235,0.006134488253178697
beta_control,3000,-0.5,-0.5,0.0588235294117647,False,outcome_based,-0.0001448285645434,500,0,0.388,0.3462960293500537,0.4314118229133341,0.014,0.402,5.212796279935894e-05,6.453063066134405e-05,5.822108294645706e-05,3.178831968672111e-06,-8.588102123262552e-06,4.3369868436491885e-05,0.0009688475391459,0.0009697797399921,0.15000000000000002,0.0005280169993554795,0.11026365252922585,0.09872402377762192,0.12221316878076452,0.0060203212634296465
beta_control,3000,-0.5,-0.5,0.0588235294117647,False,beta_known_mean,-0.0001448285645434,500,0,0.002,0.0003531363945592,0.0112407067051467,0.0,0.002,5.1144237112060484e-08,1.6279754165600634e-06,2.896571290868511e-07,2.896571290868511e-07,3.0433137061541826e-06,2.5061887306113704e-06,5.606667239173677e-05,5.604008366090932e-05,0.15000000000000002,0.0005280169993554795,0.0005485753857175416,9.6860966928128e-05,0.0030831875082568193,0.0005485753857175416
beta_control,3000,-0.5,-0.5,0.1111111111111111,False,beta_estimated_mean,-0.0008863961521738,500,0,0.396,0.3540817035027573,0.4395041593132456,0.0,0.396,0.00031385665954,0.0003895747956796,0.0003510128762608,1.940634069779526e-05,2.01472877908459e-05,0.0001310226645612,0.0029268939661261,0.0029297558455217,0.10000000000000002,0.006196772497093578,0.05664446716826102,0.050648407648853595,0.06286737101649595,0.0031316851969145645
beta_control,3000,-0.5,-0.5,0.1111111111111111,False,risk_only,-0.0008863961521738,500,0,0.392,0.3501873777896792,0.4354594797500162,0.0,0.392,0.0003104047442126,0.000385989607278,0.0003474672916521,1.937190865162528e-05,1.827883617052661e-05,0.000131399161612,0.0029352918444937,0.0029381745755098,0.10000000000000002,0.006196772497093578,0.056072300833227263,0.05009135713118185,0.06228881364598065,0.003126128748588258
beta_control,3000,-0.5,-0.5,0.1111111111111111,False,outcome_based,-0.0008863961521738,500,0,0.388,0.3462960293500537,0.4314118229133341,0.004,0.392,0.0003104047442126,0.000385989607278,0.0003474672916521,1.937190865162528e-05,-4.4437181159659886e-05,0.000151230576299,0.0033785274277028,0.0033816184888125,0.10000000000000002,0.006196772497093578,0.056072300833227263,0.05009135713118185,0.06228881364598065,0.003126128748588258
beta_control,3000,-0.5,-0.5,0.1111111111111111,False,beta_known_mean,-0.0008863961521738,500,0,0.002,0.0003531363945592,0.0112407067051467,0.0,0.002,3.1301874132988415e-07,9.963719171156776e-06,1.7727923043476812e-06,1.7727923043476814e-06,1.8923630496779143e-05,1.5195793673285772e-05,0.0003399753878244,0.0003397882762552,0.10000000000000002,0.006196772497093578,0.0002860831675165031,5.051318916043744e-05,0.0016078884896661898,0.00028608316751650313
beta_control,3000,-0.5,-0.5,0.2,True,beta_estimated_mean,-0.0021931319985468,500,0,0.142,0.114129360445696,0.1753296673247754,0.0,0.142,0.0002503007523671,0.0003845211037045,0.0003114247437936,3.426906969393399e-05,4.5785224605778776e-05,9.711960795588782e-05,0.0021699707816685,0.0021716604533749,0.0,0.0469155015575012,0.0066379924215860175,0.005335139645908358,0.008196035232261518,0.0007304423603344126
beta_control,3000,-0.5,-0.5,0.2,True,risk_only,-0.0021931319985468,500,0,0.16,0.130476372350164,0.1947081791636914,0.0,0.16,0.0002861519072554,0.0004270207381026,0.0003509011197674,3.5992675669802514e-05,4.089451138292238e-05,9.914603183570051e-05,0.002215132104371,0.0022169726688398,0.0,0.0469155015575012,0.007479428080659521,0.006099304020115455,0.009101911392319426,0.0007671808778531055
beta_control,3000,-0.5,-0.5,0.2,True,outcome_based,-0.0021931319985468,500,0,0.36,0.3191414324050707,0.402993382924164,0.01,0.37,0.0007211506285178,0.0009061145585156,0.0008114588394623,4.7400796061970805e-05,-0.0003367013347865,0.0003284740549853,0.0073452756914422,0.0073449031579213,0.0,0.0469155015575012,0.01729617743652914,0.015371265457621373,0.019313756187920868,0.0010103440118587417
beta_control,3000,-0.5,-0.5,0.2,True,beta_known_mean,-0.0021931319985468,500,0,0.002,0.0003531363945592,0.0112407067051467,0.0,0.002,7.74474726759406e-07,2.4652353561337336e-05,4.386263997093673e-06,4.386263997093673e-06,4.6035129888182826e-05,3.759387835910822e-05,0.0008410444569304,0.0008406246754882,0.0,0.0469155015575012,9.349285100826901e-05,1.650786416106378e-05,0.0005254628586059682,9.349285100826901e-05
beta_control,3000,-0.5,-0.5,0.3333333333333333,False,beta_estimated_mean,-0.0013204894972435,500,0,0.042,0.0276323101084517,0.0633515857543301,0.0,0.042,3.648817528278607e-05,8.365510362231435e-05,5.5460558884227296e-05,1.1857471193237182e-05,2.7232933575160608e-05,3.223289452335495e-05,0.0007205431408726,0.000720749432658,0.0,0.0080558984632644,0.006884465976964864,0.004529373781109002,0.010384329445534713,0.0014718992856362684
beta_control,3000,-0.5,-0.5,0.3333333333333333,False,risk_only,-0.0013204894972435,500,0,0.06,0.0423483564809462,0.0843610631252197,0.0,0.06,5.592055995861346e-05,0.0001113978978331,7.922936983461043e-05,1.4038613918488356e-05,2.5578599732693955e-05,3.701687503211887e-05,0.0008272898731997,0.0008277224888643,0.0,0.0080558984632644,0.009834951395664093,0.006941567127939372,0.01382811592537867,0.0017426503055501085
beta_control,3000,-0.5,-0.5,0.3333333333333333,False,outcome_based,-0.0013204894972435,500,0,0.394,0.3521341694850665,0.4374821906927827,0.008,0.402,0.0004752821213567,0.0005883647352815,0.0005308367778918,2.898333102566109e-05,-0.0003441771694231,0.0002663265884274,0.0059592326623444,0.0059552435593939,0.0,0.0080558984632644,0.06589417435093828,0.058998027783496526,0.07303527197673787,0.0035977775983433266
beta_control,3000,-0.5,-0.5,0.3333333333333333,False,beta_known_mean,-0.0013204894972435,500,0,0.002,0.0003531363945592,0.0112407067051467,0.0,0.002,4.663129001099612e-07,1.484323514574096e-05,2.640978994487014e-06,2.640978994487014e-06,2.8239803501725823e-05,2.265204037154082e-05,0.0005067956571102,0.0005065150209983,0.0,0.0080558984632644,0.00032783171318880304,5.788465460884205e-05,0.0018425300683005635,0.00032783171318880304
beta_control,3000,-0.5,-0.5,0.5,False,beta_estimated_mean,-0.000118134186694,500,0,0.01,0.0042787538965904,0.0231930997557307,0.0,0.01,5.05467111637874e-07,2.739897976558076e-06,1.1813418669408705e-06,5.261903997393428e-07,2.040935941692634e-06,2.351471913742387e-06,5.256753827141439e-05,5.2580510463095e-05,0.0,0.0003132871106972,0.0037707962651635156,0.0016134309212817279,0.008745645393647418,0.00167957883287423
beta_control,3000,-0.5,-0.5,0.5,False,risk_only,-0.000118134186694,500,0,0.224,0.1896389712599083,0.2625696646748685,0.0,0.224,2.240284563529261e-05,3.1018453786904754e-05,2.6462057819475497e-05,2.20485580655156e-06,8.139208236096434e-06,6.504910359706816e-06,0.0001455364636296,0.0001454542175184,0.0,0.0003132871106972,0.08446583633966274,0.07150899245563133,0.0990096710901231,0.007037812062056424
beta_control,3000,-0.5,-0.5,0.5,False,outcome_based,-0.000118134186694,500,0,0.402,0.359928740326145,0.4455656304043193,0.094,0.496,5.344073405283072e-05,6.375558470977966e-05,5.859455660026717e-05,2.644121632868164e-06,-5.986581330591294e-05,6.766922181091136e-05,0.0015128009063553,0.001513129799537,0.0,0.0003132871106972,0.18703149475211034,0.17058069811395005,0.20350529125790007,0.008439931112977627
beta_control,3000,-0.5,-0.5,0.5,False,beta_known_mean,-0.000118134186694,500,0,0.002,0.0003531363945592,0.0112407067051467,0.0,0.002,4.171748076334213e-08,1.3279117444792833e-06,2.362683733881741e-07,2.362683733881741e-07,2.2338798945622008e-06,2.089647900990534e-06,4.673261993608199e-05,4.672594755654584e-05,0.0,0.0003132871106972,0.0007541592530327031,0.00013316053976974223,0.0042386414861565885,0.0007541592530327031
beta_control,3000,0.0,0.0,0.0588235294117647,False,beta_estimated_mean,-0.0001448285645434,500,0,0.51,0.4662736879310782,0.5535738252596908,0.0,0.51,6.752974890742721e-05,8.01733024811741e-05,7.386256791714702e-05,3.2410600784461306e-06,4.152033432076896e-05,0.0001097820489898,0.0024526966751077,0.0024548012425047,0.15000000000000002,0.0005280169993554795,0.1398867233579731,0.12789313410336592,0.1518384873574849,0.006138173737592368
beta_control,3000,0.0,0.0,0.0588235294117647,False,risk_only,-0.0001448285645434,500,0,0.514,0.470251511580072,0.5575350068870044,0.0,0.514,6.810585139651787e-05,8.07469947301537e-05,7.444188217532072e-05,3.2404374860995244e-06,4.276213825711378e-05,0.0001099798324433,0.0024571354885424,0.002459223814973,0.15000000000000002,0.0005280169993554795,0.1409838741294082,0.12898420217464748,0.1529249907270353,0.00613699462338323
beta_control,3000,0.0,0.0,0.0588235294117647,False,outcome_based,-0.0001448285645434,500,0,0.384,0.3424076746177923,0.4273611723692879,0.0,0.384,4.959041200354719e-05,6.189410513583941e-05,5.56141687846754e-05,3.153261016404298e-06,-2.0588102123262897e-05,4.254669769366278e-05,0.000950644197785,0.0009513730826116,0.15000000000000002,0.0005280169993554795,0.10532647405776796,0.09391821108805096,0.11721990998659142,0.0059718929887736675
beta_control,3000,0.0,0.0,0.0588235294117647,False,beta_known_mean,-0.0001448285645434,500,0,0.01,0.0042787538965904,0.0231930997557307,0.0,0.01,6.196857848777901e-07,3.3590233449349507e-06,1.4482856454342552e-06,6.450918434654499e-07,3.725213074579292e-06,2.6745471242346423e-06,5.986088180111585e-05,5.980469178815236e-05,0.15000000000000002,0.0005280169993554795,0.0027428769285877076,0.0011736095346062824,0.006361581822242694,0.0012217255206799726
beta_control,3000,0.0,0.0,0.1111111111111111,False,beta_estimated_mean,-0.0008863961521738,500,0,0.384,0.3424076746177923,0.4273611723692879,0.0,0.384,0.000303508845256,0.0003788112987766,0.0003403761224347,1.9298944517968185e-05,5.73863081052034e-05,0.000108050348392,0.002414344052614,0.0024160792399717,0.10000000000000002,0.006196772497093578,0.05492796816315975,0.04897853606830851,0.0611304189324799,0.0031143542105216567
beta_control,3000,0.0,0.0,0.1111111111111111,False,risk_only,-0.0008863961521738,500,0,0.378,0.3365807935394356,0.4212795455331832,0.0,0.378,0.0002983439202889,0.0003734205681501,0.0003350577455217,1.92406031278189e-05,6.047317777179739e-05,0.0001084713115701,0.0024238200627672,0.0024254922627946,0.10000000000000002,0.006196772497093578,0.054069718660617196,0.04814504977047807,0.060260493398013634,0.003104939407868074
beta_control,3000,0.0,0.0,0.1111111111111111,False,outcome_based,-0.0008863961521738,500,0,0.368,0.3268845483787568,0.4111282775030931,0.006,0.374,0.0002949039998236,0.0003698233848864,0.000331512160913,1.919997030511414e-05,-0.000151770514493,0.0001428270503065,0.0031941223947129,0.0031937099351125,0.10000000000000002,0.006196772497093578,0.05349755232558343,0.04758993491562204,0.05968000036468263,0.0030983823133928744
beta_control,3000,0.0,0.0,0.1111111111111111,False,beta_known_mean,-0.0008863961521738,500,0,0.01,0.0042787538965904,0.0231930997557307,0.0,0.01,3.7926709900366424e-06,2.0558274380463732e-05,8.863961521738406e-06,3.948164021711708e-06,2.311193054709168e-05,1.6223712879921534e-05,0.0003631465025014,0.0003627732484694,0.10000000000000002,0.006196772497093578,0.0014304158375825155,0.0006120397338800946,0.003317577721322836,0.0006371323174383897
beta_control,3000,0.0,0.0,0.2,True,beta_estimated_mean,-0.0021931319985468,500,0,0.114,0.0890369009940028,0.1448490898423155,0.0,0.114,0.0001952696766213,0.0003176731738935,0.0002500170478343,3.120209718749058e-05,7.633220565947583e-05,8.44684476706276e-05,0.0018884255380903,0.001888771909454,0.0,0.0469155015575012,0.005329092507470495,0.004162156859433145,0.006771177187654046,0.0006650700973376199
beta_control,3000,0.0,0.0,0.2,True,risk_only,-0.0021931319985468,500,0,0.116,0.0908136565110379,0.1470418369634342,0.0,0.116,0.0001991663359993,0.0003224821577696,0.0002544033118314,3.1439065300035346e-05,8.382210331090521e-05,8.584034418187712e-05,0.0019193592485373,0.0019194484480265,0.0,0.0469155015575012,0.005422585358478899,0.0042452138288491936,0.006873680277601958,0.0006701210528784943
beta_control,3000,0.0,0.0,0.2,True,outcome_based,-0.0021931319985468,500,0,0.344,0.3036929655617379,0.3866858286622663,0.006,0.35,0.0006787308706393,0.0008614778838536,0.0007675961994913,4.682795573227488e-05,-0.0003985346681198,0.0002836501136897,0.0063487846075295,0.0063426093603585,0.0,0.0469155015575012,0.016361248926445103,0.014467091858912024,0.01836232919300125,0.0009981339680421187
beta_control,3000,0.0,0.0,0.2,True,beta_known_mean,-0.0021931319985468,500,0,0.01,0.0042787538965904,0.0231930997557307,0.0,0.01,9.383872084519578e-06,5.0865529219781816e-05,2.1931319985468363e-05,9.76859480977207e-06,5.640277735874838e-05,4.01266399895103e-05,0.0008981340348081,0.000897258947252,0.0,0.0469155015575012,0.00046746425504134504,0.00020001645027749285,0.0010841945099412254,0.00020821678305622192
beta_control,3000,0.0,0.0,0.3333333333333333,False,beta_estimated_mean,-0.0013204894972435,500,0,0.026,0.0152563839233272,0.0439714908342242,0.0,0.026,2.014589473666832e-05,5.80638918247323e-05,3.4332726928331185e-05,9.406993218203426e-06,3.79250701466793e-05,3.0915041790127536e-05,0.0006916303026757,0.0006912813496997,0.0,0.0080558984632644,0.00426181227145444,0.002500763239325242,0.007207624585824749,0.0011677149682434724
beta_control,3000,0.0,0.0,0.3333333333333333,False,risk_only,-0.0013204894972435,500,0,0.06,0.0423483564809462,0.0843610631252197,0.0,0.06,5.592055995861346e-05,0.0001113978978331,7.922936983461042e-05,1.4038613918488356e-05,2.453915091208669e-05,3.701539397470143e-05,0.0008272253176055,0.0008276893714136,0.0,0.0080558984632644,0.009834951395664092,0.006941567127939372,0.01382811592537867,0.0017426503055501085
beta_control,3000,0.0,0.0,0.3333333333333333,False,outcome_based,-0.0013204894972435,500,0,0.366,0.3249476048822134,0.4090957183614825,0.012,0.378,0.0004444514028427,0.00055629521528,0.000499145029958,2.866327238515876e-05,-0.0004571771694231,0.0002427476737033,0.0054418104593373,0.0054280029978068,0.0,0.0080558984632644,0.06196019379267812,0.05517092908623876,0.06905439757176121,0.003558047872110825
beta_control,3000,0.0,0.0,0.3333333333333333,False,beta_known_mean,-0.0013204894972435,500,0,0.01,0.0042787538965904,0.0231930997557307,0.0,0.01,5.6500495817374805e-06,3.062624463596334e-05,1.320489497243507e-05,5.881691962763076e-06,3.447702711883889e-05,2.418497515489129e-05,0.0005413504077739,0.0005407924848048,0.0,0.0080558984632644,0.0016391585659440153,0.0007013556101162644,0.0038017168135400024,0.0007301099920243664
beta_control,3000,0.0,0.0,0.5,False,beta_estimated_mean,-0.000118134186694,500,0,0.008,0.0031153151800622,0.0203870358341051,0.0,0.008,3.6802522509239603e-07,2.4084058973652226e-06,9.450734935526964e-07,4.711141542452352e-07,2.7726087072616183e-06,2.406815877904532e-06,5.383563811677289e-05,5.381803912320368e-05,0.0,0.0003132871106972,0.0030166370121308124,0.0011747218845785897,0.007687535858099852,0.0015037776472731402
beta_control,3000,0.0,0.0,0.5,False,risk_only,-0.000118134186694,500,0,0.222,0.1877693513816299,0.2604697819149931,0.0,0.222,2.21819796115451e-05,3.077038584491394e-05,2.6225789446087325e-05,2.197817406385345e-06,7.466909874404947e-06,6.715149401912727e-06,0.0001501908028362,0.0001501553054174,0.0,0.0003132871106972,0.08371167708663005,0.07080399689020259,0.09821784808330115,0.007015345768596245
beta_control,3000,0.0,0.0,0.5,False,outcome_based,-0.000118134186694,500,0,0.426,0.3833825783667519,0.4697458240215578,0.082,0.508,5.4848027342585926e-05,6.516189521445445e-05,6.0012166840596223e-05,2.6438677687580426e-06,1.6800853360753723e-05,6.776579574396135e-05,0.0015138664412711,0.0015152892583286,0.0,0.0003132871106972,0.1915564502703066,0.1750727223361511,0.20799417846920326,0.008439120788832606
beta_control,3000,0.0,0.0,0.5,False,beta_known_mean,-0.000118134186694,500,0,0.01,0.0042787538965904,0.0231930997557307,0.0,0.01,5.05467111637874e-07,2.739897976558076e-06,1.1813418669408705e-06,5.261903997393428e-07,2.786098861470246e-06,2.225828763093812e-06,4.979924572211044e-05,4.977104420552038e-05,0.0,0.0003132871106972,0.0037707962651635156,0.0016134309212817279,0.008745645393647418,0.00167957883287423
beta_control,3000,0.3,0.3,0.0588235294117647,False,beta_estimated_mean,-0.0001448285645434,500,0,0.522,0.4782154894135675,0.5654490396061242,0.0,0.522,6.92592628741987e-05,8.189317272861354e-05,7.560051069166812e-05,3.2385689909255124e-06,4.778499045831075e-05,9.164170821306824e-05,0.0020476783303862,0.0020491708913862,0.15000000000000002,0.0005280169993554795,0.14317817567227833,0.13116862328057535,0.15509571250277152,0.006133455920696967
beta_control,3000,0.3,0.3,0.0588235294117647,False,risk_only,-0.0001448285645434,500,0,0.52,0.4762234529552701,0.5634715734262677,0.0,0.52,6.897075909342531e-05,8.160677914035176e-05,7.531085356258127e-05,3.2391140800248527e-06,4.799169178231599e-05,9.171347407340204e-05,0.0020492858523055,0.0020507756248079,0.15000000000000002,0.0005280169993554795,0.1426296002865608,0.1306222321963384,0.15455331786659243,0.006134488253178697
beta_control,3000,0.3,0.3,0.0588235294117647,False,outcome_based,-0.0001448285645434,500,0,0.434,0.3912235726331776,0.4777828403077473,0.008,0.442,5.779759743747446e-05,7.03589434039316e-05,6.401422552819408e-05,3.2198244029196985e-06,-2.050476878992996e-05,4.4230371495572784e-05,0.0009882444035251,0.0009890211733416,0.15000000000000002,0.0005280169993554795,0.12123516024357667,0.10946162246295994,0.13325128450374663,0.006097955949997739
beta_control,3000,0.3,0.3,0.0588235294117647,False,beta_known_mean,-0.0001448285645434,500,0,0.008,0.0031153151800622,0.0203870358341051,0.0,0.008,4.511866256287574e-07,2.9526251351488293e-06,1.158628516347404e-06,5.775702072772005e-07,3.385490520286638e-06,2.560698153727815e-06,5.7301761650764e-05,5.725895141593602e-05,0.15000000000000002,0.0005280169993554795,0.0021943015428701656,0.0008544926132671778,0.005591913023165792,0.0010938477510803778
beta_control,3000,0.3,0.3,0.1111111111111111,False,beta_estimated_mean,-0.0008863961521738,500,0,0.356,0.3152745600260401,0.398921250026887,0.0,0.356,0.0002794581568853,0.0003536022610442,0.0003155570301738,1.8999646555375908e-05,6.201271326218417e-05,9.077996560781986e-05,0.0020288187825256,0.0020299017409417,0.10000000000000002,0.006196772497093578,0.05092280381792347,0.04509737238479741,0.05706232739866555,0.0030660552028152007
beta_control,3000,0.3,0.3,0.1111111111111111,False,risk_only,-0.0008863961521738,500,0,0.362,0.3210760441781857,0.4050282737892027,0.0,0.362,0.0002846005701147,0.0003590155034083,0.0003208754070869,1.9069627683615543e-05,6.431678192382167e-05,9.127970717177744e-05,0.0020400483166284,0.0020410763020236,0.10000000000000002,0.006196772497093578,0.05178105332048217,0.04592722586607527,0.05793588574966826,0.0030773483603859296
beta_control,3000,0.3,0.3,0.1111111111111111,False,outcome_based,-0.0008863961521738,500,0,0.364,0.3230114359189264,0.4070623846866158,0.002,0.366,0.0002880323066256,0.0003626208706264,0.0003244209916956,1.91144920244302e-05,-1.985384782632091e-05,0.0001334664955346,0.0029814817767343,0.0029844015673424,0.10000000000000002,0.006196772497093578,0.052353219655515926,0.0464810200407863,0.058517699463144265,0.0030845883132542494
beta_control,3000,0.3,0.3,0.1111111111111111,False,beta_known_mean,-0.0008863961521738,500,0,0.008,0.0031153151800622,0.0203870358341051,0.0,0.008,2.761403388415925e-06,1.8070990117581027e-05,7.091169217390725e-06,3.534910471250667e-06,2.1503775261080715e-05,1.5487962946960207e-05,0.0003466425153922,0.000346321379824,0.10000000000000002,0.006196772497093578,0.0011443326700660123,0.0004456196172622254,0.0029161938938466305,0.0005704438032715607
beta_control,3000,0.3,0.3,0.2,True,beta_estimated_mean,-0.0021931319985468,500,0,0.078,0.0575813934761615,0.1048535498733885,0.0,0.078,0.0001262835965534,0.0002299576753885,0.0001710642958866,2.6328569325104377e-05,7.667572789558392e-05,7.34670601112908e-05,0.0016429200281891,0.001642773405159,0.0,0.0469155015575012,0.003646221189321357,0.0026917243205558106,0.004901528657999237,0.0005611912577090368
beta_control,3000,0.3,0.3,0.2,True,risk_only,-0.0021931319985468,500,0,0.088,0.0662059844749289,0.1160764720653901,0.0,0.088,0.0001451984630472,0.000254571025165,0.0001929956158721,2.7813346985686213e-05,8.552047790398171e-05,7.457890547949041e-05,0.0016681601572564,0.0016676350233967,0.0,0.0469155015575012,0.0041136854443633766,0.0030948931211838356,0.0054261601541867625,0.0005928391696206689
beta_control,3000,0.3,0.3,0.2,True,outcome_based,-0.0021931319985468,500,0,0.33,0.2902178997291812,0.3723743760277467,0.004,0.334,0.0006449207567116,0.0008256428517489,0.0007325060875146,4.630467566891072e-05,-0.0004322013347865,0.0002584196201274,0.0057888139827709,0.0057784383732458,0.0,0.0469155015575012,0.01561330611838,0.013746432102429164,0.017598508474580936,0.00098698029716592
beta_control,3000,0.3,0.3,0.2,True,beta_known_mean,-0.0021931319985468,500,0,0.008,0.0031153151800622,0.0203870358341051,0.0,0.008,6.832297406953197e-06,4.471146064329704e-05,1.7545055988374692e-05,8.74611791520693e-06,5.286097960753756e-05,3.827698277014209e-05,0.0008566754699114,0.0008558993544762,0.0,0.0469155015575012,0.00037397140403307605,0.00014562984898667885,0.0009530210518691179,0.00018642277338732906
beta_control,3000,0.3,0.3,0.3333333333333333,False,beta_estimated_mean,-0.0013204894972435,500,0,0.012,0.0055109951740277,0.0259303611164472,0.0,0.012,7.277211246663235e-06,3.4240769514000065e-05,1.5845873966922085e-05,6.436559286083303e-06,3.6247639778455e-05,2.831335972070959e-05,0.0006335103901184,0.0006331059700691,0.0,0.0080558984632644,0.0019669902791328185,0.0009033394946383639,0.004250397354204619,0.0007989871415875679
beta_control,3000,0.3,0.3,0.3333333333333333,False,risk_only,-0.0013204894972435,500,0,0.046,0.0308451083708162,0.0680777927682732,0.0,0.046,4.073064164500058e-05,8.989601034602479e-05,6.074251687320132e-05,1.2383339558433109e-05,2.8053806693083424e-05,3.54056020553662e-05,0.0007913986276615,0.000791693329801,0.0,0.0080558984632644,0.00754012940334247,0.005056002360349483,0.011159029716667662,0.001537176717768008
beta_control,3000,0.3,0.3,0.3333333333333333,False,outcome_based,-0.0013204894972435,500,0,0.34,0.2998388584537141,0.3826009304939827,0.006,0.346,0.0004035696267107,0.0005133100067246,0.0004568893660462,2.8119759505900625e-05,-0.0003595105027564,0.0002241207367776,0.0050193694846877,0.0050114920260214,0.0,0.0080558984632644,0.056714886381656296,0.05009616600196896,0.06371852985304352,0.0034905801797439706
beta_control,3000,0.3,0.3,0.3333333333333333,False,beta_known_mean,-0.0013204894972435,500,0,0.008,0.0031153151800622,0.0203870358341051,0.0,0.008,4.113740975875453e-06,2.6920866698862892e-05,1.0563915977948056e-05,5.266056423569795e-06,3.198160822558396e-05,2.3096075549518383e-05,0.0005169175441532,0.0005164439494219,0.0,0.0080558984632644,0.0013113268527552122,0.0005106495563014443,0.0033417584421681075,0.0006536895229729461
beta_control,3000,0.3,0.3,0.5,False,beta_estimated_mean,-0.000118134186694,500,0,0.008,0.0031153151800622,0.0203870358341051,0.0,0.008,3.6802522509239603e-07,2.4084058973652226e-06,9.450734935526964e-07,4.711141542452352e-07,2.4548545414257265e-06,2.281059461861905e-06,5.101410797834136e-05,5.100604017442309e-05,0.0,0.0003132871106972,0.0030166370121308124,0.0011747218845785897,0.007687535858099852,0.0015037776472731402
beta_control,3000,0.3,0.3,0.5,False,risk_only,-0.000118134186694,500,0,0.212,0.1784395042882985,0.2499521158175555,0.0,0.212,2.1079805713194204e-05,2.952788991457317e-05,2.504444757914645e-05,2.161505585380792e-06,-8.537118012245512e-07,6.740486286706798e-06,0.0001505734782725,0.0001507218553848,0.0,0.0003132871106972,0.07994088082146651,0.06728590163279452,0.09425185047945568,0.006899439879829408
beta_control,3000,0.3,0.3,0.5,False,outcome_based,-0.000118134186694,500,0,0.402,0.359928740326145,0.4455656304043193,0.11,0.512,5.531778039996041e-05,6.563001008855662e-05,6.048470358737257e-05,2.643444607730226e-06,1.080085336075369e-05,6.643633557384145e-05,0.001484114622928,0.0014855616251909,0.0,0.0003132871106972,0.193064768776372,0.1765721554163346,0.20948838253352117,0.008437770075658118
beta_control,3000,0.3,0.3,0.5,False,beta_known_mean,-0.000118134186694,500,0,0.008,0.0031153151800622,0.0203870358341051,0.0,0.008,3.6802522509239603e-07,2.4084058973652226e-06,9.450734935526964e-07,4.711141542452352e-07,2.4392886897914503e-06,2.139903058115932e-06,4.7864010417859576e-05,4.784968703206907e-05,0.0,0.0003132871106972,0.0030166370121308124,0.0011747218845785897,0.007687535858099852,0.0015037776472731402
beta_control,3000,0.6,0.6,0.0588235294117647,False,beta_estimated_mean,-0.0001448285645434,500,0,0.51,0.4662736879310782,0.5535738252596908,0.0,0.51,6.752974890742721e-05,8.01733024811741e-05,7.386256791714702e-05,3.2410600784461306e-06,4.143493934359804e-05,6.901746029190708e-05,0.0015422899717451,0.0015432773284709,0.15000000000000002,0.0005280169993554795,0.1398867233579731,0.12789313410336592,0.1518384873574849,0.006138173737592368
beta_control,3000,0.6,0.6,0.0588235294117647,False,risk_only,-0.0001448285645434,500,0,0.5,0.4563412653024843,0.5436587346975157,0.0,0.5,6.609125039568932e-05,7.87373141477362e-05,7.241428227171276e-05,3.241708484990268e-06,3.899647536607326e-05,6.911022546622923e-05,0.0015442979420511,0.0015453516208282,0.15000000000000002,0.0005280169993554795,0.13714384642938537,0.12516879281607063,0.14911890004270012,0.006139401740753116
beta_control,3000,0.6,0.6,0.0588235294117647,False,outcome_based,-0.0001448285645434,500,0,0.452,0.4089073378092892,0.49582459887502,0.004,0.456,5.97917223095579e-05,7.238910011509425e-05,6.604182543180204e-05,3.2291321947178725e-06,-1.104643545659706e-05,3.990015419803183e-05,0.0008913703797774,0.0008921945709952,0.15000000000000002,0.0005280169993554795,0.12507518794359945,0.11323825252319958,0.13709615448641904,0.006115583776013824
beta_control,3000,0.6,0.6,0.0588235294117647,False,beta_known_mean,-0.0001448285645434,500,0,0.002,0.0003531363945592,0.0112407067051467,0.0,0.002,5.1144237112060484e-08,1.6279754165600634e-06,2.896571290868511e-07,2.896571290868509e-07,2.4496801878948203e-06,2.1757665613730025e-06,4.866463847279486e-05,4.865161934401002e-05,0.15000000000000002,0.0005280169993554795,0.0005485753857175416,9.6860966928128e-05,0.0030831875082568193,0.0005485753857175413
beta_control,3000,0.6,0.6,0.1111111111111111,False,beta_estimated_mean,-0.0008863961521738,500,0,0.306,0.2672134637311363,0.3477447803679459,0.0,0.306,0.0002368569860603,0.0003082396352566,0.0002712372225651,1.828597146753428e-05,5.196839162697139e-05,6.882319450047061e-05,0.0015382718005124,0.0015389334133174,0.10000000000000002,0.006196772497093578,0.043770724630009604,0.03822263705362608,0.04974196412748268,0.002950886364815039
beta_control,3000,0.6,0.6,0.1111111111111111,False,risk_only,-0.0008863961521738,500,0,0.298,0.2595732118784324,0.3395070216680347,0.0,0.298,0.0002300846962164,0.0003009377176425,0.0002641460533478,1.81490658929304e-05,5.18177687565109e-05,6.933624698518758e-05,0.001549720987471,0.0015504056156359,0.10000000000000002,0.006196772497093578,0.04262639195995824,0.03712976332829949,0.04856362207643517,0.002928793319658372
beta_control,3000,0.6,0.6,0.1111111111111111,False,outcome_based,-0.0008863961521738,500,0,0.354,0.3133423051969017,0.3968840022178716,0.01,0.364,0.0002863160939066,0.0003608185314809,0.0003226481993912,1.9092237973934134e-05,9.562818840345156e-06,0.0001145445608173,0.0025587495378615,0.0025612942444036,0.10000000000000002,0.006196772497093578,0.052067136487990974,0.04620406736585675,0.0582268481939803,0.0030809970808011447
beta_control,3000,0.6,0.6,0.1111111111111111,False,beta_known_mean,-0.0008863961521738,500,0,0.002,0.0003531363945592,0.0112407067051467,0.0,0.002,3.1301874132988415e-07,9.963719171156776e-06,1.7727923043476812e-06,1.7727923043476816e-06,1.6303261966068266e-05,1.305043431749412e-05,0.0002919801370855,0.0002918165826981,0.10000000000000002,0.006196772497093578,0.0002860831675165031,5.051318916043744e-05,0.0016078884896661898,0.0002860831675165032
beta_control,3000,0.6,0.6,0.2,True,beta_estimated_mean,-0.0021931319985468,500,0,0.038,0.0244601180558303,0.0585847725306438,0.0,0.038,5.364426759647485e-05,0.0001284841392645,8.333901594477978e-05,1.8771277627323048e-05,6.149787094969936e-05,5.758450032920302e-05,0.0012878095171783,0.0012876285718645,0.0,0.0469155015575012,0.0017763641691571112,0.0011434230865192104,0.002738628704779497,0.0004001082159233946
beta_control,3000,0.6,0.6,0.2,True,risk_only,-0.0021931319985468,500,0,0.046,0.0308451083708162,0.0680777927682732,0.0,0.046,6.764739416668189e-05,0.0001493035857105,0.0001008840719331,2.0566841531994655e-05,7.077923206890556e-05,5.846414659490436e-05,0.0013079066716667,0.0013072980603271,0.0,0.0469155015575012,0.002150335573189026,0.0014418985606233152,0.0031823934681271294,0.00043838051068871656
beta_control,3000,0.6,0.6,0.2,True,outcome_based,-0.0021931319985468,500,0,0.29,0.2519474198773656,0.3312548031164863,0.014,0.304,0.0005818424437713,0.0007581365158784,0.0006667121275582,4.516020557751666e-05,-0.0004797013347865,0.0002169151151203,0.0048692037118262,0.0048503694275626,0.0,0.0469155015575012,0.014210913353256074,0.012401923126797963,0.01615961655976762,0.0009625860126885099
beta_control,3000,0.6,0.6,0.2,True,beta_known_mean,-0.0021931319985468,500,0,0.002,0.0003531363945592,0.0112407067051467,0.0,0.002,7.74474726759406e-07,2.4652353561337336e-05,4.386263997093673e-06,4.386263997093671e-06,4.0479599039120645e-05,3.2194940040411754e-05,0.0007203187946159,0.0007199007446189,0.0,0.0469155015575012,9.349285100826901e-05,1.650786416106378e-05,0.0005254628586059682,9.349285100826897e-05
beta_control,3000,0.6,0.6,0.3333333333333333,False,beta_estimated_mean,-0.0013204894972435,500,0,0.01,0.0042787538965904,0.0231930997557307,0.0,0.01,5.6500495817374805e-06,3.062624463596334e-05,1.320489497243507e-05,5.881691962763076e-06,2.779129424828603e-05,2.323543695274784e-05,0.0005197838355491,0.0005195601651325,0.0,0.0080558984632644,0.0016391585659440153,0.0007013556101162644,0.0038017168135400024,0.0007301099920243664
beta_control,3000,0.6,0.6,0.3333333333333333,False,risk_only,-0.0013204894972435,500,0,0.028,0.0167509747207564,0.0464464026749488,0.0,0.028,2.2119486187350375e-05,6.133198691701273e-05,3.697370592281819e-05,9.752070374250665e-06,3.4628721526839484e-05,3.0216996121538265e-05,0.0006758842421631,0.000675672574036,0.0,0.0080558984632644,0.004589643984643243,0.002745750370143959,0.007613301880192748,0.001210550309033928
beta_control,3000,0.6,0.6,0.3333333333333333,False,outcome_based,-0.0013204894972435,500,0,0.328,0.2882961898405897,0.3703265832781843,0.024,0.352,0.0004112147460444,0.0005213899470197,0.0004648123030297,2.823212142126277e-05,-0.0001135105027564,0.0001896890046989,0.0042388514915681,0.004241575090911,0.0,0.0080558984632644,0.05769838152122755,0.05104517490129439,0.06472151422926738,0.0035045279617169594
beta_control,3000,0.6,0.6,0.3333333333333333,False,beta_known_mean,-0.0013204894972435,500,0,0.002,0.0003531363945592,0.0112407067051467,0.0,0.002,4.663129001099612e-07,1.484323514574096e-05,2.640978994487014e-06,2.6409789944870148e-06,2.4123064429002785e-05,1.947851448650456e-05,0.0004357852372572,0.0004355528249253,0.0,0.0080558984632644,0.00032783171318880304,5.788465460884205e-05,0.0018425300683005635,0.00032783171318880315
beta_control,3000,0.6,0.6,0.5,False,beta_estimated_mean,-0.000118134186694,500,0,0.006,0.0020425962719602,0.0174902521040533,0.0,0.006,2.413004493323968e-07,2.0661967073868906e-06,7.088051201645223e-07,4.084079056881676e-07,1.5858012371056202e-06,1.9518027809306004e-06,4.362880102973459e-05,4.3643636968339526e-05,0.0,0.0003132871106972,0.002262477759098109,0.0007702214393544581,0.00659521773107328,0.001303621795289575
beta_control,3000,0.6,0.6,0.5,False,risk_only,-0.000118134186694,500,0,0.174,0.1432894720810641,0.2096815978998678,0.0,0.174,1.6927385246121607e-05,2.477056503261748e-05,2.055534848477115e-05,2.0048873271714013e-06,-2.493911106679738e-06,6.255553682196174e-06,0.0001397607368904,0.0001398784327028,0.0,0.0003132871106972,0.06561185501384517,0.05403154061605285,0.07906665862343397,0.006399520627291866
beta_control,3000,0.6,0.6,0.5,False,outcome_based,-0.000118134186694,500,0,0.406,0.3638304421340635,0.4496029338727085,0.104,0.51,5.508286290059048e-05,6.539599362218824e-05,6.024843521398439e-05,2.6436773546775336e-06,1.1467520027420394e-05,6.34592497195812e-05,0.0014176186423459,0.0014189919617411,0.0,0.0003132871106972,0.19231060952333925,0.17582230809945282,0.20874141127815227,0.008438512994659125
beta_control,3000,0.6,0.6,0.5,False,beta_known_mean,-0.000118134186694,500,0,0.002,0.0003531363945592,0.0112407067051467,0.0,0.002,4.171748076334213e-08,1.3279117444792833e-06,2.362683733881741e-07,2.362683733881741e-07,1.597165946777738e-06,1.842175821254344e-06,4.118207383695229e-05,4.119230362831215e-05,0.0,0.0003132871106972,0.0007541592530327031,0.00013316053976974223,0.0042386414861565885,0.0007541592530327031
beta_control,3000,0.9,0.9,0.0588235294117647,False,beta_estimated_mean,-0.0001448285645434,500,0,0.466,0.4227007774569098,0.5098176776944758,0.0,0.466,6.121914683047422e-05,7.38361624393537e-05,6.74901110772363e-05,3.2342049708601703e-06,1.912511823248536e-05,3.444441912529556e-05,0.0007696676923049,0.0007702006260965,0.15000000000000002,0.0005280169993554795,0.12781806487218716,0.11594162101826451,0.13983671459343416,0.006125190997274673
beta_control,3000,0.9,0.9,0.0588235294117647,False,risk_only,-0.0001448285645434,500,0,0.462,0.418756295158793,0.505823154716285,0.0,0.462,6.064787312137101e-05,7.32576414103866e-05,6.691079681906259e-05,3.2323328728956626e-06,1.621612534872824e-05,3.4596143527358495e-05,0.0007729894197575,0.0007735932868651,0.15000000000000002,0.0005280169993554795,0.1267209141007521,0.11485969806919179,0.13874106610167486,0.006121645471341241
beta_control,3000,0.9,0.9,0.0588235294117647,False,outcome_based,-0.0001448285645434,500,0,0.392,0.3501873777896792,0.4354594797500162,0.016,0.408,5.2975738613772094e-05,6.540754695403634e-05,5.909005433371761e-05,3.186360343408035e-06,2.895356454340248e-05,2.909916436056137e-05,0.0006506706008225,0.0006506770959865,0.15000000000000002,0.0005280169993554795,0.11190937868637846,0.10032960809677828,0.12387394162285613,0.006034579089872949
beta_control,3000,0.9,0.9,0.0588235294117647,False,beta_known_mean,-0.0001448285645434,500,0,0.0,4.336808689942019e-19,0.0076243404615522,0.0,0.0,6.280937772637562e-23,1.1042222846369695e-06,0.0,0.0,6.950145340577363e-07,1.2438372665188387e-06,2.7793910967107507e-05,2.781304680883647e-05,0.15000000000000002,0.0005280169993554795,0.0,1.189533249934064e-19,0.0020912627547689396,0.0
beta_control,3000,0.9,0.9,0.1111111111111111,False,beta_estimated_mean,-0.0008863961521738,500,0,0.122,0.0961592783150937,0.1536047230738397,0.0,0.122,8.523521429431249e-05,0.0001361546354883,0.0001081403305652,1.2986878055536272e-05,2.308456269602901e-05,3.451329800931236e-05,0.0007713142025369,0.0007717408047653,0.10000000000000002,0.006196772497093578,0.01745107321850531,0.013754775463241498,0.021971862861216787,0.002095748724295979
beta_control,3000,0.9,0.9,0.1111111111111111,False,risk_only,-0.0008863961521738,500,0,0.132,0.1051167238483199,0.1644947907313825,0.0,0.132,9.317505954827098e-05,0.0001458075495569,0.0001170042920869,1.3431496940922134e-05,1.913073711971128e-05,3.51471048644228e-05,0.0007853598896669,0.0007859131568916,0.10000000000000002,0.006196772497093578,0.018881489056081627,0.015036062658742454,0.023529595386192884,0.0021674987983215134
beta_control,3000,0.9,0.9,0.1111111111111111,False,outcome_based,-0.0008863961521738,500,0,0.298,0.2595732118784324,0.3395070216680347,0.006,0.304,0.0002351627278577,0.0003064153415947,0.0002694644302608,1.82523589468459e-05,3.581281884034182e-05,8.037922349523825e-05,0.0017958929598593,0.00179733407714,0.10000000000000002,0.006196772497093578,0.0434846414625008,0.03794922727403604,0.0494475699629792,0.0029454621668629365
beta_control,3000,0.9,0.9,0.1111111111111111,False,beta_known_mean,-0.0008863961521738,500,0,0.0,4.336808689942019e-19,0.0076243404615522,0.0,0.0,3.844130535478679e-22,6.758186047983231e-06,0.0,0.0,6.302866421532688e-06,7.095379960181343e-06,0.0001586240527096,0.0001586575191715,0.10000000000000002,0.006196772497093578,0.0,6.203439834658543e-20,0.0010905977347325513,0.0
beta_control,3000,0.9,0.9,0.2,True,beta_estimated_mean,-0.0021931319985468,500,0,0.002,0.0003531363945592,0.0112407067051467,0.0,0.002,7.74474726759406e-07,2.4652353561337336e-05,4.386263997093673e-06,4.386263997093671e-06,2.6209068185172284e-05,2.9655553734341423e-05,0.0006629731495566,0.0006631183406038,0.0,0.0469155015575012,9.349285100826901e-05,1.650786416106378e-05,0.0005254628586059682,9.349285100826897e-05
beta_control,3000,0.9,0.9,0.2,True,risk_only,-0.0021931319985468,500,0,0.002,0.0003531363945592,0.0112407067051467,0.0,0.002,7.74474726759406e-07,2.4652353561337336e-05,4.386263997093673e-06,4.386263997093671e-06,2.381420503512208e-05,3.0336303106663404e-05,0.0006780799865539,0.0006783403593253,0.0,0.0469155015575012,9.349285100826901e-05,1.650786416106378e-05,0.0005254628586059682,9.349285100826897e-05
beta_control,3000,0.9,0.9,0.2,True,outcome_based,-0.0021931319985468,500,0,0.206,0.1728566412733672,0.2436264709180254,0.006,0.212,0.0003913413866595,0.0005481779833039,0.0004649439836919,4.012781733209834e-05,-0.0003975346681198,0.0001482111593713,0.0033345676100044,0.0033141022737832,0.0,0.0469155015575012,0.009910242206875891,0.008341408994207574,0.011684367961664754,0.0008553210772545264
beta_control,3000,0.9,0.9,0.2,True,beta_known_mean,-0.0021931319985468,500,0,0.0,4.336808689942019e-19,0.0076243404615522,0.0,0.0,9.511193909487825e-22,1.6721185034045575e-05,0.0,0.0,1.642498331425819e-05,1.7335435712264807e-05,0.0003875924772393,0.000387632126722,0.0,0.0469155015575012,0.0,2.027303043500577e-20,0.00035641066340411033,0.0
beta_control,3000,0.9,0.9,0.3333333333333333,False,beta_estimated_mean,-0.0013204894972435,500,0,0.0,4.336808689942019e-19,0.0076243404615522,0.0,0.0,5.726710326622807e-22,1.0067861502888449e-05,0.0,0.0,1.045220050067644e-05,1.2618563508785338e-05,0.0002820710776788,0.0002821596578404,0.0,0.0080558984632644,0.0,7.108717112978901e-20,0.0012497502977226905,0.0
beta_control,3000,0.9,0.9,0.3333333333333333,False,risk_only,-0.0013204894972435,500,0,0.0,4.336808689942019e-19,0.0076243404615522,0.0,0.0,5.726710326622807e-22,1.0067861502888449e-05,0.0,0.0,1.0655378873099112e-05,1.7471269462111616e-05,0.0003904240260936,0.0003906694617049,0.0,0.0080558984632644,0.0,7.108717112978901e-20,0.0012497502977226905,0.0
beta_control,3000,0.9,0.9,0.3333333333333333,False,outcome_based,-0.0013204894972435,500,0,0.294,0.2557584874357568,0.3353827408344027,0.018,0.312,0.0003604315020333,0.0004673394601716,0.0004119927231399,2.7387739892997484e-05,-0.0001028438360898,0.0001371409402666,0.0030652223354485,0.0030665646493443,0.0,0.0080558984632644,0.05114174725744407,0.04474131640026238,0.05801208422657122,0.0033997126475573108
beta_control,3000,0.9,0.9,0.3333333333333333,False,beta_known_mean,-0.0013204894972435,500,0,0.0,4.336808689942019e-19,0.0076243404615522,0.0,0.0,5.726710326622807e-22,1.0067861502888449e-05,0.0,0.0,9.06851966331213e-06,1.0645750520934884e-05,0.0002379808986488,0.0002380462183631,0.0,0.0080558984632644,0.0,7.108717112978901e-20,0.0012497502977226905,0.0
beta_control,3000,0.9,0.9,0.5,False,beta_estimated_mean,-0.000118134186694,500,0,0.0,4.336808689942019e-19,0.0076243404615522,0.0,0.0,5.123253674341494e-23,9.006952595042943e-07,0.0,0.0,-3.3969417612078616e-08,1.210926178098594e-06,2.7050063144376623e-05,2.707713249962473e-05,0.0,0.0003132871106972,0.0,1.6353222010762038e-19,0.0028749834536756264,0.0
beta_control,3000,0.9,0.9,0.5,False,risk_only,-0.000118134186694,500,0,0.108,0.0837228096370503,0.1382546732848066,0.0,0.108,9.890526024216818e-06,1.6332603385157355e-05,1.27584921629614e-05,1.6414196485387824e-06,-6.050981485259e-07,4.2873327246829365e-06,9.577367001397526e-05,9.586767414550438e-05,0.0,0.0003132871106972,0.040724599663765966,0.03157016578883855,0.05213302056637509,0.005239346249789563
beta_control,3000,0.9,0.9,0.5,False,outcome_based,-0.000118134186694,500,0,0.418,0.3755530480719333,0.4616973437637613,0.132,0.55,5.9796833940220897e-05,7.006070189732445e-05,6.497380268174788e-05,2.630951998696713e-06,-1.71991466392463e-05,4.547961584690256e-05,0.0010160832367372,0.0010169551262425,0.0,0.0003132871106972,0.20739379458399335,0.19086911621466632,0.22363097460795286,0.008397894164371146
beta_control,3000,0.9,0.9,0.5,False,beta_known_mean,-0.000118134186694,500,0,0.0,4.336808689942019e-19,0.0076243404615522,0.0,0.0,5.123253674341494e-23,9.006952595042943e-07,0.0,0.0,5.721283589025985e-08,1.132778278146792e-06,2.5304414642543205e-05,2.532969233371392e-05,0.0,0.0003132871106972,0.0,1.6353222010762038e-19,0.0028749834536756264,0.0
beta_control,3000,0.0,0.9,0.0588235294117647,False,beta_estimated_mean,-0.0001448285645434,500,0,0.49,0.4464261747403093,0.5337263120689218,0.0,0.49,6.465526206225145e-05,7.729881563599832e-05,7.09659966262785e-05,3.24106007844613e-06,6.13584017417198e-05,9.481117919195156e-05,0.0021188099357065,0.0021200424170011,0.15000000000000002,0.0005280169993554795,0.13440096950079766,0.1224492055012859,0.14639455875540486,0.006138173737592367
beta_control,3000,0.0,0.9,0.0588235294117647,False,risk_only,-0.0001448285645434,500,0,0.488,0.4444452370209479,0.5317377471501294,0.0,0.488,6.436836569590641e-05,7.701081463330821e-05,7.067633949719166e-05,3.240774738467724e-06,6.190468319848136e-05,9.502977096151016e-05,0.0021237067163173,0.0021249302775617,0.15000000000000002,0.0005280169993554795,0.13385239411508013,0.12190585866454533,0.1458491198717294,0.006137633338365155
beta_control,3000,0.0,0.9,0.0588235294117647,False,outcome_based,-0.0001448285645434,500,0,0.416,0.3735974667931464,0.4596834224043944,0.012,0.428,5.5808493291691456e-05,6.832376596646853e-05,6.198662562458613e-05,3.207922386784493e-06,5.074523121006991e-05,3.1021371188024904e-05,0.0006948204719298,0.0006936589473167,0.15000000000000002,0.0005280169993554795,0.11739513254355388,0.10569450104790892,0.1293969058758856,0.006075414978495432
beta_control,3000,0.0,0.9,0.0588235294117647,False,beta_known_mean,-0.0001448285645434,500,0,0.0,4.336808689942019e-19,0.0076243404615522,0.0,0.0,6.280937772637562e-23,1.1042222846369695e-06,0.0,0.0,4.013525735848955e-06,2.149811648710791e-06,4.8190577514423854e-05,4.807124985338228e-05,0.15000000000000002,0.0005280169993554795,0.0,1.189533249934064e-19,0.0020912627547689396,0.0
beta_control,3000,0.0,0.9,0.1111111111111111,False,beta_estimated_mean,-0.0008863961521738,500,0,0.39,0.3482413304011046,0.433436024500437,0.0,0.39,0.0003086797752954,0.0003841960243307,0.0003456944993477,1.935418153853333e-05,7.740451871705207e-05,9.127952387912452e-05,0.0020404987742799,0.0020410722034753,0.10000000000000002,0.006196772497093578,0.05578621766570231,0.049812991430648386,0.06199937540242059,0.0031232680476184762
beta_control,3000,0.0,0.9,0.1111111111111111,False,risk_only,-0.0008863961521738,500,0,0.372,0.3307607484885237,0.4151910826696337,0.0,0.372,0.0002931850547503,0.0003680237780952,0.0003297393686086,1.9179129038367848e-05,7.696789632827767e-05,9.172960459040509e-05,0.0020505291794712,0.0020511363141332,0.10000000000000002,0.006196772497093578,0.05321146915805849,0.047312541308852346,0.059389590027358795,0.0030950190679685722
beta_control,3000,0.0,0.9,0.1111111111111111,False,outcome_based,-0.0008863961521738,500,0,0.328,0.2882961898405897,0.3703265832781843,0.004,0.332,0.0002589521635568,0.0003318856319986,0.0002942835225217,1.8686796769758983e-05,2.689615217367819e-05,9.196196469382554e-05,0.0020544507478218,0.0020563320439982,0.10000000000000002,0.006196772497093578,0.04748980580773708,0.04178823148312355,0.053557820971201,0.0030155692787694724
beta_control,3000,0.0,0.9,0.1111111111111111,False,beta_known_mean,-0.0008863961521738,500,0,0.0,4.336808689942019e-19,0.0076243404615522,0.0,0.0,3.844130535478679e-22,6.758186047983231e-06,0.0,0.0,2.502264808225502e-05,1.2933774627738062e-05,0.0002900001956059,0.0002892079927328,0.10000000000000002,0.006196772497093578,0.0,6.203439834658543e-20,0.0010905977347325513,0.0
beta_control,3000,0.0,0.9,0.2,True,beta_estimated_mean,-0.0021931319985468,500,0,0.068,0.0490665074249068,0.0935209227338743,0.0,0.068,0.0001076093274904,0.0002051037281812,0.0001491329759011,2.4715927417532534e-05,9.195895743535764e-05,6.752896408113042e-05,0.0015112831580475,0.0015099935413554,0.0,0.0469155015575012,0.0031787569342793375,0.0022936838340843575,0.004371768847655141,0.0005268179300447182
beta_control,3000,0.0,0.9,0.2,True,risk_only,-0.0021931319985468,500,0,0.08,0.0592981294098525,0.1071063165778513,0.0,0.08,0.0001300486250627,0.0002348982901333,0.0001754505598837,2.663504321782484e-05,8.946515860320793e-05,6.918056813840358e-05,0.0015479643302001,0.0015469245307952,0.0,0.0469155015575012,0.0037397140403297607,0.0027719755889917975,0.005006837448927212,0.0005677237231532107
beta_control,3000,0.0,0.9,0.2,True,outcome_based,-0.0021931319985468,500,0,0.244,0.208398855460222,0.2835048068560928,0.006,0.25,0.0004694366074584,0.0006354899843319,0.0005482829996367,4.251235216165295e-05,-0.0004612013347865,0.0001853546679425,0.0041661165108912,0.0041446563746635,0.0,0.0469155015575012,0.011686606376033432,0.010006002107491974,0.01354541597627433,0.0009061472381265794
beta_control,3000,0.0,0.9,0.2,True,beta_known_mean,-0.0021931319985468,500,0,0.0,4.336808689942019e-19,0.0076243404615522,0.0,0.0,9.511193909487825e-22,1.6721185034045575e-05,0.0,0.0,6.125614483204429e-05,3.194323272024316e-05,0.0007161822418022,0.0007142723978355,0.0,0.0469155015575012,0.0,2.027303043500577e-20,0.00035641066340411033,0.0
beta_control,3000,0.0,0.9,0.3333333333333333,False,beta_estimated_mean,-0.0013204894972435,500,0,0.006,0.0020425962719602,0.0174902521040533,0.0,0.006,2.697226924232234e-06,2.3095694207543635e-05,7.922936983461043e-06,4.565133642888452e-06,4.283312566941916e-05,2.407747618338482e-05,0.0005395529459431,0.0005383887347268,0.0,0.0080558984632644,0.0009834951395664092,0.0003348139175948933,0.002866929655687943,0.0005666821228824892
beta_control,3000,0.0,0.9,0.3333333333333333,False,risk_only,-0.0013204894972435,500,0,0.022,0.0123280082699275,0.0389608612113163,0.0,0.022,1.627900544237047e-05,5.1447408033105205e-05,2.9050768939357152e-05,8.670925330249807e-06,4.014816567613408e-05,2.8969439018905244e-05,0.0006483724588113,0.000647776349163,0.0,0.0080558984632644,0.0036061488450768336,0.0020207560356680456,0.006386302939108515,0.0010763449129591173
beta_control,3000,0.0,0.9,0.3333333333333333,False,outcome_based,-0.0013204894972435,500,0,0.326,0.2863753160352474,0.3682779544453728,0.012,0.338,0.0003933910197396,0.0005025218675239,0.0004463254500683,2.7962244147663716e-05,-0.0002825105027564,0.0001707300388302,0.003824269409639,0.0038176397262565,0.0,0.0080558984632644,0.05540355952890705,0.04883266857613678,0.06237936957813502,0.003471027381386942
beta_control,3000,0.0,0.9,0.3333333333333333,False,beta_known_mean,-0.0013204894972435,500,0,0.0,4.336808689942019e-19,0.0076243404615522,0.0,0.0,5.726710326622807e-22,1.0067861502888449e-05,0.0,0.0,3.729358162585975e-05,1.929615681143132e-05,0.0004326537916261,0.0004314751833485,0.0,0.0080558984632644,0.0,7.108717112978901e-20,0.0012497502977226905,0.0
beta_control,3000,0.0,0.9,0.5,False,beta_estimated_mean,-0.000118134186694,500,0,0.002,0.0003531363945592,0.0112407067051467,0.0,0.002,4.171748076334213e-08,1.3279117444792833e-06,2.362683733881741e-07,2.362683733881741e-07,3.0470317102915075e-06,1.934473512002612e-06,4.332015811137746e-05,4.325614273510596e-05,0.0,0.0003132871106972,0.0007541592530327031,0.00013316053976974223,0.0042386414861565885,0.0007541592530327031
beta_control,3000,0.0,0.9,0.5,False,risk_only,-0.000118134186694,500,0,0.156,0.126830791403845,0.1904147548337029,0.0,0.156,1.4983052390260636e-05,2.249449219683348e-05,1.8428933124277575e-05,1.9189287311687536e-06,4.727504428133321e-06,5.358848858258494e-06,0.0001198009289607,0.0001198275032821,0.0,0.0003132871106972,0.05882442173655082,0.047825307453335165,0.07180152463589536,0.0061251442068532705
beta_control,3000,0.0,0.9,0.5,False,outcome_based,-0.000118134186694,500,0,0.408,0.3657823909308153,0.4516204877141103,0.126,0.534,5.790728997738196e-05,6.819877413425674e-05,6.308365569464248e-05,2.638085760492223e-06,-4.653247997257962e-05,5.68409908510249e-05,0.0012705839184857,0.0012710031945133,0.0,0.0003132871106972,0.20136052055973172,0.18483776701988494,0.2176877752247286,0.008420664848360137
beta_control,3000,0.0,0.9,0.5,False,beta_known_mean,-0.000118134186694,500,0,0.0,4.336808689942019e-19,0.0076243404615522,0.0,0.0,5.123253674341494e-23,9.006952595042943e-07,0.0,0.0,2.997514272741573e-06,1.8142757362839443e-06,4.063854966657085e-05,4.056843876259382e-05,0.0,0.0003132871106972,0.0,1.6353222010762038e-19,0.0028749834536756264,0.0
beta_control,3000,0.9,0.0,0.0588235294117647,False,beta_estimated_mean,-0.0001448285645434,500,0,0.482,0.4385065876245351,0.5257678886320809,0.0,0.482,6.350827962849725e-05,7.614620859361189e-05,6.98073681099311e-05,3.239607176847426e-06,-7.529070877813071e-07,6.404588841316198e-05,0.0014306769734506,0.0014321096017119,0.15000000000000002,0.0005280169993554795,0.13220666795792752,0.12027696022290611,0.14421166115212058,0.006135422118609498
beta_control,3000,0.9,0.0,0.0588235294117647,False,risk_only,-0.0001448285645434,500,0,0.482,0.4385065876245351,0.5257678886320809,0.0,0.482,6.350827962849725e-05,7.614620859361189e-05,6.98073681099311e-05,3.239607176847426e-06,-2.926419592643725e-06,6.401503178258709e-05,0.0014299904848285,0.0014314196264767,0.15000000000000002,0.0005280169993554795,0.13220666795792752,0.12027696022290611,0.14421166115212058,0.006135422118609498
beta_control,3000,0.9,0.0,0.0588235294117647,False,outcome_based,-0.0001448285645434,500,0,0.388,0.3462960293500537,0.4314118229133341,0.01,0.398,5.156331063424854e-05,6.394548808838415e-05,5.764176868828336e-05,3.173538234930612e-06,-4.2379768789930936e-05,4.164555456283832e-05,0.0009312560335434,0.0009312229096318,0.15000000000000002,0.0005280169993554795,0.10916650175779076,0.09765464122781835,0.1211049798897361,0.006010295575340132
beta_control,3000,0.9,0.0,0.0588235294117647,False,beta_known_mean,-0.0001448285645434,500,0,0.0,4.336808689942019e-19,0.0076243404615522,0.0,0.0,6.280937772637562e-23,1.1042222846369695e-06,0.0,0.0,3.513645358690365e-07,2.0611524551015803e-06,4.604399884001747e-05,4.6088770015977165e-05,0.15000000000000002,0.0005280169993554795,0.0,1.189533249934064e-19,0.0020912627547689396,0.0
beta_control,3000,0.9,0.0,0.1111111111111111,False,beta_estimated_mean,-0.0008863961521738,500,0,0.248,0.2121642083459476,0.2876784592466748,0.0,0.248,0.0001880615379068,0.0002549970793395,0.0002198262457391,1.7136114289251928e-05,3.0702839421106187e-06,6.638107322130857e-05,0.001482844031167,0.0014843259214223,0.10000000000000002,0.006196772497093578,0.035474312772044374,0.0303483043786108,0.04114998242376967,0.0027653289349075087
beta_control,3000,0.9,0.0,0.1111111111111111,False,risk_only,-0.0008863961521738,500,0,0.252,0.2159338483813718,0.2918478244875581,0.0,0.252,0.0001914029323293,0.000258692788646,0.0002233718303478,1.7227753877686147e-05,2.6360185632308685e-06,6.562866489766137e-05,0.0014660356936522,0.0014675015598372,0.10000000000000002,0.006196772497093578,0.036046479107078123,0.03088751965947954,0.041746375031087975,0.002780117211946435
beta_control,3000,0.9,0.0,0.1111111111111111,False,outcome_based,-0.0008863961521738,500,0,0.368,0.3268845483787568,0.4111282775030931,0.008,0.376,0.0002966236223855,0.000371622314189,0.0003332849532173,1.9220461295224453e-05,-0.0001428538478263,0.0001330355464587,0.0029752205088041,0.0029747652530563,0.10000000000000002,0.006196772497093578,0.053783635493092244,0.04786743785165955,0.059970301372738635,0.0031016890331602895
beta_control,3000,0.9,0.0,0.1111111111111111,False,beta_known_mean,-0.0008863961521738,500,0,0.0,4.336808689942019e-19,0.0076243404615522,0.0,0.0,3.844130535478679e-22,6.758186047983231e-06,0.0,0.0,4.299782427196808e-06,1.233718779065375e-05,0.0002756254400763,0.0002758679055108,0.10000000000000002,0.006196772497093578,0.0,6.203439834658543e-20,0.0010905977347325513,0.0
beta_control,3000,0.9,0.0,0.2,True,beta_estimated_mean,-0.0021931319985468,500,0,0.054,0.0373743501810575,0.077426561510647,0.0,0.054,8.1966883306972e-05,0.0001698066695864,0.0001184291279215,2.2189981836782335e-05,1.077667603622054e-05,5.853320930705602e-05,0.0013075772619797,0.001308842349518,0.0,0.0469155015575012,0.002524306977222642,0.0017471172765042412,0.0036194149896975796,0.0004729776108134654
beta_control,3000,0.9,0.0,0.2,True,risk_only,-0.0021931319985468,500,0,0.046,0.0308451083708162,0.0680777927682732,0.0,0.046,6.764739416668189e-05,0.0001493035857105,0.0001008840719331,2.0566841531994655e-05,1.817114974281945e-05,5.7811432382705885e-05,0.0012915374117844,0.0012927029268436,0.0,0.0469155015575012,0.002150335573189026,0.0014418985606233152,0.0031823934681271294,0.00043838051068871656
beta_control,3000,0.9,0.0,0.2,True,outcome_based,-0.0021931319985468,500,0,0.322,0.2825360924255015,0.3641781727788112,0.008,0.33,0.0006364861624471,0.0008166661595053,0.0007237335595204,4.616457799855097e-05,-0.0003348680014531,0.0002667425134287,0.0059679786565523,0.0059645439251578,0.0,0.0469155015575012,0.015426320416363194,0.013566649429656023,0.017407171028628283,0.000983994127015143
beta_control,3000,0.9,0.0,0.2,True,beta_known_mean,-0.0021931319985468,500,0,0.0,4.336808689942019e-19,0.0076243404615522,0.0,0.0,9.511193909487825e-22,1.6721185034045575e-05,0.0,0.0,1.158740013256429e-05,3.042558708754933e-05,0.0006797549016397,0.000680336809831,0.0,0.0469155015575012,0.0,2.027303043500577e-20,0.00035641066340411033,0.0
beta_control,3000,0.9,0.0,0.3333333333333333,False,beta_estimated_mean,-0.0013204894972435,500,0,0.006,0.0020425962719602,0.0174902521040533,0.0,0.006,2.697226924232234e-06,2.3095694207543635e-05,7.922936983461043e-06,4.565133642888452e-06,5.446031624288978e-06,2.327438620698434e-05,0.0005199389280127,0.000520431096934,0.0,0.0080558984632644,0.0009834951395664092,0.0003348139175948933,0.002866929655687943,0.0005666821228824892
beta_control,3000,0.9,0.0,0.3333333333333333,False,risk_only,-0.0013204894972435,500,0,0.026,0.0152563839233272,0.0439714908342242,0.0,0.026,2.014589473666832e-05,5.80638918247323e-05,3.4332726928331185e-05,9.406993218203426e-06,-4.953635890948216e-06,2.949451856826165e-05,0.0006588762589968,0.0006595174848226,0.0,0.0080558984632644,0.00426181227145444,0.002500763239325242,0.007207624585824749,0.0011677149682434724
beta_control,3000,0.9,0.0,0.3333333333333333,False,outcome_based,-0.0013204894972435,500,0,0.336,0.2959880078270491,0.37851277584434,0.018,0.354,0.0004137652230545,0.0005240811565526,0.0004674532820242,2.826848725565238e-05,-0.0002775105027564,0.0002203414103582,0.0049298712256368,0.0049269837181932,0.0,0.0080558984632644,0.05802621323441796,0.05136177236360483,0.06505558119214831,0.003509042148999165
beta_control,3000,0.9,0.0,0.3333333333333333,False,beta_known_mean,-0.0013204894972435,500,0,0.0,4.336808689942019e-19,0.0076243404615522,0.0,0.0,5.726710326622807e-22,1.0067861502888449e-05,0.0,0.0,6.060551348214649e-06,1.8417541137724227e-05,0.0004114613411257,0.0004118287396235,0.0,0.0080558984632644,0.0,7.108717112978901e-20,0.0012497502977226905,0.0
beta_control,3000,0.9,0.0,0.5,False,beta_estimated_mean,-0.000118134186694,500,0,0.0,4.336808689942019e-19,0.0076243404615522,0.0,0.0,5.123253674341494e-23,9.006952595042943e-07,0.0,0.0,-3.748703566486796e-07,1.8977802812600016e-06,4.239485765700836e-05,4.243565715256034e-05,0.0,0.0003132871106972,0.0,1.6353222010762038e-19,0.0028749834536756264,0.0
beta_control,3000,0.9,0.0,0.5,False,risk_only,-0.000118134186694,500,0,0.194,0.1617264666432368,0.2309396297192332,0.0,0.194,1.910542460380718e-05,2.7281865332315228e-05,2.291803221865289e-05,2.0911910366851434e-06,2.1343072977457267e-06,5.959554399223968e-06,0.0001331434688509,0.0001332596875227,0.0,0.0003132871106972,0.0731534475441722,0.060983755639640924,0.08708262932235297,0.006674998636335004
beta_control,3000,0.9,0.0,0.5,False,outcome_based,-0.000118134186694,500,0,0.432,0.3892622537365845,0.4757746565661866,0.102,0.534,5.790728997738196e-05,6.819877413425674e-05,6.308365569464248e-05,2.638085760492223e-06,4.613418669408706e-05,5.8515259777336494e-05,0.0013079457714139,0.0013084409858318,0.0,0.0003132871106972,0.20136052055973172,0.18483776701988494,0.2176877752247286,0.008420664848360137
beta_control,3000,0.9,0.0,0.5,False,beta_known_mean,-0.000118134186694,500,0,0.0,4.336808689942019e-19,0.0076243404615522,0.0,0.0,5.123253674341494e-23,9.006952595042943e-07,0.0,0.0,-2.3228472518381766e-07,1.7514108547533524e-06,3.912424449475466e-05,3.916273727759507e-05,0.0,0.0003132871106972,0.0,1.6353222010762038e-19,0.0028749834536756264,0.0
beta_control,10000,-0.5,-0.5,0.0588235294117647,False,beta_estimated_mean,-0.0001448285645434,500,0,0.458,0.4148146097748511,0.5018258348239194,0.0,0.458,6.007700448533289e-05,7.26787153083544e-05,6.633148256088888e-05,3.230251491541766e-06,4.395526155188062e-05,7.246621890460104e-05,0.0016193693690139,0.0016203939154306,0.15000000000000002,0.0005280169993554795,0.125623763329317,0.1137785422792552,0.13764465045077942,0.00611770358811317
beta_control,10000,-0.5,-0.5,0.0588235294117647,False,risk_only,-0.0001448285645434,500,0,0.458,0.4148146097748511,0.5018258348239194,0.0,0.458,6.007700448533289e-05,7.26787153083544e-05,6.633148256088888e-05,3.230251491541766e-06,4.646660177673312e-05,7.246725296422624e-05,0.0016194625708608,0.0016204170377068,0.15000000000000002,0.0005280169993554795,0.125623763329317,0.1137785422792552,0.13764465045077942,0.00611770358811317
beta_control,10000,-0.5,-0.5,0.0588235294117647,False,outcome_based,-0.0001448285645434,500,0,0.378,0.3365807935394356,0.4212795455331832,0.004,0.382,4.9309002950483545e-05,6.160061681986788e-05,5.532451165558855e-05,3.150140123872454e-06,-2.921435456331778e-06,2.3844019418382803e-05,0.0005326430592199,0.0005331684827632,0.15000000000000002,0.0005280169993554795,0.10477789867205044,0.0933852565555129,0.11666407879871343,0.005965982397759261
beta_control,10000,-0.5,-0.5,0.0588235294117647,False,beta_known_mean,-0.0001448285645434,500,0,0.0,4.336808689942019e-19,0.0076243404615522,0.0,0.0,6.280937772637562e-23,1.1042222846369695e-06,0.0,0.0,-4.944392512966633e-07,1.4271159812293368e-06,3.188319027464832e-05,3.191128345805111e-05,0.15000000000000002,0.0005280169993554795,0.0,1.189533249934064e-19,0.0020912627547689396,0.0
beta_control,10000,-0.5,-0.5,0.1111111111111111,False,beta_estimated_mean,-0.0008863961521738,500,0,0.288,0.250043271115854,0.3291894492398441,0.0,0.288,0.000221637393394,0.0002917922611424,0.000255282091826,1.7968582998187962e-05,3.743081883633842e-05,7.109203089008266e-05,0.0015885167350018,0.0015896661372873,0.10000000000000002,0.006196772497093578,0.04119597612236578,0.03576658550849701,0.04708778017577004,0.002899668013730635
beta_control,10000,-0.5,-0.5,0.1111111111111111,False,risk_only,-0.0008863961521738,500,0,0.282,0.2443364332272433,0.3229877792139934,0.0,0.282,0.0002165788742485,0.0002862951246944,0.000249963714913,1.785518546287195e-05,4.0688034597058834e-05,7.113243256938223e-05,0.0015894990326561,0.0015905695463005,0.10000000000000002,0.006196772497093578,0.04033772661982322,0.03495027037866571,0.04620068347332078,0.002881368562626177
beta_control,10000,-0.5,-0.5,0.1111111111111111,False,outcome_based,-0.0008863961521738,500,0,0.306,0.2672134637311363,0.3477447803679459,0.0,0.306,0.0002368569860603,0.0003082396352566,0.0002712372225651,1.828597146753428e-05,-2.8878847825903772e-05,7.42572623099064e-05,0.0016590329561907,0.0016604428634798,0.10000000000000002,0.006196772497093578,0.043770724630009604,0.03822263705362608,0.04974196412748268,0.002950886364815039
beta_control,10000,-0.5,-0.5,0.1111111111111111,False,beta_known_mean,-0.0008863961521738,500,0,0.0,4.336808689942019e-19,0.0076243404615522,0.0,0.0,3.844130535478679e-22,6.758186047983231e-06,0.0,0.0,-3.2472969643636272e-06,8.652634445686515e-06,0.000193312488681,0.0001934787880501,0.10000000000000002,0.006196772497093578,0.0,6.203439834658543e-20,0.0010905977347325513,0.0
beta_control,10000,-0.5,-0.5,0.2,True,beta_estimated_mean,-0.0021931319985468,500,0,0.04,0.0260407973897772,0.0609735958348508,0.0,0.04,5.711090602319544e-05,0.0001337231440918,8.772527994187345e-05,1.9238894398525044e-05,1.5604414911633322e-05,5.361392363028392e-05,0.0011977459866243,0.0011988437777779,0.0,0.0469155015575012,0.0018698570201653802,0.001217314195249483,0.0028502976554114945,0.00041007542837296994
beta_control,10000,-0.5,-0.5,0.2,True,risk_only,-0.0021931319985468,500,0,0.038,0.0244601180558303,0.0585847725306438,0.0,0.038,5.364426759647485e-05,0.0001284841392645,8.333901594477978e-05,1.8771277627323048e-05,9.18867415018418e-06,5.413168006909314e-05,0.0012092450481589,0.0012104211637076,0.0,0.0469155015575012,0.0017763641691571112,0.0011434230865192104,0.002738628704779497,0.0004001082159233946
beta_control,10000,-0.5,-0.5,0.2,True,outcome_based,-0.0021931319985468,500,0,0.296,0.2576653952306019,0.3374453356777114,0.002,0.298,0.0005692783169361,0.0007445837129515,0.0006535533355669,4.490463666375936e-05,-0.0001791680014533,0.0001798486070641,0.0040215067304117,0.0040215371105418,0.0,0.0469155015575012,0.013930434800230863,0.012134119811942614,0.01587073969653534,0.0009571385826222648
beta_control,10000,-0.5,-0.5,0.2,True,beta_known_mean,-0.0021931319985468,500,0,0.0,4.336808689942019e-19,0.0076243404615522,0.0,0.0,9.511193909487825e-22,1.6721185034045575e-05,0.0,0.0,-8.622665857865627e-06,2.1394970033383705e-05,0.0004780052060265,0.0004784060737121,0.0,0.0469155015575012,0.0,2.027303043500577e-20,0.00035641066340411033,0.0
beta_control,10000,-0.5,-0.5,0.3333333333333333,False,beta_estimated_mean,-0.0013204894972435,500,0,0.002,0.0003531363945592,0.0112407067051467,0.0,0.002,4.663129001099612e-07,1.484323514574096e-05,2.640978994487014e-06,2.640978994487013e-06,1.220419734387305e-07,1.8111974721378667e-05,0.0004045908864765,0.0004049960668376,0.0,0.0080558984632644,0.00032783171318880304,5.788465460884205e-05,0.0018425300683005635,0.00032783171318880294
beta_control,10000,-0.5,-0.5,0.3333333333333333,False,risk_only,-0.0013204894972435,500,0,0.006,0.0020425962719602,0.0174902521040533,0.0,0.006,2.697226924232234e-06,2.3095694207543635e-05,7.922936983461043e-06,4.565133642888452e-06,4.164697103038687e-06,2.149073963082723e-05,0.0004800848234969,0.0004805475470127,0.0,0.0080558984632644,0.0009834951395664092,0.0003348139175948933,0.002866929655687943,0.0005666821228824892
beta_control,10000,-0.5,-0.5,0.3333333333333333,False,outcome_based,-0.0013204894972435,500,0,0.362,0.3210760441781857,0.4050282737892027,0.004,0.366,0.0004290898994013,0.0005402065994636,0.0004832991559911,2.8475401096342613e-05,0.0001154894972435,0.0001343278748283,0.0030028790891365,0.0030036625938936,0.0,0.0080558984632644,0.05999320351354803,0.053264065002555254,0.06705727510432129,0.0035347269117396315
beta_control,10000,-0.5,-0.5,0.3333333333333333,False,beta_known_mean,-0.0013204894972435,500,0,0.0,4.336808689942019e-19,0.0076243404615522,0.0,0.0,5.726710326622807e-22,1.0067861502888449e-05,0.0,0.0,-4.750476644171652e-06,1.2899689993032252e-05,0.0002881964017551,0.0002884458371309,0.0,0.0080558984632644,0.0,7.108717112978901e-20,0.0012497502977226905,0.0
beta_control,10000,-0.5,-0.5,0.5,False,beta_estimated_mean,-0.000118134186694,500,0,0.0,4.336808689942019e-19,0.0076243404615522,0.0,0.0,5.123253674341494e-23,9.006952595042943e-07,0.0,0.0,-3.1428053323775093e-07,1.3263081554562873e-06,2.9629146807582428e-05,2.965715194712617e-05,0.0,0.0003132871106972,0.0,1.6353222010762038e-19,0.0028749834536756264,0.0
beta_control,10000,-0.5,-0.5,0.5,False,risk_only,-0.000118134186694,500,0,0.07,0.0507597429450181,0.0957971898519168,0.0,0.07,5.996460949610636e-06,1.1316923110735248e-05,8.269393068586094e-06,1.349322670496182e-06,-1.9755111888496773e-06,3.738985796478223e-06,8.354597550333558e-05,8.3606264078315e-05,0.0,0.0003132871106972,0.02639557385614461,0.019140464911773434,0.03612316857067683,0.004306984310632355
beta_control,10000,-0.5,-0.5,0.5,False,outcome_based,-0.000118134186694,500,0,0.426,0.3833825783667519,0.4697458240215578,0.038,0.464,4.970238219141195e-05,5.999099311938516e-05,5.481426262605639e-05,2.6373435606244964e-06,-9.865813305912956e-06,3.693833891451437e-05,0.0008251989664754,0.0008259663678877,0.0,0.0003132871106972,0.17496494670358712,0.15864802762169994,0.191488864594139,0.008418295775894709
beta_control,10000,-0.5,-0.5,0.5,False,beta_known_mean,-0.000118134186694,500,0,0.0,4.336808689942019e-19,0.0076243404615522,0.0,0.0,5.123253674341494e-23,9.006952595042943e-07,0.0,0.0,-4.443256974624686e-07,1.1875646753313548e-06,2.653190616059773e-05,2.655475341718377e-05,0.0,0.0003132871106972,0.0,1.6353222010762038e-19,0.0028749834536756264,0.0
beta_control,10000,0.0,0.0,0.0588235294117647,False,beta_estimated_mean,-0.0001448285645434,500,0,0.444,0.4010408191814197,0.4878131069502743,0.0,0.444,5.8082166165364485e-05,7.064927204507674e-05,6.430388265728093e-05,3.221312325161207e-06,4.321373544595047e-05,5.95845878967524e-05,0.0013317201887893,0.0013323518894844,0.15000000000000002,0.0005280169993554795,0.12178373562929422,0.11000056103546306,0.13380113165165952,0.006100773893820238
beta_control,10000,0.0,0.0,0.0588235294117647,False,risk_only,-0.0001448285645434,500,0,0.434,0.3912235726331776,0.4777828403077473,0.0,0.434,5.666034844001368e-05,6.919660292525176e-05,6.285559701184668e-05,3.213342615967898e-06,4.4061878091048777e-05,5.960989324580042e-05,0.0013323129497666,0.0013329177342911,0.15000000000000002,0.0005280169993554795,0.1190408587007065,0.10730781112952001,0.13104995295552255,0.0060856802335724864
beta_control,10000,0.0,0.0,0.0588235294117647,False,outcome_based,-0.0001448285645434,500,0,0.366,0.3249476048822134,0.4090957183614825,0.002,0.368,4.734221991312128e-05,5.954311827398408e-05,5.329691175198059e-05,3.1267013553276806e-06,-9.408935456331646e-06,2.3914939726495013e-05,0.0005343021381065,0.0005347543090625,0.15000000000000002,0.0005280169993554795,0.10093787097202762,0.08966040860599042,0.11276742670532387,0.0059215922198419145
beta_control,10000,0.0,0.0,0.0588235294117647,False,beta_known_mean,-0.0001448285645434,500,0,0.0,4.336808689942019e-19,0.0076243404615522,0.0,0.0,6.280937772637562e-23,1.1042222846369695e-06,0.0,0.0,-6.758018216878603e-07,1.444256585912333e-06,3.226932558935528e-05,3.229455903051742e-05,0.15000000000000002,0.0005280169993554795,0.0,1.189533249934064e-19,0.0020912627547689396,0.0
beta_control,10000,0.0,0.0,0.1111111111111111,False,beta_estimated_mean,-0.0008863961521738,500,0,0.242,0.2065178085511286,0.2814163511270323,0.0,0.242,0.000183056590855,0.0002494463707978,0.000214507868826,1.6994949370577432e-05,3.583281189954077e-05,5.89377963687538e-05,0.0013170581790377,0.0013178891912457,0.10000000000000002,0.006196772497093578,0.03461606326948567,0.029540634409421607,0.0402542405606783,0.0027425485409619988
beta_control,10000,0.0,0.0,0.1111111111111111,False,risk_only,-0.0008863961521738,500,0,0.248,0.2121642083459476,0.2876784592466748,0.0,0.248,0.0001880615379068,0.0002549970793395,0.0002198262457391,1.7136114289251928e-05,3.6957411240804206e-05,5.922515101621871e-05,0.001323505756761,0.0013243146364995,0.10000000000000002,0.006196772497093578,0.035474312772044374,0.0303483043786108,0.04114998242376967,0.0027653289349075087
beta_control,10000,0.0,0.0,0.1111111111111111,False,outcome_based,-0.0008863961521738,500,0,0.304,0.2653020630572646,0.3456866784036638,0.0,0.304,0.0002351627278577,0.0003064153415947,0.0002694644302608,1.82523589468459e-05,5.9021152174090206e-05,7.434906630935489e-05,0.0016618807247451,0.0016624956633135,0.10000000000000002,0.006196772497093578,0.0434846414625008,0.03794922727403604,0.0494475699629792,0.0029454621668629365
beta_control,10000,0.0,0.0,0.1111111111111111,False,beta_known_mean,-0.0008863961521738,500,0,0.0,4.336808689942019e-19,0.0076243404615522,0.0,0.0,3.844130535478679e-22,6.758186047983231e-06,0.0,0.0,-4.302188179491323e-06,8.752194222542671e-06,0.000195556538561,0.0001957050123388,0.10000000000000002,0.006196772497093578,0.0,6.203439834658543e-20,0.0010905977347325513,0.0
beta_control,10000,0.0,0.0,0.2,True,beta_estimated_mean,-0.0021931319985468,500,0,0.022,0.0123280082699275,0.0389608612113163,0.0,0.022,2.7036949415128204e-05,8.544631141348018e-05,4.82489039680304e-05,1.4401086747359702e-05,1.2717345488246836e-05,4.643119669979522e-05,0.0010372723308451,0.001038233120974,0.0,0.0469155015575012,0.001028421361090959,0.0005762903202045238,0.0018212809961917242,0.00030695796206525153
beta_control,10000,0.0,0.0,0.2,True,risk_only,-0.0021931319985468,500,0,0.026,0.0152563839233272,0.0439714908342242,0.0,0.026,3.345926376436452e-05,9.64352835723462e-05,5.702143196221775e-05,1.5623583436310033e-05,1.4203395565284729e-05,4.7442189777192656e-05,0.0010598734172071,0.0010608396134324,0.0,0.0469155015575012,0.0012154070631074973,0.0007131814145342928,0.002055510020587799,0.00033301537695725684
beta_control,10000,0.0,0.0,0.2,True,outcome_based,-0.0021931319985468,500,0,0.226,0.191509780865554,0.2646683577073766,0.01,0.236,0.0004405591970082,0.0006034278920038,0.000517579151657,4.168858739195924e-05,-0.0001876180014533,0.000152624161404,0.0034145239348949,0.0034127799990837,0.0,0.0469155015575012,0.011032156418974606,0.009390482513934886,0.012862015154292203,0.000888588760814255
beta_control,10000,0.0,0.0,0.2,True,beta_known_mean,-0.0021931319985468,500,0,0.0,4.336808689942019e-19,0.0076243404615522,0.0,0.0,9.511193909487825e-22,1.6721185034045575e-05,0.0,0.0,-1.1182656394200269e-05,2.1638179110141745e-05,0.0004834896468489,0.0004838443939959,0.0,0.0469155015575012,0.0,2.027303043500577e-20,0.00035641066340411033,0.0
beta_control,10000,0.0,0.0,0.3333333333333333,False,beta_estimated_mean,-0.0013204894972435,500,0,0.0,4.336808689942019e-19,0.0076243404615522,0.0,0.0,5.726710326622807e-22,1.0067861502888449e-05,0.0,0.0,-1.512855829957454e-06,1.6936013278866178e-05,0.0003783249041207,0.0003787007695938,0.0,0.0080558984632644,0.0,7.108717112978901e-20,0.0012497502977226905,0.0
beta_control,10000,0.0,0.0,0.3333333333333333,False,risk_only,-0.0013204894972435,500,0,0.002,0.0003531363945592,0.0112407067051467,0.0,0.002,4.663129001099612e-07,1.484323514574096e-05,2.640978994487014e-06,2.640978994487014e-06,-3.865083666493744e-06,1.970234192104108e-05,0.0004401339514072,0.0004405577585139,0.0,0.0080558984632644,0.00032783171318880304,5.788465460884205e-05,0.0018425300683005635,0.00032783171318880304
beta_control,10000,0.0,0.0,0.3333333333333333,False,outcome_based,-0.0013204894972435,500,0,0.294,0.2557584874357568,0.3353827408344027,0.004,0.298,0.0003427637000512,0.000448315456353,0.0003935058701785,2.703717839661242e-05,-4.531050275646974e-05,0.0001241700330765,0.0027741184909192,0.0027765263472753,0.0,0.0080558984632644,0.048846925265123575,0.04254816537400917,0.05565058427652206,0.0033561965210838138
beta_control,10000,0.0,0.0,0.3333333333333333,False,beta_known_mean,-0.0013204894972435,500,0,0.0,4.336808689942019e-19,0.0076243404615522,0.0,0.0,5.726710326622807e-22,1.0067861502888449e-05,0.0,0.0,-6.33352211637116e-06,1.3048926569481876e-05,0.0002915597388626,0.0002917828684276,0.0,0.0080558984632644,0.0,7.108717112978901e-20,0.0012497502977226905,0.0
beta_control,10000,0.0,0.0,0.5,False,beta_estimated_mean,-0.000118134186694,500,0,0.0,4.336808689942019e-19,0.0076243404615522,0.0,0.0,5.123253674341494e-23,9.006952595042943e-07,0.0,0.0,-4.717359677957958e-07,1.3085760740312346e-06,2.923518144710727e-05,2.9260650552636383e-05,0.0,0.0003132871106972,0.0,1.6353222010762038e-19,0.0028749834536756264,0.0
beta_control,10000,0.0,0.0,0.5,False,risk_only,-0.000118134186694,500,0,0.082,0.0610190894684689,0.1093548591573887,0.0,0.082,7.208440507171311e-06,1.2918547347604558e-05,9.687003308915136e-06,1.4509538182018348e-06,-2.9996722829253376e-06,3.7484575814006304e-06,8.378791213143649e-05,8.381805962786261e-05,0.0,0.0003132871106972,0.030920529374340817,0.023009055467138106,0.04123548944881637,0.0046313868929137615
beta_control,10000,0.0,0.0,0.5,False,outcome_based,-0.000118134186694,500,0,0.406,0.3638304421340635,0.4496029338727085,0.038,0.444,4.737663100512744e-05,5.762740464828636e-05,5.245157889217464e-05,2.627569449578119e-06,-3.7665813305912966e-05,3.8210113131093735e-05,0.0008543799350944,0.0008544041038908,0.0,0.0003132871106972,0.16742335417326004,0.1512243223147414,0.1839443841785905,0.008387097202086084
beta_control,10000,0.0,0.0,0.5,False,beta_known_mean,-0.000118134186694,500,0,0.0,4.336808689942019e-19,0.0076243404615522,0.0,0.0,5.123253674341494e-23,9.006952595042943e-07,0.0,0.0,-6.007278899135418e-07,1.202782125212213e-06,2.687483226965322e-05,2.689502594096173e-05,0.0,0.0003132871106972,0.0,1.6353222010762038e-19,0.0028749834536756264,0.0
beta_control,10000,0.3,0.3,0.0588235294117647,False,beta_estimated_mean,-0.0001448285645434,500,0,0.436,0.393185603123056,0.4797903124560227,0.0,0.436,5.6944506499453214e-05,6.948734223484739e-05,6.314525414093352e-05,3.2150427350897125e-06,3.938043585728679e-05,4.996532539641415e-05,0.0011168353307319,0.0011172586410427,0.15000000000000002,0.0005280169993554795,0.11958943408642404,0.10784597194590734,0.13160057785955123,0.006088900052487199
beta_control,10000,0.3,0.3,0.0588235294117647,False,risk_only,-0.0001448285645434,500,0,0.434,0.3912235726331776,0.4777828403077473,0.0,0.434,5.666034844001368e-05,6.919660292525176e-05,6.285559701184668e-05,3.213342615967898e-06,4.0303691605765465e-05,5.006932183136562e-05,0.0011191898609685,0.0011195840720224,0.15000000000000002,0.0005280169993554795,0.1190408587007065,0.10730781112952001,0.13104995295552255,0.0060856802335724864
beta_control,10000,0.3,0.3,0.0588235294117647,False,outcome_based,-0.0001448285645434,500,0,0.358,0.317207603401289,0.4009577092897918,0.01,0.368,4.734221991312128e-05,5.954311827398408e-05,5.329691175198059e-05,3.1267013553276806e-06,-1.813393545633529e-05,2.272329999500448e-05,0.0005079238846362,0.0005081084346195,0.15000000000000002,0.0005280169993554795,0.10093787097202762,0.08966040860599042,0.11276742670532387,0.0059215922198419145
beta_control,10000,0.3,0.3,0.0588235294117647,False,beta_known_mean,-0.0001448285645434,500,0,0.0,4.336808689942019e-19,0.0076243404615522,0.0,0.0,6.280937772637562e-23,1.1042222846369695e-06,0.0,0.0,-6.648627387651485e-07,1.3477607445099582e-06,3.0114034861804463e-05,3.013684642129993e-05,0.15000000000000002,0.0005280169993554795,0.0,1.189533249934064e-19,0.0020912627547689396,0.0
beta_control,10000,0.3,0.3,0.1111111111111111,False,beta_estimated_mean,-0.0008863961521738,500,0,0.216,0.1821677448541941,0.2541628805279675,0.0,0.216,0.0001614727880889,0.0002252889993254,0.0001914615688695,1.632910930773201e-05,3.243257744773842e-05,4.9617386333944846e-05,0.001108842865495,0.0011094784870856,0.10000000000000002,0.006196772497093578,0.030896982091774338,0.026057562733605967,0.036355860963278135,0.0026350990479948586
beta_control,10000,0.3,0.3,0.1111111111111111,False,risk_only,-0.0008863961521738,500,0,0.214,0.1803029999875953,0.2520581227564126,0.0,0.214,0.0001598198854144,0.0002234233501354,0.0001896887765652,1.6274053860806762e-05,3.3805489126822215e-05,5.002869792969651e-05,0.001118067640507,0.001118675693966,0.10000000000000002,0.006196772497093578,0.030610898924265526,0.025790826674588915,0.03605479307820167,0.0026262145122222334
beta_control,10000,0.3,0.3,0.1111111111111111,False,outcome_based,-0.0008863961521738,500,0,0.292,0.2538524938356277,0.3333192317963781,0.0,0.292,0.0002250138737556,0.0002954528845098,0.0002588276764347,1.8042040105843445e-05,4.947115217408002e-05,6.785971629724416e-05,0.0015166782789282,0.0015173893857448,0.10000000000000002,0.006196772497093578,0.041768142457399536,0.03631146275922449,0.04767851081322961,0.0029115221051451475
beta_control,10000,0.3,0.3,0.1111111111111111,False,beta_known_mean,-0.0008863961521738,500,0,0.0,4.336808689942019e-19,0.0076243404615522,0.0,0.0,3.844130535478679e-22,6.758186047983231e-06,0.0,0.0,-4.187831489568667e-06,8.133758346244638e-06,0.0001817426541164,0.0001818763657475,0.10000000000000002,0.006196772497093578,0.0,6.203439834658543e-20,0.0010905977347325513,0.0
beta_control,10000,0.3,0.3,0.2,True,beta_estimated_mean,-0.0021931319985468,500,0,0.01,0.0042787538965904,0.0231930997557307,0.0,0.01,9.383872084519578e-06,5.0865529219781816e-05,2.1931319985468363e-05,9.76859480977207e-06,1.0923709866507314e-05,4.004143037970899e-05,0.0008945245020215,0.0008953536024535,0.0,0.0469155015575012,0.00046746425504134504,0.00020001645027749285,0.0010841945099412254,0.00020821678305622192
beta_control,10000,0.3,0.3,0.2,True,risk_only,-0.0021931319985468,500,0,0.01,0.0042787538965904,0.0231930997557307,0.0,0.01,9.383872084519578e-06,5.0865529219781816e-05,2.1931319985468363e-05,9.76859480977207e-06,1.6554312005275366e-05,4.111107913647734e-05,0.0009185011367989,0.0009192716757753,0.0,0.0469155015575012,0.00046746425504134504,0.00020001645027749285,0.0010841945099412254,0.00020821678305622192
beta_control,10000,0.3,0.3,0.2,True,outcome_based,-0.0021931319985468,500,0,0.236,0.2008812954715588,0.2751443562921407,0.002,0.238,0.0004446772929593,0.0006080154393067,0.0005219654156541,4.181002842725633e-05,-0.0001775180014532,0.0001376150808449,0.0030792093089527,0.0030771667549837,0.0,0.0469155015575012,0.01112564926998301,0.009478259385424851,0.012959798342164071,0.0008911772663458061
beta_control,10000,0.3,0.3,0.2,True,beta_known_mean,-0.0021931319985468,500,0,0.0,4.336808689942019e-19,0.0076243404615522,0.0,0.0,9.511193909487825e-22,1.6721185034045575e-05,0.0,0.0,-1.0858272733995409e-05,2.0088463366396374e-05,0.0004488736302545,0.0004491916965077,0.0,0.0469155015575012,0.0,2.027303043500577e-20,0.00035641066340411033,0.0
beta_control,10000,0.3,0.3,0.3333333333333333,False,beta_estimated_mean,-0.0013204894972435,500,0,0.0,4.336808689942019e-19,0.0076243404615522,0.0,0.0,5.726710326622807e-22,1.0067861502888449e-05,0.0,0.0,-1.815295235518037e-06,1.5210453711599885e-05,0.0003397806475522,0.0003401160846775,0.0,0.0080558984632644,0.0,7.108717112978901e-20,0.0012497502977226905,0.0
beta_control,10000,0.3,0.3,0.3333333333333333,False,risk_only,-0.0013204894972435,500,0,0.002,0.0003531363945592,0.0112407067051467,0.0,0.002,4.663129001099612e-07,1.484323514574096e-05,2.640978994487014e-06,2.640978994487014e-06,-5.262522698099826e-06,1.8119740832884364e-05,0.0004047985586223,0.00040516972237,0.0,0.0080558984632644,0.00032783171318880304,5.788465460884205e-05,0.0018425300683005635,0.00032783171318880304
beta_control,10000,0.3,0.3,0.3333333333333333,False,outcome_based,-0.0013204894972435,500,0,0.304,0.2653020630572646,0.3456866784036638,0.008,0.312,0.0003604315020333,0.0004673394601716,0.0004119927231399,2.738773989299748e-05,4.838949724352891e-05,0.000115085370334,0.0025712678066361,0.0025733871128271,0.0,0.0080558984632644,0.05114174725744407,0.04474131640026238,0.05801208422657122,0.0033997126475573103
beta_control,10000,0.3,0.3,0.3333333333333333,False,beta_known_mean,-0.0013204894972435,500,0,0.0,4.336808689942019e-19,0.0076243404615522,0.0,0.0,5.726710326622807e-22,1.0067861502888449e-05,0.0,0.0,-6.17292458201453e-06,1.213261126463217e-05,0.0002710922957059,0.0002712934353229,0.0,0.0080558984632644,0.0,7.108717112978901e-20,0.0012497502977226905,0.0
beta_control,10000,0.3,0.3,0.5,False,beta_estimated_mean,-0.000118134186694,500,0,0.0,4.336808689942019e-19,0.0076243404615522,0.0,0.0,5.123253674341494e-23,9.006952595042943e-07,0.0,0.0,-4.886629793076627e-07,1.2150774071173354e-06,2.7147171695142613e-05,2.7169956802385487e-05,0.0,0.0003132871106972,0.0,1.6353222010762038e-19,0.0028749834536756264,0.0
beta_control,10000,0.3,0.3,0.5,False,risk_only,-0.000118134186694,500,0,0.058,0.0406837291117572,0.0820561878562549,0.0,0.058,4.80613925029999e-06,9.693641015615905e-06,6.851782828257048e-06,1.2361317774949335e-06,-4.439552324521614e-06,3.6192575025636505e-06,8.096988968069513e-05,8.092905803808443e-05,0.0,0.0003132871106972,0.02187061833794839,0.015341005378753825,0.03094171667019221,0.003945683481021619
beta_control,10000,0.3,0.3,0.5,False,outcome_based,-0.000118134186694,500,0,0.424,0.381424117793864,0.467734781956292,0.038,0.462,4.946943435161308e-05,5.975500699344569e-05,5.4577994252668216e-05,2.636558722154544e-06,-1.286581330591295e-05,3.891048768782278e-05,0.0008692896693001,0.0008700649550764,0.0,0.0003132871106972,0.1742107874505544,0.15790446737984876,0.19073560626373945,0.008415790602706428
beta_control,10000,0.3,0.3,0.5,False,beta_known_mean,-0.000118134186694,500,0,0.0,4.336808689942019e-19,0.0076243404615522,0.0,0.0,5.123253674341494e-23,9.006952595042943e-07,0.0,0.0,-5.993770406967809e-07,1.1292165358086817e-06,2.5231906690221614e-05,2.5250049353850373e-05,0.0,0.0003132871106972,0.0,1.6353222010762038e-19,0.0028749834536756264,0.0
beta_control,10000,0.6,0.6,0.0588235294117647,False,beta_estimated_mean,-0.0001448285645434,500,0,0.428,0.3853417553894058,0.4717561496370578,0.0,0.428,5.5808493291691456e-05,6.832376596646853e-05,6.198662562458613e-05,3.207922386784493e-06,3.2276761391951014e-05,3.7862466327008446e-05,0.0008463990791296,0.0008466304850298,0.15000000000000002,0.0005280169993554795,0.11739513254355388,0.10569450104790892,0.1293969058758856,0.006075414978495432
beta_control,10000,0.6,0.6,0.0588235294117647,False,risk_only,-0.0001448285645434,500,0,0.436,0.393185603123056,0.4797903124560227,0.0,0.436,5.6944506499453214e-05,6.948734223484739e-05,6.314525414093352e-05,3.2150427350897125e-06,3.32924544727507e-05,3.798682128593647e-05,0.0008492141571112,0.0008494111464448,0.15000000000000002,0.0005280169993554795,0.11958943408642404,0.10784597194590734,0.13160057785955123,0.006088900052487199
beta_control,10000,0.6,0.6,0.0588235294117647,False,outcome_based,-0.0001448285645434,500,0,0.364,0.3230114359189264,0.4070623846866158,0.002,0.366,4.7061695166915184e-05,5.9248745651155e-05,5.300725462289374e-05,3.1231232616317305e-06,3.653564543668775e-06,2.11320666815766e-05,0.0004720687507227,0.0004725273760506,0.15000000000000002,0.0005280169993554795,0.1003892955863101,0.08912912884312575,0.1122099207477725,0.005914815745409618
beta_control,10000,0.6,0.6,0.0588235294117647,False,beta_known_mean,-0.0001448285645434,500,0,0.0,4.336808689942019e-19,0.0076243404615522,0.0,0.0,6.280937772637562e-23,1.1042222846369695e-06,0.0,0.0,-5.495198373943744e-07,1.1466096420768996e-06,2.561921337653138e-05,2.563897103340651e-05,0.15000000000000002,0.0005280169993554795,0.0,1.189533249934064e-19,0.0020912627547689396,0.0
beta_control,10000,0.6,0.6,0.1111111111111111,False,beta_estimated_mean,-0.0008863961521738,500,0,0.146,0.1177487668264692,0.1796492662203097,0.0,0.146,0.0001043720538381,0.0001592404183185,0.0001294138382173,1.401144584448248e-05,2.6595723217391954e-05,3.776401594100584e-05,0.0008440033540156,0.0008444290674747,0.10000000000000002,0.006196772497093578,0.020884071228691698,0.01684297009242356,0.025697315561154982,0.0022610876631430563
beta_control,10000,0.6,0.6,0.1111111111111111,False,risk_only,-0.0008863961521738,500,0,0.14,0.1123226601878635,0.173166864944454,0.0,0.14,9.956237379245212e-05,0.0001534944427707,0.0001240954613043,1.376863327628149e-05,2.7187636324455644e-05,3.8159480778293145e-05,0.000852851691814,0.0008532719300636,0.10000000000000002,0.006196772497093578,0.020025821726149137,0.016066811205211914,0.024770062616094466,0.002221903948021213
beta_control,10000,0.6,0.6,0.1111111111111111,False,outcome_based,-0.0008863961521738,500,0,0.272,0.2348440922052204,0.3126326070452475,0.002,0.274,0.0002098459796534,0.0002789538118315,0.0002428725456956,1.769787735200826e-05,4.514615217408308e-05,6.240070770146633e-05,0.0013946571218605,0.0013953222426457,0.10000000000000002,0.006196772497093578,0.039193393949755705,0.03386375403515658,0.04501598404045581,0.0028559830718828155
beta_control,10000,0.6,0.6,0.1111111111111111,False,beta_known_mean,-0.0008863961521738,500,0,0.0,4.336808689942019e-19,0.0076243404615522,0.0,0.0,3.844130535478679e-22,6.758186047983231e-06,0.0,0.0,-3.4306652044566177e-06,6.847194480911768e-06,0.0001529932074348,0.0001531079231448,0.10000000000000002,0.006196772497093578,0.0,6.203439834658543e-20,0.0010905977347325513,0.0
beta_control,10000,0.6,0.6,0.2,True,beta_estimated_mean,-0.0021931319985468,500,0,0.0,4.336808689942019e-19,0.0076243404615522,0.0,0.0,9.511193909487825e-22,1.6721185034045575e-05,0.0,0.0,8.863143333356651e-06,3.131464533114646e-05,0.0006995723367924,0.0007002167565173,0.0,0.0469155015575012,0.0,2.027303043500577e-20,0.00035641066340411033,0.0
beta_control,10000,0.6,0.6,0.2,True,risk_only,-0.0021931319985468,500,0,0.0,4.336808689942019e-19,0.0076243404615522,0.0,0.0,9.511193909487825e-22,1.6721185034045575e-05,0.0,0.0,1.5037735814355274e-05,3.219324418191267e-05,0.0007192998081506,0.00071986282407,0.0,0.0469155015575012,0.0,2.027303043500577e-20,0.00035641066340411033,0.0
beta_control,10000,0.6,0.6,0.2,True,outcome_based,-0.0021931319985468,500,0,0.18,0.148804907912759,0.2160746699826344,0.006,0.186,0.0003384748157705,0.0004878711918902,0.0004079225517297,3.820174252700334e-05,-0.0001058180014532,0.0001172771638526,0.002621909627911,0.0026223971058293,0.0,0.0469155015575012,0.008694835143768771,0.007214562448099462,0.010398933736054144,0.0008142669535394822
beta_control,10000,0.6,0.6,0.2,True,beta_known_mean,-0.0021931319985468,500,0,0.0,4.336808689942019e-19,0.0076243404615522,0.0,0.0,9.511193909487825e-22,1.6721185034045575e-05,0.0,0.0,-8.940039121445684e-06,1.6866153180991516e-05,0.0003768673755297,0.0003771386503162,0.0,0.0469155015575012,0.0,2.027303043500577e-20,0.00035641066340411033,0.0
beta_control,10000,0.6,0.6,0.3333333333333333,False,beta_estimated_mean,-0.0013204894972435,500,0,0.0,4.336808689942019e-19,0.0076243404615522,0.0,0.0,5.726710326622807e-22,1.0067861502888449e-05,0.0,0.0,-1.5752366811307098e-06,1.2431151089918692e-05,0.0002776953484727,0.0002779689887562,0.0,0.0080558984632644,0.0,7.108717112978901e-20,0.0012497502977226905,0.0
beta_control,10000,0.6,0.6,0.3333333333333333,False,risk_only,-0.0013204894972435,500,0,0.0,4.336808689942019e-19,0.0076243404615522,0.0,0.0,5.726710326622807e-22,1.0067861502888449e-05,0.0,0.0,-7.0705859155040985e-06,1.5565613796400155e-05,0.0003477813555693,0.0003480577056025,0.0,0.0080558984632644,0.0,7.108717112978901e-20,0.0012497502977226905,0.0
beta_control,10000,0.6,0.6,0.3333333333333333,False,outcome_based,-0.0013204894972435,500,0,0.266,0.2291604018204711,0.3064077895155354,0.008,0.274,0.0003126135097625,0.0004155654081261,0.0003618141222447,2.6365030025815505e-05,1.0894972435329768e-06,9.924296252743652e-05,0.0022169201219268,0.0022191401049981,0.0,0.0080558984632644,0.044912944706863425,0.03880554244669852,0.05158523410158588,0.0032727609646574303
beta_control,10000,0.6,0.6,0.3333333333333333,False,beta_known_mean,-0.0013204894972435,500,0,0.0,4.336808689942019e-19,0.0076243404615522,0.0,0.0,5.726710326622807e-22,1.0067861502888449e-05,0.0,0.0,-5.055511470806413e-06,1.0225913526788974e-05,0.000228485541375,0.0002286583777793,0.0,0.0080558984632644,0.0,7.108717112978901e-20,0.0012497502977226905,0.0
beta_control,10000,0.6,0.6,0.5,False,beta_estimated_mean,-0.000118134186694,500,0,0.0,4.336808689942019e-19,0.0076243404615522,0.0,0.0,5.123253674341494e-23,9.006952595042943e-07,0.0,0.0,-4.3754804148826805e-07,1.0399805913029623e-06,2.3235526759721908e-05,2.3254672974338506e-05,0.0,0.0003132871106972,0.0,1.6353222010762038e-19,0.0028749834536756264,0.0
beta_control,10000,0.6,0.6,0.5,False,risk_only,-0.000118134186694,500,0,0.062,0.0440192091426815,0.0866597131016382,0.0,0.062,5.200173470987608e-06,1.0237474726404953e-05,7.324319575033397e-06,1.2753300322175513e-06,-4.283641027160855e-06,3.4821361767301704e-06,7.79028913760124e-05,7.786293198079883e-05,0.0,0.0003132871106972,0.023378936844013796,0.01659874694306753,0.03267761225037992,0.00407080275144224
beta_control,10000,0.6,0.6,0.5,False,outcome_based,-0.000118134186694,500,0,0.422,0.3794663749809711,0.4657230221310311,0.06,0.482,5.180261908902387e-05,6.211116191341821e-05,5.694067798654995e-05,2.6424922476563426e-06,1.1534186694087044e-05,3.584470065616758e-05,0.0008007930303534,0.0008015118730032,0.0,0.0003132871106972,0.18175237998088142,0.16535190028641947,0.19825635907967576,0.00843473018017131
beta_control,10000,0.6,0.6,0.5,False,beta_known_mean,-0.000118134186694,500,0,0.0,4.336808689942019e-19,0.0076243404615522,0.0,0.0,5.123253674341494e-23,9.006952595042943e-07,0.0,0.0,-5.133960681087635e-07,9.750386620702445e-07,2.178676367421476e-05,2.180252729079512e-05,0.0,0.0003132871106972,0.0,1.6353222010762038e-19,0.0028749834536756264,0.0
beta_control,10000,0.9,0.9,0.0588235294117647,False,beta_estimated_mean,-0.0001448285645434,500,0,0.386,0.3443514767140062,0.4293868729112278,0.0,0.386,4.987193007089833e-05,6.218748443752341e-05,5.590382591376225e-05,3.1563255531636967e-06,1.7741707069011514e-05,1.91664112715956e-05,0.0004285126338448,0.00042857398488,0.15000000000000002,0.0005280169993554795,0.10587504944348551,0.09445137208039547,0.1177755347146629,0.005977696848806847
beta_control,10000,0.9,0.9,0.0588235294117647,False,risk_only,-0.0001448285645434,500,0,0.398,0.3560299779038944,0.4415253875502624,0.0,0.398,5.156331063424854e-05,6.394548808838415e-05,5.764176868828336e-05,3.173538234930612e-06,1.8335692978765865e-05,1.9267085499063345e-05,0.0004307844807644,0.000430825129042,0.15000000000000002,0.0005280169993554795,0.10916650175779076,0.09765464122781835,0.1211049798897361,0.006010295575340132
beta_control,10000,0.9,0.9,0.0588235294117647,False,outcome_based,-0.0001448285645434,500,0,0.328,0.2882961898405897,0.3703265832781843,0.008,0.336,4.286751829565973e-05,5.481946198688316e-05,4.866239768659098e-05,3.062369789659952e-06,7.828564543665873e-06,1.5787223008519257e-05,0.0003527467294998,0.0003530130382299,0.15000000000000002,0.0005280169993554795,0.09216066480054698,0.08118586778074509,0.10382139600391309,0.005799756055956557
beta_control,10000,0.9,0.9,0.0588235294117647,False,beta_known_mean,-0.0001448285645434,500,0,0.0,4.336808689942019e-19,0.0076243404615522,0.0,0.0,6.280937772637562e-23,1.1042222846369695e-06,0.0,0.0,-2.450912973384068e-07,6.843469879333171e-07,1.5289118316333336e-05,1.5302463852161254e-05,0.15000000000000002,0.0005280169993554795,0.0,1.189533249934064e-19,0.0020912627547689396,0.0
beta_control,10000,0.9,0.9,0.1111111111111111,False,beta_estimated_mean,-0.0008863961521738,500,0,0.02,0.0108991835962108,0.0364201832468793,0.0,0.02,9.660994401517506e-06,3.228271029150002e-05,1.7727923043476812e-05,5.555275799732623e-06,1.4741572588167718e-05,1.920527001406808e-05,0.0004292664320939,0.0004294428927769,0.10000000000000002,0.006196772497093578,0.002860831675165031,0.0015590364832739501,0.005209600692399361,0.0008964789012890452
beta_control,10000,0.9,0.9,0.1111111111111111,False,risk_only,-0.0008863961521738,500,0,0.022,0.0123280082699275,0.0389608612113163,0.0,0.022,1.0927499094431094e-05,3.453475746308987e-05,1.9500715347824494e-05,5.820474047362142e-06,1.7986721276511215e-05,1.951555232701188e-05,0.0004363153179454,0.0004363810162165,0.10000000000000002,0.006196772497093578,0.003146914842681534,0.001763417827515264,0.005573023292252124,0.0009392750903945679
beta_control,10000,0.9,0.9,0.1111111111111111,False,outcome_based,-0.0008863961521738,500,0,0.186,0.1543339917500702,0.2224540940597845,0.002,0.188,0.0001384373192558,0.0001990647420554,0.0001666424766086,1.5503670458447184e-05,-3.30384782591292e-06,4.413000946602238e-05,0.0009857952756077,0.0009867770101373,0.10000000000000002,0.006196772497093578,0.026891817746538052,0.022340229421159184,0.03212393905839947,0.002501894408051731
beta_control,10000,0.9,0.9,0.1111111111111111,False,beta_known_mean,-0.0008863961521738,500,0,0.0,4.336808689942019e-19,0.0076243404615522,0.0,0.0,3.844130535478679e-22,6.758186047983231e-06,0.0,0.0,-1.6778703442153764e-06,3.873382416653499e-06,8.654107597185633e-05,8.661146386489638e-05,0.10000000000000002,0.006196772497093578,0.0,6.203439834658543e-20,0.0010905977347325513,0.0
beta_control,10000,0.9,0.9,0.2,True,beta_estimated_mean,-0.0021931319985468,500,0,0.0,4.336808689942019e-19,0.0076243404615522,0.0,0.0,9.511193909487825e-22,1.6721185034045575e-05,0.0,0.0,4.9532459027765566e-06,1.6420364740979012e-05,0.0003668366058344,0.0003671705177616,0.0,0.0469155015575012,0.0,2.027303043500577e-20,0.00035641066340411033,0.0
beta_control,10000,0.9,0.9,0.2,True,risk_only,-0.0021931319985468,500,0,0.0,4.336808689942019e-19,0.0076243404615522,0.0,0.0,9.511193909487825e-22,1.6721185034045575e-05,0.0,0.0,4.5525250146788015e-06,1.705925842224343e-05,0.0003811021597216,0.0003814566147787,0.0,0.0469155015575012,0.0,2.027303043500577e-20,0.00035641066340411033,0.0
beta_control,10000,0.9,0.9,0.2,True,outcome_based,-0.0021931319985468,500,0,0.114,0.0890369009940028,0.1448490898423155,0.004,0.118,0.000203068689238,0.0003272854477849,0.0002587895758285,3.167304332570231e-05,-3.4018001453269774e-05,8.52237021833047e-05,0.001904057208154,0.0019056599137606,0.0,0.0469155015575012,0.005516078209487303,0.004328392162430838,0.006976062003382145,0.0006751082749671295
beta_control,10000,0.9,0.9,0.2,True,beta_known_mean,-0.0021931319985468,500,0,0.0,4.336808689942019e-19,0.0076243404615522,0.0,0.0,9.511193909487825e-22,1.6721185034045575e-05,0.0,0.0,-4.705873323511175e-06,9.42336270218685e-06,0.000210554571994,0.0002107127957872,0.0,0.0469155015575012,0.0,2.027303043500577e-20,0.00035641066340411033,0.0
beta_control,10000,0.9,0.9,0.3333333333333333,False,beta_estimated_mean,-0.0013204894972435,500,0,0.0,4.336808689942019e-19,0.0076243404615522,0.0,0.0,5.726710326622807e-22,1.0067861502888449e-05,0.0,0.0,-6.49702844630574e-07,6.95193497627265e-06,0.0001552958230959,0.000155449991821,0.0,0.0080558984632644,0.0,7.108717112978901e-20,0.0012497502977226905,0.0
beta_control,10000,0.9,0.9,0.3333333333333333,False,risk_only,-0.0013204894972435,500,0,0.0,4.336808689942019e-19,0.0076243404615522,0.0,0.0,5.726710326622807e-22,1.0067861502888449e-05,0.0,0.0,-6.39273501121891e-06,9.28731537057073e-06,0.0002075613794287,0.0002076706849707,0.0,0.0080558984632644,0.0,7.108717112978901e-20,0.0012497502977226905,0.0
beta_control,10000,0.9,0.9,0.3333333333333333,False,outcome_based,-0.0013204894972435,500,0,0.212,0.1784395042882985,0.2499521158175555,0.012,0.224,0.0002504162698167,0.0003467204844979,0.0002957896473825,2.464560866726164e-05,-2.351050275647898e-05,7.326515929917977e-05,0.0016367885458237,0.0016382587657531,0.0,0.0080558984632644,0.03671715187714029,0.031084834417740004,0.04303933150088419,0.003059324640156249
beta_control,10000,0.9,0.9,0.3333333333333333,False,beta_known_mean,-0.0013204894972435,500,0,0.0,4.336808689942019e-19,0.0076243404615522,0.0,0.0,5.726710326622807e-22,1.0067861502888449e-05,0.0,0.0,-2.4209388716037537e-06,5.819831499636864e-06,0.0001300277272293,0.0001301353885078,0.0,0.0080558984632644,0.0,7.108717112978901e-20,0.0012497502977226905,0.0
beta_control,10000,0.9,0.9,0.5,False,beta_estimated_mean,-0.000118134186694,500,0,0.0,4.336808689942019e-19,0.0076243404615522,0.0,0.0,5.123253674341494e-23,9.006952595042943e-07,0.0,0.0,-2.3465432529153243e-07,6.682416171570055e-07,1.492923123418558e-05,1.494233681357454e-05,0.0,0.0003132871106972,0.0,1.6353222010762038e-19,0.0028749834536756264,0.0
beta_control,10000,0.9,0.9,0.5,False,risk_only,-0.000118134186694,500,0,0.01,0.0042787538965904,0.0231930997557307,0.0,0.01,5.05467111637874e-07,2.739897976558076e-06,1.1813418669408705e-06,5.261903997393428e-07,-3.8913148145735445e-07,2.3477410050962377e-06,5.24460050813024e-05,5.249708480958868e-05,0.0,0.0003132871106972,0.0037707962651635156,0.0016134309212817279,0.008745645393647418,0.00167957883287423
beta_control,10000,0.9,0.9,0.5,False,outcome_based,-0.000118134186694,500,0,0.358,0.317207603401289,0.4009577092897918,0.072,0.43,4.575356514336702e-05,5.5967932749878455e-05,5.079770027845742e-05,2.6181647929910107e-06,-3.886581330591296e-05,2.5484916360934906e-05,0.0005706150641579,0.0005698600538394,0.0,0.0003132871106972,0.16214423940203113,0.1460435606225403,0.17864741586503666,0.008357077912220697
beta_control,10000,0.9,0.9,0.5,False,beta_known_mean,-0.000118134186694,500,0,0.0,4.336808689942019e-19,0.0076243404615522,0.0,0.0,5.123253674341494e-23,9.006952595042943e-07,0.0,0.0,-2.487216221964388e-07,6.242416438570276e-07,1.3946720036556435e-05,1.3958467500505275e-05,0.0,0.0003132871106972,0.0,1.6353222010762038e-19,0.0028749834536756264,0.0
beta_control,10000,0.0,0.9,0.0588235294117647,False,beta_estimated_mean,-0.0001448285645434,500,0,0.438,0.3951483440866656,0.4817970741305669,0.0,0.438,5.7228767455783374e-05,6.977797864755238e-05,6.343491127002038e-05,3.216689685335844e-06,4.966591937894715e-05,5.202110311322101e-05,0.0011631242809505,0.0011632272282568,0.15000000000000002,0.0005280169993554795,0.1201380094721416,0.1083843276364952,0.13215100788937933,0.006092019176015688
beta_control,10000,0.0,0.9,0.0588235294117647,False,risk_only,-0.0001448285645434,500,0,0.44,0.397111794441699,0.4838031264136874,0.0,0.44,5.751313115225513e-05,7.006851232011578e-05,6.372456839910723e-05,3.2182835483334936e-06,5.018154781326062e-05,5.21352156471109e-05,0.001165693125276,0.0011657788620855,0.15000000000000002,0.0005280169993554795,0.12068658485785913,0.10892287790442004,0.13270124334187053,0.006095037758749946
beta_control,10000,0.0,0.9,0.0588235294117647,False,outcome_based,-0.0001448285645434,500,0,0.3,0.2614819321406983,0.3415678040439227,0.008,0.308,3.897709577241735e-05,5.066132134363338e-05,4.460719787937506e-05,2.9931767209463317e-06,2.391064543669885e-06,1.6385786873399636e-05,0.000366038562051,0.0003663973331374,0.15000000000000002,0.0005280169993554795,0.08448060940050138,0.07381788052277576,0.09594638317605832,0.005668712796368172
beta_control,10000,0.0,0.9,0.0588235294117647,False,beta_known_mean,-0.0001448285645434,500,0,0.0,4.336808689942019e-19,0.0076243404615522,0.0,0.0,6.280937772637562e-23,1.1042222846369695e-06,0.0,0.0,-1.724207040175174e-07,1.1915542682804135e-06,2.6617864573506875e-05,2.6643963427550265e-05,0.15000000000000002,0.0005280169993554795,0.0,1.189533249934064e-19,0.0020912627547689396,0.0
beta_control,10000,0.0,0.9,0.1111111111111111,False,beta_estimated_mean,-0.0008863961521738,500,0,0.228,0.1933817691150006,0.2667658720960837,0.0,0.228,0.0001714128560441,0.0002364602425572,0.0002020983226956,1.664767784042495e-05,4.441106308525717e-05,5.05263610335032e-05,0.0011295468157668,0.001129803779266,0.10000000000000002,0.006196772497093578,0.0326134810968756,0.027661634524181158,0.03815861283726408,0.0026865078310092994
beta_control,10000,0.0,0.9,0.1111111111111111,False,risk_only,-0.0008863961521738,500,0,0.23,0.1952549251744704,0.2688622186747678,0.0,0.23,0.0001730732143676,0.0002383184360982,0.0002038711149999,1.669886177730068e-05,4.506263487408727e-05,5.122784819379135e-05,0.0011452303540835,0.0011454895090235,0.10000000000000002,0.006196772497093578,0.03289956426438441,0.027929573733548412,0.03845847757199035,0.002694767604447769
beta_control,10000,0.0,0.9,0.1111111111111111,False,outcome_based,-0.0008863961521738,500,0,0.208,0.1747163117096292,0.2457363031199172,0.004,0.212,0.0001581680899969,0.0002215565936883,0.0001879159842608,1.6218423196540263e-05,-7.378847825908003e-06,4.831996493969903e-05,0.0010794114758841,0.0010804672627557,0.10000000000000002,0.006196772497093578,0.03032481575674058,0.02552426929842661,0.035753546510254315,0.002617237151137477
beta_control,10000,0.0,0.9,0.1111111111111111,False,beta_known_mean,-0.0008863961521738,500,0,0.0,4.336808689942019e-19,0.0076243404615522,0.0,0.0,3.844130535478679e-22,6.758186047983231e-06,0.0,0.0,-1.2451036654372306e-06,7.129180125295368e-06,0.0001592586879995,0.00015941331384,0.10000000000000002,0.006196772497093578,0.0,6.203439834658543e-20,0.0010905977347325513,0.0
beta_control,10000,0.0,0.9,0.2,True,beta_estimated_mean,-0.0021931319985468,500,0,0.01,0.0042787538965904,0.0231930997557307,0.0,0.01,9.383872084519578e-06,5.0865529219781816e-05,2.1931319985468363e-05,9.76859480977207e-06,2.3556799268220283e-05,3.8069396695459526e-05,0.0008507321118925,0.0008512575887345,0.0,0.0469155015575012,0.00046746425504134504,0.00020001645027749285,0.0010841945099412254,0.00020821678305622192
beta_control,10000,0.0,0.9,0.2,True,risk_only,-0.0021931319985468,500,0,0.012,0.0055109951740277,0.0259303611164472,0.0,0.012,1.2086339859997349e-05,5.686870469835522e-05,2.631758398256204e-05,1.0690144950278198e-05,2.121785483588613e-05,3.928934139850227e-05,0.0008779138447366,0.0008785363815824,0.0,0.0469155015575012,0.0005609571060496141,0.00025761932535633085,0.0012121516942253093,0.00022785954738597432
beta_control,10000,0.0,0.9,0.2,True,outcome_based,-0.0021931319985468,500,0,0.168,0.1377882329768441,0.2032743290896265,0.002,0.17,0.0003062058925514,0.0004504949690769,0.0003728324397529,3.6878903973536144e-05,-8.701800145327992e-05,0.0001014735098506,0.002268416156722,0.0022690166594148,0.0,0.0469155015575012,0.007946892335701542,0.006526753042938353,0.009602262666312079,0.0007860707601801108
beta_control,10000,0.0,0.9,0.2,True,beta_known_mean,-0.0021931319985468,500,0,0.0,4.336808689942019e-19,0.0076243404615522,0.0,0.0,9.511193909487825e-22,1.6721185034045575e-05,0.0,0.0,-3.65093418123473e-06,1.756606256818829e-05,0.0003924130984574,0.0003927890999948,0.0,0.0469155015575012,0.0,2.027303043500577e-20,0.00035641066340411033,0.0
beta_control,10000,0.0,0.9,0.3333333333333333,False,beta_estimated_mean,-0.0013204894972435,500,0,0.0,4.336808689942019e-19,0.0076243404615522,0.0,0.0,5.726710326622807e-22,1.0067861502888449e-05,0.0,0.0,3.700869370653148e-06,1.3597543463337414e-05,0.0003037686576402,0.0003040503151103,0.0,0.0080558984632644,0.0,7.108717112978901e-20,0.0012497502977226905,0.0
beta_control,10000,0.0,0.9,0.3333333333333333,False,risk_only,-0.0013204894972435,500,0,0.0,4.336808689942019e-19,0.0076243404615522,0.0,0.0,5.726710326622807e-22,1.0067861502888449e-05,0.0,0.0,4.450076352363181e-06,1.5513279897604818e-05,0.0003465689944543,0.0003468874840502,0.0,0.0080558984632644,0.0,7.108717112978901e-20,0.0012497502977226905,0.0
beta_control,10000,0.0,0.9,0.3333333333333333,False,outcome_based,-0.0013204894972435,500,0,0.232,0.1971292384527146,0.2709574080346774,0.006,0.238,0.0002677411552996,0.0003660874048157,0.0003142765003439,2.5173908115984928e-05,-3.431050275647432e-05,8.99916157305972e-05,0.0020105532001415,0.0020122737017865,0.0,0.0080558984632644,0.03901197386946078,0.03323541831125641,0.04544339858367016,0.003124903849121255
beta_control,10000,0.0,0.9,0.3333333333333333,False,beta_known_mean,-0.0013204894972435,500,0,0.0,4.336808689942019e-19,0.0076243404615522,0.0,0.0,5.726710326622807e-22,1.0067861502888449e-05,0.0,0.0,-1.7731949212310053e-06,1.0645091628331008e-05,0.0002377999456102,0.0002380314850766,0.0,0.0080558984632644,0.0,7.108717112978901e-20,0.0012497502977226905,0.0
beta_control,10000,0.0,0.9,0.5,False,beta_estimated_mean,-0.000118134186694,500,0,0.0,4.336808689942019e-19,0.0076243404615522,0.0,0.0,5.123253674341494e-23,9.006952595042943e-07,0.0,0.0,-3.91201556361187e-08,1.0864749491785558e-06,2.427004347271873e-05,2.42943184221388e-05,0.0,0.0003132871106972,0.0,1.6353222010762038e-19,0.0028749834536756264,0.0
beta_control,10000,0.0,0.9,0.5,False,risk_only,-0.000118134186694,500,0,0.04,0.0260407973897772,0.0609735958348508,0.0,0.04,3.076308420506841e-06,7.203066153764074e-06,4.725367467763482e-06,1.0363129734868285e-06,-6.87237576604118e-07,2.967991475127956e-06,6.630346914231845e-05,6.636630695025985e-05,0.0,0.0003132871106972,0.015083185060654062,0.009819454153925189,0.02299190074476451,0.0033078698040930623
beta_control,10000,0.0,0.9,0.5,False,outcome_based,-0.000118134186694,500,0,0.384,0.3424076746177923,0.4273611723692879,0.068,0.452,4.8305935785344686e-05,5.8573835731022434e-05,5.3396652385727344e-05,2.63199354322314e-06,-2.286581330591297e-05,3.170565402249239e-05,0.0007086196761437,0.0007089599766538,0.0,0.0003132871106972,0.17043999118539088,0.15419062622092236,0.18696535456141236,0.008401218733084201
beta_control,10000,0.0,0.9,0.5,False,beta_known_mean,-0.000118134186694,500,0,0.0,4.336808689942019e-19,0.0076243404615522,0.0,0.0,5.123253674341494e-23,9.006952595042943e-07,0.0,0.0,-1.8873130750190254e-07,1.0099937702000126e-06,2.2562341190842904e-05,2.2584147270185294e-05,0.0,0.0003132871106972,0.0,1.6353222010762038e-19,0.0028749834536756264,0.0
beta_control,10000,0.9,0.0,0.0588235294117647,False,beta_estimated_mean,-0.0001448285645434,500,0,0.422,0.3794663749809711,0.4657230221310311,0.0,0.422,5.495757038099129e-05,6.744999677006323e-05,6.111765423732557e-05,3.2020204267910527e-06,1.1257883832110185e-05,3.381359961468435e-05,0.0007554224909814,0.0007560950730239,0.15000000000000002,0.0005280169993554795,0.11574940638640127,0.10408295651101174,0.12774209325153474,0.006064237383833433
beta_control,10000,0.9,0.0,0.0588235294117647,False,risk_only,-0.0001448285645434,500,0,0.434,0.3912235726331776,0.4777828403077473,0.0,0.434,5.666034844001368e-05,6.919660292525176e-05,6.285559701184668e-05,3.213342615967898e-06,1.2216023256556851e-05,3.376611519033696e-05,0.0007543767945878,0.0007550332890168,0.15000000000000002,0.0005280169993554795,0.1190408587007065,0.10730781112952001,0.13104995295552255,0.0060856802335724864
beta_control,10000,0.9,0.0,0.0588235294117647,False,outcome_based,-0.0001448285645434,500,0,0.374,0.3326999999948793,0.4172213338014318,0.01,0.384,4.959041200354719e-05,6.189410513583941e-05,5.56141687846754e-05,3.153261016404298e-06,-3.971435456334493e-06,2.372580631444833e-05,0.0005300092461926,0.000530525157401,0.15000000000000002,0.0005280169993554795,0.10532647405776796,0.09391821108805096,0.11721990998659142,0.0059718929887736675
beta_control,10000,0.9,0.0,0.0588235294117647,False,beta_known_mean,-0.0001448285645434,500,0,0.0,4.336808689942019e-19,0.0076243404615522,0.0,0.0,6.280937772637562e-23,1.1042222846369695e-06,0.0,0.0,-7.663824403129626e-07,1.0875424801038142e-06,2.430594405518879e-05,2.431818913930841e-05,0.15000000000000002,0.0005280169993554795,0.0,1.189533249934064e-19,0.0020912627547689396,0.0
beta_control,10000,0.9,0.0,0.1111111111111111,False,beta_estimated_mean,-0.0008863961521738,500,0,0.134,0.1069150018715208,0.1666660153463354,0.0,0.134,9.476904626857502e-05,0.0001477321147011,0.0001187770843912,1.351726831405284e-05,6.10881228120902e-06,3.490889486414869e-05,0.0007798295691783,0.0007805866193562,0.10000000000000002,0.006196772497093578,0.019167572223590435,0.015293291195218765,0.023840170793810744,0.0021813400960568967
beta_control,10000,0.9,0.0,0.1111111111111111,False,risk_only,-0.0008863961521738,500,0,0.126,0.099735288945377,0.157967717719864,0.0,0.126,8.840497635712841e-05,0.0001400219771545,0.0001116859151739,1.3167962412463516e-05,9.88149764322596e-06,3.4550061784731377e-05,0.0007718531737906,0.0007725628677747,0.10000000000000002,0.006196772497093578,0.018023239553539062,0.014266293687333573,0.022595952525314326,0.00212497109077985
beta_control,10000,0.9,0.0,0.1111111111111111,False,outcome_based,-0.0008863961521738,500,0,0.312,0.2729529487252849,0.3539138032882587,0.004,0.316,0.0002453399429502,0.0003173494376893,0.0002801011840869,1.844799539251321e-05,6.309615217409084e-05,7.084431560901021e-05,0.0015837994615542,0.0015841270552119,0.10000000000000002,0.006196772497093578,0.04520114046760206,0.039591568524626294,0.05121205237696621,0.0029770328668941334
beta_control,10000,0.9,0.0,0.1111111111111111,False,beta_known_mean,-0.0008863961521738,500,0,0.0,4.336808689942019e-19,0.0076243404615522,0.0,0.0,3.844130535478679e-22,6.758186047983231e-06,0.0,0.0,-4.772196608117923e-06,6.516127563393988e-06,0.0001456374716659,0.000145705041818,0.10000000000000002,0.006196772497093578,0.0,6.203439834658543e-20,0.0010905977347325513,0.0
beta_control,10000,0.9,0.0,0.2,True,beta_estimated_mean,-0.0021931319985468,500,0,0.0,4.336808689942019e-19,0.0076243404615522,0.0,0.0,9.511193909487825e-22,1.6721185034045575e-05,0.0,0.0,-5.840318445707635e-06,3.066413694917191e-05,0.0006850098301801,0.0006856709468971,0.0,0.0469155015575012,0.0,2.027303043500577e-20,0.00035641066340411033,0.0
beta_control,10000,0.9,0.0,0.2,True,risk_only,-0.0021931319985468,500,0,0.0,4.336808689942019e-19,0.0076243404615522,0.0,0.0,9.511193909487825e-22,1.6721185034045575e-05,0.0,0.0,-2.461934255923004e-06,3.067448199415328e-05,0.0006852204463378,0.0006859022691352,0.0,0.0469155015575012,0.0,2.027303043500577e-20,0.00035641066340411033,0.0
beta_control,10000,0.9,0.0,0.2,True,outcome_based,-0.0021931319985468,500,0,0.236,0.2008812954715588,0.2751443562921407,0.004,0.24,0.0004487978389533,0.0006126005365668,0.0005263516796512,4.193019823431069e-05,-0.0001346180014532,0.0001406360707065,0.0031444547530242,0.0031447181418825,0.0,0.0469155015575012,0.011219142120991413,0.009566088479374742,0.013057529307578144,0.0008937386757534636
beta_control,10000,0.9,0.0,0.2,True,beta_known_mean,-0.0021931319985468,500,0,0.0,4.336808689942019e-19,0.0076243404615522,0.0,0.0,9.511193909487825e-22,1.6721185034045575e-05,0.0,0.0,-1.226353522974459e-05,1.6077193918889683e-05,0.0003593466297112,0.0003594969849008,0.0,0.0469155015575012,0.0,2.027303043500577e-20,0.00035641066340411033,0.0
beta_control,10000,0.9,0.0,0.3333333333333333,False,beta_estimated_mean,-0.0013204894972435,500,0,0.0,4.336808689942019e-19,0.0076243404615522,0.0,0.0,5.726710326622807e-22,1.0067861502888449e-05,0.0,0.0,-5.844959626096291e-06,1.2225901432833106e-05,0.0002731684897821,0.0002733794669002,0.0,0.0080558984632644,0.0,7.108717112978901e-20,0.0012497502977226905,0.0
beta_control,10000,0.9,0.0,0.3333333333333333,False,risk_only,-0.0013204894972435,500,0,0.0,4.336808689942019e-19,0.0076243404615522,0.0,0.0,5.726710326622807e-22,1.0067861502888449e-05,0.0,0.0,-1.4707895030075995e-05,1.5539870262607825e-05,0.0003474458497345,0.0003474820626871,0.0,0.0080558984632644,0.0,7.108717112978901e-20,0.0012497502977226905,0.0
beta_control,10000,0.9,0.0,0.3333333333333333,False,outcome_based,-0.0013204894972435,500,0,0.282,0.2443364332272433,0.3229877792139934,0.002,0.284,0.000325154391692,0.0004292329589114,0.0003750190172171,2.665633021132692e-05,-3.451050275647317e-05,0.0001147150779025,0.002562773102481,0.0025651071223436,0.0,0.0080558984632644,0.04655210327280309,0.04036227531599764,0.053281823358218794,0.0033089208277490233
beta_control,10000,0.9,0.0,0.3333333333333333,False,beta_known_mean,-0.0013204894972435,500,0,0.0,4.336808689942019e-19,0.0076243404615522,0.0,0.0,5.726710326622807e-22,1.0067861502888449e-05,0.0,0.0,-7.05196467568233e-06,9.726000955107654e-06,0.0002173768212128,0.0002174799928484,0.0,0.0080558984632644,0.0,7.108717112978901e-20,0.0012497502977226905,0.0
beta_control,10000,0.9,0.0,0.5,False,beta_estimated_mean,-0.000118134186694,500,0,0.0,4.336808689942019e-19,0.0076243404615522,0.0,0.0,5.123253674341494e-23,9.006952595042943e-07,0.0,0.0,-6.830256749213952e-07,9.985637973201915e-07,2.2316680377568336e-05,2.232856530678271e-05,0.0,0.0003132871106972,0.0,1.6353222010762038e-19,0.0028749834536756264,0.0
beta_control,10000,0.9,0.0,0.5,False,risk_only,-0.000118134186694,500,0,0.04,0.0260407973897772,0.0609735958348508,0.0,0.04,3.076308420506841e-06,7.203066153764074e-06,4.725367467763482e-06,1.0363129734868285e-06,-2.701566187778571e-06,3.259128128013024e-06,7.285351481647938e-05,7.287632041618759e-05,0.0,0.0003132871106972,0.015083185060654062,0.009819454153925189,0.02299190074476451,0.0033078698040930623
beta_control,10000,0.9,0.0,0.5,False,outcome_based,-0.000118134186694,500,0,0.388,0.3462960293500537,0.4314118229133341,0.042,0.43,4.575356514336702e-05,5.5967932749878455e-05,5.079770027845743e-05,2.6181647929910107e-06,-5.366581330591296e-05,3.324243732457891e-05,0.0007445164736376,0.0007433234959553,0.0,0.0003132871106972,0.16214423940203115,0.1460435606225403,0.17864741586503666,0.008357077912220697
beta_control,10000,0.9,0.0,0.5,False,beta_known_mean,-0.000118134186694,500,0,0.0,4.336808689942019e-19,0.0076243404615522,0.0,0.0,5.123253674341494e-23,9.006952595042943e-07,0.0,0.0,-6.86199118328905e-07,9.227043067576902e-07,2.0623072148612607e-05,2.063229553042014e-05,0.0,0.0003132871106972,0.0,1.6353222010762038e-19,0.0028749834536756264,0.0
low_endpoint,500,-0.5,-0.5,0.0588235294117647,False,beta_estimated_mean,0.0011966668056998,500,0,0.482,0.4385065876245351,0.5257678886320809,0.0,0.482,0.0005247462774909,0.0006291689798289,0.0005767934003473,2.6767719367113705e-05,-0.0013064356749586,0.0003051924119927,0.0069415297977778,0.0068243097943287,0.15000000000000002,0.001568884859991182,0.36764546274641335,0.33447086581857216,0.4010294164177455,0.01706162131443104
low_endpoint,500,-0.5,-0.5,0.0588235294117647,False,risk_only,0.0011966668056998,500,0,0.412,0.369688475931219,0.4556534079900142,0.0,0.412,0.0004423939275966,0.0005452653082456,0.0004930267239483,2.6366971062589115e-05,2.77565854033448e-05,0.0003041829663411,0.0067949894523153,0.0068017379033638,0.15000000000000002,0.001568884859991182,0.31425296815667597,0.28197985644344004,0.34754960172709215,0.016806186186752618
low_endpoint,500,-0.5,-0.5,0.0588235294117647,False,outcome_based,0.0011966668056998,500,0,0.308,0.2691257480545588,0.3498019986826773,0.016,0.308,0.000322053849256,0.000418596440391,0.0003685733761555,2.473155234840449e-05,4.4833194300212654e-05,0.0001338887893583,0.0029911850102109,0.002993844344303,0.15000000000000002,0.001568884859991182,0.23492697619478053,0.2052756435279834,0.26681144745915436,0.015763777813843836
low_endpoint,500,-0.5,-0.5,0.0588235294117647,False,beta_known_mean,0.0011966668056998,500,0,0.9,0.8705780903680599,0.9233224372626984,0.0,0.9,0.001041791902513,0.0011049093116301,0.0010770001251298,1.6071049036380905e-05,-0.0013495802588419,5.3641925741077474e-06,0.0013548894351495,0.000119946992401,0.15000000000000002,0.001568884859991182,0.6864749304393526,0.6640333711416243,0.7042641176589022,0.010243612801815957
low_endpoint,500,-0.5,-0.5,0.1111111111111111,True,beta_estimated_mean,0.0027594621597691,500,0,0.548,0.50417540112498,0.591092662190711,0.0,0.548,0.0013912529412908,0.0016310978342324,0.0015121852635534,6.147997282182586e-05,-0.0036462408782619,0.0002910892584471,0.0074549861017699,0.0065089536940785,0.10000000000000002,0.00877146174061888,0.1723983194899857,0.1586112990550009,0.18595507595719343,0.007009090917779922
low_endpoint,500,-0.5,-0.5,0.1111111111111111,True,risk_only,0.0027594621597691,500,0,0.358,0.317207603401289,0.4009577092897918,0.0,0.358,0.0008753223783769,0.0011064276264528,0.0009878874531973,5.922201739841012e-05,3.3548319446605884e-05,0.0002933075510908,0.0065520802752755,0.0065585562255304,0.10000000000000002,0.00877146174061888,0.11262517952083076,0.0997920761967709,0.12613948041626352,0.006751670263140388
low_endpoint,500,-0.5,-0.5,0.1111111111111111,True,outcome_based,0.0027594621597691,500,0,0.398,0.3560299779038944,0.4415253875502624,0.012,0.398,0.0009824512517692,0.0012183725995223,0.0010982659395881,6.046637760637204e-05,-0.0005344621597692,0.0003459734748366,0.0077469203429635,0.0077362020814666,0.10000000000000002,0.00877146174061888,0.1252089984617103,0.11200541948665925,0.13890188836830478,0.006893534896967557
low_endpoint,500,-0.5,-0.5,0.1111111111111111,True,beta_known_mean,0.0027594621597691,500,0,0.9,0.8705780903680599,0.9233224372626984,0.0,0.9,0.0024023272974947,0.0025478733268922,0.0024835159437922,3.705914751913885e-05,-0.0036890297902907,3.2192504659343245e-05,0.0037584681872296,0.0007198462878427,0.10000000000000002,0.00877146174061888,0.28313592616969824,0.2738799265771182,0.2904730593640407,0.004224968268119482
low_endpoint,500,-0.5,-0.5,0.2,False,beta_estimated_mean,-0.0038069378750148,500,0,0.338,0.2979130243450122,0.3805572619645308,0.0,0.338,0.0011341363758392,0.0014487578541847,0.001286745001755,8.061444376374566e-05,0.0015266876417224,0.0002040758809809,0.0048075576740446,0.0045632754244156,0.0,0.0484750566842469,0.026544476474499056,0.023396287769742084,0.029886666530820328,0.0016630087570365486
low_endpoint,500,-0.5,-0.5,0.2,False,risk_only,-0.0038069378750148,500,0,0.22,0.1859009325716236,0.2583686980868456,0.0,0.22,0.0007077133012074,0.000983593582465,0.0008375263325032,7.059666064889155e-05,-8.015120511418464e-05,0.0002158851845951,0.0048231757449414,0.0048273394808981,0.0,0.0484750566842469,0.017277469894643235,0.014599535299509777,0.02029071546778906,0.0014563502443893704
low_endpoint,500,-0.5,-0.5,0.2,False,outcome_based,-0.0038069378750148,500,0,0.418,0.3755530480719333,0.4616973437637613,0.018,0.436,0.0014968331644397,0.001826531912554,0.0016598249135064,8.451004121037522e-05,-6.062124985141804e-06,0.0007710616929069,0.0172242145756885,0.0172414636018602,0.0,0.0484750566842469,0.03424080397302143,0.03087842009530091,0.037679830360003976,0.0017433716841395407
low_endpoint,500,-0.5,-0.5,0.2,False,beta_known_mean,-0.0038069378750148,500,0,0.1,0.0766775627373017,0.1294219096319401,0.0,0.1,0.0002919067177484,0.0004927011696345,0.0003806937875014,5.1126583420218107e-05,0.0015077730043253,7.959912179614502e-05,0.0023313201212489,0.0017798904728546,0.0,0.0484750566842469,0.00785339540665489,0.006021792189946255,0.010164014306240405,0.0010546987856712064
low_endpoint,500,-0.5,-0.5,0.3333333333333333,False,beta_estimated_mean,-0.0025367031021037,500,0,0.188,0.1561799641349665,0.224577624313042,0.0,0.188,0.0003961821995076,0.0005696867562579,0.0004769001831954,4.436865937367403e-05,0.0011448108556637,6.581041275528295e-05,0.0018632675863463,0.0014715655654813,0.0,0.0069621017673548,0.06849945593033104,0.056905545587582894,0.08182683552963177,0.0063728829104047376
low_endpoint,500,-0.5,-0.5,0.3333333333333333,False,risk_only,-0.0025367031021037,500,0,0.05,0.0340937452438494,0.0727681611715476,0.0,0.05,8.648570932240613e-05,0.0001845912201782,0.0001268351551051,2.474948532249909e-05,-9.894781202659252e-05,7.461956796924042e-05,0.0016698091362604,0.0016685442643088,0.0,0.0069621017673548,0.018217940406994378,0.012422356382082266,0.026513720475007375,0.003554887036921679
low_endpoint,500,-0.5,-0.5,0.3333333333333333,False,outcome_based,-0.0025367031021037,500,0,0.37,0.3288222637742394,0.4131600647457642,0.034,0.404,0.0009179801518657,0.0011353893667492,0.0010248280532498,5.57228318926465e-05,-0.0002812968978963,0.0005748658046768,0.0128446099179681,0.0128543901719757,0.0,0.0069621017673548,0.1472009584885996,0.13185388299982864,0.16308140913323402,0.008003737054509902
low_endpoint,500,-0.5,-0.5,0.3333333333333333,False,beta_known_mean,-0.0025367031021037,500,0,0.1,0.0766775627373017,0.1294219096319401,0.0,0.1,0.0001945082112574,0.0003283049596435,0.0002536703102103,3.4067528029078955e-05,0.0011510959044624,4.80283838727013e-05,0.0015735558090911,0.0010739473118881,0.0,0.0069621017673548,0.03643588081400312,0.02793814537004419,0.04715601274070963,0.004893282110414002
low_endpoint,500,-0.5,-0.5,0.5,False,beta_estimated_mean,-6.651144731710618e-05,500,0,0.118,0.0925930082515064,0.1492319878611194,0.0,0.118,6.158494990252452e-06,9.925635498651877e-06,7.848350783418529e-06,9.605531969465182e-07,-6.140832244214405e-05,5.046961747714069e-06,0.0001283799894209,0.0001128534954772,0.0,0.0001647871410072,0.04762720401269425,0.037372424526640524,0.060233070602385155,0.005829054324721545
low_endpoint,500,-0.5,-0.5,0.5,False,risk_only,-6.651144731710618e-05,500,0,0.312,0.2729529487252849,0.3539138032882587,0.158,0.47,2.8376979423696724e-05,3.417420740951926e-05,3.126038023903991e-05,1.4860485193250194e-06,-1.0927600217861758e-05,1.2366698516770784e-05,0.0002764671649882,0.0002765277854074,0.0,0.0001647871410072,0.18970157530479914,0.17220384582348483,0.20738394513456662,0.00901798835905582
low_endpoint,500,-0.5,-0.5,0.5,False,outcome_based,-6.651144731710618e-05,500,0,0.318,0.2787002611764217,0.3600749987515833,0.326,0.644,3.997861761226874e-05,4.554208002751039e-05,4.283337207221639e-05,1.4256537416282534e-06,-0.0001134885526828,0.0001266779167383,0.0028320451358673,0.0028326043307509,0.0,0.0001647871410072,0.25993152020487376,0.24260762925987023,0.27636913747730185,0.008651486596068576
low_endpoint,500,-0.5,-0.5,0.5,False,beta_known_mean,-6.651144731710618e-05,500,0,0.1,0.0766775627373017,0.1294219096319401,0.0,0.1,5.099935674406148e-06,8.608038524164063e-06,6.651144731710618e-06,8.932383903544003e-07,-6.012221816710834e-05,4.570950927867153e-06,0.0001184929690632,0.0001022095699652,0.0,0.0001647871410072,0.04036203729889343,0.030948626471912134,0.052237319438583826,0.005420558818453997
low_endpoint,500,0.0,0.0,0.0588235294117647,False,beta_estimated_mean,0.0011966668056998,500,0,0.51,0.4662736879310782,0.5535738252596908,0.0,0.51,0.0005579742447183,0.0006624434211925,0.0006103000709069,2.6779724175147253e-05,-0.0013155989261447,0.0002540763850891,0.0058261179575252,0.0056813206853675,0.15000000000000002,0.001568884859991182,0.38900246058230825,0.35565021943129477,0.42223839243131156,0.017069273123903925
low_endpoint,500,0.0,0.0,0.0588235294117647,False,risk_only,0.0011966668056998,500,0,0.41,0.3677350694076764,0.453637311875403,0.0,0.41,0.0004400563508518,0.0005428527129482,0.0004906333903369,2.634759054632023e-05,1.622066130737615e-05,0.0002539347838132,0.0056724965800407,0.0056781543845823,0.15000000000000002,0.001568884859991182,0.312727468311255,0.280489895768561,0.34601182457153107,0.016793833134745348
low_endpoint,500,0.0,0.0,0.0588235294117647,False,outcome_based,0.0011966668056998,500,0,0.314,0.2748678558360977,0.3559683988155998,0.018,0.314,0.0003289252390329,0.0004259755667407,0.0003757533769897,2.4862789519954144e-05,6.083194300213312e-06,0.0001301156506346,0.0029065698327672,0.002909474397557,0.15000000000000002,0.001568884859991182,0.23950347573104372,0.20965543579453547,0.27151486868392255,0.015847427783893513
low_endpoint,500,0.0,0.0,0.0588235294117647,False,beta_known_mean,0.0011966668056998,500,0,0.856,0.8225095437017246,0.8840619258896502,0.0,0.856,0.0009842698683191,0.0010579275608952,0.001024346785679,1.880793433689407e-05,-0.0013445267157003,5.714908104254228e-06,0.0013505737730229,0.0001277892300627,0.15000000000000002,0.001568884859991182,0.652913933840089,0.6273690908870344,0.6743181656435554,0.011988090915097352
low_endpoint,500,0.0,0.0,0.1111111111111111,True,beta_estimated_mean,0.0027594621597691,500,0,0.55,0.5061772177351765,0.5930603482186684,0.0,0.55,0.0013967768784774,0.0016365275893689,0.001517704187873,6.145564368570685e-05,-0.0036326983827457,0.0002439205438549,0.0065487110308468,0.0054542291716837,0.10000000000000002,0.00877146174061888,0.17302751043703654,0.15924106149938572,0.18657410107490627,0.007006317248254997
low_endpoint,500,0.0,0.0,0.1111111111111111,True,risk_only,0.0027594621597691,500,0,0.318,0.2787002611764217,0.3600749987515833,0.0,0.318,0.0007690628246341,0.0009936133337339,0.0008775089668065,5.752808501071341e-05,3.07565367740385e-05,0.0002481938762092,0.0055443165366204,0.0055497837880296,0.10000000000000002,0.00877146174061888,0.10004136057995124,0.08767784063546949,0.11327796473564675,0.006558551665831521
low_endpoint,500,0.0,0.0,0.1111111111111111,True,outcome_based,0.0027594621597691,500,0,0.36,0.3191414324050707,0.402993382924164,0.006,0.36,0.0008806587063363,0.0011120449908165,0.0009934063775168,5.929463603062216e-05,-0.0003699621597692,0.0003407279274451,0.0076202714354318,0.007618908076,0.10000000000000002,0.00877146174061888,0.11325437046787018,0.10040045004792601,0.12677989412720603,0.006759949228991172
low_endpoint,500,0.0,0.0,0.1111111111111111,True,beta_known_mean,0.0027594621597691,500,0,0.856,0.8225095437017246,0.8840619258896502,0.0,0.856,0.0022696839618938,0.0024395354313851,0.0023620996087623,4.3370287250283645e-05,-0.0036616220897052,3.456381588986504e-05,0.0037421398096387,0.0007728704189152,0.10000000000000002,0.00877146174061888,0.26929372533472845,0.2587577793771076,0.2781218801979265,0.004944476591563359
low_endpoint,500,0.0,0.0,0.2,False,beta_estimated_mean,-0.0038069378750148,500,0,0.31,0.2710389112735686,0.3518583381018213,0.0,0.31,0.0010318282969301,0.0013395028339596,0.0011801507412546,7.881899793146498e-05,0.001583172219739,0.0001799495792388,0.0043202983647429,0.004023794917005,0.0,0.0484750566842469,0.024345525760635523,0.021285757408209833,0.027632826562426747,0.001625970206592436
low_endpoint,500,0.0,0.0,0.2,False,risk_only,-0.0038069378750148,500,0,0.198,0.1654311225691935,0.2351739790695841,0.0,0.198,0.0006297860062148,0.0008952927281379,0.0007537736992529,6.791180853030601e-05,1.6751923264039486e-05,0.0001913978232956,0.0042755363267459,0.0042797854363453,0.0,0.0484750566842469,0.01554972290517932,0.012991960181027775,0.01846914246990136,0.0014009639838621487
low_endpoint,500,0.0,0.0,0.2,False,outcome_based,-0.0038069378750148,500,0,0.386,0.3443514767140062,0.4293868729112278,0.01,0.396,0.0013479670479144,0.0016731650303161,0.0015075473985058,8.334730835269899e-05,-0.0002490621249851,0.0006990085506686,0.0156166544414001,0.015630306361486,0.0,0.0484750566842469,0.03109944581035864,0.02780743623869662,0.034515999459570186,0.0017193854747937747
low_endpoint,500,0.0,0.0,0.2,False,beta_known_mean,-0.0038069378750148,500,0,0.144,0.1159380741103497,0.1774904562982754,0.0,0.144,0.0004413690454869,0.0006756951405355,0.0005481990540021,5.983339492402804e-05,0.0015723840450361,8.56393573705149e-05,0.0024763091993874,0.0019149542462986,0.0,0.0484750566842469,0.011308889385584773,0.009105075386746958,0.013939027342181179,0.0012343130470948433
low_endpoint,500,0.0,0.0,0.3333333333333333,False,beta_estimated_mean,-0.0025367031021037,500,0,0.182,0.1506464452041556,0.2182026353293916,0.0,0.182,0.0003821453048702,0.0005535153019272,0.0004616799645828,4.381589760628675e-05,0.001185389937251,6.443929880303669e-05,0.0018647274586972,0.0014409065254601,0.0,0.0069621017673548,0.06631330308149344,0.05488935922512281,0.07950405214164287,0.006293487092035754
low_endpoint,500,0.0,0.0,0.3333333333333333,False,risk_only,-0.0025367031021037,500,0,0.048,0.0324652069413531,0.07042719683589,0.0,0.048,8.235459115856916e-05,0.000178652888686,0.0001217617489009,2.4274956484887883e-05,-7.642671480967898e-05,7.202511882706351e-05,0.0016107334652327,0.0016105306178481,0.0,0.0069621017673548,0.01748922279071518,0.011828984107174175,0.025660769499765278,0.0034867281887077293
low_endpoint,500,0.0,0.0,0.3333333333333333,False,outcome_based,-0.0025367031021037,500,0,0.402,0.359928740326145,0.4455656304043193,0.022,0.424,0.0009675597428248,0.0011865042723503,0.0010755621152919,5.611946694481675e-05,-0.0003212968978963,0.0005331229803942,0.0119133986627073,0.0119209922452883,0.0,0.0069621017673548,0.15448813465140598,0.13897523695526462,0.17042328767927556,0.00806070764549294
low_endpoint,500,0.0,0.0,0.3333333333333333,False,beta_known_mean,-0.0025367031021037,500,0,0.144,0.1159380741103497,0.1774904562982754,0.0,0.144,0.0002941004722476,0.0004502405910856,0.0003652852467029,3.986919763238464e-05,0.0011926641313381,5.1519045381178456e-05,0.0016573773066618,0.0011520008760821,0.0,0.0069621017673548,0.05246766837217426,0.04224305850090171,0.06467021111308253,0.005726603684440633
low_endpoint,500,0.0,0.0,0.5,False,beta_estimated_mean,-6.651144731710618e-05,500,0,0.146,0.1177487668264692,0.1796492662203097,0.0,0.146,7.831640901432933e-06,1.1948732705768913e-05,9.710671308297505e-06,1.0513600942832316e-06,-5.672386838783894e-05,5.190951236937032e-06,0.0001290877168527,0.0001160731983367,0.0,0.0001647871410072,0.05892857445638443,0.04752580118548659,0.07251010383902977,0.006380110048983098
low_endpoint,500,0.0,0.0,0.5,False,risk_only,-6.651144731710618e-05,500,0,0.302,0.2633915508798565,0.3436276879429182,0.172,0.474,2.863970377904463e-05,3.443951778535672e-05,3.152642602830834e-05,1.4867165242800288e-06,-2.230639869446488e-05,1.2352088003236723e-05,0.0002768249272817,0.0002762010843929,0.0,0.0001647871410072,0.19131605679675492,0.17379817141067627,0.20899396381815957,0.009022042103485915
low_endpoint,500,0.0,0.0,0.5,False,outcome_based,-6.651144731710618e-05,500,0,0.322,0.2825360924255015,0.3641781727788112,0.344,0.666,4.1472051114218895e-05,4.695283754707972e-05,4.429662391319272e-05,1.4042889339670868e-06,3.85114473171062e-05,0.0001251469356837,0.0027958360344581,0.0027983705536456,0.0,0.0001647871410072,0.2688111684106303,0.2516704329035411,0.28493022732294515,0.008521835656495367
low_endpoint,500,0.0,0.0,0.5,False,beta_known_mean,-6.651144731710618e-05,500,0,0.144,0.1159380741103497,0.1774904562982754,0.0,0.144,7.711209108237278e-06,1.1805147133371884e-05,9.57764841366329e-06,1.0453560906290254e-06,-5.546035783762852e-05,4.817086061472896e-06,0.0001210570362893,0.0001077133188692,0.0,0.0001647871410072,0.058121333710406536,0.04679496871603807,0.07163876417308608,0.006343675145036656
low_endpoint,500,0.3,0.3,0.0588235294117647,False,beta_estimated_mean,0.0011966668056998,500,0,0.508,0.464285816641858,0.5515921939107572,0.0,0.508,0.0005555954251325,0.0006600720687361,0.0006079067372955,2.678165301738894e-05,-0.0013260557911775,0.000215311082894,0.0049891378320708,0.0048145021766016,0.15000000000000002,0.001568884859991182,0.3874769607368872,0.3541339707590924,0.4207269032730738,0.017070502559084842
low_endpoint,500,0.3,0.3,0.0588235294117647,False,risk_only,0.0011966668056998,500,0,0.41,0.3677350694076764,0.453637311875403,0.0,0.41,0.0004400563508518,0.0005428527129482,0.0004906333903369,2.634759054632023e-05,4.381940592820266e-06,0.0002154948153962,0.004813791532386,0.0048186105602477,0.15000000000000002,0.001568884859991182,0.312727468311255,0.280489895768561,0.34601182457153107,0.016793833134745348
low_endpoint,500,0.3,0.3,0.0588235294117647,False,outcome_based,0.0011966668056998,500,0,0.298,0.2595732118784324,0.3395070216680347,0.01,0.298,0.0003106226463038,0.0004062767831321,0.0003566067080985,2.450189416466436e-05,5.883319430021361e-05,0.0001299016488607,0.0029023793850479,0.0029046891724204,0.15000000000000002,0.001568884859991182,0.22729947696767522,0.19798944729796544,0.25895895453690815,0.015617394742914452
low_endpoint,500,0.3,0.3,0.0588235294117647,False,beta_known_mean,0.0011966668056998,500,0,0.876,0.8442125871122163,0.9020539088606966,0.0,0.876,0.0010102411799511,0.0010794579696853,0.001048280121793,1.765573765950164e-05,-0.001340978677062,5.513043258784268e-06,0.0013466217886532,0.0001232753948953,0.15000000000000002,0.001568884859991182,0.6681689322942996,0.6439230855709693,0.688041549264085,0.011253686047809063
low_endpoint,500,0.3,0.3,0.1111111111111111,True,beta_estimated_mean,0.0027594621597691,500,0,0.562,0.5182029258694332,0.6048516559133346,0.0,0.562,0.0014299613650183,0.0016690652567665,0.0015508177337902,6.128855515751864e-05,-0.0036249619814684,0.000207293229269,0.0058806989664997,0.0046352175192109,0.10000000000000002,0.00877146174061888,0.17680265611929583,0.1630242948443172,0.19028359310254908,0.0069872681395512035
low_endpoint,500,0.3,0.3,0.1111111111111111,True,risk_only,0.0027594621597691,500,0,0.27,0.2329485392031058,0.3105586574092084,0.0,0.27,0.0006428126791044,0.0008569748635094,0.0007450547831376,5.484253010676291e-05,3.17523246037722e-05,0.0002133075596424,0.004765035739156,0.0047697020347519,0.10000000000000002,0.00877146174061888,0.08494077785090264,0.07328455599682586,0.09770034788397026,0.006252382069090965
low_endpoint,500,0.3,0.3,0.1111111111111111,True,outcome_based,0.0027594621597691,500,0,0.36,0.3191414324050707,0.402993382924164,0.01,0.36,0.0008806587063363,0.0011120449908165,0.0009934063775168,5.929463603062216e-05,-0.0003829621597692,0.0003133930054288,0.007011136339126,0.0070076806381177,0.10000000000000002,0.00877146174061888,0.11325437046787018,0.10040045004792601,0.12677989412720603,0.006759949228991172
low_endpoint,500,0.3,0.3,0.1111111111111111,True,beta_known_mean,0.0027594621597691,500,0,0.876,0.8442125871122163,0.9020539088606966,0.0,0.876,0.0023295726889369,0.0024891836275729,0.0024172888519577,4.0713371292782274e-05,-0.0036409591199418,3.325921518544028e-05,0.0037159877334389,0.0007436986603293,0.10000000000000002,0.00877146174061888,0.2755856348051683,0.26558545859569976,0.28378207660029914,0.004641572008944281
low_endpoint,500,0.3,0.3,0.2,False,beta_estimated_mean,-0.0038069378750148,500,0,0.264,0.2272678314130519,0.3043308572848008,0.0,0.264,0.0008651945151788,0.0011585686671332,0.0010050315990039,7.512186952038172e-05,0.0016262241043722,0.0001573241166516,0.0038723756016259,0.0035178741933313,0.0,0.0484750566842469,0.02073296387357312,0.01784824143300002,0.023900305567042358,0.0015497015302056228
low_endpoint,500,0.3,0.3,0.2,False,risk_only,-0.0038069378750148,500,0,0.162,0.1323017883898392,0.19685226576217,0.0,0.162,0.0005036646891534,0.0007494043463124,0.0006167239357524,6.279210372019295e-05,4.12433993926149e-05,0.0001689122939498,0.0037734402312281,0.0037769937150735,0.0,0.0484750566842469,0.012722500558783644,0.010390182572330597,0.01545958679726385,0.0012953487425337805
low_endpoint,500,0.3,0.3,0.2,False,outcome_based,-0.0038069378750148,500,0,0.372,0.3307607484885237,0.4151910826696337,0.008,0.38,0.001288733482602,0.0016115053961232,0.0014466363925056,8.27205017307007e-05,5.89378750148587e-05,0.0006204101946448,0.0138590392766999,0.0138727936915972,0.0,0.0484750566842469,0.029842902545294356,0.026585497176340674,0.03324401261911049,0.0017064549768248678
low_endpoint,500,0.3,0.3,0.2,False,beta_known_mean,-0.0038069378750148,500,0,0.124,0.0979460911393034,0.1557874128877838,0.0,0.124,0.0003728746840678,0.000593073002573,0.0004720602965018,5.616792919059341e-05,0.0016224631272415,8.23571907845885e-05,0.0024529487009208,0.0018415627703025,0.0,0.0484750566842469,0.009738210304253384,0.007692093822532328,0.012234601527876768,0.001158697545346997
low_endpoint,500,0.3,0.3,0.3333333333333333,False,beta_estimated_mean,-0.0025367031021037,500,0,0.152,0.1231923926738016,0.1861141482874387,0.0,0.152,0.0003125025246512,0.0004721163373061,0.0003855788715197,4.076984752963792e-05,0.0012156783842046,5.951919490750172e-05,0.0018015545177647,0.0013308896577923,0.0,0.0069621017673548,0.05538253883729107,0.04488623336655607,0.06781232924802207,0.005855968340021569
low_endpoint,500,0.3,0.3,0.3333333333333333,False,risk_only,-0.0025367031021037,500,0,0.042,0.0276323101084517,0.0633515857543301,0.0,0.042,7.009496677040086e-05,0.0001607041641061,0.0001065415302883,2.2778586290749782e-05,-3.546316682065082e-05,6.72893264443165e-05,0.0015035479737648,0.0015046350808966,0.0,0.0069621017673548,0.015303069941877577,0.010068075577273978,0.02308270827922103,0.0032717973755509093
low_endpoint,500,0.3,0.3,0.3333333333333333,False,outcome_based,-0.0025367031021037,500,0,0.374,0.3326999999948793,0.4172213338014318,0.052,0.426,0.0009725277758354,0.0011916056889957,0.0010806355214961,5.615392439587004e-05,-0.0007052968978963,0.0005091220703968,0.011394774228311,0.0113843155825269,0.0,0.0069621017673548,0.15521685226768517,0.13968881931539257,0.1711560285692925,0.008065656934113635
low_endpoint,500,0.3,0.3,0.3333333333333333,False,beta_known_mean,-0.0025367031021037,500,0,0.124,0.0979460911393034,0.1557874128877838,0.0,0.124,0.000248460153232,0.0003951864135411,0.0003145511846608,3.742676263556396e-05,0.001223676439344,4.958858325350221e-05,0.0016505874091248,0.0011088344306273,0.0,0.0069621017673548,0.045180492209367894,0.03568752102950092,0.05676251608302017,0.005375785055463787
low_endpoint,500,0.3,0.3,0.5,False,beta_estimated_mean,-6.651144731710618e-05,500,0,0.13,0.1033206503646345,0.1623213615769141,0.0,0.13,6.872005993496539e-06,1.0796228688963868e-05,8.646488151223804e-06,1.001330461428029e-06,-5.3649648564969566e-05,4.962106525427964e-06,0.0001231459007633,0.0001109560750245,0.0,0.0001647871410072,0.052470648488561464,0.04170231943763307,0.06551620850374576,0.006076508490333466
low_endpoint,500,0.3,0.3,0.5,False,risk_only,-6.651144731710618e-05,500,0,0.304,0.2653020630572646,0.3456866784036638,0.178,0.482,2.916570780099327e-05,3.49695832257788e-05,3.205851760684518e-05,1.4877656403644027e-06,-1.984415233699153e-05,1.2274164478516994e-05,0.0002749012406141,0.0002744586614097,0.0,0.0001647871410072,0.19454501978066635,0.17699019245511965,0.21221063131528498,0.00902840859590736
low_endpoint,500,0.3,0.3,0.5,False,outcome_based,-6.651144731710618e-05,500,0,0.31,0.2710389112735686,0.3518583381018213,0.364,0.674,4.201674755196114e-05,4.7464210571708194e-05,4.482871549172957e-05,1.395676846510799e-06,-3.3488552682893804e-05,0.0001206362557957,0.0026950179003414,0.0026975086851041,0.0,0.0001647871410072,0.27204013139454175,0.2549758876520912,0.28803346111596384,0.0084695737663767
low_endpoint,500,0.3,0.3,0.5,False,beta_known_mean,-6.651144731710618e-05,500,0,0.124,0.0979460911393034,0.1557874128877838,0.0,0.124,6.5145362807282615e-06,1.0361646304954102e-05,8.247419467321167e-06,9.813163192889052e-07,-5.242819733702128e-05,4.664923165534627e-06,0.0001166520828705,0.0001043108530794,0.0,0.0001647871410072,0.05004892625062786,0.03953303783845381,0.06287897369674843,0.005955053976244595
low_endpoint,500,0.6,0.6,0.0588235294117647,False,beta_estimated_mean,0.0011966668056998,500,0,0.506,0.4622986388334935,0.5496098690809679,0.0,0.506,0.0005532174354122,0.0006576998864142,0.0006055134036841,2.678315313198521e-05,-0.0013268586969231,0.0001642608865231,0.0039018446641866,0.003672985083101,0.15000000000000002,0.001568884859991182,0.38595146089146615,0.3526182510393461,0.41921488516238004,0.01707145872523478
low_endpoint,500,0.6,0.6,0.0588235294117647,False,risk_only,0.0011966668056998,500,0,0.386,0.3443514767140062,0.4293868729112278,0.0,0.386,0.0004120739816773,0.0005138330176161,0.0004619133870001,2.607959299576364e-05,-2.8964013228217065e-06,0.0001648329694473,0.0036820907633761,0.0036857772461742,0.15000000000000002,0.001568884859991182,0.2944214701662021,0.26265406224878485,0.32751480412589873,0.01662301272759444
low_endpoint,500,0.6,0.6,0.0588235294117647,False,outcome_based,0.0011966668056998,500,0,0.31,0.2710389112735686,0.3518583381018213,0.018,0.31,0.0003243432681741,0.0004210571935151,0.0003709667097669,2.4775838634546e-05,-2.516680569978621e-05,0.0001236998537089,0.0027633600232522,0.0027660128169998,0.15000000000000002,0.001568884859991182,0.23645247604020161,0.20673490862543156,0.2683799201921463,0.015792005689114274
low_endpoint,500,0.6,0.6,0.0588235294117647,False,beta_known_mean,0.0011966668056998,500,0,0.902,0.8727939491335183,0.925076081135394,0.0,0.902,0.0010444435471437,0.0011070078390416,0.0010793934587412,1.592719429843263e-05,-0.0013381518836774,4.77413035728154e-06,0.0013423948121931,0.0001067528001232,0.15000000000000002,0.001568884859991182,0.6880004302847736,0.6657235172436876,0.7056017093872791,0.010151920452927406
low_endpoint,500,0.6,0.6,0.1111111111111111,True,beta_estimated_mean,0.0027594621597691,500,0,0.592,0.5483795122858897,0.6342176090691847,0.0,0.592,0.0015132325133455,0.0017500994932856,0.0016336015985833,6.071068109210668e-05,-0.0036112399801428,0.0001584858244222,0.0050571548037448,0.0035438507687825,0.10000000000000002,0.00877146174061888,0.1862405203249555,0.17251771233727484,0.19952198904103297,0.0069213869805722
low_endpoint,500,0.6,0.6,0.1111111111111111,True,risk_only,0.0027594621597691,500,0,0.224,0.1896389712599083,0.2625696646748685,0.0,0.224,0.0005233015652092,0.0007245510539735,0.0006181195237882,5.150258647551042e-05,3.75820785638103e-05,0.0001644015574575,0.0036726449035759,0.0036761305808182,0.10000000000000002,0.00877146174061888,0.07046938606889344,0.05965956196170764,0.08260322799086603,0.005871608176435664
low_endpoint,500,0.6,0.6,0.1111111111111111,True,outcome_based,0.0027594621597691,500,0,0.33,0.2902178997291812,0.3723743760277467,0.018,0.33,0.0008008453123903,0.0010275529999162,0.0009106225127238,5.808560825026519e-05,-0.0001424621597692,0.0002757329856196,0.0061610556292704,0.0061655769948446,0.10000000000000002,0.00877146174061888,0.10381650626222193,0.09130123758982452,0.11714729315386603,0.006622112706857329
low_endpoint,500,0.6,0.6,0.1111111111111111,True,beta_known_mean,0.0027594621597691,500,0,0.902,0.8727939491335183,0.925076081135394,0.0,0.902,0.0024084418759094,0.0025527124408006,0.0024890348681117,3.672742468369208e-05,-0.0036246712673032,2.870321341871854e-05,0.0036809448721535,0.0006418233637693,0.10000000000000002,0.00877146174061888,0.28376511711673763,0.274577025714698,0.2910247477885585,0.004187149846828236
low_endpoint,500,0.6,0.6,0.2,False,beta_estimated_mean,-0.0038069378750148,500,0,0.226,0.191509780865554,0.2646683577073766,0.0,0.226,0.0007290658382128,0.0010075759952741,0.0008603679597533,7.127713203848467e-05,0.0016651131743035,0.0001239294895561,0.003230557623024,0.0027711476306435,0.0,0.0484750566842469,0.017748673619042855,0.015040020333792143,0.020785452647062823,0.0014703878017670857
low_endpoint,500,0.6,0.6,0.2,False,risk_only,-0.0038069378750148,500,0,0.12,0.0943749001263691,0.1514195986244106,0.0,0.12,0.0003592793817418,0.0005764450050228,0.0004568325450017,5.538057696049014e-05,7.583491478023306e-05,0.0001329866611815,0.0029716647705206,0.0029736721450264,0.0,0.0484750566842469,0.009424074487986281,0.007411634071560688,0.011891579803147074,0.0011424551253487725
low_endpoint,500,0.6,0.6,0.2,False,outcome_based,-0.0038069378750148,500,0,0.356,0.3152745600260401,0.398921250026887,0.016,0.372,0.0012591856209892,0.0015806066579834,0.0014161808895055,8.23714685210415e-05,0.0001819378750148,0.000523055373596,0.0116855884058256,0.011695873713573,0.0,0.0484750566842469,0.029214630912762215,0.025975949428820408,0.03260659741522396,0.0016992547127399242
low_endpoint,500,0.6,0.6,0.2,False,beta_known_mean,-0.0038069378750148,500,0,0.098,0.0749239188646062,0.1272060508664818,0.0,0.098,0.0002852307044702,0.0004842655329746,0.0003730799117514,5.066894053433949e-05,0.0016618080588352,7.106448436104443e-05,0.0022981810921298,0.0015890501781726,0.0,0.0484750566842469,0.007696327498522369,0.0058840716025999485,0.009989994155736044,0.0010452579945266066
low_endpoint,500,0.6,0.6,0.3333333333333333,False,beta_estimated_mean,-0.0025367031021037,500,0,0.124,0.0979460911393034,0.1557874128877838,0.0,0.124,0.000248460153232,0.0003951864135411,0.0003145511846608,3.742676263556396e-05,0.0012404730560281,4.960271984648533e-05,0.0016632882735713,0.0011091505344561,0.0,0.0069621017673548,0.045180492209367894,0.03568752102950092,0.05676251608302017,0.005375785055463787
low_endpoint,500,0.6,0.6,0.3333333333333333,False,risk_only,-0.0025367031021037,500,0,0.02,0.0108991835962108,0.0364201832468793,0.0,0.02,2.764799283890573e-05,9.238719182154404e-05,5.0734062042074e-05,1.5898179746903514e-05,9.74135780275804e-06,5.91227849864153e-05,0.0013207389002457,0.0013220256624872,0.0,0.0069621017673548,0.007287176162802635,0.003971213544815846,0.013270014560078152,0.0022835316515265346
low_endpoint,500,0.6,0.6,0.3333333333333333,False,outcome_based,-0.0025367031021037,500,0,0.378,0.3365807935394356,0.4212795455331832,0.024,0.402,0.0009130323521216,0.0011302677168374,0.0010197546470456,5.567791782938727e-05,-0.0005592968978963,0.0004509593070257,0.0100891821779565,0.0100837566559587,0.0,0.0069621017673548,0.14647224087232041,0.13114320684061187,0.16234576204232032,0.007997285832628914
low_endpoint,500,0.6,0.6,0.3333333333333333,False,beta_known_mean,-0.0025367031021037,500,0,0.098,0.0749239188646062,0.1272060508664818,0.0,0.098,0.0001900597374056,0.0003226839838393,0.0002485969040061,3.376258369681573e-05,0.0012481567810422,4.280560951096233e-05,0.0015723304781942,0.0009571625268482,0.0,0.0069621017673548,0.03570716319772392,0.02729918977869406,0.046348645081914885,0.004849481496396393
low_endpoint,500,0.6,0.6,0.5,False,beta_estimated_mean,-6.651144731710618e-05,500,0,0.098,0.0749239188646062,0.1272060508664818,0.0,0.098,4.983298282354395e-06,8.460658550623134e-06,6.5181218370764056e-06,8.852428591181454e-07,-5.1153444510500304e-05,4.292127471164539e-06,0.0001086712088891,9.597488793618178e-05,0.0,0.0001647871410072,0.039554796552915564,0.030240820077925015,0.05134295369717874,0.005372038459478259
low_endpoint,500,0.6,0.6,0.5,False,risk_only,-6.651144731710618e-05,500,0,0.294,0.2557584874357568,0.3353827408344027,0.194,0.488,2.9560695967457545e-05,3.536664715609256e-05,3.245758629074782e-05,1.488301834404872e-06,-1.5224186282639118e-05,1.1373400900975765e-05,0.0002545182618734,0.0002543169754993,0.0,0.0001647871410072,0.19696674201859998,0.1793871523395503,0.2146201878370309,0.009031662454413503
low_endpoint,500,0.6,0.6,0.5,False,outcome_based,-6.651144731710618e-05,500,0,0.316,0.2767836281199081,0.3580221291699432,0.37,0.686,4.283547391272778e-05,4.822958840449765e-05,4.5626852859534846e-05,1.3818885151958493e-06,-1.7488552682893808e-05,0.0001095165546915,0.0024464770281927,0.0024488646095183,0.0,0.0001647871410072,0.27688357587040896,0.25994427508670825,0.2926781064937,0.008385900178555016
low_endpoint,500,0.6,0.6,0.5,False,beta_known_mean,-6.651144731710618e-05,500,0,0.098,0.0749239188646062,0.1272060508664818,0.0,0.098,4.983298282354395e-06,8.460658550623134e-06,6.518121837076406e-06,8.852428591181454e-07,-4.997532229382341e-05,4.070153586501912e-06,0.0001037499002265,9.101140098282848e-05,0.0,0.0001647871410072,0.039554796552915564,0.030240820077925015,0.05134295369717874,0.005372038459478259
low_endpoint,500,0.9,0.9,0.0588235294117647,False,beta_estimated_mean,0.0011966668056998,500,0,0.528,0.4841957716642159,0.5713772652699372,0.0,0.528,0.0005794210074107,0.00068374820688,0.0006318400734095,2.674304974019941e-05,-0.0013299363425521,8.545899209298779e-05,0.0023265956031691,0.0019109211560853,0.15000000000000002,0.001568884859991182,0.4027319591910979,0.3693202874135433,0.4358179649230875,0.01704589700760432
low_endpoint,500,0.9,0.9,0.0588235294117647,False,risk_only,0.0011966668056998,500,0,0.268,0.231053973436348,0.3084837205378122,0.0,0.268,0.0002764946203363,0.0003691522284663,0.0003207067039275,2.3727168205350065e-05,-1.0287424767294997e-05,8.559286566239457e-05,0.0019120274628274,0.0019139146601012,0.15000000000000002,0.001568884859991182,0.20441697928635919,0.1762364003804932,0.23529593399758783,0.01512358797667499
low_endpoint,500,0.9,0.9,0.0588235294117647,False,outcome_based,0.0011966668056998,500,0,0.226,0.191509780865554,0.2646683577073766,0.016,0.226,0.0002291733977286,0.0003167198381875,0.0002704466980881,2.240514048724981e-05,-3.216680569978711e-05,9.450524844667493e-05,0.0021113323881825,0.0021132015975727,0.15000000000000002,0.001568884859991182,0.1723814825325168,0.14607407055345545,0.20187576938519258,0.014280933584492452
low_endpoint,500,0.9,0.9,0.0588235294117647,False,beta_known_mean,0.0011966668056998,500,0,0.99,0.9768069002442692,0.9957212461034096,0.0,0.99,0.0011689123931008,0.001191546562942,0.0011847001376428,5.3301639641078175e-06,-0.0013380077731541,2.8740527328773243e-06,0.0013395471736364,6.426577281632742e-05,0.15000000000000002,0.001568884859991182,0.7551224234833006,0.7450593876642866,0.75948630350649,0.003397422016130474
low_endpoint,500,0.9,0.9,0.1111111111111111,True,beta_estimated_mean,0.0027594621597691,500,0,0.678,0.6358218272211889,0.7174639075744986,0.0,0.678,0.0017545262725721,0.0019798145039519,0.0018709153443234,5.771875476513152e-05,-0.0036131163515844,8.210823289973538e-05,0.0040520055482607,0.0018359959027619,0.10000000000000002,0.00877146174061888,0.2132957310478328,0.2000266688101985,0.22571089773826136,0.006580289177782939
low_endpoint,500,0.9,0.9,0.1111111111111111,True,risk_only,0.0027594621597691,500,0,0.07,0.0507597429450181,0.0957971898519168,0.0,0.07,0.0001400695898963,0.0002643487204085,0.0001931623511838,3.151843640482128e-05,4.1906476338604365e-05,8.547398249665954e-05,0.0019098039671638,0.0019112563517015,0.10000000000000002,0.00877146174061888,0.02202168314652778,0.01596878536762759,0.030137362303520532,0.0035932934939299486
low_endpoint,500,0.9,0.9,0.1111111111111111,True,outcome_based,0.0027594621597691,500,0,0.284,0.2462377719556586,0.325055943123732,0.022,0.284,0.0006794838140175,0.000896979574858,0.0007836872533744,5.570444497288063e-05,-0.0001144621597692,0.0002041526551706,0.0045618610879791,0.0045649921474863,0.10000000000000002,0.00877146174061888,0.08934511448021275,0.07746528846736533,0.10226112834811414,0.006350645607325005
low_endpoint,500,0.9,0.9,0.1111111111111111,True,beta_known_mean,0.0027594621597691,500,0,0.99,0.9768069002442692,0.9957212461034096,0.0,0.99,0.0026954616786254,0.0027476551003005,0.0027318675381714,1.2291128737141373e-05,-0.0036248424024792,1.68750169007592e-05,0.0036443903158575,0.0003773368491155,0.10000000000000002,0.00877146174061888,0.31144951878666577,0.30729902932178993,0.31324939691370485,0.0014012634496509996
low_endpoint,500,0.9,0.9,0.2,False,beta_estimated_mean,-0.0038069378750148,500,0,0.082,0.0610190894684689,0.1093548591573887,0.0,0.082,0.0002322958827964,0.0004163071551431,0.0003121689057512,4.675776927904697e-05,0.0016624091582986,6.577460946399228e-05,0.0022186544425429,0.0014707649795498,0.0,0.0484750566842469,0.006439784233458082,0.004792070369499743,0.008588069486020606,0.0009645737927366262
low_endpoint,500,0.9,0.9,0.2,False,risk_only,-0.0038069378750148,500,0,0.014,0.0067977897908434,0.0286130691377852,0.0,0.014,2.5878763421151397e-05,0.000108928176621,5.329713025020798e-05,2.0022946740296435e-05,7.157106738665832e-05,7.005096758472825e-05,0.0015664559711034,0.0015663872540908,0.0,0.0484750566842469,0.0010994753569319316,0.0005338573111882777,0.0022470974573692197,0.0004130566957501539
low_endpoint,500,0.9,0.9,0.2,False,outcome_based,-0.0038069378750148,500,0,0.31,0.2710389112735686,0.3518583381018213,0.018,0.328,0.0010975256843266,0.0014098102960065,0.0012486756230048,8.001051673532257e-05,-0.0003560621249851,0.0003600070445759,0.0080498267830338,0.0080500022405055,0.0,0.0484750566842469,0.02575913693383233,0.022641039730506733,0.02908321088079616,0.001650550246005671
low_endpoint,500,0.9,0.9,0.2,False,beta_known_mean,-0.0038069378750148,500,0,0.01,0.0042787538965904,0.0231930997557307,0.0,0.01,1.6288950266797756e-05,8.829468989908901e-05,3.806937875014856e-05,1.6956769401766875e-05,0.0016604199913138,4.171704727643698e-05,0.0019040510109378,0.0009328215353068,0.0,0.0484750566842469,0.0007853395406656655,0.0003360274619769806,0.0018214458308778508,0.00034980401389148605
low_endpoint,500,0.9,0.9,0.3333333333333333,False,beta_estimated_mean,-0.0025367031021037,500,0,0.018,0.009498193296197,0.0338516709087392,0.0,0.018,2.409409639884369e-05,8.587163860559252e-05,4.5660655837866606e-05,1.5097719891585367e-05,0.0012389975414327,2.864506000548596e-05,0.0013944762814664,0.0006405230139182,0.0,0.0069621017673548,0.006558458546522373,0.0034607503888869563,0.012334154465860217,0.002168557771214774
low_endpoint,500,0.9,0.9,0.3333333333333333,False,risk_only,-0.0025367031021037,500,0,0.0,4.336808689942019e-19,0.0076243404615522,0.0,0.0,1.10011960570062e-21,1.9340688100314325e-05,0.0,0.0,1.1170198742189364e-05,3.6792100574950016e-05,0.0008219491754566,0.0008226963792059,0.0,0.0069621017673548,0.0,1.5801544453990399e-19,0.0027779956034257565,0.0
low_endpoint,500,0.9,0.9,0.3333333333333333,False,outcome_based,-0.0025367031021037,500,0,0.35,0.3094801731446609,0.3928071289938047,0.062,0.412,0.0009377899037067,0.0011558574135323,0.0010451216780667,5.589289931747666e-05,-9.129689789630225e-05,0.000356181080244,0.0079570064172127,0.0079644510772509,0.0,0.0069621017673548,0.1501158289537308,0.13469925247343897,0.16602133266021757,0.008028164652742897
low_endpoint,500,0.9,0.9,0.3333333333333333,False,beta_known_mean,-0.0025367031021037,500,0,0.01,0.0042787538965904,0.0231930997557307,0.0,0.01,1.0853928282619403e-05,5.883400809776264e-05,2.5367031021037e-05,1.1298920800737072e-05,0.0012481234102906,2.5211095851213512e-05,0.0013692976758072,0.0005637372411057,0.0,0.0069621017673548,0.0036435880814013177,0.0015590016700866573,0.00845061018407322,0.0016229180753601672
low_endpoint,500,0.9,0.9,0.5,False,beta_estimated_mean,-6.651144731710618e-05,500,0,0.012,0.0055109951740277,0.0259303611164472,0.0,0.012,3.6654426518217e-07,1.7246658473101228e-06,7.981373678052742e-07,3.242016500346424e-07,-5.1037162002264975e-05,2.745599569415032e-06,7.978979938586054e-05,6.139347276206164e-05,0.0,0.0001647871410072,0.004843444475867212,0.0022243499276812786,0.010466022025558215,0.0019673965338137464
low_endpoint,500,0.9,0.9,0.5,False,risk_only,-6.651144731710618e-05,500,0,0.206,0.1728566412733672,0.2436264709180254,0.238,0.444,2.6673805316994104e-05,3.244515576351705e-05,2.9531082608795143e-05,1.479363865010637e-06,-1.2726908435396136e-05,8.109376240933147e-06,0.0001815962657209,0.0001813311652984,0.0,0.0001647871410072,0.17920744560708682,0.1618682450217924,0.19689130817616063,0.008977422971043592
low_endpoint,500,0.9,0.9,0.5,False,outcome_based,-6.651144731710618e-05,500,0,0.244,0.208398855460222,0.2835048068560928,0.478,0.722,4.530436548026306e-05,5.051300941763058e-05,4.802126496295067e-05,1.3339425390470585e-06,-2.948855268289387e-05,8.445017266605588e-05,0.0018867044216674,0.0018883632679289,0.0,0.0001647871410072,0.2914139092980106,0.27492658227672984,0.30653489774073767,0.008094943154507274
low_endpoint,500,0.9,0.9,0.5,False,beta_known_mean,-6.651144731710618e-05,500,0,0.01,0.0042787538965904,0.0231930997557307,0.0,0.01,2.845861143759416e-07,1.542606632523671e-06,6.651144731710619e-07,2.9625365891465577e-07,-4.969853730564614e-05,2.560561393109439e-06,7.577351423560937e-05,5.725589335554268e-05,0.0,0.0001647871410072,0.004036203729889344,0.0017269922436697123,0.009361207574177587,0.0017977959754864102
low_endpoint,500,0.0,0.9,0.0588235294117647,False,beta_estimated_mean,0.0011966668056998,500,0,0.488,0.4444452370209479,0.5317377471501294,0.0,0.488,0.0005318528620943,0.0006363129113521,0.0005839734011815,2.6777366512613104e-05,-0.0012483824798964,0.0002309609277709,0.0053081626712428,0.0051644433464237,0.15000000000000002,0.001568884859991182,0.37222196228267657,0.3390005701867053,0.40558292554093256,0.017067770360639216
low_endpoint,500,0.0,0.9,0.0588235294117647,False,risk_only,0.0011966668056998,500,0,0.408,0.3657823909308153,0.4516204877141103,0.0,0.408,0.0004377196453364,0.0005404392464214,0.0004882400567255,2.632775976186302e-05,8.399294511042726e-05,0.0002310193677554,0.0051612652523992,0.005165750104203,0.15000000000000002,0.001568884859991182,0.31120196846583387,0.27900049041129776,0.3444734920983542,0.016781193083864037
low_endpoint,500,0.0,0.9,0.0588235294117647,False,outcome_based,0.0011966668056998,500,0,0.246,0.2102809916856707,0.2855921732687978,0.02,0.246,0.0002516362826198,0.0003417586737184,0.0002943800342021,2.3071519484636453e-05,-4.591680569978657e-05,9.6828393824855e-05,0.0021634697919188,0.0021651487074449,0.15000000000000002,0.001568884859991182,0.18763648098672744,0.16039181015566326,0.21783540808744936,0.0147056804951041
low_endpoint,500,0.0,0.9,0.0588235294117647,False,beta_known_mean,0.0011966668056998,500,0,0.904,0.8750130375724849,0.9268264953345812,0.0,0.904,0.0010470990566175,0.00110910250161,0.0010817867923526,1.5781300998681624e-05,-0.0013418693933635,4.931484530952275e-06,0.0013463836448597,0.0001102713464119,0.15000000000000002,0.001568884859991182,0.6895259301301946,0.667416126778982,0.7069368376824248,0.010058928734113938
low_endpoint,500,0.0,0.9,0.1111111111111111,True,beta_estimated_mean,0.0027594621597691,500,0,0.55,0.5061772177351765,0.5930603482186684,0.0,0.55,0.0013967768784774,0.0016365275893689,0.001517704187873,6.145564368570685e-05,-0.0035592217929128,0.000218197261467,0.0060353518689551,0.0048790390914468,0.10000000000000002,0.00877146174061888,0.17302751043703654,0.15924106149938572,0.18657410107490627,0.007006317248254997
low_endpoint,500,0.0,0.9,0.1111111111111111,True,risk_only,0.0027594621597691,500,0,0.286,0.2481400532160928,0.3271231645014515,0.0,0.286,0.0006847330871729,0.0009026839940256,0.0007892061776939,5.58221157122305e-05,0.0001014201831725,0.0002232350993856,0.0049877256282614,0.0049916885719021,0.10000000000000002,0.00877146174061888,0.08997430542725217,0.07806373754126275,0.10291146683630295,0.006364060787465957
low_endpoint,500,0.0,0.9,0.1111111111111111,True,outcome_based,0.0027594621597691,500,0,0.302,0.2633915508798565,0.3436276879429182,0.018,0.302,0.0007268190178558,0.0009482276019274,0.0008333575722502,5.671596854577973e-05,-0.0001339621597692,0.0002268372981227,0.0050689319003365,0.0050722361843489,0.10000000000000002,0.00877146174061888,0.09500783300360169,0.08286178967070527,0.10810371520362999,0.0064659654482832046
low_endpoint,500,0.0,0.9,0.1111111111111111,True,beta_known_mean,0.0027594621597691,500,0,0.904,0.8750130375724849,0.9268264953345812,0.0,0.904,0.0024145653664859,0.0025575426425472,0.0024945537924313,3.639100101245027e-05,-0.0036460758890754,2.9845031208428765e-05,0.0037065268927832,0.0006673551857264,0.10000000000000002,0.00877146174061888,0.28439430806378846,0.2752751408929406,0.29157542017241356,0.004148795501658617
low_endpoint,500,0.0,0.9,0.2,False,beta_estimated_mean,-0.0038069378750148,500,0,0.268,0.231053973436348,0.3084837205378122,0.0,0.268,0.0008796081226475,0.0011743783595408,0.0010202593505039,7.548287867395844e-05,0.0016530015896246,0.0001541205376311,0.0038190615568543,0.0034462399887211,0.0,0.0484750566842469,0.021047099689838155,0.018145582136747645,0.024226446338998127,0.0015571488480278222
low_endpoint,500,0.0,0.9,0.2,False,risk_only,-0.0038069378750148,500,0,0.148,0.1195614053892054,0.1818061302957273,0.0,0.148,0.0004551628425661,0.0006921246433326,0.0005634268055021,6.051683017543166e-05,6.922597640907518e-05,0.0001652652378079,0.0036923947582618,0.0036954430605621,0.0,0.0484750566842469,0.011623025201849815,0.009389629918968528,0.014277954285663003,0.0012484117464703866
low_endpoint,500,0.0,0.9,0.2,False,outcome_based,-0.0038069378750148,500,0,0.324,0.2844552822318157,0.3662284856106508,0.018,0.342,0.0011488025366993,0.0014643149932009,0.001301972753255,8.084469309468737e-05,-0.0005890621249851,0.0004427192888699,0.0099071276456444,0.0098995042486347,0.0,0.0484750566842469,0.026858612290764097,0.02369883843937062,0.03020759733689519,0.0016677586087477385
low_endpoint,500,0.0,0.9,0.2,False,beta_known_mean,-0.0038069378750148,500,0,0.096,0.073173504665419,0.1249869624275152,0.0,0.096,0.0002785669863583,0.0004758176011483,0.0003654660360014,5.020481240285999e-05,0.0016102515954608,7.401436468598313e-05,0.0023079200948991,0.0016550115074931,0.0,0.0484750566842469,0.007539259590389849,0.005746604654282474,0.00981572036620079,0.001035683418172778
low_endpoint,500,0.0,0.9,0.3333333333333333,False,beta_estimated_mean,-0.0025367031021037,500,0,0.138,0.1105180088988837,0.1710020135952801,0.0,0.138,0.0002803513760121,0.0004337813383531,0.0003500650280903,3.916629974451293e-05,0.0012142973615799,5.400896192816909e-05,0.0017117491342631,0.0012076771026558,0.0,0.0069621017673548,0.05028151552333666,0.040268210000414494,0.062306089863135114,0.005625643096480315
low_endpoint,500,0.0,0.9,0.3333333333333333,False,risk_only,-0.0025367031021037,500,0,0.018,0.009498193296197,0.0338516709087392,0.0,0.018,2.409409639884369e-05,8.587163860559252e-05,4.5660655837866606e-05,1.5097719891585367e-05,-2.795891857049736e-05,5.864608905089143e-05,0.0013103527074223,0.0013113664173229,0.0,0.0069621017673548,0.006558458546522373,0.0034607503888869563,0.012334154465860217,0.002168557771214774
low_endpoint,500,0.0,0.9,0.3333333333333333,False,outcome_based,-0.0025367031021037,500,0,0.39,0.3482413304011046,0.433436024500437,0.054,0.444,0.0010173214900877,0.0012374370216476,0.001126296177334,5.6421970305665535e-05,0.0003307031021036,0.0004002393171866,0.0089467831393043,0.0089496232049747,0.0,0.0069621017673548,0.16177531081421237,0.14612275489248183,0.1777390022435359,0.008104157651102915
low_endpoint,500,0.0,0.9,0.3333333333333333,False,beta_known_mean,-0.0025367031021037,500,0,0.096,0.073173504665419,0.1249869624275152,0.0,0.096,0.0001856194562765,0.0003170548153123,0.0002435234978019,3.3453318006239404e-05,0.0012159682521552,4.447468843697529e-05,0.0015702228339063,0.000994484266232,0.0,0.0069621017673548,0.03497844558144472,0.02666141094731868,0.045540100663131015,0.004805060185000678
low_endpoint,500,0.0,0.9,0.5,False,beta_estimated_mean,-6.651144731710618e-05,500,0,0.104,0.080194206769891,0.1338442708756583,0.0,0.104,5.33383275871273e-06,8.902176171042837e-06,6.917190520979043e-06,9.089014578876104e-07,-5.425863430937544e-05,4.402066812415427e-06,0.0001123108067613,9.843320634056712e-05,0.0,0.0001647871410072,0.04197651879084917,0.032368015648015155,0.05402227453326517,0.0055156091205435616
low_endpoint,500,0.0,0.9,0.5,False,risk_only,-6.651144731710618e-05,500,0,0.258,0.2215962002228131,0.2980939805605782,0.206,0.464,2.798324064497272e-05,3.377589409146523e-05,3.0861311555137275e-05,1.4848668467479737e-06,-1.5070243751294502e-05,1.0057538550826133e-05,0.0002251732644336,0.0002248933988597,0.0,0.0001647871410072,0.18727985306686556,0.1698144677669361,0.2049668067849388,0.009010817456218236
low_endpoint,500,0.0,0.9,0.5,False,outcome_based,-6.651144731710618e-05,500,0,0.298,0.2595732118784324,0.3395070216680347,0.388,0.686,4.283547391272778e-05,4.822958840449765e-05,4.5626852859534846e-05,1.3818885151958493e-06,5.451144731710613e-05,0.0001066135305192,0.0023821896435608,0.0023839510156229,0.0,0.0001647871410072,0.27688357587040896,0.25994427508670825,0.2926781064937,0.008385900178555016
low_endpoint,500,0.0,0.9,0.5,False,beta_known_mean,-6.651144731710618e-05,500,0,0.096,0.073173504665419,0.1249869624275152,0.0,0.096,4.866875700562041e-06,8.313063766822807e-06,6.385098942442193e-06,8.771340234137631e-07,-5.316874471069277e-05,4.1603521344848605e-06,0.0001070694719594,9.302830183044496e-05,0.0,0.0001647871410072,0.03874755580693769,0.029534317245963955,0.050447284393747606,0.005322830519739636
low_endpoint,500,0.9,0.0,0.0588235294117647,False,beta_estimated_mean,0.0011966668056998,500,0,0.538,0.494176845283715,0.581243704841207,0.0,0.538,0.0005913650268964,0.0006955550476054,0.0006438067414665,2.670761438643472e-05,-0.0013970535774128,0.0001404769466093,0.0034349543213812,0.003141160018901,0.15000000000000002,0.001568884859991182,0.4103594584182032,0.3769333505453828,0.4433435909435122,0.0170233106759567
low_endpoint,500,0.9,0.0,0.0588235294117647,False,risk_only,0.0011966668056998,500,0,0.354,0.3133423051969017,0.3968840022178716,0.0,0.354,0.0003749663354506,0.0004749379111674,0.0004236200492177,2.5617742827037747e-05,-7.805970857034645e-05,0.0001402513248531,0.0031339495760951,0.0031361149630598,0.15000000000000002,0.001568884859991182,0.27001347263946507,0.2390018190708447,0.30272324201667,0.0163286315524657
low_endpoint,500,0.9,0.0,0.0588235294117647,False,outcome_based,0.0011966668056998,500,0,0.296,0.2576653952306019,0.3374453356777114,0.012,0.296,0.0003083396254499,0.0004038096319437,0.0003542133744871,2.445429554449321e-05,1.9833194300213463e-05,0.0001275472151172,0.0028492579921088,0.0028520424334297,0.15000000000000002,0.001568884859991182,0.22577397712225414,0.19653426029723625,0.2573864037071335,0.015587055601155241
low_endpoint,500,0.9,0.0,0.0588235294117647,False,beta_known_mean,0.0011966668056998,500,0,0.946,0.9225734384893528,0.9626256498189424,0.0,0.946,0.0011040130096605,0.0011519421614535,0.001132046798192,1.21078050481023e-05,-0.0013407180404861,4.120567670717883e-06,0.0013438740357531,9.213869417613157e-05,0.15000000000000002,0.001568884859991182,0.721561426884037,0.7036928189024052,0.7342426399984348,0.007717459296643574
low_endpoint,500,0.9,0.0,0.1111111111111111,True,beta_estimated_mean,0.0027594621597691,500,0,0.61,0.566563975499563,0.6517586695988955,0.0,0.61,0.0015634118514794,0.0017985033860596,0.0016832719174591,6.025198942697021e-05,-0.0036859595697987,0.0001410466920145,0.0048490708847141,0.0031538999134594,0.10000000000000002,0.00877146174061888,0.19190323884834445,0.178238462152728,0.20504032728445837,0.0068690933402759235
low_endpoint,500,0.9,0.0,0.1111111111111111,True,risk_only,0.0027594621597691,500,0,0.204,0.1709982729111479,0.241515336642091,0.0,0.204,0.0004718632634841,0.0006664524324677,0.0005629302805929,4.977895642897915e-05,-2.8757170059947077e-05,0.0001431057466911,0.0031968695763362,0.0031999417757219,0.10000000000000002,0.00877146174061888,0.0641774765984651,0.05379528263789784,0.07597963169371104,0.005675103865352657
low_endpoint,500,0.9,0.0,0.1111111111111111,True,outcome_based,0.0027594621597691,500,0,0.374,0.3326999999948793,0.4172213338014318,0.016,0.374,0.000918073060541,0.0011513064828734,0.0010320388477536,5.977191055683076e-05,-0.0003504621597692,0.0003313064531998,0.0074091188899509,0.0074082375073919,0.10000000000000002,0.00877146174061888,0.11765870709718029,0.10466591403911481,0.1312559430706892,0.006814361428499316
low_endpoint,500,0.9,0.0,0.1111111111111111,True,beta_known_mean,0.0027594621597691,500,0,0.946,0.9225734384893528,0.9626256498189424,0.0,0.946,0.0025458064931194,0.0026563290546985,0.0026104512031416,2.7920077425863088e-05,-0.0036398634690077,2.4695258490012303e-05,0.0036814296289851,0.0005522027670559,0.10000000000000002,0.00877146174061888,0.2976073179517074,0.2902374277402683,0.3028376721291017,0.003183058679555177
low_endpoint,500,0.9,0.0,0.2,False,beta_estimated_mean,-0.0038069378750148,500,0,0.206,0.1728566412733672,0.2436264709180254,0.0,0.206,0.0006580544946114,0.000927470839494,0.000784229202253,6.892382614006821e-05,0.0015932309459675,0.000117330802173,0.0030672262549957,0.0026235964951351,0.0,0.0484750566842469,0.016177994537711467,0.013575115525862814,0.019132950076475173,0.001421841063312601
low_endpoint,500,0.9,0.0,0.2,False,risk_only,-0.0038069378750148,500,0,0.094,0.0714264085922213,0.1227645558625591,0.0,0.094,0.000271915900146,0.0004673570374225,0.0003578521602513,4.973401746115352e-05,1.909701424162198e-05,0.0001219385799461,0.0027239684870273,0.0027266295383942,0.0,0.0484750566842469,0.007382191682255266,0.005609398291521038,0.009641185991111561,0.001025971311082876
low_endpoint,500,0.9,0.0,0.2,False,outcome_based,-0.0038069378750148,500,0,0.382,0.3404646252341933,0.4253347191147331,0.008,0.39,0.0013257331103495,0.0016500640180665,0.0014847057712557,8.312329262515301e-05,-1.606212498514087e-05,0.0006421659413207,0.0143449095149415,0.0143592669762837,0.0,0.0484750566842469,0.03062824208595902,0.027348768645799812,0.03403944483891087,0.001714764217122945
low_endpoint,500,0.9,0.0,0.2,False,beta_known_mean,-0.0038069378750148,500,0,0.054,0.0373743501810575,0.077426561510647,0.0,0.054,0.0001422818292583,0.000294758109547,0.0002055746452508,3.8518375709401856e-05,0.0016247683047734,6.113412668661334e-05,0.0021224573931219,0.0013670006301635,0.0,0.0484750566842469,0.004240833519594548,0.002935155500386198,0.00608061402520832,0.0007946019735531181
low_endpoint,500,0.9,0.0,0.3333333333333333,False,beta_estimated_mean,-0.0025367031021037,500,0,0.106,0.0819570502729703,0.1360509300107328,0.0,0.106,0.0002079007036667,0.0003451208162023,0.0002688905288229,3.4957555772865274e-05,0.0012092838869474,4.614970238587547e-05,0.0015890674118339,0.001031938716762,0.0,0.0069621017673548,0.03862203366284073,0.029861773156138503,0.04957135470506432,0.005021121055250983
low_endpoint,500,0.9,0.0,0.3333333333333333,False,risk_only,-0.0025367031021037,500,0,0.018,0.009498193296197,0.0338516709087392,0.0,0.018,2.409409639884369e-05,8.587163860559252e-05,4.5660655837866606e-05,1.5097719891585367e-05,-3.729759749699227e-05,5.55005417747844e-05,0.0012403490917032,0.0012410298419648,0.0,0.0069621017673548,0.006558458546522373,0.0034607503888869563,0.012334154465860217,0.002168557771214774
low_endpoint,500,0.9,0.0,0.3333333333333333,False,outcome_based,-0.0025367031021037,500,0,0.35,0.3094801731446609,0.3928071289938047,0.03,0.38,0.0008587306466325,0.0010738054761103,0.0009639471787994,5.511972095079805e-05,-0.0007432968978963,0.0004851411380698,0.0108626925887839,0.0108480856340576,0.0,0.0069621017673548,0.13845634709324922,0.12334359297347192,0.15423582015783785,0.007917109343223575
low_endpoint,500,0.9,0.0,0.3333333333333333,False,beta_known_mean,-0.0025367031021037,500,0,0.054,0.0373743501810575,0.077426561510647,0.0,0.054,9.48076300433986e-05,0.0001964081987692,0.0001369819675135,2.5666214253536822e-05,0.0012254080673527,3.683657043205582e-05,0.0014760536776181,0.0008236907554403,0.0,0.0069621017673548,0.01967537563955278,0.013617673686982038,0.02821104967039628,0.003686561201085188
low_endpoint,500,0.9,0.0,0.5,False,beta_estimated_mean,-6.651144731710618e-05,500,0,0.072,0.0524580314181262,0.0980684040169625,0.0,0.072,3.489059593025802e-06,6.522671487246887e-06,4.7888242068316455e-06,7.69637751058878e-07,-5.370458861970181e-05,3.856546974186403e-06,0.0001015174229691,8.623501192701926e-05,0.0,0.0001647871410072,0.02906066685520327,0.021173130207249334,0.03958240580775592,0.004670496413462568
low_endpoint,500,0.9,0.0,0.5,False,risk_only,-6.651144731710618e-05,500,0,0.272,0.2348440922052204,0.3126326070452475,0.19,0.462,2.785208726416063e-05,3.364303010668464e-05,3.072828866050306e-05,1.4844249700651308e-06,-1.996306337856651e-05,1.0940562518807632e-05,0.0002452076306014,0.0002446384150414,0.0,0.0001647871410072,0.1864726123208877,0.16901857204345633,0.20416053037302637,0.00900813595643529
low_endpoint,500,0.9,0.0,0.5,False,outcome_based,-6.651144731710618e-05,500,0,0.288,0.250043271115854,0.3291894492398441,0.386,0.674,4.201674755196114e-05,4.7464210571708194e-05,4.482871549172957e-05,1.395676846510799e-06,-4.5488552682893824e-05,0.000103054123181,0.0023025041169181,0.002304360247944,0.0,0.0001647871410072,0.27204013139454175,0.2549758876520912,0.28803346111596384,0.0084695737663767
low_endpoint,500,0.9,0.0,0.5,False,beta_known_mean,-6.651144731710618e-05,500,0,0.054,0.0373743501810575,0.077426561510647,0.0,0.054,2.4858221230784847e-06,5.149752666860085e-06,3.5916181551237337e-06,6.729589504337225e-07,-5.212275202291459e-05,3.531447023631364e-06,9.455088154384889e-05,7.896555603779036e-05,0.0,0.0001647871410072,0.02179550014140245,0.015085049160297478,0.03125093763617805,0.004083807427694368
low_endpoint,3000,-0.5,-0.5,0.0588235294117647,False,beta_estimated_mean,0.0011966668056998,500,0,0.51,0.4662736879310782,0.5535738252596908,0.0,0.51,0.0005579742447183,0.0006624434211925,0.0006103000709069,2.6779724175147253e-05,-0.0013435877646493,0.0001342586185325,0.0032863187657021,0.003002113976041,0.15000000000000002,0.001568884859991182,0.38900246058230825,0.35565021943129477,0.42223839243131156,0.017069273123903925
low_endpoint,3000,-0.5,-0.5,0.0588235294117647,False,risk_only,0.0011966668056998,500,0,0.36,0.3191414324050707,0.402993382924164,0.0,0.36,0.0003819059584826,0.000482248804262,0.0004308000500519,2.5713678458209453e-05,5.7216577787240765e-06,0.0001331981915602,0.0029754277165799,0.0029784021080873,0.15000000000000002,0.001568884859991182,0.2745899721757283,0.24342510290063385,0.3073831716782011,0.01638978048290553
low_endpoint,3000,-0.5,-0.5,0.0588235294117647,False,outcome_based,0.0011966668056998,500,0,0.148,0.1195614053892054,0.1818061302957273,0.002,0.148,0.000143075165072,0.0002175613611976,0.0001771066872435,1.902276428843265e-05,7.916527633617582e-06,5.12775137815496e-05,0.0011454802476684,0.0011466000653272,0.15000000000000002,0.001568884859991182,0.11288698856109519,0.0911954527197134,0.1386726118313251,0.01212502253896412
low_endpoint,3000,-0.5,-0.5,0.0588235294117647,False,beta_known_mean,0.0011966668056998,500,0,0.998,0.9887592932948532,0.9996468636054407,0.0,0.998,0.0011832154251131,0.0011962442190985,0.0011942734720884,2.393333611399705e-06,-0.001344669802305,2.2985501666630885e-06,0.00134564975396,5.139714422352137e-05,0.15000000000000002,0.001568884859991182,0.7612244228649848,0.7541760745398169,0.7624805679527199,0.0015254998454208787
low_endpoint,3000,-0.5,-0.5,0.1111111111111111,True,beta_estimated_mean,0.0027594621597691,500,0,0.606,0.5625178093072173,0.6478658305149335,0.0,0.606,0.0015522466089795,0.0017877612439133,0.0016722340688201,6.036130119447595e-05,-0.0036577360570758,0.0001281762141664,0.0046451237723426,0.0028661072797486,0.10000000000000002,0.00877146174061888,0.1906448569542656,0.1769655565835005,0.20381565772949067,0.006881555546774476
low_endpoint,3000,-0.5,-0.5,0.1111111111111111,True,risk_only,0.0027594621597691,500,0,0.19,0.1580273788297291,0.2266997122564333,0.0,0.19,0.0004360705720881,0.0006255692776021,0.0005242978103561,4.846112369090768e-05,-2.506128483400874e-05,0.0001278304458211,0.0028556258306256,0.0028583756645021,0.10000000000000002,0.00877146174061888,0.05977313996915497,0.04971469807235716,0.07131870332457978,0.005524862916119663
low_endpoint,3000,-0.5,-0.5,0.1111111111111111,True,outcome_based,0.0027594621597691,500,0,0.206,0.1728566412733672,0.2436264709180254,0.0,0.206,0.0004769913606586,0.0006722780276163,0.0005684492049124,4.995949405643601e-05,-5.2628826435282186e-05,0.0001531011389599,0.0034204252966616,0.0034234455414716,0.10000000000000002,0.00877146174061888,0.0648066675455045,0.0543799169127933,0.07664378498091319,0.005695686253191257
low_endpoint,3000,-0.5,-0.5,0.1111111111111111,True,beta_known_mean,0.0027594621597691,500,0,0.998,0.9887592932948532,0.9996468636054407,0.0,0.998,0.0027284438549672,0.0027584876932511,0.0027539432354496,5.518924319538295e-06,-0.0036607576112094,1.3808720038843296e-05,0.0036737305265676,0.0003087723668911,0.10000000000000002,0.00877146174061888,0.31396628257484627,0.3110591980732611,0.3144843784106242,0.0006291909470437821
low_endpoint,3000,-0.5,-0.5,0.2,False,beta_estimated_mean,-0.0038069378750148,500,0,0.14,0.1123226601878635,0.173166864944454,0.0,0.14,0.0004276053892916,0.0006592354968546,0.000532971302502,5.913420469856232e-05,0.0015813999805303,8.956168337212658e-05,0.002550186692679,0.0020026601219938,0.0,0.0484750566842469,0.010994753569317672,0.008821142635828219,0.013599478617398584,0.0012198893357411866
low_endpoint,3000,-0.5,-0.5,0.2,False,risk_only,-0.0038069378750148,500,0,0.048,0.0324652069413531,0.07042719683589,0.0,0.048,0.0001235930259252,0.0002681119630656,0.0001827330180007,3.643045620120794e-05,-1.208546571399094e-05,9.361900690713196e-05,0.0020913251223007,0.0020933846343036,0.0,0.0484750566842469,0.0037696297951949247,0.002549621070693135,0.005530926241345257,0.0007515299350448593
low_endpoint,3000,-0.5,-0.5,0.2,False,outcome_based,-0.0038069378750148,500,0,0.264,0.2272678314130519,0.3043308572848008,0.006,0.27,0.0008868206168216,0.0011822775153048,0.001027873226254,7.566043414871277e-05,-0.0005945621249853,0.0003253641759194,0.0072923635235331,0.0072753641479902,0.0,0.0484750566842469,0.02120416759797274,0.018294369877648705,0.02438939933594773,0.0015608116694229754
low_endpoint,3000,-0.5,-0.5,0.2,False,beta_known_mean,-0.0038069378750148,500,0,0.002,0.0003531363945592,0.0112407067051467,0.0,0.002,1.3443683154938924e-06,4.279267209775664e-05,7.613875750029711e-06,7.613875750029712e-06,0.0015805041077825,3.4030100483217244e-05,0.0017538127198841,0.0007609361796162,0.0,0.0484750566842469,0.00015706790813313308,2.773319738955099e-05,0.0008827771440577421,0.0001570679081331331
low_endpoint,3000,-0.5,-0.5,0.3333333333333333,False,beta_estimated_mean,-0.0025367031021037,500,0,0.016,0.0081292530333883,0.0312511085333942,0.0,0.016,2.062150138758205e-05,7.927478396084062e-05,4.05872496336592e-05,1.4248754628190492e-05,0.001190639649797,2.860539103481299e-05,0.0013512729944018,0.000639635988768,0.0,0.0069621017673548,0.005829740930242108,0.002961964946314917,0.011386616658285432,0.0020466168269764034
low_endpoint,3000,-0.5,-0.5,0.3333333333333333,False,risk_only,-0.0025367031021037,500,0,0.0,4.336808689942019e-19,0.0076243404615522,0.0,0.0,1.10011960570062e-21,1.9340688100314325e-05,0.0,0.0,-4.397649255744063e-05,3.262685277593231e-05,0.0007301542175504,0.0007295586069886,0.0,0.0069621017673548,0.0,1.5801544453990399e-19,0.0027779956034257565,0.0
low_endpoint,3000,-0.5,-0.5,0.3333333333333333,False,outcome_based,-0.0025367031021037,500,0,0.29,0.2519474198773656,0.3312548031164863,0.012,0.302,0.0006681461641848,0.0008716814219735,0.0007660843368353,5.213754167258863e-05,-0.0003012968978963,0.0002345838254063,0.0052488604306727,0.0052454538003057,0.0,0.0069621017673548,0.1100363600583173,0.09596903155276014,0.12520377482282752,0.007488764659698146
low_endpoint,3000,-0.5,-0.5,0.3333333333333333,False,beta_known_mean,-0.0025367031021037,500,0,0.002,0.0003531363945592,0.0112407067051467,0.0,0.002,8.958021875442279e-07,2.851433556878364e-05,5.0734062042074e-06,5.073406204207398e-06,0.001193126322411,2.061312564999441e-05,0.0012788963972161,0.0004609235018213,0.0,0.0069621017673548,0.0007287176162802635,0.0001286683558325206,0.00409565049774006,0.0007287176162802633
low_endpoint,3000,-0.5,-0.5,0.5,False,beta_estimated_mean,-6.651144731710618e-05,500,0,0.004,0.0010976305226827,0.014465715215177,0.0,0.004,7.300499468306435e-08,9.621356554385085e-07,2.660457892684248e-07,1.8793418738305504e-07,-5.534845608708142e-05,2.1363366171474167e-06,7.308115166008434e-05,4.776993898763567e-05,0.0,0.0001647871410072,0.0016144814919557377,0.0004430260409692681,0.005838657370701456,0.0011404663387833379
low_endpoint,3000,-0.5,-0.5,0.5,False,risk_only,-6.651144731710618e-05,500,0,0.244,0.208398855460222,0.2835048068560928,0.0,0.244,1.386090949588778e-05,1.885631502535538e-05,1.622879314537391e-05,1.2787979649566172e-06,-7.701340964213821e-06,4.766467414753933e-06,0.0001067529730217,0.0001065814515192,0.0,0.0001647871410072,0.09848337100929999,0.08411402377132181,0.11442831588741197,0.0077603019091200985
low_endpoint,3000,-0.5,-0.5,0.5,False,outcome_based,-6.651144731710618e-05,500,0,0.428,0.3853417553894058,0.4717561496370578,0.138,0.566,3.473341910496009e-05,4.049060127670452e-05,3.76454791814821e-05,1.47570383499643e-06,6.984478065043946e-05,5.005874971984112e-05,0.0011204069022981,0.0011193476724221,0.0,0.0001647871410072,0.22844913111173684,0.2107774847762089,0.2457145686806677,0.008955212318004549
low_endpoint,3000,-0.5,-0.5,0.5,False,beta_known_mean,-6.651144731710618e-05,500,0,0.002,0.0003531363945592,0.0112407067051467,0.0,0.002,2.348761270248201e-08,7.476356718264108e-07,1.3302289463421237e-07,1.3302289463421232e-07,-5.500306229882325e-05,1.932703292567232e-06,6.992333322133064e-05,4.321655942517995e-05,0.0,0.0001647871410072,0.0008072407459778686,0.00014253304328798187,0.004536978232990549,0.0008072407459778683
low_endpoint,3000,0.0,0.0,0.0588235294117647,False,beta_estimated_mean,0.0011966668056998,500,0,0.506,0.4622986388334935,0.5496098690809679,0.0,0.506,0.0005532174354122,0.0006576998864142,0.0006055134036841,2.678315313198522e-05,-0.0013443505357999,0.0001085939117367,0.0027734102759216,0.0024282336858607,0.15000000000000002,0.001568884859991182,0.38595146089146615,0.3526182510393461,0.41921488516238004,0.017071458725234787
low_endpoint,3000,0.0,0.0,0.0588235294117647,False,risk_only,0.0011966668056998,500,0,0.302,0.2633915508798565,0.3436276879429182,0.0,0.302,0.0003151919258397,0.0004112078476806,0.0003613933753213,2.4595414969390085e-05,-1.3247689962026522e-06,0.0001077939928853,0.0024079357676636,0.0024103469565776,0.15000000000000002,0.001568884859991182,0.23035047665851732,0.2009018850761754,0.2621019924195783,0.01567700447407487
low_endpoint,3000,0.0,0.0,0.0588235294117647,False,outcome_based,0.0011966668056998,500,0,0.15,0.1213759576913881,0.1839610806316983,0.004,0.15,0.0001452465795793,0.0002201401187326,0.0001795000208549,1.9128374410819467e-05,-3.962513903304901e-05,5.060959868374856e-05,0.0011312270150723,0.0011316650297084,0.15000000000000002,0.001568884859991182,0.11441248840651626,0.09257950234800301,0.14031630003353932,0.01219233794564566
low_endpoint,3000,0.0,0.0,0.0588235294117647,False,beta_known_mean,0.0011966668056998,500,0,0.996,0.9855342847848232,0.9989023694773173,0.0,0.996,0.0011793561644811,0.0011953533076884,0.001191880138477,3.38129168389991e-06,-0.001341059533534,2.434475696566501e-06,0.001342161719678,5.4436531470938485e-05,0.15000000000000002,0.001568884859991182,0.7596989230195638,0.7517161995480846,0.7619127051140762,0.0021552197807039293
low_endpoint,3000,0.0,0.0,0.1111111111111111,True,beta_estimated_mean,0.0027594621597691,500,0,0.662,0.6194427380354692,0.7020869756549879,0.0,0.662,0.0017093287957526,0.0019373824421867,0.0018267639497671,5.843344819385211e-05,-0.0036412063087115,0.0001046754187243,0.0043273430742052,0.0023406135184084,0.10000000000000002,0.00877146174061888,0.20826220347148328,0.19487388149195717,0.22087338455973313,0.0066617685765256816
low_endpoint,3000,0.0,0.0,0.1111111111111111,True,risk_only,0.0027594621597691,500,0,0.122,0.0961592783150937,0.1536047230738397,0.0,0.122,0.0002653478898212,0.000423866420884,0.0003366543834918,4.042977677633276e-05,-6.770615694193238e-06,0.0001050211762785,0.0023460051422014,0.0023483448923584,0.10000000000000002,0.00877146174061888,0.038380647769666605,0.03025127369505896,0.04832335059060449,0.0046092405088094465
low_endpoint,3000,0.0,0.0,0.1111111111111111,True,outcome_based,0.0027594621597691,500,0,0.198,0.1654311225691935,0.2351739790695841,0.0,0.198,0.0004565009227778,0.0006489536962048,0.0005463735076342,4.922593223041122e-05,-2.7545493101948787e-05,0.0001420429210644,0.0031731180682457,0.0031761762722276,0.10000000000000002,0.00877146174061888,0.06228990375732404,0.05204388233991101,0.0739846693054164,0.00561205574236912
low_endpoint,3000,0.0,0.0,0.1111111111111111,True,beta_known_mean,0.0027594621597691,500,0,0.996,0.9855342847848232,0.9989023694773173,0.0,0.996,0.0027195445660188,0.0027564332898763,0.00274842431113,7.797113121565255e-06,-0.0036402413860553,1.4677543923722616e-05,0.0036549770267774,0.0003281998595618,0.10000000000000002,0.00877146174061888,0.31333709162779544,0.3100446249939317,0.3142501639278446,0.0008889183299356352
low_endpoint,3000,0.0,0.0,0.2,False,beta_estimated_mean,-0.0038069378750148,500,0,0.108,0.0837228096370503,0.1382546732848066,0.0,0.108,0.0003187275350099,0.0005263269521257,0.0004111492905016,5.289563337831515e-05,0.0016284811427443,7.745963375307693e-05,0.0023761204237144,0.0017320500658411,0.0,0.0484750566842469,0.008481667039189096,0.006575083286359063,0.01085768616123645,0.001091192811240277
low_endpoint,3000,0.0,0.0,0.2,False,risk_only,-0.0038069378750148,500,0,0.02,0.0108991835962108,0.0364201832468793,0.0,0.02,4.149251483915556e-05,0.0001386493750175,7.613875750029712e-05,2.385907226276845e-05,3.406893493001159e-05,8.055661747488869e-05,0.0017998210003236,0.0018013007271129,0.0,0.0484750566842469,0.001570679081331331,0.0008559559839078955,0.002860220998205813,0.0004921927666465631
low_endpoint,3000,0.0,0.0,0.2,False,outcome_based,-0.0038069378750148,500,0,0.26,0.2234857231853828,0.3001739602361623,0.004,0.264,0.0008651945151788,0.0011585686671332,0.0010050315990039,7.512186952038172e-05,-0.0004530621249853,0.000281712267004,0.0063092633625476,0.0062992777911654,0.0,0.0484750566842469,0.02073296387357312,0.01784824143300002,0.023900305567042358,0.0015497015302056228
low_endpoint,3000,0.0,0.0,0.2,False,beta_known_mean,-0.0038069378750148,500,0,0.004,0.0010976305226827,0.014465715215177,0.0,0.004,4.178611209573478e-06,5.507007914183612e-05,1.5227751500059422e-05,1.0756851712271833e-05,0.0016297634338302,3.620381566599059e-05,0.0018193889821502,0.0008095419287402,0.0,0.0484750566842469,0.00031413581626626617,8.620126505043192e-05,0.001136049814248746,0.00022190488156288268
low_endpoint,3000,0.0,0.0,0.3333333333333333,False,beta_estimated_mean,-0.0025367031021037,500,0,0.012,0.0055109951740277,0.0259303611164472,0.0,0.012,1.3979758553634597e-05,6.577762748276101e-05,3.04404372252444e-05,1.236483890403179e-05,0.0012212451181409,2.7650226739243467e-05,0.0013685549396754,0.0006182778658223,0.0,0.0069621017673548,0.004372305697681581,0.002007979633274752,0.009447955471031952,0.001776020994408664
low_endpoint,3000,0.0,0.0,0.3333333333333333,False,risk_only,-0.0025367031021037,500,0,0.0,4.336808689942019e-19,0.0076243404615522,0.0,0.0,1.10011960570062e-21,1.9340688100314325e-05,0.0,0.0,-5.58325488434959e-06,3.186615183863143e-05,0.0007118578071521,0.000712548816925,0.0,0.0069621017673548,0.0,1.5801544453990399e-19,0.0027779956034257565,0.0
low_endpoint,3000,0.0,0.0,0.3333333333333333,False,outcome_based,-0.0025367031021037,500,0,0.246,0.2102809916856707,0.2855921732687978,0.018,0.264,0.0005765110129538,0.0007719970297402,0.0006696896189553,5.005647207926611e-05,-0.0005752968978963,0.0002229501513442,0.0050134463937446,0.0049853169399955,0.0,0.0069621017673548,0.09619072534898375,0.082807036182242,0.11088562844054987,0.007189850673252181
low_endpoint,3000,0.0,0.0,0.3333333333333333,False,beta_known_mean,-0.0025367031021037,500,0,0.004,0.0010976305226827,0.014465715215177,0.0,0.004,2.784362751853148e-06,3.669522466048827e-05,1.01468124084148e-05,7.167686997593304e-06,0.0012240281468851,2.1901044169585025e-05,0.0013181779532712,0.0004897222354141,0.0,0.0069621017673548,0.001457435232560527,0.00039993134902293253,0.005270710754696473,0.0010295291906249476
low_endpoint,3000,0.0,0.0,0.5,False,beta_estimated_mean,-6.651144731710618e-05,500,0,0.006,0.0020425962719602,0.0174902521040533,0.0,0.006,1.3585603433260073e-07,1.163301981381652e-06,3.990686839026371e-07,2.2994022021254474e-07,-5.217431519824338e-05,2.1902845420876887e-06,7.152646368781615e-05,4.897625126175072e-05,0.0,0.0001647871410072,0.002421722237933606,0.0008244334691543973,0.007059422077908518,0.0013953772048420818
low_endpoint,3000,0.0,0.0,0.5,False,risk_only,-6.651144731710618e-05,500,0,0.254,0.2178202549151866,0.2939309205918972,0.0,0.254,1.4487540409390074e-05,1.954977093981649e-05,1.6893907618544973e-05,1.2960817565621962e-06,-3.065983059883771e-06,4.649926497780215e-06,0.0001039167294186,0.0001039755173941,0.0,0.0001647871410072,0.10251957473918934,0.08791669253341237,0.11863650780228238,0.007865187469364291
low_endpoint,3000,0.0,0.0,0.5,False,outcome_based,-6.651144731710618e-05,500,0,0.408,0.3657823909308153,0.4516204877141103,0.124,0.532,3.246996461199388e-05,3.826576055459517e-05,3.53840899727005e-05,1.485678601713331e-06,-1.6155219349560532e-05,5.1125162406870886e-05,0.0011421638781039,0.0011431933850248,0.0,0.0001647871410072,0.21472603843011312,0.19704185905243163,0.23221326810277768,0.009015743538195238
low_endpoint,3000,0.0,0.0,0.5,False,beta_known_mean,-6.651144731710618e-05,500,0,0.004,0.0010976305226827,0.014465715215177,0.0,0.004,7.300499468306435e-08,9.621356554385085e-07,2.660457892684248e-07,1.8793418738305504e-07,-5.183229187980849e-05,2.036247900397763e-06,6.896080721641053e-05,4.553188724330618e-05,0.0,0.0001647871410072,0.0016144814919557377,0.0004430260409692681,0.005838657370701456,0.0011404663387833379
low_endpoint,3000,0.3,0.3,0.0588235294117647,False,beta_estimated_mean,0.0011966668056998,500,0,0.518,0.4742321113679192,0.561493412375465,0.0,0.518,0.0005674978258709,0.0006719205282088,0.0006198734053525,2.6767719367113705e-05,-0.0013457555599753,9.036807142363724e-05,0.0024261256779659,0.002020691506988,0.15000000000000002,0.001568884859991182,0.3951044599639925,0.36172050629266045,0.42827905689177,0.01706162131443104
low_endpoint,3000,0.3,0.3,0.0588235294117647,False,risk_only,0.0011966668056998,500,0,0.262,0.2253762694172376,0.3022529166424613,0.0,0.262,0.000269700300404,0.0003616960322719,0.0003135267030933,2.3556013691657928e-05,-5.170013093900416e-06,8.98256712863691e-05,0.0020065601632736,0.0020085630712087,0.15000000000000002,0.001568884859991182,0.199840479750096,0.1719057320787173,0.23054338880797978,0.015014494876182517
low_endpoint,3000,0.3,0.3,0.0588235294117647,False,outcome_based,0.0011966668056998,500,0,0.142,0.114129360445696,0.1753296673247754,0.002,0.142,0.0001365748172011,0.0002098111929419,0.0001699266864093,1.869867303569409e-05,-2.06668056997148e-05,5.008512654384472e-05,0.0011190078406398,0.0011199374761371,0.15000000000000002,0.001568884859991182,0.108310489024832,0.08705216085893495,0.1337326902007833,0.011918448263819175
low_endpoint,3000,0.3,0.3,0.0588235294117647,False,beta_known_mean,0.0011966668056998,500,0,0.998,0.9887592932948532,0.9996468636054407,0.0,0.998,0.0011832154251131,0.0011962442190985,0.0011942734720884,2.3933336113997056e-06,-0.0013396554748291,2.3137345612219754e-06,0.0013406521255276,5.1736677607829866e-05,0.15000000000000002,0.001568884859991182,0.7612244228649848,0.7541760745398169,0.7624805679527199,0.001525499845420879
low_endpoint,3000,0.3,0.3,0.1111111111111111,True,beta_estimated_mean,0.0027594621597691,500,0,0.678,0.6358218272211889,0.7174639075744986,0.0,0.678,0.0017545262725721,0.0019798145039519,0.0018709153443234,5.771875476513152e-05,-0.0036358836685922,8.760935225618183e-05,0.0041291250833932,0.0019590046710954,0.10000000000000002,0.00877146174061888,0.2132957310478328,0.2000266688101985,0.22571089773826136,0.006580289177782939
low_endpoint,3000,0.3,0.3,0.1111111111111111,True,risk_only,0.0027594621597691,500,0,0.1,0.0766775627373017,0.1294219096319401,0.0,0.1,0.0002115888328769,0.0003571348622744,0.0002759462159769,3.705914751913885e-05,3.816736359940898e-07,8.807660143849132e-05,0.001967482279064,0.0019694526804362,0.10000000000000002,0.00877146174061888,0.03145954735218743,0.02412241415784493,0.04071554694476749,0.004224968268119482
low_endpoint,3000,0.3,0.3,0.1111111111111111,True,outcome_based,0.0027594621597691,500,0,0.164,0.1341289203158717,0.1989946364742914,0.0,0.164,0.0003701236801423,0.0005491181693478,0.0004525517942021,4.574032361506144e-05,-3.545493101962699e-06,0.0001333547003483,0.0029789204666982,0.0029819017509799,0.10000000000000002,0.00877146174061888,0.05159365765758556,0.042196351199747184,0.06260281188994349,0.005214675155367454
low_endpoint,3000,0.3,0.3,0.1111111111111111,True,beta_known_mean,0.0027594621597691,500,0,0.998,0.9887592932948532,0.9996468636054407,0.0,0.998,0.0027284438549672,0.0027584876932511,0.0027539432354496,5.518924319538294e-06,-0.0036322553247202,1.3944897527422137e-05,0.0036455883430958,0.0003118173881058,0.10000000000000002,0.00877146174061888,0.31396628257484627,0.3110591980732611,0.3144843784106242,0.0006291909470437821
low_endpoint,3000,0.3,0.3,0.2,False,beta_estimated_mean,-0.0038069378750148,500,0,0.054,0.0373743501810575,0.077426561510647,0.0,0.054,0.0001422818292583,0.000294758109547,0.0002055746452508,3.8518375709401856e-05,0.0016460764199728,6.709184651140241e-05,0.0022261455924258,0.0015002192953547,0.0,0.0484750566842469,0.004240833519594548,0.002935155500386198,0.00608061402520832,0.0007946019735531181
low_endpoint,3000,0.3,0.3,0.2,False,risk_only,-0.0038069378750148,500,0,0.008,0.0031153151800622,0.0203870358341051,0.0,0.008,1.1859811351587664e-05,7.761217887614004e-05,3.0455503000118844e-05,1.518190768855182e-05,3.6453321177989286e-05,6.983045877471439e-05,0.00156032017163,0.0015614565272025,0.0,0.0484750566842469,0.0006282716325325323,0.0002446580192538854,0.0016010745357490615,0.00031319009666027964
low_endpoint,3000,0.3,0.3,0.2,False,outcome_based,-0.0038069378750148,500,0,0.234,0.1990046985940334,0.2730514505315124,0.004,0.238,0.0007718909896202,0.0010554207434957,0.0009060512142535,7.257574139661195e-05,-0.0004425621249853,0.0002558929696647,0.005733322421116,0.0057219407513469,0.0,0.0484750566842469,0.018691081067842102,0.01592346749892598,0.021772449909041234,0.0014971770300208258
low_endpoint,3000,0.3,0.3,0.2,False,beta_known_mean,-0.0038069378750148,500,0,0.002,0.0003531363945592,0.0112407067051467,0.0,0.002,1.3443683154938924e-06,4.279267209775664e-05,7.613875750029711e-06,7.613875750029712e-06,0.0016489470758444,3.440053299056813e-05,0.001819214500075,0.0007692193022913,0.0,0.0484750566842469,0.00015706790813313308,2.773319738955099e-05,0.0008827771440577421,0.0001570679081331331
low_endpoint,3000,0.3,0.3,0.3333333333333333,False,beta_estimated_mean,-0.0025367031021037,500,0,0.006,0.0020425962719602,0.0174902521040533,0.0,0.006,5.181460299426985e-06,4.436757676892797e-05,1.52202186126222e-05,8.769769617711391e-06,0.0012330131488224,2.5315552329070973e-05,0.0013565099125484,0.0005660729589575,0.0,0.0069621017673548,0.0021861528488407904,0.0007442379431629081,0.006372727410703321,0.0012596439855034468
low_endpoint,3000,0.3,0.3,0.3333333333333333,False,risk_only,-0.0025367031021037,500,0,0.0,4.336808689942019e-19,0.0076243404615522,0.0,0.0,1.10011960570062e-21,1.9340688100314325e-05,0.0,0.0,1.2179796666529197e-05,2.978430403043907e-05,0.0006654424287412,0.0006659972847458,0.0,0.0069621017673548,0.0,1.5801544453990399e-19,0.0027779956034257565,0.0
low_endpoint,3000,0.3,0.3,0.3333333333333333,False,outcome_based,-0.0025367031021037,500,0,0.258,0.2215962002228131,0.2980939805605782,0.016,0.274,0.0006005406795204,0.0007983146114537,0.0006950566499764,5.064807678755073e-05,-0.0004729635645629,0.0002132478635358,0.0047870184387992,0.0047683671892276,0.0,0.0069621017673548,0.09983431343039412,0.08625853220593917,0.11466574866759148,0.007274825689138712
low_endpoint,3000,0.3,0.3,0.3333333333333333,False,beta_known_mean,-0.0025367031021037,500,0,0.002,0.0003531363945592,0.0112407067051467,0.0,0.002,8.958021875442279e-07,2.851433556878364e-05,5.0734062042074e-06,5.073406204207398e-06,0.0012360550199844,2.0807692298392244e-05,0.0013205601393962,0.000465274144341,0.0,0.0069621017673548,0.0007287176162802635,0.0001286683558325206,0.00409565049774006,0.0007287176162802633
low_endpoint,3000,0.3,0.3,0.5,False,beta_estimated_mean,-6.651144731710618e-05,500,0,0.004,0.0010976305226827,0.014465715215177,0.0,0.004,7.300499468306435e-08,9.621356554385085e-07,2.660457892684248e-07,1.879341873830551e-07,-5.094223262622847e-05,2.062354798261468e-06,6.868414238080663e-05,4.611565522635508e-05,0.0,0.0001647871410072,0.0016144814919557377,0.0004430260409692681,0.005838657370701456,0.0011404663387833383
low_endpoint,3000,0.3,0.3,0.5,False,risk_only,-6.651144731710618e-05,500,0,0.234,0.1990046985940334,0.2730514505315124,0.0,0.234,1.3236090526393647e-05,1.8161047166886117e-05,1.5563678672202848e-05,1.2605742721081594e-06,-2.7261242983903004e-06,4.617400349840423e-06,0.0001031809302296,0.0001032482106157,0.0,0.0001647871410072,0.09444716727941063,0.08032235067307422,0.11020912830869861,0.007649712619585296
low_endpoint,3000,0.3,0.3,0.5,False,outcome_based,-6.651144731710618e-05,500,0,0.386,0.3443514767140062,0.4293868729112278,0.128,0.514,3.127710863824751e-05,3.708246023800743e-05,3.418688392099259e-05,1.4881469537486227e-06,-3.082188601622717e-05,5.068828424671036e-05,0.0011327099215754,0.0011334244923847,0.0,0.0001647871410072,0.2074608717163123,0.18980309050255886,0.2250324874341208,0.009030722571269086
low_endpoint,3000,0.3,0.3,0.5,False,beta_known_mean,-6.651144731710618e-05,500,0,0.002,0.0003531363945592,0.0112407067051467,0.0,0.002,2.348761270248201e-08,7.476356718264108e-07,1.3302289463421237e-07,1.3302289463421232e-07,-5.059979272397753e-05,1.9373300203340365e-06,6.658235186553224e-05,4.332001620317956e-05,0.0,0.0001647871410072,0.0008072407459778686,0.00014253304328798187,0.004536978232990549,0.0008072407459778683
low_endpoint,3000,0.6,0.6,0.0588235294117647,False,beta_estimated_mean,0.0011966668056998,500,0,0.53,0.4861905914242533,0.5733519481480536,0.0,0.53,0.0005818081420009,0.0006861112443321,0.0006342334070209,2.6736825110078487e-05,-0.0013465439865371,6.817475528879464e-05,0.0020328382965116,0.0015244338717515,0.15000000000000002,0.001568884859991182,0.404257459036519,0.3708418360313389,0.43732415413579573,0.017041929456970323
low_endpoint,3000,0.6,0.6,0.0588235294117647,False,risk_only,0.0011966668056998,500,0,0.212,0.1784395042882985,0.2499521158175555,0.0,0.212,0.0002135326316073,0.0002991094000133,0.0002536933628083,2.189545682536528e-05,-4.024749263760285e-06,6.786335859713643e-05,0.0015159579424272,0.0015174708300464,0.15000000000000002,0.001568884859991182,0.16170298361456933,0.13610471810436117,0.1906509570211425,0.01395606356064163
low_endpoint,3000,0.6,0.6,0.0588235294117647,False,outcome_based,0.0011966668056998,500,0,0.132,0.1051167238483199,0.1644947907313825,0.004,0.132,0.0001257896941532,0.0001968454557787,0.0001579600183523,1.813300576795418e-05,-3.866680569971528e-05,4.7512608927792624e-05,0.0010620554022359,0.001062414233509,0.15000000000000002,0.001568884859991182,0.10068298979772666,0.08017777299087901,0.12546838891657505,0.011557894546866936
low_endpoint,3000,0.6,0.6,0.0588235294117647,False,beta_known_mean,0.0011966668056998,500,0,1.0,0.992375659538448,1.0,0.0,1.0,0.0011875430105541,0.0011966668056998,0.0011966668056998,0.0,-0.0013396506959688,1.9660740071297565e-06,0.0013403704134542,4.396275128737542e-05,0.15000000000000002,0.001568884859991182,0.7627499227104059,0.7569344576126349,0.7627499227104059,0.0
low_endpoint,3000,0.6,0.6,0.1111111111111111,True,beta_estimated_mean,0.0027594621597691,500,0,0.704,0.6625546643222885,0.742334604769398,0.0,0.704,0.0018282945249759,0.0020484442517483,0.0019426613604774,5.63905532245253e-05,-0.003636895982856,6.642874675084928e-05,0.0039279751538373,0.0014853919339501,0.10000000000000002,0.00877146174061888,0.2214752133594022,0.2084366983566074,0.23353510649911013,0.006428866121981922
low_endpoint,3000,0.6,0.6,0.1111111111111111,True,risk_only,0.0027594621597691,500,0,0.036,0.0228910609802927,0.0561843269680277,0.0,0.036,6.316701657208579e-05,0.0001550385242403,9.934063775168928e-05,2.3012507207263317e-05,3.64305218934724e-06,6.719819875709431e-05,0.0015010984751214,0.001502597403864,0.10000000000000002,0.00877146174061888,0.011325437046788076,0.00720142416851367,0.017675334947007484,0.0026235658192176807
low_endpoint,3000,0.6,0.6,0.1111111111111111,True,outcome_based,0.0027594621597691,500,0,0.15,0.1213759576913881,0.1839610806316983,0.01,0.15,0.0003349323623551,0.0005076336408734,0.0004139193239653,4.410920827179024e-05,-5.79549310194713e-06,0.0001231954504671,0.0027519840073358,0.0027547340176336,0.10000000000000002,0.00877146174061888,0.047189321028275444,0.03818432688409224,0.05787332327092649,0.005028718083273321
low_endpoint,3000,0.6,0.6,0.1111111111111111,True,beta_known_mean,0.0027594621597691,500,0,1.0,0.992375659538448,1.0,0.0,1.0,0.0027384230807722,0.0027594621597691,0.0027594621597691,0.0,-0.0036323870520051,1.1800158996086603e-05,0.0036419388144213,0.0002638595766055,0.10000000000000002,0.00877146174061888,0.31459547352188566,0.31219689052408583,0.31459547352188566,0.0
low_endpoint,3000,0.6,0.6,0.2,False,beta_estimated_mean,-0.0038069378750148,500,0,0.034,0.0213345198085321,0.0537713655016345,0.0,0.034,8.121919150435587e-05,0.0002047042479194,0.0001294358877505,3.088542192404806e-05,0.0016449831673193,5.2557030999577246e-05,0.0020209720762547,0.0011752109401061,0.0,0.0484750566842469,0.0026701544382631576,0.001675484198675521,0.004222877948401109,0.0006371405014588667
low_endpoint,3000,0.6,0.6,0.2,False,risk_only,-0.0038069378750148,500,0,0.002,0.0003531363945592,0.0112407067051467,0.0,0.002,1.3443683154938924e-06,4.279267209775664e-05,7.613875750029711e-06,7.613875750029712e-06,2.9781476941037555e-05,5.497088015901773e-05,0.0012283175368901,0.0012291862481855,0.0,0.0484750566842469,0.00015706790813313308,2.773319738955099e-05,0.0008827771440577421,0.0001570679081331331
low_endpoint,3000,0.6,0.6,0.2,False,outcome_based,-0.0038069378750148,500,0,0.2,0.1672854989717574,0.2372891053051739,0.01,0.21,0.0006722186989651,0.0009435299350166,0.0007994569537531,6.941426187079425e-05,-0.0003798954583186,0.0002159732569759,0.0048394111187125,0.0048293088392021,0.0,0.0484750566842469,0.01649213035397857,0.013867311251304904,0.019464235826736478,0.0014319583435031245
low_endpoint,3000,0.6,0.6,0.2,False,beta_known_mean,-0.0038069378750148,500,0,0.0,4.336808689942019e-19,0.0076243404615522,0.0,0.0,1.6509961258433824e-21,2.902539047509147e-05,0.0,0.0,0.0016484728664944,2.9096628431099585e-05,0.0017719828077075,0.0006506203908799,0.0,0.0484750566842469,0.0,3.4058673445139306e-20,0.0005987696035954084,0.0
low_endpoint,3000,0.6,0.6,0.3333333333333333,False,beta_estimated_mean,-0.0025367031021037,500,0,0.0,4.336808689942019e-19,0.0076243404615522,0.0,0.0,1.10011960570062e-21,1.9340688100314325e-05,0.0,0.0,0.0012327545410349,2.0866187322649583e-05,0.001317932944941,0.0004665821328468,0.0,0.0069621017673548,0.0,1.5801544453990399e-19,0.0027779956034257565,0.0
low_endpoint,3000,0.6,0.6,0.3333333333333333,False,risk_only,-0.0025367031021037,500,0,0.0,4.336808689942019e-19,0.0076243404615522,0.0,0.0,1.10011960570062e-21,1.9340688100314325e-05,0.0,0.0,2.7488805523270514e-05,2.543328451069685e-05,0.0005688011629463,0.0005687055305701,0.0,0.0069621017673548,0.0,1.5801544453990399e-19,0.0027779956034257565,0.0
low_endpoint,3000,0.6,0.6,0.3333333333333333,False,outcome_based,-0.0025367031021037,500,0,0.228,0.1933817691150006,0.2667658720960837,0.012,0.24,0.0005191054943545,0.0007085691524673,0.0006088087445048,4.849888834929947e-05,-0.0004319635645629,0.000190907875603,0.0042863801963634,0.0042688298728848,0.0,0.0069621017673548,0.08744611395361898,0.07456160678210401,0.10177517883892061,0.00696612746695403
low_endpoint,3000,0.6,0.6,0.3333333333333333,False,beta_known_mean,-0.0025367031021037,500,0,0.0,4.336808689942019e-19,0.0076243404615522,0.0,0.0,1.10011960570062e-21,1.9340688100314325e-05,0.0,0.0,0.0012358927410681,1.7613565537432364e-05,0.0012970117482909,0.0003938512986784,0.0,0.0069621017673548,0.0,1.5801544453990399e-19,0.0027779956034257565,0.0
low_endpoint,3000,0.6,0.6,0.5,False,beta_estimated_mean,-6.651144731710618e-05,500,0,0.0,4.336808689942019e-19,0.0076243404615522,0.0,0.0,2.884474227054468e-23,5.071059189362129e-07,0.0,0.0,-5.091328291808429e-05,1.7577682282250203e-06,6.429577902499823e-05,3.930489247000511e-05,0.0,0.0001647871410072,0.0,1.7504243410160488e-19,0.003077339140886339,0.0
low_endpoint,3000,0.6,0.6,0.5,False,risk_only,-6.651144731710618e-05,500,0,0.236,0.2008812954715588,0.2751443562921407,0.0,0.236,1.3360905700748627e-05,1.830024935812381e-05,1.569670156683706e-05,1.2642961234809867e-06,-4.360093438726535e-06,4.455681082965307e-06,9.96278288302459e-05,9.963205787570307e-05,0.0,0.0001647871410072,0.09525440802538851,0.0810797834047309,0.11105386771243408,0.007672298431500466
low_endpoint,3000,0.6,0.6,0.5,False,outcome_based,-6.651144731710618e-05,500,0,0.38,0.3385223307845575,0.423307510926215,0.102,0.482,2.916570780099327e-05,3.49695832257788e-05,3.2058517606845186e-05,1.4877656403644023e-06,-7.682188601622718e-05,4.550882571047295e-05,0.0010194886746436,0.001017608278648,0.0,0.0001647871410072,0.19454501978066638,0.17699019245511965,0.21221063131528498,0.009028408595907356
low_endpoint,3000,0.6,0.6,0.5,False,beta_known_mean,-6.651144731710618e-05,500,0,0.0,4.336808689942019e-19,0.0076243404615522,0.0,0.0,2.884474227054468e-23,5.071059189362129e-07,0.0,0.0,-5.057193934861599e-05,1.659399021834869e-06,6.270223282467451e-05,3.710529014619425e-05,0.0,0.0001647871410072,0.0,1.7504243410160488e-19,0.003077339140886339,0.0
low_endpoint,3000,0.9,0.9,0.0588235294117647,False,beta_estimated_mean,0.0011966668056998,500,0,0.578,0.534276977868969,0.6205336250190289,0.0,0.578,0.0006393515244654,0.0007425719908808,0.0006916734136945,2.64571534489304e-05,-0.0013443076594371,3.499523353411221e-05,0.0015550792911953,0.0007825172107075,0.15000000000000002,0.001568884859991182,0.4408694553266245,0.4075197235755041,0.4733119745224475,0.016863668025376383
low_endpoint,3000,0.9,0.9,0.0588235294117647,False,risk_only,0.0011966668056998,500,0,0.058,0.0406837291117572,0.0820561878562549,0.0,0.058,4.868486816012461e-05,9.819391620985172e-05,6.940667473059147e-05,1.252167477505463e-05,1.7325627211199345e-06,3.481705658879404e-05,0.0007777560601485,0.00077853305309,0.15000000000000002,0.001568884859991182,0.0442394955172055,0.03103151123556527,0.0625883509452718,0.007981257958678375
low_endpoint,3000,0.9,0.9,0.0588235294117647,False,outcome_based,0.0011966668056998,500,0,0.076,0.0558690270374278,0.1025964136739684,0.0,0.076,6.685661012243749e-05,0.0001227737226274,9.094667723318885e-05,1.419599223932987e-05,-4.333472366380653e-06,3.756171830508725e-05,0.0008390764192349,0.0008399055548187,0.15000000000000002,0.001568884859991182,0.05796899412599343,0.04261409605470554,0.07825540660013128,0.009048460216136995
low_endpoint,3000,0.9,0.9,0.0588235294117647,False,beta_known_mean,0.0011966668056998,500,0,1.0,0.992375659538448,1.0,0.0,1.0,0.0011875430105541,0.0011966668056998,0.0011966668056998,0.0,-0.001341496727819,1.1879508875018771e-06,0.00134175917108,2.6563389383854028e-05,0.15000000000000002,0.001568884859991182,0.7627499227104059,0.7569344576126349,0.7627499227104059,0.0
low_endpoint,3000,0.9,0.9,0.1111111111111111,True,beta_estimated_mean,0.0027594621597691,500,0,0.874,0.8420322822801359,0.900264711054623,0.0,0.874,0.002323556220256,0.0024842464039307,0.0024117699276382,4.099351504329316e-05,-0.0036441262058721,3.4071333733750846e-05,0.0037227574242407,0.0007618581831274,0.10000000000000002,0.00877146174061888,0.27495644385812884,0.26489954456462794,0.2832192030692733,0.004673510100769227
low_endpoint,3000,0.9,0.9,0.1111111111111111,True,risk_only,0.0027594621597691,500,0,0.0,4.336808689942019e-19,0.0076243404615522,0.0,0.0,1.1967259474053005e-21,2.103907899685024e-05,0.0,0.0,4.398563783859083e-06,3.5083010258409684e-05,0.0007837074289238,0.0007844799579312,0.10000000000000002,0.00877146174061888,0.0,1.364340383386161e-19,0.00239858299779414,0.0
low_endpoint,3000,0.9,0.9,0.1111111111111111,True,outcome_based,0.0027594621597691,500,0,0.07,0.0507597429450181,0.0957971898519168,0.002,0.07,0.0001400695898963,0.0002643487204085,0.0001931623511838,3.151843640482128e-05,2.454506898057596e-06,8.726106568449707e-05,0.0019492660986168,0.001951216746596,0.10000000000000002,0.00877146174061888,0.02202168314652778,0.01596878536762759,0.030137362303520532,0.0035932934939299486
low_endpoint,3000,0.9,0.9,0.1111111111111111,True,beta_known_mean,0.0027594621597691,500,0,1.0,0.992375659538448,1.0,0.0,1.0,0.0027384230807722,0.0027594621597691,0.0027594621597691,0.0,-0.003643132164358,6.933079199964131e-06,0.0036464225883719,0.000155028363845,0.10000000000000002,0.00877146174061888,0.31459547352188566,0.31219689052408583,0.31459547352188566,0.0
low_endpoint,3000,0.9,0.9,0.2,False,beta_estimated_mean,-0.0038069378750148,500,0,0.0,4.336808689942019e-19,0.0076243404615522,0.0,0.0,1.6509961258433824e-21,2.902539047509147e-05,0.0,0.0,0.001620787695249,2.7868633203582963e-05,0.0017362334090415,0.0006231615828321,0.0,0.0484750566842469,0.0,3.4058673445139306e-20,0.0005987696035954084,0.0
low_endpoint,3000,0.9,0.9,0.2,False,risk_only,-0.0038069378750148,500,0,0.0,4.336808689942019e-19,0.0076243404615522,0.0,0.0,1.6509961258433824e-21,2.902539047509147e-05,0.0,0.0,3.897600550858055e-06,2.9433197093182907e-05,0.0006574993716818,0.000658146294955,0.0,0.0484750566842469,0.0,3.4058673445139306e-20,0.0005987696035954084,0.0
low_endpoint,3000,0.9,0.9,0.2,False,outcome_based,-0.0038069378750148,500,0,0.124,0.0979460911393034,0.1557874128877838,0.002,0.126,0.0003796860489617,0.0006013732876174,0.0004796741722518,5.655441387221624e-05,-0.0004205621249852,0.000157313945024,0.0035392037908538,0.0035176467488253,0.0,0.0484750566842469,0.009895278212385903,0.007832606600851853,0.012405829487412035,0.0011666704020708225
low_endpoint,3000,0.9,0.9,0.2,False,beta_known_mean,-0.0038069378750148,500,0,0.0,4.336808689942019e-19,0.0076243404615522,0.0,0.0,1.6509961258433824e-21,2.902539047509147e-05,0.0,0.0,0.0016224235977015,1.7034540737140313e-05,0.0016664501024223,0.0003809039105373,0.0,0.0484750566842469,0.0,3.4058673445139306e-20,0.0005987696035954084,0.0
low_endpoint,3000,0.9,0.9,0.3333333333333333,False,beta_estimated_mean,-0.0025367031021037,500,0,0.0,4.336808689942019e-19,0.0076243404615522,0.0,0.0,1.10011960570062e-21,1.9340688100314325e-05,0.0,0.0,0.001216967567544,1.2071922513919105e-05,0.0012464870579881,0.0002699363936023,0.0,0.0069621017673548,0.0,1.5801544453990399e-19,0.0027779956034257565,0.0
low_endpoint,3000,0.9,0.9,0.3333333333333333,False,risk_only,-0.0025367031021037,500,0,0.0,4.336808689942019e-19,0.0076243404615522,0.0,0.0,1.10011960570062e-21,1.9340688100314325e-05,0.0,0.0,-8.496788890730812e-07,1.5786611325281423e-05,0.0003526472081625,0.0003529993605769,0.0,0.0069621017673548,0.0,1.5801544453990399e-19,0.0027779956034257565,0.0
low_endpoint,3000,0.9,0.9,0.3333333333333333,False,outcome_based,-0.0025367031021037,500,0,0.176,0.1451264013297259,0.2118141712893599,0.022,0.198,0.0004196496418057,0.0005965665622398,0.0005022672142165,4.5252142541892027e-05,-0.0002226302312296,0.0001404486845767,0.003145275009681,0.0031405280606398,0.0,0.0069621017673548,0.07214304401174142,0.06027628664858526,0.08568771071935381,0.006499781826528118
low_endpoint,3000,0.9,0.9,0.3333333333333333,False,beta_known_mean,-0.0025367031021037,500,0,0.0,4.336808689942019e-19,0.0076243404615522,0.0,0.0,1.10011960570062e-21,1.9340688100314325e-05,0.0,0.0,0.001219765902793,1.0374531046975377e-05,0.0012415863538008,0.0002319815665571,0.0,0.0069621017673548,0.0,1.5801544453990399e-19,0.0027779956034257565,0.0
low_endpoint,3000,0.9,0.9,0.5,False,beta_estimated_mean,-6.651144731710618e-05,500,0,0.0,4.336808689942019e-19,0.0076243404615522,0.0,0.0,2.884474227054468e-23,5.071059189362129e-07,0.0,0.0,-5.248765821189336e-05,1.1298955834556096e-06,5.824096166183446e-05,2.526523332083529e-05,0.0,0.0001647871410072,0.0,1.7504243410160488e-19,0.003077339140886339,0.0
low_endpoint,3000,0.9,0.9,0.5,False,risk_only,-6.651144731710618e-05,500,0,0.15,0.1213759576913881,0.1839610806316983,0.0,0.15,8.072890615554074e-06,1.2235517722833128e-05,9.976717097565927e-06,1.0631663390571284e-06,-5.347262449312731e-06,3.215350136351611e-06,7.202425278245278e-05,7.18974147634542e-05,0.0,0.0001647871410072,0.06054305594834015,0.04898980931528721,0.07425043998001352,0.006451755474116003
low_endpoint,3000,0.9,0.9,0.5,False,outcome_based,-6.651144731710618e-05,500,0,0.39,0.3482413304011046,0.433436024500437,0.142,0.532,3.246996461199388e-05,3.826576055459517e-05,3.53840899727005e-05,1.485678601713331e-06,-4.155219349560499e-06,3.686397390149748e-05,0.0008234892829789,0.0008243035156452,0.0,0.0001647871410072,0.21472603843011312,0.19704185905243163,0.23221326810277768,0.009015743538195238
low_endpoint,3000,0.9,0.9,0.5,False,beta_known_mean,-6.651144731710618e-05,500,0,0.0,4.336808689942019e-19,0.0076243404615522,0.0,0.0,2.884474227054468e-23,5.071059189362129e-07,0.0,0.0,-5.215463994340447e-05,1.0515617720415468e-06,5.720045249537211e-05,2.3513636048250368e-05,0.0,0.0001647871410072,0.0,1.7504243410160488e-19,0.003077339140886339,0.0
low_endpoint,3000,0.0,0.9,0.0588235294117647,False,beta_estimated_mean,0.0011966668056998,500,0,0.496,0.4523731491140454,0.539687845609647,0.0,0.496,0.0005413399313346,0.0006458265302807,0.0005935467356271,2.678422459097184e-05,-0.0012997735641156,9.80026219344091e-05,0.0025459897401751,0.0021914052461855,0.15000000000000002,0.001568884859991182,0.3783239616643608,0.34504758452296025,0.41164686252650173,0.017072141668269005
low_endpoint,3000,0.0,0.9,0.0588235294117647,False,risk_only,0.0011966668056998,500,0,0.306,0.2672134637311363,0.3477447803679459,0.0,0.306,0.0003197654820831,0.0004161346355217,0.0003661800425441,2.4686721632881533e-05,4.438991853899277e-05,9.72895231451035e-05,0.0021737366147845,0.0021754598725099,0.15000000000000002,0.001568884859991182,0.23340147634935945,0.20381704880809243,0.26524230434860524,0.015735202921787574
low_endpoint,3000,0.0,0.9,0.0588235294117647,False,outcome_based,0.0011966668056998,500,0,0.088,0.0662059844749289,0.1160764720653901,0.0,0.088,7.922650395982726e-05,0.0001389048610433,0.0001053066789015,1.5176154064249753e-05,-1.2958472366381148e-05,3.9346305368244735e-05,0.0008790254053925,0.0008798101346686,0.15000000000000002,0.001568884859991182,0.0671219931984632,0.0504986095412206,0.08853732009631396,0.009673210859039745
low_endpoint,3000,0.0,0.9,0.0588235294117647,False,beta_known_mean,0.0011966668056998,500,0,0.996,0.9855342847848232,0.9989023694773173,0.0,0.996,0.0011793561644811,0.0011953533076884,0.001191880138477,3.38129168389991e-06,-0.0013405878388449,2.0783277862246216e-06,0.0013413915004226,4.647282209524905e-05,0.15000000000000002,0.001568884859991182,0.7596989230195638,0.7517161995480846,0.7619127051140762,0.0021552197807039293
low_endpoint,3000,0.0,0.9,0.1111111111111111,True,beta_estimated_mean,0.0027594621597691,500,0,0.638,0.5949717262107974,0.6789239558218143,0.0,0.638,0.0016418019646112,0.001873464965451,0.0017605368579327,5.9366137662906974e-05,-0.0035980884920369,9.28530333422242e-05,0.0041531267752326,0.0020762569447026,0.10000000000000002,0.00877146174061888,0.20071191210696468,0.1871754119394199,0.21358640336711035,0.006768100850054934
low_endpoint,3000,0.0,0.9,0.1111111111111111,True,risk_only,0.0027594621597691,500,0,0.1,0.0766775627373017,0.1294219096319401,0.0,0.1,0.0002115888328769,0.0003571348622744,0.0002759462159769,3.705914751913885e-05,4.159833456175899e-05,9.380997558528475e-05,0.0020959689572068,0.0020976548237629,0.10000000000000002,0.00877146174061888,0.03145954735218743,0.02412241415784493,0.04071554694476749,0.004224968268119482
low_endpoint,3000,0.0,0.9,0.1111111111111111,True,outcome_based,0.0027594621597691,500,0,0.126,0.099735288945377,0.157967717719864,0.008,0.126,0.0002752157558384,0.000435905939513,0.0003476922321309,4.099351504329317e-05,3.1121173564733375e-05,0.0001008143149253,0.0022522362327871,0.0022542766127805,0.10000000000000002,0.00877146174061888,0.03963902966375684,0.03137627045261237,0.04969592895724632,0.004673510100769228
low_endpoint,3000,0.0,0.9,0.1111111111111111,True,beta_known_mean,0.0027594621597691,500,0,0.996,0.9855342847848232,0.9989023694773173,0.0,0.996,0.0027195445660188,0.0027564332898763,0.00274842431113,7.797113121565255e-06,-0.0036375969627923,1.2481393951435236e-05,0.0036482665028759,0.0002790924532936,0.10000000000000002,0.00877146174061888,0.31333709162779544,0.3100446249939317,0.3142501639278446,0.0008889183299356352
low_endpoint,3000,0.0,0.9,0.2,False,beta_estimated_mean,-0.0038069378750148,500,0,0.078,0.0575813934761615,0.1048535498733885,0.0,0.078,0.0002192087877205,0.0003991709503427,0.0002969411542511,4.5702323355414585e-05,0.0016591609806712,6.54636022976268e-05,0.0022116218685496,0.001463810647895,0.0,0.0484750566842469,0.00612564841719098,0.004522094510345091,0.008234563869471863,0.0009428008233823607
low_endpoint,3000,0.0,0.9,0.2,False,risk_only,-0.0038069378750148,500,0,0.012,0.0055109951740277,0.0259303611164472,0.0,0.012,2.098001625703015e-05,9.87152738470157e-05,4.5683254500178266e-05,1.8556437883163627e-05,6.552255539970553e-05,6.882063514682486e-05,0.0015387322172653,0.0015388761844301,0.0,0.0484750566842469,0.0009424074487987985,0.00043280024185816154,0.002036413788848555,0.00038280384082962763
low_endpoint,3000,0.0,0.9,0.2,False,outcome_based,-0.0038069378750148,500,0,0.166,0.1359577432310101,0.2011353161973068,0.002,0.168,0.0005245512428509,0.0007738527424295,0.0006395655630024,6.371501957450977e-05,-0.0003570621249852,0.0001893620329278,0.0042450706871472,0.0042342637798432,0.0,0.0484750566842469,0.013193704283181206,0.010821054759516458,0.015963936823636178,0.0013143877270640812
low_endpoint,3000,0.0,0.9,0.2,False,beta_known_mean,-0.0038069378750148,500,0,0.004,0.0010976305226827,0.014465715215177,0.0,0.004,4.178611209573478e-06,5.507007914183612e-05,1.5227751500059422e-05,1.0756851712271833e-05,0.0016360711863257,3.077484478573815e-05,0.0017746344331853,0.0006881464493791,0.0,0.0484750566842469,0.00031413581626626617,8.620126505043192e-05,0.001136049814248746,0.00022190488156288268
low_endpoint,3000,0.0,0.9,0.3333333333333333,False,beta_estimated_mean,-0.0025367031021037,500,0,0.008,0.0031153151800622,0.0203870358341051,0.0,0.008,7.902629681294631e-06,5.171585704307388e-05,2.02936248168296e-05,1.0116264986134327e-05,0.001230467919701,2.2791181499413097e-05,0.0013316346497927,0.0005096263112022,0.0,0.0069621017673548,0.002914870465121054,0.0011350925259883378,0.0074281960780247175,0.0014530475600872937
low_endpoint,3000,0.0,0.9,0.3333333333333333,False,risk_only,-0.0025367031021037,500,0,0.0,4.336808689942019e-19,0.0076243404615522,0.0,0.0,1.10011960570062e-21,1.9340688100314325e-05,0.0,0.0,1.864413872824981e-06,2.5584652087458105e-05,0.0005715208769894,0.0005720902124823,0.0,0.0069621017673548,0.0,1.5801544453990399e-19,0.0027779956034257565,0.0
low_endpoint,3000,0.0,0.9,0.3333333333333333,False,outcome_based,-0.0025367031021037,500,0,0.212,0.1784395042882985,0.2499521158175555,0.022,0.234,0.0005048158362566,0.0006926504615972,0.0005935885258922,4.80774783210357e-05,-0.0003012968978963,0.0001637811700239,0.0036709796207875,0.0036622582960804,0.0,0.0069621017673548,0.08525996110478139,0.07250911479399433,0.09948870107659565,0.006905598327572622
low_endpoint,3000,0.0,0.9,0.3333333333333333,False,beta_known_mean,-0.0025367031021037,500,0,0.004,0.0010976305226827,0.014465715215177,0.0,0.004,2.784362751853148e-06,3.669522466048827e-05,1.01468124084148e-05,7.167686997593304e-06,0.0012280200234211,1.8629957627294005e-05,0.0012966201306471,0.0004165785167257,0.0,0.0069621017673548,0.001457435232560527,0.00039993134902293253,0.005270710754696473,0.0010295291906249476
low_endpoint,3000,0.0,0.9,0.5,False,beta_estimated_mean,-6.651144731710618e-05,500,0,0.004,0.0010976305226827,0.014465715215177,0.0,0.004,7.300499468306435e-08,9.621356554385085e-07,2.660457892684248e-07,1.879341873830551e-07,-5.155481838381483e-05,1.8514903447224e-06,6.609447428031838e-05,4.140058270483805e-05,0.0,0.0001647871410072,0.0016144814919557377,0.0004430260409692681,0.005838657370701456,0.0011404663387833383
low_endpoint,3000,0.0,0.9,0.5,False,risk_only,-6.651144731710618e-05,500,0,0.188,0.1561799641349665,0.224577624313042,0.0,0.188,1.038775545655036e-05,1.493698282809776e-05,1.2504152095615962e-05,1.163330366890572e-06,-7.171876989032323e-06,3.972883108574475e-06,8.903680203460594e-05,8.883636697433204e-05,0.0,0.0001647871410072,0.07588063012191966,0.06303741537755359,0.09064410449019879,0.007059594333515033
low_endpoint,3000,0.0,0.9,0.5,False,outcome_based,-6.651144731710618e-05,500,0,0.432,0.3892622537365845,0.4757746565661866,0.106,0.538,3.286841721042154e-05,3.865936005294556e-05,3.578315865660313e-05,1.4844249700651306e-06,-8.82188601622717e-06,4.186405882214899e-05,0.0009352138454834,0.0009361088134037,0.0,0.0001647871410072,0.21714776066804667,0.19945984261590793,0.23460180094547803,0.009008135956435289
low_endpoint,3000,0.0,0.9,0.5,False,beta_known_mean,-6.651144731710618e-05,500,0,0.004,0.0010976305226827,0.014465715215177,0.0,0.004,7.300499468306435e-08,9.621356554385085e-07,2.660457892684248e-07,1.879341873830551e-07,-5.141401662204477e-05,1.751741302368502e-06,6.461138678927516e-05,3.917012631089984e-05,0.0,0.0001647871410072,0.0016144814919557377,0.0004430260409692681,0.005838657370701456,0.0011404663387833383
low_endpoint,3000,0.9,0.0,0.0588235294117647,False,beta_estimated_mean,0.0011966668056998,500,0,0.568,0.5242253434338132,0.6107377462634155,0.0,0.568,0.0006273230671938,0.0007308495879413,0.0006797067456375,2.653621717092654e-05,-0.0013889289201708,5.844472173672045e-05,0.0019062005427628,0.0013068637072936,0.15000000000000002,0.001568884859991182,0.43324195609951915,0.39985284018696304,0.46584016875872447,0.01691406287844201
low_endpoint,3000,0.9,0.0,0.0588235294117647,False,risk_only,0.0011966668056998,500,0,0.17,0.1396203661039611,0.2054116986006633,0.0,0.17,0.0001670790575162,0.0002458093612178,0.0002034333569689,2.012271046383196e-05,-4.398212481407615e-05,5.814544251805594e-05,0.0012996152421496,0.0013001716205217,0.15000000000000002,0.001568884859991182,0.12966748686072693,0.10649542345455426,0.15667775723145266,0.012826123176397445
low_endpoint,3000,0.9,0.0,0.0588235294117647,False,outcome_based,0.0011966668056998,500,0,0.16,0.130476372350164,0.1947081791636914,0.004,0.16,0.0001561367437195,0.0002330008148034,0.0001914666889119,1.9639146321750034e-05,-3.10001390330478e-05,4.9576123853472896e-05,0.0011078805191586,0.0011085558299731,0.15000000000000002,0.001568884859991182,0.12203998763362159,0.09952084292557808,0.14851364860816466,0.012517901614437416
low_endpoint,3000,0.9,0.0,0.0588235294117647,False,beta_known_mean,0.0011966668056998,500,0,1.0,0.992375659538448,1.0,0.0,1.0,0.0011875430105541,0.0011966668056998,0.0011966668056998,0.0,-0.0013419543823908,1.7254601781042132e-06,0.0013425078002076,3.858246250709915e-05,0.15000000000000002,0.001568884859991182,0.7627499227104059,0.7569344576126349,0.7627499227104059,0.0
low_endpoint,3000,0.9,0.0,0.1111111111111111,True,beta_estimated_mean,0.0027594621597691,500,0,0.778,0.739530218085007,0.8122306486183701,0.0,0.778,0.0020407056528114,0.0022413197398671,0.0021468615603003,5.133817853004179e-05,-0.0036873993617913,5.885700899519498e-05,0.0039147827091374,0.0013160827306557,0.10000000000000002,0.00877146174061888,0.24475527840002023,0.2326528591421999,0.25552408551108396,0.005852864670469345
low_endpoint,3000,0.9,0.0,0.1111111111111111,True,risk_only,0.0027594621597691,500,0,0.022,0.0123280082699275,0.0389608612113163,0.0,0.022,3.4018672326186266e-05,0.0001075110222246,6.070816751492122e-05,1.8119864178363716e-05,-4.3970386472092726e-05,5.8961462914411495e-05,0.0013178330680633,0.0013184183912945,0.10000000000000002,0.00877146174061888,0.006921100417481601,0.0038783355992596555,0.012256910581589614,0.0020657747493162126
low_endpoint,3000,0.9,0.0,0.1111111111111111,True,outcome_based,0.0027594621597691,500,0,0.184,0.1524894793781606,0.2203291037935404,0.006,0.184,0.0004207889481069,0.0006079898246141,0.0005077410373975,4.78661129269888e-05,-5.621215976863839e-05,0.0001353009450563,0.0030229168575637,0.0030254211056595,0.10000000000000002,0.00877146174061888,0.05788556712802532,0.04797249997207544,0.06931453873858003,0.005457028069259019
low_endpoint,3000,0.9,0.0,0.1111111111111111,True,beta_known_mean,0.0027594621597691,500,0,1.0,0.992375659538448,1.0,0.0,1.0,0.0027384230807722,0.0027594621597691,0.0027594621597691,0.0,-0.0036457611461871,1.0290292532847568e-05,0.0036530006166346,0.000230097936118,0.10000000000000002,0.00877146174061888,0.31459547352188566,0.31219689052408583,0.31459547352188566,0.0
low_endpoint,3000,0.9,0.0,0.2,False,beta_estimated_mean,-0.0038069378750148,500,0,0.024,0.0137813146554969,0.0414770574639007,0.0,0.024,5.246460872950878e-05,0.0001579005810034,9.136650900035652e-05,2.608291022336852e-05,0.0015900073143311,4.918615173675619e-05,0.0019327034804747,0.00109983578835,0.0,0.0484750566842469,0.0018848148975975968,0.0010823011321317007,0.0032573573256844375,0.0005380686894966493
low_endpoint,3000,0.9,0.0,0.2,False,risk_only,-0.0038069378750148,500,0,0.0,4.336808689942019e-19,0.0076243404615522,0.0,0.0,1.6509961258433824e-21,2.902539047509147e-05,0.0,0.0,-2.7556019918836574e-05,5.05980837011848e-05,0.0011306114298359,0.0011314075468707,0.0,0.0484750566842469,0.0,3.4058673445139306e-20,0.0005987696035954084,0.0
low_endpoint,3000,0.9,0.0,0.2,False,outcome_based,-0.0038069378750148,500,0,0.228,0.1933817691150006,0.2667658720960837,0.0,0.228,0.0007361923811812,0.0010155611022439,0.0008679818355033,7.149926716889646e-05,-0.0005165621249853,0.0002592010895009,0.0058131104946847,0.0057959125596616,0.0,0.0484750566842469,0.017905741527175376,0.01518703497298731,0.02095017874572038,0.0014749702642871136
low_endpoint,3000,0.9,0.0,0.2,False,beta_known_mean,-0.0038069378750148,500,0,0.0,4.336808689942019e-19,0.0076243404615522,0.0,0.0,1.6509961258433824e-21,2.902539047509147e-05,0.0,0.0,0.0016160797634662,2.5345612479457985e-05,0.0017123876423849,0.0005667451243543,0.0,0.0484750566842469,0.0,3.4058673445139306e-20,0.0005987696035954084,0.0
low_endpoint,3000,0.9,0.0,0.3333333333333333,False,beta_estimated_mean,-0.0025367031021037,500,0,0.0,4.336808689942019e-19,0.0076243404615522,0.0,0.0,1.10011960570062e-21,1.9340688100314325e-05,0.0,0.0,0.0012079075262282,1.941299093280916e-05,0.0012833923157711,0.0004340876737234,0.0,0.0069621017673548,0.0,1.5801544453990399e-19,0.0027779956034257565,0.0
low_endpoint,3000,0.9,0.0,0.3333333333333333,False,risk_only,-0.0025367031021037,500,0,0.0,4.336808689942019e-19,0.0076243404615522,0.0,0.0,1.10011960570062e-21,1.9340688100314325e-05,0.0,0.0,-8.297347646247597e-06,2.408014648339697e-05,0.0005379737166946,0.0005384484444502,0.0,0.0069621017673548,0.0,1.5801544453990399e-19,0.0027779956034257565,0.0
low_endpoint,3000,0.9,0.0,0.3333333333333333,False,outcome_based,-0.0025367031021037,500,0,0.236,0.2008812954715588,0.2751443562921407,0.008,0.244,0.0005286460231208,0.0007191675230131,0.0006189555569133,4.877251804795771e-05,-0.0004966302312296,0.0002038670896617,0.0045810451776755,0.0045586067085876,0.0,0.0069621017673548,0.08890354918619175,0.07593195859325326,0.10329747352807547,0.007005430210263713
low_endpoint,3000,0.9,0.0,0.3333333333333333,False,beta_known_mean,-0.0025367031021037,500,0,0.0,4.336808689942019e-19,0.0076243404615522,0.0,0.0,1.10011960570062e-21,1.9340688100314325e-05,0.0,0.0,0.0012158128979428,1.536952610477608e-05,0.0012633589936412,0.0003436730515223,0.0,0.0069621017673548,0.0,1.5801544453990399e-19,0.0027779956034257565,0.0
low_endpoint,3000,0.9,0.0,0.5,False,beta_estimated_mean,-6.651144731710618e-05,500,0,0.0,4.336808689942019e-19,0.0076243404615522,0.0,0.0,2.884474227054468e-23,5.071059189362129e-07,0.0,0.0,-5.306765813409616e-05,1.606939853125367e-06,6.406810384213839e-05,3.593226747341849e-05,0.0,0.0001647871410072,0.0,1.7504243410160488e-19,0.003077339140886339,0.0
low_endpoint,3000,0.9,0.0,0.5,False,risk_only,-6.651144731710618e-05,500,0,0.21,0.1765772705084025,0.2478448469592978,0.0,0.21,1.174440982481802e-05,1.648451948134958e-05,1.39674039365923e-05,1.2127445135828826e-06,-1.2413685201641817e-06,4.114259989896991e-06,9.19139896466908e-05,9.19976501451727e-05,0.0,0.0001647871410072,0.08476027832767621,0.07127018378396936,0.10003522957309711,0.00735946085459359
low_endpoint,3000,0.9,0.0,0.5,False,outcome_based,-6.651144731710618e-05,500,0,0.412,0.369688475931219,0.4556534079900142,0.12,0.532,3.246996461199388e-05,3.826576055459517e-05,3.53840899727005e-05,1.485678601713331e-06,-1.148855268289384e-05,4.637672117777483e-05,0.0010360411768728,0.0010370150112705,0.0,0.0001647871410072,0.21472603843011312,0.19704185905243163,0.23221326810277768,0.009015743538195238
low_endpoint,3000,0.9,0.0,0.5,False,beta_known_mean,-6.651144731710618e-05,500,0,0.0,4.336808689942019e-19,0.0076243404615522,0.0,0.0,2.884474227054468e-23,5.071059189362129e-07,0.0,0.0,-5.255311101723538e-05,1.4717870309465e-06,6.198985282089774e-05,3.2910158495989616e-05,0.0,0.0001647871410072,0.0,1.7504243410160488e-19,0.003077339140886339,0.0
low_endpoint,10000,-0.5,-0.5,0.0588235294117647,False,beta_estimated_mean,0.0011966668056998,500,0,0.516,0.4722414643366831,0.5595145567685472,0.0,0.516,0.0005651156846467,0.0006695524973907,0.0006174800717411,2.677136425288424e-05,-0.0013135462805455,7.316902871398135e-05,0.0020968794686022,0.0016361092205209,0.15000000000000002,0.001568884859991182,0.3935789601185715,0.3602021404234064,0.4267696849305202,0.017063944547871225
low_endpoint,10000,-0.5,-0.5,0.0588235294117647,False,risk_only,0.0011966668056998,500,0,0.244,0.208398855460222,0.2835048068560928,0.0,0.244,0.000249383992675,0.000339260791621,0.0002919867005907,2.3007995429179736e-05,2.5985164109661007e-05,7.287619505673549e-05,0.0016281382594612,0.0016295612608839,0.15000000000000002,0.001568884859991182,0.1861109811413064,0.15895621089517153,0.216243269517501,0.01466519055407868
low_endpoint,10000,-0.5,-0.5,0.0588235294117647,False,outcome_based,0.0011966668056998,500,0,0.038,0.0244601180558303,0.0585847725306438,0.0,0.038,2.927061134091185e-05,7.010645260689811e-05,4.5473338616594416e-05,1.024241352188454e-05,-1.4879305701217147e-05,2.994029866092712e-05,0.000668981101532,0.0006694854307247,0.15000000000000002,0.001568884859991182,0.02898449706299671,0.01865695315657286,0.04468553071975731,0.006528467310177311
low_endpoint,10000,-0.5,-0.5,0.0588235294117647,False,beta_known_mean,0.0011966668056998,500,0,1.0,0.992375659538448,1.0,0.0,1.0,0.0011875430105541,0.0011966668056998,0.0011966668056998,0.0,-0.0013384704121964,1.257082900834625e-06,0.0013387649505337,2.810922819618849e-05,0.15000000000000002,0.001568884859991182,0.7627499227104059,0.7569344576126349,0.7627499227104059,0.0
low_endpoint,10000,-0.5,-0.5,0.1111111111111111,True,beta_estimated_mean,0.0027594621597691,500,0,0.694,0.652255219632054,0.7327865362688636,0.0,0.694,0.0017998735970865,0.0020220967180222,0.0019150667388797,5.692651778274304e-05,-0.0036037075173044,6.99785035763139e-05,0.0039281428640903,0.0015647669096035,0.10000000000000002,0.00877146174061888,0.21832925862418234,0.20519653967726342,0.230531327367966,0.006489969342182473
low_endpoint,10000,-0.5,-0.5,0.1111111111111111,True,risk_only,0.0027594621597691,500,0,0.03,0.0182632131979133,0.0489036668359457,0.0,0.03,5.039664573543845e-05,0.0001349478181077,8.27838647930744e-05,2.107272330446745e-05,3.741685081663218e-05,7.013750853504652e-05,0.0015671999879955,0.0015683223685683,0.10000000000000002,0.00877146174061888,0.00943786420565673,0.0057455242040288105,0.015384872225205489,0.0024024186535391125
low_endpoint,10000,-0.5,-0.5,0.1111111111111111,True,outcome_based,0.0027594621597691,500,0,0.058,0.0406837291117572,0.0820561878562549,0.0,0.058,0.0001122652110021,0.0002264309453642,0.0001600488052666,2.8874443206846727e-05,8.513784023127527e-05,7.484840510989958e-05,0.0016741529326317,0.0016736612183317,0.10000000000000002,0.00877146174061888,0.018246537464268478,0.01279891702453906,0.025814505274034737,0.003291862184513098
low_endpoint,10000,-0.5,-0.5,0.1111111111111111,True,beta_known_mean,0.0027594621597691,500,0,1.0,0.992375659538448,1.0,0.0,1.0,0.0027384230807722,0.0027594621597691,0.0027594621597691,0.0,-0.0036272114575554,7.626358353712687e-06,0.0036312099178303,0.0001705305569967,0.10000000000000002,0.00877146174061888,0.31459547352188566,0.31219689052408583,0.31459547352188566,0.0
low_endpoint,10000,-0.5,-0.5,0.2,False,beta_estimated_mean,-0.0038069378750148,500,0,0.024,0.0137813146554969,0.0414770574639007,0.0,0.024,5.246460872950878e-05,0.0001579005810034,9.136650900035652e-05,2.608291022336852e-05,0.0016732471301636,4.920485095356198e-05,0.0020019724073834,0.001100253915549,0.0,0.0484750566842469,0.0018848148975975968,0.0010823011321317007,0.0032573573256844375,0.0005380686894966493
low_endpoint,10000,-0.5,-0.5,0.2,False,risk_only,-0.0038069378750148,500,0,0.0,4.336808689942019e-19,0.0076243404615522,0.0,0.0,1.6509961258433824e-21,2.902539047509147e-05,0.0,0.0,5.9288471309287285e-05,5.1407146355342095e-05,0.0011498781571686,0.0011494987377982,0.0,0.0484750566842469,0.0,3.4058673445139306e-20,0.0005987696035954084,0.0
low_endpoint,10000,-0.5,-0.5,0.2,False,outcome_based,-0.0038069378750148,500,0,0.164,0.1341289203158717,0.1989946364742914,0.0,0.164,0.0005106204668853,0.0007575602185187,0.0006243378115024,6.31030832472736e-05,0.0003026878750151,0.0001540345079333,0.0034541580938316,0.0034443163061971,0.0,0.0484750566842469,0.012879568466916165,0.010533674467083977,0.0156278356403632,0.001301763990876991
low_endpoint,10000,-0.5,-0.5,0.2,False,beta_known_mean,-0.0038069378750148,500,0,0.0,4.336808689942019e-19,0.0076243404615522,0.0,0.0,1.6509961258433824e-21,2.902539047509147e-05,0.0,0.0,0.0016598300868246,1.8862190571371963e-05,0.0017124751827312,0.0004217714032214,0.0,0.0484750566842469,0.0,3.4058673445139306e-20,0.0005987696035954084,0.0
low_endpoint,10000,-0.5,-0.5,0.3333333333333333,False,beta_estimated_mean,-0.0025367031021037,500,0,0.0,4.336808689942019e-19,0.0076243404615522,0.0,0.0,1.10011960570062e-21,1.9340688100314325e-05,0.0,0.0,0.0012456866249896,1.5781086667591906e-05,0.0012946070728938,0.0003528758254755,0.0,0.0069621017673548,0.0,1.5801544453990399e-19,0.0027779956034257565,0.0
low_endpoint,10000,-0.5,-0.5,0.3333333333333333,False,risk_only,-0.0025367031021037,500,0,0.0,4.336808689942019e-19,0.0076243404615522,0.0,0.0,1.10011960570062e-21,1.9340688100314325e-05,0.0,0.0,4.027775100495996e-05,1.7269301357559807e-05,0.0003878639621642,0.0003861533175943,0.0,0.0069621017673548,0.0,1.5801544453990399e-19,0.0027779956034257565,0.0
low_endpoint,10000,-0.5,-0.5,0.3333333333333333,False,outcome_based,-0.0025367031021037,500,0,0.2,0.1672854989717574,0.2372891053051739,0.008,0.208,0.0004432034099019,0.0006233600424237,0.0005276342452375,4.6090734116398185e-05,0.0001898031021037,0.0001310566383855,0.0029337298116165,0.0029305155233277,0.0,0.0069621017673548,0.07578663209313742,0.06365942709715544,0.08953618652152237,0.00662023274817915
low_endpoint,10000,-0.5,-0.5,0.3333333333333333,False,beta_known_mean,-0.0025367031021037,500,0,0.0,4.336808689942019e-19,0.0076243404615522,0.0,0.0,1.10011960570062e-21,1.9340688100314325e-05,0.0,0.0,0.0012439889611763,1.1368545175080829e-05,0.0012696460929755,0.0002542083981675,0.0,0.0069621017673548,0.0,1.5801544453990399e-19,0.0027779956034257565,0.0
low_endpoint,10000,-0.5,-0.5,0.5,False,beta_estimated_mean,-6.651144731710618e-05,500,0,0.0,4.336808689942019e-19,0.0076243404615522,0.0,0.0,2.884474227054468e-23,5.071059189362129e-07,0.0,0.0,-4.925587641978952e-05,1.158349535945896e-06,5.563889297916691e-05,2.5901483040803592e-05,0.0,0.0001647871410072,0.0,1.7504243410160488e-19,0.003077339140886339,0.0
low_endpoint,10000,-0.5,-0.5,0.5,False,risk_only,-6.651144731710618e-05,500,0,0.126,0.099735288945377,0.157967717719864,0.0,0.126,6.633538416346809e-06,1.0506661534928236e-05,8.38044236195538e-06,9.880686373945754e-07,-4.745895310979856e-07,2.7530048593257503e-06,6.149930143670864e-05,6.155906007839624e-05,0.0,0.0001647871410072,0.05085616699660573,0.04025519452429223,0.0637589891463022,0.005996029977553916
low_endpoint,10000,-0.5,-0.5,0.5,False,outcome_based,-6.651144731710618e-05,500,0,0.41,0.3677350694076764,0.453637311875403,0.08,0.49,2.969245100221732e-05,3.5498909486925466e-05,3.2590609185382035e-05,1.4884328746799797e-06,-9.08855268289382e-06,2.7180265150054267e-05,0.0006072291509717,0.0006077692052198,0.0,0.0001647871410072,0.19777398276457786,0.1801866991607068,0.21542281315126657,0.009032457663762403
low_endpoint,10000,-0.5,-0.5,0.5,False,beta_known_mean,-6.651144731710618e-05,500,0,0.0,4.336808689942019e-19,0.0076243404615522,0.0,0.0,2.884474227054468e-23,5.071059189362129e-07,0.0,0.0,-4.922031048368305e-05,1.045647929341679e-06,5.448151411796753e-05,2.3381398505398912e-05,0.0,0.0001647871410072,0.0,1.7504243410160488e-19,0.003077339140886339,0.0
low_endpoint,10000,0.0,0.0,0.0588235294117647,False,beta_estimated_mean,0.0011966668056998,500,0,0.542,0.4981741651760806,0.585185390225149,0.0,0.542,0.0005961484869234,0.0007002719316629,0.0006485934086893,2.669041667420121e-05,-0.0013428692152233,5.976379002368605e-05,0.0018935631274383,0.0013363589708598,0.15000000000000002,0.001568884859991182,0.41341045810904536,0.3799823059843606,0.4463501111654783,0.017012348933210575
low_endpoint,10000,0.0,0.0,0.0588235294117647,False,risk_only,0.0011966668056998,500,0,0.188,0.1561799641349665,0.224577624313042,0.0,0.188,0.0001868953787957,0.0002687445883183,0.0002249733594715,2.0930514825265848e-05,-3.3543300696816658e-06,5.9729073551068e-05,0.0013342506522154,0.0013355826869327,0.15000000000000002,0.001568884859991182,0.1433969854695165,0.11912625557285987,0.17129656558723533,0.013341013964137234
low_endpoint,10000,0.0,0.0,0.0588235294117647,False,outcome_based,0.0011966668056998,500,0,0.032,0.0197915136265711,0.0513448690454417,0.0,0.032,2.3683847391473973e-05,6.144270042968608e-05,3.8293337782395297e-05,9.428348768010132e-06,-4.23668057012192e-05,2.891172635526789e-05,0.0006472271770602,0.0006464858547725,0.15000000000000002,0.001568884859991182,0.02440799752673407,0.015095975488989733,0.03916329489598837,0.006009586177065361
low_endpoint,10000,0.0,0.0,0.0588235294117647,False,beta_known_mean,0.0011966668056998,500,0,1.0,0.992375659538448,1.0,0.0,1.0,0.0011875430105541,0.0011966668056998,0.0011966668056998,0.0,-0.0013392449523532,1.3213495551480557e-06,0.0013395701843361,2.95462742735016e-05,0.15000000000000002,0.001568884859991182,0.7627499227104059,0.7569344576126349,0.7627499227104059,0.0
low_endpoint,10000,0.0,0.0,0.1111111111111111,True,beta_estimated_mean,0.0027594621597691,500,0,0.738,0.6977470833575388,0.7746237305827623,0.0,0.738,0.0019254066736144,0.0021375448726023,0.0020364830739096,5.431915392615786e-05,-0.0036344204009495,5.729258496179416e-05,0.0038531739327921,0.0012811011458125,0.10000000000000002,0.00877146174061888,0.23217145945915213,0.21950807408738135,0.24369311932397295,0.006192714000520204
low_endpoint,10000,0.0,0.0,0.1111111111111111,True,risk_only,0.0027594621597691,500,0,0.022,0.0123280082699275,0.0389608612113163,0.0,0.022,3.4018672326186266e-05,0.0001075110222246,6.070816751492122e-05,1.8119864178363716e-05,1.394024989432835e-06,5.801788008344628e-05,0.0012960220189429,0.0012973192377701,0.10000000000000002,0.00877146174061888,0.006921100417481601,0.0038783355992596555,0.012256910581589614,0.0020657747493162126
low_endpoint,10000,0.0,0.0,0.1111111111111111,True,outcome_based,0.0027594621597691,500,0,0.052,0.0357302651157052,0.0751011439378455,0.002,0.052,9.859631454530829e-05,0.0002072387648518,0.0001434920323079,2.7427107622896177e-05,5.346284023127595e-05,7.36808268292041e-05,0.0016467730663819,0.0016475533742849,0.10000000000000002,0.00877146174061888,0.016358964623127432,0.011240579673138004,0.023626479939155277,0.0031268571230136867
low_endpoint,10000,0.0,0.0,0.1111111111111111,True,beta_known_mean,0.0027594621597691,500,0,1.0,0.992375659538448,1.0,0.0,1.0,0.0027384230807722,0.0027594621597691,0.0027594621597691,0.0,-0.0036316805930301,8.046003540794823e-06,0.0036361254486208,0.0001799141086442,0.10000000000000002,0.00877146174061888,0.31459547352188566,0.31219689052408583,0.31459547352188566,0.0
low_endpoint,10000,0.0,0.0,0.2,False,beta_estimated_mean,-0.0038069378750148,500,0,0.01,0.0042787538965904,0.0231930997557307,0.0,0.01,1.6288950266797756e-05,8.829468989908901e-05,3.806937875014856e-05,1.6956769401766875e-05,0.001646932084701,4.194808535682026e-05,0.0018948473770476,0.0009379877038381,0.0,0.0484750566842469,0.0007853395406656655,0.0003360274619769806,0.0018214458308778508,0.00034980401389148605
low_endpoint,10000,0.0,0.0,0.2,False,risk_only,-0.0038069378750148,500,0,0.0,4.336808689942019e-19,0.0076243404615522,0.0,0.0,1.6509961258433824e-21,2.902539047509147e-05,0.0,0.0,2.736744354244529e-05,4.375946486728782e-05,0.0009778954284259,0.0009784913810226,0.0,0.0484750566842469,0.0,3.4058673445139306e-20,0.0005987696035954084,0.0
low_endpoint,10000,0.0,0.0,0.2,False,outcome_based,-0.0038069378750148,500,0,0.13,0.1033206503646345,0.1623213615769141,0.004,0.134,0.0004070187700319,0.0006344871662997,0.0005101296752519,5.8054630071785006e-05,0.0002913378750151,0.0001440593783444,0.0032312036298289,0.0032212656277448,0.0,0.0484750566842469,0.010523549844918047,0.008396457846003309,0.013088941193665308,0.001197618611359999
low_endpoint,10000,0.0,0.0,0.2,False,beta_known_mean,-0.0038069378750148,500,0,0.0,4.336808689942019e-19,0.0076243404615522,0.0,0.0,1.6509961258433824e-21,2.902539047509147e-05,0.0,0.0,0.001649039230593,1.992057519146929e-05,0.0017080246522513,0.0004454376027902,0.0,0.0484750566842469,0.0,3.4058673445139306e-20,0.0005987696035954084,0.0
low_endpoint,10000,0.0,0.0,0.3333333333333333,False,beta_estimated_mean,-0.0025367031021037,500,0,0.0,4.336808689942019e-19,0.0076243404615522,0.0,0.0,1.10011960570062e-21,1.9340688100314325e-05,0.0,0.0,0.0012359066582731,1.491694371106342e-05,0.0012800392015847,0.0003335530015447,0.0,0.0069621017673548,0.0,1.5801544453990399e-19,0.0027779956034257565,0.0
low_endpoint,10000,0.0,0.0,0.3333333333333333,False,risk_only,-0.0025367031021037,500,0,0.0,4.336808689942019e-19,0.0076243404615522,0.0,0.0,1.10011960570062e-21,1.9340688100314325e-05,0.0,0.0,3.297746908540126e-05,1.66154381320657e-05,0.0003726229097133,0.0003715324913924,0.0,0.0069621017673548,0.0,1.5801544453990399e-19,0.0027779956034257565,0.0
low_endpoint,10000,0.0,0.0,0.3333333333333333,False,outcome_based,-0.0025367031021037,500,0,0.204,0.1709982729111479,0.241515336642091,0.002,0.206,0.0004384859781373,0.0006180080245323,0.0005225608390333,4.59264871974526e-05,0.0001913031021037,0.0001290005424791,0.0028879968346371,0.0028845398211776,0.0,0.0069621017673548,0.07505791447685821,0.06298183979345932,0.08876745057507363,0.006596641177065418
low_endpoint,10000,0.0,0.0,0.3333333333333333,False,beta_known_mean,-0.0025367031021037,500,0,0.0,4.336808689942019e-19,0.0076243404615522,0.0,0.0,1.10011960570062e-21,1.9340688100314325e-05,0.0,0.0,0.0012372721460425,1.1988748792063205e-05,0.0012659240427746,0.0002680765726422,0.0,0.0069621017673548,0.0,1.5801544453990399e-19,0.0027779956034257565,0.0
low_endpoint,10000,0.0,0.0,0.5,False,beta_estimated_mean,-6.651144731710618e-05,500,0,0.0,4.336808689942019e-19,0.0076243404615522,0.0,0.0,2.884474227054468e-23,5.071059189362129e-07,0.0,0.0,-5.001998259244339e-05,1.16784638172924e-06,5.6414248014451647e-05,2.611383896823749e-05,0.0,0.0001647871410072,0.0,1.7504243410160488e-19,0.003077339140886339,0.0
low_endpoint,10000,0.0,0.0,0.5,False,risk_only,-6.651144731710618e-05,500,0,0.128,0.1015268239952365,0.1601456853081583,0.0,0.128,6.752696005432285e-06,1.065152131143544e-05,8.513465256589592e-06,9.947394752880883e-07,1.282476307725079e-06,2.6998944146440818e-06,6.032470671907825e-05,6.037147443216171e-05,0.0,0.0001647871410072,0.05166340774258359,0.04097829456933925,0.06463806123664738,0.006036511521518693
low_endpoint,10000,0.0,0.0,0.5,False,outcome_based,-6.651144731710618e-05,500,0,0.432,0.3892622537365845,0.4757746565661866,0.048,0.48,2.9034137446478048e-05,3.4837136214701335e-05,3.192549471221097e-05,1.4875391892948902e-06,1.1311447317106188e-05,2.751108211754959e-05,0.0006146551137348,0.0006151664974941,0.0,0.0001647871410072,0.1937377790346885,0.17619176635396244,0.21140688528104995,0.009027034392385601
low_endpoint,10000,0.0,0.0,0.5,False,beta_known_mean,-6.651144731710618e-05,500,0,0.0,4.336808689942019e-19,0.0076243404615522,0.0,0.0,2.884474227054468e-23,5.071059189362129e-07,0.0,0.0,-4.988892561767326e-05,1.0934450912066032e-06,5.554746043574055e-05,2.4450175536014223e-05,0.0,0.0001647871410072,0.0,1.7504243410160488e-19,0.003077339140886339,0.0
low_endpoint,10000,0.3,0.3,0.0588235294117647,False,beta_estimated_mean,0.0011966668056998,500,0,0.562,0.5182029258694332,0.6048516559133346,0.0,0.562,0.0006201162400044,0.000723805899004,0.0006725267448033,2.6578360303532048e-05,-0.0013568849614919,4.9846678439435744e-05,0.0017552771243008,0.0011146056144315,0.15000000000000002,0.001568884859991182,0.428665456563256,0.395259241655175,0.46135055379912854,0.01694092471749739
low_endpoint,10000,0.3,0.3,0.0588235294117647,False,risk_only,0.0011966668056998,500,0,0.146,0.1177487668264692,0.1796492662203097,0.0,0.146,0.0001409060406733,0.0002149803135541,0.0001747133536321,1.891595772480854e-05,-1.6933549095553225e-05,4.995610597213253e-05,0.0011160633469971,0.0011170524884487,0.15000000000000002,0.001568884859991182,0.11136148871567414,0.0898128627961213,0.1370274639244771,0.012056944526136136
low_endpoint,10000,0.3,0.3,0.0588235294117647,False,outcome_based,0.0011966668056998,500,0,0.028,0.0167509747207564,0.0464464026749488,0.0,0.028,2.0045335411446608e-05,5.558086832528019e-05,3.350667055959589e-05,8.837615844787513e-06,-5.594180570122237e-05,2.806425713978207e-05,0.0006293990367804,0.0006275358670258,0.15000000000000002,0.001568884859991182,0.021356997835892313,0.012776804673581511,0.03542699005049522,0.0056330557264968354
low_endpoint,10000,0.3,0.3,0.0588235294117647,False,beta_known_mean,0.0011966668056998,500,0,1.0,0.992375659538448,1.0,0.0,1.0,0.0011875430105541,0.0011966668056998,0.0011966668056998,0.0,-0.0013401444877543,1.245650588399361e-06,0.0013404333325858,2.7853593918735822e-05,0.15000000000000002,0.001568884859991182,0.7627499227104059,0.7569344576126349,0.7627499227104059,0.0
low_endpoint,10000,0.3,0.3,0.1111111111111111,True,beta_estimated_mean,0.0027594621597691,500,0,0.788,0.7500478841824445,0.8215604957117015,0.0,0.788,0.0020697287544163,0.0022670650998776,0.002174456181898,5.048998124847208e-05,-0.0036516092522013,4.778339759423452e-05,0.0038044176190977,0.001068469252166,0.10000000000000002,0.00877146174061888,0.24790123313524012,0.23596166928846093,0.2584592131752997,0.005756165020325302
low_endpoint,10000,0.3,0.3,0.1111111111111111,True,risk_only,0.0027594621597691,500,0,0.006,0.0020425962719602,0.0174902521040533,0.0,0.006,5.636467120159801e-06,4.826368884595799e-05,1.6556772958614878e-05,9.539881663683336e-06,-1.4777832622856952e-05,4.879090814428173e-05,0.0010900065093343,0.0010909978729456,0.10000000000000002,0.00877146174061888,0.0018875728411313457,0.0006425915413913797,0.005502354142691922,0.0010876045459454105
low_endpoint,10000,0.3,0.3,0.1111111111111111,True,outcome_based,0.0027594621597691,500,0,0.044,0.0292339556286071,0.0657194428723284,0.0,0.044,8.066999433751177e-05,0.0001813503157673,0.0001214163350298,2.533549854125465e-05,4.068784023126976e-05,7.200393453261378e-05,0.0016089606048138,0.0016100569226236,0.10000000000000002,0.00877146174061888,0.013842200834958364,0.009196870113899625,0.020675039250014973,0.0028884009633116264
low_endpoint,10000,0.3,0.3,0.1111111111111111,True,beta_known_mean,0.0027594621597691,500,0,1.0,0.992375659538448,1.0,0.0,1.0,0.0027384230807722,0.0027594621597691,0.0027594621597691,0.0,-0.0036368330718524,7.57063949756723e-06,0.0036407629377835,0.000169284645497,0.10000000000000002,0.00877146174061888,0.31459547352188566,0.31219689052408583,0.31459547352188566,0.0
low_endpoint,10000,0.3,0.3,0.2,False,beta_estimated_mean,-0.0038069378750148,500,0,0.004,0.0010976305226827,0.014465715215177,0.0,0.004,4.178611209573478e-06,5.507007914183612e-05,1.5227751500059422e-05,1.0756851712271833e-05,0.0016273987248514,3.577594230412798e-05,0.0018130377038204,0.0007999743895114,0.0,0.0484750566842469,0.00031413581626626617,8.620126505043192e-05,0.001136049814248746,0.00022190488156288268
low_endpoint,10000,0.3,0.3,0.2,False,risk_only,-0.0038069378750148,500,0,0.0,4.336808689942019e-19,0.0076243404615522,0.0,0.0,1.6509961258433824e-21,2.902539047509147e-05,0.0,0.0,1.0922939960169824e-05,3.751809385939279e-05,0.0008381619095805,0.0008389300825581,0.0,0.0484750566842469,0.0,3.4058673445139306e-20,0.0005987696035954084,0.0
low_endpoint,10000,0.3,0.3,0.2,False,outcome_based,-0.0038069378750148,500,0,0.108,0.0837228096370503,0.1382546732848066,0.004,0.112,0.0003322040591387,0.0005430737278732,0.0004263770420016,5.37453643111997e-05,0.0002541378750151,0.0001303425974323,0.0029227030672851,0.0029145490822263,0.0,0.0484750566842469,0.008795802855454136,0.006853092742161919,0.01120315818113699,0.0011087220518643667
low_endpoint,10000,0.3,0.3,0.2,False,beta_known_mean,-0.0038069378750148,500,0,0.0,4.336808689942019e-19,0.0076243404615522,0.0,0.0,1.6509961258433824e-21,2.902539047509147e-05,0.0,0.0,0.0016366302224515,1.8737993031845332e-05,0.0016893086053441,0.0004189942618112,0.0,0.0484750566842469,0.0,3.4058673445139306e-20,0.0005987696035954084,0.0
low_endpoint,10000,0.3,0.3,0.3333333333333333,False,beta_estimated_mean,-0.0025367031021037,500,0,0.0,4.336808689942019e-19,0.0076243404615522,0.0,0.0,1.10011960570062e-21,1.9340688100314325e-05,0.0,0.0,0.0012267286085842,1.34442585622628e-05,0.0012629554129799,0.000300622760523,0.0,0.0069621017673548,0.0,1.5801544453990399e-19,0.0027779956034257565,0.0
low_endpoint,10000,0.3,0.3,0.3333333333333333,False,risk_only,-0.0025367031021037,500,0,0.0,4.336808689942019e-19,0.0076243404615522,0.0,0.0,1.10011960570062e-21,1.9340688100314325e-05,0.0,0.0,2.1140883437976146e-05,1.520583801669964e-05,0.0003403299492225,0.0003400128746019,0.0,0.0069621017673548,0.0,1.5801544453990399e-19,0.0027779956034257565,0.0
low_endpoint,10000,0.3,0.3,0.3333333333333333,False,outcome_based,-0.0025367031021037,500,0,0.194,0.1617264666432368,0.2309396297192332,0.002,0.196,0.0004149490904846,0.0005911976639049,0.0004971938080123,4.507911976613362e-05,0.0002069031021037,0.000121791832324,0.0027284795864473,0.0027233481618075,0.0,0.0069621017673548,0.0714143263954622,0.05960112396378499,0.0849165501540092,0.006474929737095915
low_endpoint,10000,0.3,0.3,0.3333333333333333,False,beta_known_mean,-0.0025367031021037,500,0,0.0,4.336808689942019e-19,0.0076243404615522,0.0,0.0,1.10011960570062e-21,1.9340688100314325e-05,0.0,0.0,0.0012295203908149,1.1282457331644183e-05,0.0012550856621388,0.0002522834154679,0.0,0.0069621017673548,0.0,1.5801544453990399e-19,0.0027779956034257565,0.0
low_endpoint,10000,0.3,0.3,0.5,False,beta_estimated_mean,-6.651144731710618e-05,500,0,0.0,4.336808689942019e-19,0.0076243404615522,0.0,0.0,2.884474227054468e-23,5.071059189362129e-07,0.0,0.0,-5.085019926926786e-05,1.0917006070068517e-06,5.639553229803293e-05,2.441116768345103e-05,0.0,0.0001647871410072,0.0,1.7504243410160488e-19,0.003077339140886339,0.0
low_endpoint,10000,0.3,0.3,0.5,False,risk_only,-6.651144731710618e-05,500,0,0.128,0.1015268239952365,0.1601456853081583,0.0,0.128,6.752696005432285e-06,1.065152131143544e-05,8.513465256589592e-06,9.947394752880883e-07,2.700027744297214e-06,2.6829667577263142e-06,5.999372592804298e-05,5.999296051648248e-05,0.0,0.0001647871410072,0.05166340774258359,0.04097829456933925,0.06463806123664738,0.006036511521518693
low_endpoint,10000,0.3,0.3,0.5,False,outcome_based,-6.651144731710618e-05,500,0,0.402,0.359928740326145,0.4455656304043193,0.078,0.48,2.9034137446478048e-05,3.4837136214701335e-05,3.192549471221097e-05,1.4875391892948902e-06,9.114473171061868e-07,2.541111428998968e-05,0.0005676420269291,0.0005682097893643,0.0,0.0001647871410072,0.1937377790346885,0.17619176635396244,0.21140688528104995,0.009027034392385601
low_endpoint,10000,0.3,0.3,0.5,False,beta_known_mean,-6.651144731710618e-05,500,0,0.0,4.336808689942019e-19,0.0076243404615522,0.0,0.0,2.884474227054468e-23,5.071059189362129e-07,0.0,0.0,-5.0672315274437496e-05,1.0343462640863047e-06,5.569155914582219e-05,2.312868558769927e-05,0.0,0.0001647871410072,0.0,1.7504243410160488e-19,0.003077339140886339,0.0
low_endpoint,10000,0.6,0.6,0.0588235294117647,False,beta_estimated_mean,0.0011966668056998,500,0,0.572,0.5282438503629422,0.6146582446105943,0.0,0.572,0.0006321318810444,0.0007355411181752,0.0006844934128603,2.6505919240644105e-05,-0.0013656210691812,3.76406535673552e-05,0.0016037186431165,0.0008416706009412,0.15000000000000002,0.001568884859991182,0.4362929557903613,0.4029179560365908,0.4688305285700406,0.01689475111691312
low_endpoint,10000,0.6,0.6,0.0588235294117647,False,risk_only,0.0011966668056998,500,0,0.084,0.0627441368038303,0.1115993144601811,0.0,0.084,7.508382576543429e-05,0.0001335471951533,0.0001005200116787,1.4859710598509962e-05,-2.4218046273344173e-05,3.780471349528878e-05,0.0008448405166854,0.0008453390924536,0.15000000000000002,0.001568884859991182,0.06407099350762106,0.04785808549765488,0.08512236847900399,0.009471511248182662
low_endpoint,10000,0.6,0.6,0.0588235294117647,False,outcome_based,0.0011966668056998,500,0,0.024,0.0137813146554969,0.0414770574639007,0.0,0.024,1.649164178713815e-05,4.9634217865155366e-05,2.8720003336796472e-05,8.198860576423946e-06,-5.261680570121963e-05,2.605183590090689e-05,0.0005843277393657,0.0005825367601309,0.15000000000000002,0.001568884859991182,0.018305998145050552,0.010511696688328576,0.03163662237484677,0.005225916053820564
low_endpoint,10000,0.6,0.6,0.0588235294117647,False,beta_known_mean,0.0011966668056998,500,0,1.0,0.992375659538448,1.0,0.0,1.0,0.0011875430105541,0.0011966668056998,0.0011966668056998,0.0,-0.0013412786145929,1.058708095022763e-06,0.0013414870974097,2.3673432688002044e-05,0.15000000000000002,0.001568884859991182,0.7627499227104059,0.7569344576126349,0.7627499227104059,0.0
low_endpoint,10000,0.6,0.6,0.1111111111111111,True,beta_estimated_mean,0.0027594621597691,500,0,0.864,0.8311649235512272,0.8912845565927628,0.0,0.864,0.002293568155067,0.0024594660075043,0.0023841753060405,4.234483994091863e-05,-0.003665026389782,3.605584440393244e-05,0.003752483227374,0.0008062331907334,0.10000000000000002,0.00877146174061888,0.27181048912290895,0.26148072269938155,0.280394087124043,0.004827569359942388
low_endpoint,10000,0.6,0.6,0.1111111111111111,True,risk_only,0.0027594621597691,500,0,0.0,4.336808689942019e-19,0.0076243404615522,0.0,0.0,1.1967259474053005e-21,2.103907899685024e-05,0.0,0.0,-2.805204004231171e-05,3.731626902310469e-05,0.0008340541828437,0.0008344171420233,0.10000000000000002,0.00877146174061888,0.0,1.364340383386161e-19,0.00239858299779414,0.0
low_endpoint,10000,0.6,0.6,0.1111111111111111,True,outcome_based,0.0027594621597691,500,0,0.034,0.0213345198085321,0.0537713655016345,0.0,0.034,5.887180010848987e-05,0.0001483800483808,9.382171343215098e-05,2.238732437617791e-05,-3.476215976873079e-05,6.448674787352143e-05,0.0014409442018176,0.0014419675189308,0.10000000000000002,0.00877146174061888,0.010696246099744294,0.006711743361527346,0.016916228191896657,0.0025522911731469685
low_endpoint,10000,0.6,0.6,0.1111111111111111,True,beta_known_mean,0.0027594621597691,500,0,1.0,0.992375659538448,1.0,0.0,1.0,0.0027384230807722,0.0027594621597691,0.0027594621597691,0.0,-0.0036432958754423,6.3891998853439336e-06,0.0036460903652717,0.0001428668526546,0.10000000000000002,0.00877146174061888,0.31459547352188566,0.31219689052408583,0.31459547352188566,0.0
low_endpoint,10000,0.6,0.6,0.2,False,beta_estimated_mean,-0.0038069378750148,500,0,0.0,4.336808689942019e-19,0.0076243404615522,0.0,0.0,1.6509961258433824e-21,2.902539047509147e-05,0.0,0.0,0.0016077274121469,2.7637400002086145e-05,0.0017221894626688,0.0006179910512601,0.0,0.0484750566842469,0.0,3.4058673445139306e-20,0.0005987696035954084,0.0
low_endpoint,10000,0.6,0.6,0.2,False,risk_only,-0.0038069378750148,500,0,0.0,4.336808689942019e-19,0.0076243404615522,0.0,0.0,1.6509961258433824e-21,2.902539047509147e-05,0.0,0.0,-7.835579660623648e-06,2.951445356421699e-05,0.0006593495112128,0.0006599632448835,0.0,0.0484750566842469,0.0,3.4058673445139306e-20,0.0005987696035954084,0.0
low_endpoint,10000,0.6,0.6,0.2,False,outcome_based,-0.0038069378750148,500,0,0.052,0.0357302651157052,0.0751011439378455,0.0,0.052,0.0001360228995533,0.0002859053893139,0.0001979607695007,3.783827744912697e-05,6.743787501510747e-05,0.0001128728712762,0.0025222906487927,0.0025239141298924,0.0,0.0484750566842469,0.004083765611459966,0.0028060389993830336,0.005897989788360818,0.0007805721135221159
low_endpoint,10000,0.6,0.6,0.2,False,beta_known_mean,-0.0038069378750148,500,0,0.0,4.336808689942019e-19,0.0076243404615522,0.0,0.0,1.6509961258433824e-21,2.902539047509147e-05,0.0,0.0,0.0016210976005019,1.5793221595958694e-05,0.0016590421720662,0.0003531471707228,0.0,0.0484750566842469,0.0,3.4058673445139306e-20,0.0005987696035954084,0.0
low_endpoint,10000,0.6,0.6,0.3333333333333333,False,beta_estimated_mean,-0.0025367031021037,500,0,0.0,4.336808689942019e-19,0.0076243404615522,0.0,0.0,1.10011960570062e-21,1.9340688100314325e-05,0.0,0.0,0.0012161336310215,1.1006577307474963e-05,0.0012407385847834,0.0002461145505912,0.0,0.0069621017673548,0.0,1.5801544453990399e-19,0.0027779956034257565,0.0
low_endpoint,10000,0.6,0.6,0.3333333333333333,False,risk_only,-0.0025367031021037,500,0,0.0,4.336808689942019e-19,0.0076243404615522,0.0,0.0,1.10011960570062e-21,1.9340688100314325e-05,0.0,0.0,7.681443402334855e-06,1.3118685759038609e-05,0.0002931498979684,0.0002933427313266,0.0,0.0069621017673548,0.0,1.5801544453990399e-19,0.0027779956034257565,0.0
low_endpoint,10000,0.6,0.6,0.3333333333333333,False,outcome_based,-0.0025367031021037,500,0,0.148,0.1195614053892054,0.1818061302957273,0.002,0.15,0.0003078947683965,0.0004666546439047,0.0003805054653155,4.054846885950747e-05,0.0001208031021037,0.0001045211640169,0.0023379490113083,0.0023371642782926,0.0,0.0069621017673548,0.05465382122101187,0.044224399281293805,0.06702784008312507,0.005824170662031785
low_endpoint,10000,0.6,0.6,0.3333333333333333,False,beta_known_mean,-0.0025367031021037,500,0,0.0,4.336808689942019e-19,0.0076243404615522,0.0,0.0,1.10011960570062e-21,1.9340688100314325e-05,0.0,0.0,0.0012197898421068,9.52848952940096e-06,0.0012382215161877,0.0002130635031063,0.0,0.0069621017673548,0.0,1.5801544453990399e-19,0.0027779956034257565,0.0
low_endpoint,10000,0.6,0.6,0.5,False,beta_estimated_mean,-6.651144731710618e-05,500,0,0.0,4.336808689942019e-19,0.0076243404615522,0.0,0.0,2.884474227054468e-23,5.071059189362129e-07,0.0,0.0,-5.187498252822446e-05,9.357806704038564e-07,5.592835469054349e-05,2.0924691910533488e-05,0.0,0.0001647871410072,0.0,1.7504243410160488e-19,0.003077339140886339,0.0
low_endpoint,10000,0.6,0.6,0.5,False,risk_only,-6.651144731710618e-05,500,0,0.122,0.0961592783150937,0.1536047230738397,0.0,0.122,6.395692773705305e-06,1.0216472446384376e-05,8.114396572686955e-06,9.744808272081475e-07,8.561490479628768e-07,2.5737301741845354e-06,5.7499151375796846e-05,5.755035625218996e-05,0.0,0.0001647871410072,0.049241685504649996,0.038811843779884864,0.06199799561992516,0.005913573239101039
low_endpoint,10000,0.6,0.6,0.5,False,outcome_based,-6.651144731710618e-05,500,0,0.418,0.3755530480719333,0.4616973437637613,0.062,0.48,2.9034137446478048e-05,3.4837136214701335e-05,3.192549471221097e-05,1.48753918929489e-06,-1.2885526828938128e-06,2.502196069523865e-05,0.0005589497476231,0.0005595080504488,0.0,0.0001647871410072,0.1937377790346885,0.17619176635396244,0.21140688528104995,0.009027034392385601
low_endpoint,10000,0.6,0.6,0.5,False,beta_known_mean,-6.651144731710618e-05,500,0,0.0,4.336808689942019e-19,0.0076243404615522,0.0,0.0,2.884474227054468e-23,5.071059189362129e-07,0.0,0.0,-5.166516486861766e-05,8.895589558516883e-07,5.53548147294658e-05,1.9891142952781096e-05,0.0,0.0001647871410072,0.0,1.7504243410160488e-19,0.003077339140886339,0.0
low_endpoint,10000,0.9,0.9,0.0588235294117647,False,beta_estimated_mean,0.0011966668056998,500,0,0.66,0.6173990695060175,0.700161141546286,0.0,0.66,0.0007388209723478,0.0008378595967293,0.0007898000917619,2.537665630804948e-05,-0.0013658634520674,1.9358301635976823e-05,0.0014326828494004,0.0004328647838698,0.15000000000000002,0.001568884859991182,0.5034149489888883,0.47092109254719466,0.5340478565992467,0.016174964113167687
low_endpoint,10000,0.9,0.9,0.0588235294117647,False,risk_only,0.0011966668056998,500,0,0.004,0.0010976305226827,0.014465715215177,0.0,0.004,1.3134980114174785e-06,1.7310641218709662e-05,4.786667222799412e-06,3.3812916838999104e-06,-2.412442921798785e-05,1.9419241707182665e-05,0.0004344632957772,0.0004342274452875,0.15000000000000002,0.001568884859991182,0.003050999690841759,0.0008372175963409202,0.011033723162327513,0.0021552197807039293
low_endpoint,10000,0.9,0.9,0.0588235294117647,False,outcome_based,0.0011966668056998,500,0,0.01,0.0042787538965904,0.0231930997557307,0.0,0.01,5.1202427578087484e-06,2.7754412598968303e-05,1.196666805699853e-05,5.3301639641078175e-06,-1.879305701217304e-06,2.1207406114038996e-05,0.0004737412951798,0.0004742120169743,0.15000000000000002,0.001568884859991182,0.007627499227104396,0.003263619203921394,0.01769053504609911,0.003397422016130474
low_endpoint,10000,0.9,0.9,0.0588235294117647,False,beta_known_mean,0.0011966668056998,500,0,1.0,0.992375659538448,1.0,0.0,1.0,0.0011875430105541,0.0011966668056998,0.0011966668056998,0.0,-0.0013422715483092,6.425481421201832e-07,0.0013423482895992,1.4367813245969256e-05,0.15000000000000002,0.001568884859991182,0.7627499227104059,0.7569344576126349,0.7627499227104059,0.0
low_endpoint,10000,0.9,0.9,0.1111111111111111,True,beta_estimated_mean,0.0027594621597691,500,0,0.99,0.9768069002442692,0.9957212461034096,0.0,0.99,0.0026954616786254,0.0027476551003005,0.0027318675381714,1.2291128737141373e-05,-0.0036699403598278,1.849217513378302e-05,0.0036931152912874,0.0004134976065097,0.10000000000000002,0.00877146174061888,0.31144951878666577,0.30729902932178993,0.31324939691370485,0.0014012634496509996
low_endpoint,10000,0.9,0.9,0.1111111111111111,True,risk_only,0.0027594621597691,500,0,0.0,4.336808689942019e-19,0.0076243404615522,0.0,0.0,1.1967259474053005e-21,2.103907899685024e-05,0.0,0.0,-2.4404644973601232e-05,1.9460568470849868e-05,0.0004354006609726,0.000435151539816,0.10000000000000002,0.00877146174061888,0.0,1.364340383386161e-19,0.00239858299779414,0.0
low_endpoint,10000,0.9,0.9,0.1111111111111111,True,outcome_based,0.0027594621597691,500,0,0.004,0.0010976305226827,0.014465715215177,0.0,0.004,3.028869892750798e-06,3.991759375027782e-05,1.1037848639076588e-05,7.797113121565255e-06,-2.9387159768715613e-05,4.8133307015399785e-05,0.0010756181534514,0.001076293464683,0.10000000000000002,0.00877146174061888,0.0012583818940875642,0.00034530959403547405,0.004550848527951441,0.0008889183299356352
low_endpoint,10000,0.9,0.9,0.1111111111111111,True,beta_known_mean,0.0027594621597691,500,0,1.0,0.992375659538448,1.0,0.0,1.0,0.0027384230807722,0.0027594621597691,0.0027594621597691,0.0,-0.0036489201659207,3.7584424835276616e-06,0.0036498859155218,8.404132882690985e-05,0.10000000000000002,0.00877146174061888,0.31459547352188566,0.31219689052408583,0.31459547352188566,0.0
low_endpoint,10000,0.9,0.9,0.2,False,beta_estimated_mean,-0.0038069378750148,500,0,0.0,4.336808689942019e-19,0.0076243404615522,0.0,0.0,1.6509961258433824e-21,2.902539047509147e-05,0.0,0.0,0.0015946466375276,1.4618222122691642e-05,0.0016277378213872,0.0003268733837652,0.0,0.0484750566842469,0.0,3.4058673445139306e-20,0.0005987696035954084,0.0
low_endpoint,10000,0.9,0.9,0.2,False,risk_only,-0.0038069378750148,500,0,0.0,4.336808689942019e-19,0.0076243404615522,0.0,0.0,1.6509961258433824e-21,2.902539047509147e-05,0.0,0.0,-2.1666267249828176e-05,1.6071002749922352e-05,0.0003596522135357,0.0003593585461541,0.0,0.0484750566842469,0.0,3.4058673445139306e-20,0.0005987696035954084,0.0
low_endpoint,10000,0.9,0.9,0.2,False,outcome_based,-0.0038069378750148,500,0,0.026,0.0152563839233272,0.0439714908342242,0.0,0.026,5.808010579348224e-05,0.0001673967338776,9.898038475038625e-05,2.7120123898859428e-05,0.0001741878750151,8.231405458465179e-05,0.0018469887934967,0.001840598215549,0.0,0.0484750566842469,0.0020418828057307305,0.0011981441542564864,0.0034532550414118333,0.0005594655427741407
low_endpoint,10000,0.9,0.9,0.2,False,beta_known_mean,-0.0038069378750148,500,0,0.0,4.336808689942019e-19,0.0076243404615522,0.0,0.0,1.6509961258433824e-21,2.902539047509147e-05,0.0,0.0,0.0016076164653792,9.255402636593544e-06,0.0016208566488937,0.0002069570945455,0.0,0.0484750566842469,0.0,3.4058673445139306e-20,0.0005987696035954084,0.0
low_endpoint,10000,0.9,0.9,0.3333333333333333,False,beta_estimated_mean,-0.0025367031021037,500,0,0.0,4.336808689942019e-19,0.0076243404615522,0.0,0.0,1.10011960570062e-21,1.9340688100314325e-05,0.0,0.0,0.0012077055191551,6.416719052398543e-06,0.0012161819717514,0.0001434821999368,0.0,0.0069621017673548,0.0,1.5801544453990399e-19,0.0027779956034257565,0.0
low_endpoint,10000,0.9,0.9,0.3333333333333333,False,risk_only,-0.0025367031021037,500,0,0.0,4.336808689942019e-19,0.0076243404615522,0.0,0.0,1.10011960570062e-21,1.9340688100314325e-05,0.0,0.0,-4.398103260316681e-06,8.338107932790903e-06,0.0001863111408848,0.0001864457614145,0.0,0.0069621017673548,0.0,1.5801544453990399e-19,0.0027779956034257565,0.0
low_endpoint,10000,0.9,0.9,0.3333333333333333,False,outcome_based,-0.0025367031021037,500,0,0.066,0.0473785263597738,0.0912394011608535,0.0,0.066,0.0001201852547899,0.0002314472719588,0.0001674224047388,2.8194524399615977e-05,7.010310210374392e-05,7.557242395560008e-05,0.0016896150108603,0.0016898507718915,0.0,0.0069621017673548,0.02404768133724235,0.017262783395877234,0.03324387946238492,0.0040497144887797695
low_endpoint,10000,0.9,0.9,0.3333333333333333,False,beta_known_mean,-0.0025367031021037,500,0,0.0,4.336808689942019e-19,0.0076243404615522,0.0,0.0,1.10011960570062e-21,1.9340688100314325e-05,0.0,0.0,0.0012113138084741,5.6204366675772366e-06,0.0012178030249013,0.0001256767845193,0.0,0.0069621017673548,0.0,1.5801544453990399e-19,0.0027779956034257565,0.0
low_endpoint,10000,0.9,0.9,0.5,False,beta_estimated_mean,-6.651144731710618e-05,500,0,0.0,4.336808689942019e-19,0.0076243404615522,0.0,0.0,2.884474227054468e-23,5.071059189362129e-07,0.0,0.0,-5.2749849062772455e-05,6.110742306239232e-07,5.448742076935056e-05,1.366403518973476e-05,0.0,0.0001647871410072,0.0,1.7504243410160488e-19,0.003077339140886339,0.0
low_endpoint,10000,0.9,0.9,0.5,False,risk_only,-6.651144731710618e-05,500,0,0.04,0.0260407973897772,0.0609735958348508,0.0,0.04,1.7320111236856062e-06,4.055442107104204e-06,2.6604578926842475e-06,5.834608733422027e-07,9.175316207543298e-07,1.7361487738217242e-06,3.879347798447028e-05,3.882146677318283e-05,0.0,0.0001647871410072,0.016144814919557375,0.010510596355391163,0.024610185493339015,0.0035406941935882588
low_endpoint,10000,0.9,0.9,0.5,False,outcome_based,-6.651144731710618e-05,500,0,0.392,0.3501873777896792,0.4354594797500162,0.102,0.494,2.995609946476576e-05,3.5763295755562384e-05,3.2856654974650456e-05,1.488623458124757e-06,4.111447317106192e-06,2.1106953521859754e-05,0.0004715115523495,0.000471965828728,0.0,0.0001647871410072,0.19938846425653356,0.1817866326320747,0.21702722395068305,0.009033614206946613
low_endpoint,10000,0.9,0.9,0.5,False,beta_known_mean,-6.651144731710618e-05,500,0,0.0,4.336808689942019e-19,0.0076243404615522,0.0,0.0,2.884474227054468e-23,5.071059189362129e-07,0.0,0.0,-5.253886310662358e-05,5.694643952339464e-07,5.405693938393735e-05,1.2733610985089116e-05,0.0,0.0001647871410072,0.0,1.7504243410160488e-19,0.003077339140886339,0.0
low_endpoint,10000,0.0,0.9,0.0588235294117647,False,beta_estimated_mean,0.0011966668056998,500,0,0.54,0.4961751552930624,0.5832148974700135,0.0,0.54,0.0005937563381521,0.000697913908392,0.0006462000750779,2.6699231885545636e-05,-0.0013847722304698,5.311651211852613e-05,0.0018235829282595,0.0011877213182471,0.15000000000000002,0.001568884859991182,0.4118849582636243,0.37845756135057435,0.4448471179688244,0.0170179677084115
low_endpoint,10000,0.0,0.9,0.0588235294117647,False,risk_only,0.0011966668056998,500,0,0.166,0.1359577432310101,0.2011353161973068,0.0,0.166,0.0001626961183024,0.0002406919563472,0.0001986466897461,1.9932420511404823e-05,-4.520901239991509e-05,5.300250817495687e-05,0.0011848491572126,0.0011851721125719,0.15000000000000002,0.001568884859991182,0.1266164871698848,0.10370175814133005,0.1534159468837967,0.012704833235191558
low_endpoint,10000,0.0,0.9,0.0588235294117647,False,outcome_based,0.0011966668056998,500,0,0.012,0.0055109951740277,0.0259303611164472,0.0,0.012,6.594824991131037e-06,3.103000240786266e-05,1.4360001668398236e-05,5.833001214060135e-06,-1.7668057012199537e-06,2.178980716740882e-05,0.0004867506282506,0.0004872349004293,0.15000000000000002,0.001568884859991182,0.009152999072525276,0.0042035111430472364,0.019778380937423963,0.0037179281684781634
low_endpoint,10000,0.0,0.9,0.0588235294117647,False,beta_known_mean,0.0011966668056998,500,0,1.0,0.992375659538448,1.0,0.0,1.0,0.0011875430105541,0.0011966668056998,0.0011966668056998,0.0,-0.0013407031650584,1.1109101940176976e-06,0.0013409328109215,2.484070710721052e-05,0.15000000000000002,0.001568884859991182,0.7627499227104059,0.7569344576126349,0.7627499227104059,0.0
low_endpoint,10000,0.0,0.9,0.1111111111111111,True,beta_estimated_mean,0.0027594621597691,500,0,0.778,0.739530218085007,0.8122306486183701,0.0,0.778,0.0020407056528114,0.0022413197398671,0.0021468615603003,5.133817853004179e-05,-0.0036798793334505,5.025517159160845e-05,0.0038473078200653,0.0011237397989975,0.10000000000000002,0.00877146174061888,0.24475527840002023,0.2326528591421999,0.25552408551108396,0.005852864670469345
low_endpoint,10000,0.0,0.9,0.1111111111111111,True,risk_only,0.0027594621597691,500,0,0.014,0.0067977897908434,0.0286130691377852,0.0,0.014,1.8758243697897632e-05,7.895668156057692e-05,3.8632470236768055e-05,1.4513649991387208e-05,-4.3301011303548407e-05,5.092474111848109e-05,0.0011383963621314,0.001138711828775,0.10000000000000002,0.00877146174061888,0.004404336629306474,0.002138553898152684,0.00900154203431617,0.0016546443934398534
low_endpoint,10000,0.0,0.9,0.1111111111111111,True,outcome_based,0.0027594621597691,500,0,0.01,0.0042787538965904,0.0231930997557307,0.0,0.01,1.1807059468606262e-05,6.400048114368991e-05,2.7594621597691465e-05,1.2291128737141373e-05,-2.273715976872695e-05,5.303667553357229e-05,0.0011849677486368,0.0011859361179366,0.10000000000000002,0.00877146174061888,0.0031459547352189095,0.0013460766081815232,0.007296444200094554,0.0014012634496509996
low_endpoint,10000,0.0,0.9,0.1111111111111111,True,beta_known_mean,0.0027594621597691,500,0,1.0,0.992375659538448,1.0,0.0,1.0,0.0027384230807722,0.0027594621597691,0.0027594621597691,0.0,-0.0036400427331886,6.739036937211949e-06,0.0036431542644034,0.0001506894469448,0.10000000000000002,0.00877146174061888,0.31459547352188566,0.31219689052408583,0.31459547352188566,0.0
low_endpoint,10000,0.0,0.9,0.2,False,beta_estimated_mean,-0.0038069378750148,500,0,0.0,4.336808689942019e-19,0.0076243404615522,0.0,0.0,1.6509961258433824e-21,2.902539047509147e-05,0.0,0.0,0.0016047154459536,3.5365029059073315e-05,0.0017886317724385,0.0007907860900234,0.0,0.0484750566842469,0.0,3.4058673445139306e-20,0.0005987696035954084,0.0
low_endpoint,10000,0.0,0.9,0.2,False,risk_only,-0.0038069378750148,500,0,0.0,4.336808689942019e-19,0.0076243404615522,0.0,0.0,1.6509961258433824e-21,2.902539047509147e-05,0.0,0.0,-9.479324369751186e-06,3.743095078033202e-05,0.0008361978352483,0.0008369815040727,0.0,0.0484750566842469,0.0,3.4058673445139306e-20,0.0005987696035954084,0.0
low_endpoint,10000,0.0,0.9,0.2,False,outcome_based,-0.0038069378750148,500,0,0.05,0.0340937452438494,0.0727681611715476,0.0,0.05,0.0001297927700699,0.0002770238688591,0.0001903468937507,3.7142601742872135e-05,0.0002743378750151,9.752950059840772e-05,0.0021958485853237,0.0021808259314964,0.0,0.0484750566842469,0.003926697703327445,0.002677516622937322,0.0057147714269538,0.0007662209037693089
low_endpoint,10000,0.0,0.9,0.2,False,beta_known_mean,-0.0038069378750148,500,0,0.0,4.336808689942019e-19,0.0076243404615522,0.0,0.0,1.6509961258433824e-21,2.902539047509147e-05,0.0,0.0,0.0016288913455494,1.6682364687330102e-05,0.0016709755713639,0.0003730290146631,0.0,0.0484750566842469,0.0,3.4058673445139306e-20,0.0005987696035954084,0.0
low_endpoint,10000,0.0,0.9,0.3333333333333333,False,beta_estimated_mean,-0.0025367031021037,500,0,0.0,4.336808689942019e-19,0.0076243404615522,0.0,0.0,1.10011960570062e-21,1.9340688100314325e-05,0.0,0.0,0.0012188065576002,1.2310160059337382e-05,0.0012494430379781,0.0002752635470658,0.0,0.0069621017673548,0.0,1.5801544453990399e-19,0.0027779956034257565,0.0
low_endpoint,10000,0.0,0.9,0.3333333333333333,False,risk_only,-0.0025367031021037,500,0,0.0,4.336808689942019e-19,0.0076243404615522,0.0,0.0,1.10011960570062e-21,1.9340688100314325e-05,0.0,0.0,1.2861203321743511e-05,1.347527151757712e-05,0.0003012893938468,0.0003013162312856,0.0,0.0069621017673548,0.0,1.5801544453990399e-19,0.0027779956034257565,0.0
low_endpoint,10000,0.0,0.9,0.3333333333333333,False,outcome_based,-0.0025367031021037,500,0,0.124,0.0979460911393034,0.1557874128877838,0.004,0.128,0.0002575434093754,0.0004062420567097,0.0003246979970692,3.79387130266118e-05,7.903102103743446e-06,9.607445926700128e-05,0.0021461554042106,0.0021482902182254,0.0,0.0069621017673548,0.04663792744192629,0.03699219258514972,0.058350491027661135,0.005449318940511026
low_endpoint,10000,0.0,0.9,0.3333333333333333,False,beta_known_mean,-0.0025367031021037,500,0,0.0,4.336808689942019e-19,0.0076243404615522,0.0,0.0,1.10011960570062e-21,1.9340688100314325e-05,0.0,0.0,0.0012246936492725,1.0043903392395132e-05,0.001245075761651,0.0002245885074483,0.0,0.0069621017673548,0.0,1.5801544453990399e-19,0.0027779956034257565,0.0
low_endpoint,10000,0.0,0.9,0.5,False,beta_estimated_mean,-6.651144731710618e-05,500,0,0.0,4.336808689942019e-19,0.0076243404615522,0.0,0.0,2.884474227054468e-23,5.071059189362129e-07,0.0,0.0,-5.1445163139472986e-05,9.851911248890664e-07,5.5954758378305263e-05,2.2029543260814378e-05,0.0,0.0001647871410072,0.0,1.7504243410160488e-19,0.003077339140886339,0.0
low_endpoint,10000,0.0,0.9,0.5,False,risk_only,-6.651144731710618e-05,500,0,0.07,0.0507597429450181,0.0957971898519168,0.0,0.07,3.3761039687174235e-06,6.371609745962587e-06,4.655801312197432e-06,7.596903675722842e-07,-2.2719721108465458e-07,2.0653676840179103e-06,4.613737866410805e-05,4.618302539995354e-05,0.0,0.0001647871410072,0.028253426109225394,0.020487666380290634,0.038665697499322436,0.004610131366616107
low_endpoint,10000,0.0,0.9,0.5,False,outcome_based,-6.651144731710618e-05,500,0,0.394,0.3521341694850665,0.4374821906927827,0.08,0.474,2.863970377904463e-05,3.443951778535672e-05,3.152642602830833e-05,1.4867165242800288e-06,-2.8885526828938127e-06,2.3314682688334307e-05,0.0005208185708445,0.0005213321536495,0.0,0.0001647871410072,0.19131605679675487,0.17379817141067627,0.20899396381815957,0.009022042103485915
low_endpoint,10000,0.0,0.9,0.5,False,beta_known_mean,-6.651144731710618e-05,500,0,0.0,4.336808689942019e-19,0.0076243404615522,0.0,0.0,2.884474227054468e-23,5.071059189362129e-07,0.0,0.0,-5.1157287119672e-05,9.26962264944704e-07,5.518911384249286e-05,2.0727506369935288e-05,0.0,0.0001647871410072,0.0,1.7504243410160488e-19,0.003077339140886339,0.0
low_endpoint,10000,0.9,0.0,0.0588235294117647,False,beta_estimated_mean,0.0011966668056998,500,0,0.564,0.5202096875439772,0.6068143968769439,0.0,0.564,0.0006225176650873,0.0007261546459634,0.0006749200784147,2.6564752140692087e-05,-0.0013239345116525,3.142415937447969e-05,0.0014985172703537,0.0007026655649712,0.15000000000000002,0.001568884859991182,0.4301909564086771,0.39678989896734607,0.46284763431746123,0.01693225093703906
low_endpoint,10000,0.9,0.0,0.0588235294117647,False,risk_only,0.0011966668056998,500,0,0.042,0.0276323101084517,0.0633515857543301,0.0,0.042,3.306666827158866e-05,7.581073976065458e-05,5.026000583939383e-05,1.074559260494636e-05,1.773025311223919e-05,3.145271128635599e-05,0.0007028240266664,0.0007033040051296,0.15000000000000002,0.001568884859991182,0.03203549675383847,0.02107654239953244,0.04832141713769912,0.006849191345378115
low_endpoint,10000,0.9,0.0,0.0588235294117647,False,outcome_based,0.0011966668056998,500,0,0.028,0.0167509747207564,0.0464464026749488,0.0,0.028,2.0045335411446608e-05,5.558086832528019e-05,3.350667055959589e-05,8.837615844787513e-06,-4.247930570122171e-05,2.867107247263677e-05,0.0006418704381584,0.0006411046703663,0.15000000000000002,0.001568884859991182,0.021356997835892313,0.012776804673581511,0.03542699005049522,0.0056330557264968354
low_endpoint,10000,0.9,0.0,0.0588235294117647,False,beta_known_mean,0.0011966668056998,500,0,1.0,0.992375659538448,1.0,0.0,1.0,0.0011875430105541,0.0011966668056998,0.0011966668056998,0.0,-0.0013408189836017,9.560810091260369e-07,0.0013409890671231,2.137862128402415e-05,0.15000000000000002,0.001568884859991182,0.7627499227104059,0.7569344576126349,0.7627499227104059,0.0
low_endpoint,10000,0.9,0.0,0.1111111111111111,True,beta_estimated_mean,0.0027594621597691,500,0,0.896,0.8661557291243417,0.919805793230109,0.0,0.896,0.0023901239589858,0.0025381692807549,0.0024724780951531,3.77089851622401e-05,-0.003624425453423,3.135688138077558e-05,0.0036914907040889,0.0007011611832981,0.10000000000000002,0.00877146174061888,0.281877544275608,0.27248867174756236,0.2893667390694013,0.004299053712748624
low_endpoint,10000,0.9,0.0,0.1111111111111111,True,risk_only,0.0027594621597691,500,0,0.0,4.336808689942019e-19,0.0076243404615522,0.0,0.0,1.1967259474053005e-21,2.103907899685024e-05,0.0,0.0,2.0290391319376988e-05,3.173912539291479e-05,0.0007092886353613,0.0007097084192494,0.10000000000000002,0.00877146174061888,0.0,1.364340383386161e-19,0.00239858299779414,0.0
low_endpoint,10000,0.9,0.0,0.1111111111111111,True,outcome_based,0.0027594621597691,500,0,0.042,0.0276323101084517,0.0633515857543301,0.0,0.042,7.625031413127896e-05,0.0001748163036504,0.0001158974107103,2.4778874149770604e-05,4.681284023128676e-05,7.296183064598388e-05,0.0016305159854738,0.0016314761308724,0.10000000000000002,0.00877146174061888,0.013213009887918948,0.008692999683072099,0.01993012211874114,0.0028249423964337218
low_endpoint,10000,0.9,0.0,0.1111111111111111,True,beta_known_mean,0.0027594621597691,500,0,1.0,0.992375659538448,1.0,0.0,1.0,0.0027384230807722,0.0027594621597691,0.0027594621597691,0.0,-0.0036406243570125,5.730988451615237e-06,0.0036428745488913,0.0001281487975607,0.10000000000000002,0.00877146174061888,0.31459547352188566,0.31219689052408583,0.31459547352188566,0.0
low_endpoint,10000,0.9,0.0,0.2,False,beta_estimated_mean,-0.0038069378750148,500,0,0.0,4.336808689942019e-19,0.0076243404615522,0.0,0.0,1.6509961258433824e-21,2.902539047509147e-05,0.0,0.0,0.0016368494501285,2.606937700619722e-05,0.0017373550928679,0.0005829289911692,0.0,0.0484750566842469,0.0,3.4058673445139306e-20,0.0005987696035954084,0.0
low_endpoint,10000,0.9,0.0,0.2,False,risk_only,-0.0038069378750148,500,0,0.0,4.336808689942019e-19,0.0076243404615522,0.0,0.0,1.6509961258433824e-21,2.902539047509147e-05,0.0,0.0,1.51805006623712e-05,2.695796590110407e-05,0.0006023866519415,0.0006027984428999,0.0,0.0484750566842469,0.0,3.4058673445139306e-20,0.0005987696035954084,0.0
low_endpoint,10000,0.9,0.0,0.2,False,outcome_based,-0.0038069378750148,500,0,0.106,0.0819570502729703,0.1360509300107328,0.002,0.108,0.0003187275350099,0.0005263269521257,0.0004111492905016,5.289563337831515e-05,0.0001911878750151,0.0001345637253026,0.0030119999155136,0.0030089363708241,0.0,0.0484750566842469,0.008481667039189096,0.006575083286359063,0.01085768616123645,0.001091192811240277
low_endpoint,10000,0.9,0.0,0.2,False,beta_known_mean,-0.0038069378750148,500,0,0.0,4.336808689942019e-19,0.0076243404615522,0.0,0.0,1.6509961258433824e-21,2.902539047509147e-05,0.0,0.0,0.0016275684884863,1.414428820860374e-05,0.0016579534276597,0.0003162758992778,0.0,0.0484750566842469,0.0,3.4058673445139306e-20,0.0005987696035954084,0.0
low_endpoint,10000,0.9,0.0,0.3333333333333333,False,beta_estimated_mean,-0.0025367031021037,500,0,0.0,4.336808689942019e-19,0.0076243404615522,0.0,0.0,1.10011960570062e-21,1.9340688100314325e-05,0.0,0.0,0.0012247729446776,1.0478088856760044e-05,0.0012469379089245,0.0002342971895799,0.0,0.0069621017673548,0.0,1.5801544453990399e-19,0.0027779956034257565,0.0
low_endpoint,10000,0.9,0.0,0.3333333333333333,False,risk_only,-0.0025367031021037,500,0,0.0,4.336808689942019e-19,0.0076243404615522,0.0,0.0,1.10011960570062e-21,1.9340688100314325e-05,0.0,0.0,1.5718162503341073e-05,1.2924622692636468e-05,0.0002891417483419,0.0002890033492427,0.0,0.0069621017673548,0.0,1.5801544453990399e-19,0.0027779956034257565,0.0
low_endpoint,10000,0.9,0.0,0.3333333333333333,False,outcome_based,-0.0025367031021037,500,0,0.164,0.1341289203158717,0.1989946364742914,0.01,0.174,0.0003634828483268,0.0005318999598466,0.000441386339766,4.305107644558447e-05,0.0002535031021037,0.0001130275451911,0.002537538488925,0.002527372743774,0.0,0.0069621017673548,0.06339843261637663,0.05220878126647992,0.07639933709970625,0.006183632168011445
low_endpoint,10000,0.9,0.0,0.3333333333333333,False,beta_known_mean,-0.0025367031021037,500,0,0.0,4.336808689942019e-19,0.0076243404615522,0.0,0.0,1.10011960570062e-21,1.9340688100314325e-05,0.0,0.0,0.001223800455865,8.5532304114699e-06,0.0012386255581332,0.0001912560462726,0.0,0.0069621017673548,0.0,1.5801544453990399e-19,0.0027779956034257565,0.0
low_endpoint,10000,0.9,0.0,0.5,False,beta_estimated_mean,-6.651144731710618e-05,500,0,0.0,4.336808689942019e-19,0.0076243404615522,0.0,0.0,2.884474227054468e-23,5.071059189362129e-07,0.0,0.0,-5.132297346769285e-05,8.759520028275171e-07,5.492655340801039e-05,1.9586882233494164e-05,0.0,0.0001647871410072,0.0,1.7504243410160488e-19,0.003077339140886339,0.0
low_endpoint,10000,0.9,0.0,0.5,False,risk_only,-6.651144731710618e-05,500,0,0.12,0.0943749001263691,0.1514195986244106,0.0,0.12,6.277011197812157e-06,1.0071136656684848e-05,7.981373678052743e-06,9.675603983645807e-07,2.4272051395640616e-06,2.5079324584142342e-06,5.607552235652728e-05,5.607907459992393e-05,0.0,0.0001647871410072,0.048434444758672125,0.03809163238979853,0.06111603487461933,0.005871577068761119
low_endpoint,10000,0.9,0.0,0.5,False,outcome_based,-6.651144731710618e-05,500,0,0.422,0.3794663749809711,0.4657230221310311,0.066,0.488,2.9560695967457545e-05,3.536664715609256e-05,3.245758629074783e-05,1.488301834404872e-06,1.831144731710618e-05,2.472197143723548e-05,0.0005525505127161,0.0005528000867146,0.0,0.0001647871410072,0.1969667420186,0.1793871523395503,0.2146201878370309,0.009031662454413503
low_endpoint,10000,0.9,0.0,0.5,False,beta_known_mean,-6.651144731710618e-05,500,0,0.0,4.336808689942019e-19,0.0076243404615522,0.0,0.0,2.884474227054468e-23,5.071059189362129e-07,0.0,0.0,-5.1270949607729976e-05,8.113415089674781e-07,5.438004708274006e-05,1.8142147670185365e-05,0.0,0.0001647871410072,0.0,1.7504243410160488e-19,0.003077339140886339,0.0
high_auc,500,-0.5,-0.5,0.1,False,beta_estimated_mean,-0.003752097281456,500,0,0.452,0.4089073378092892,0.49582459887502,0.0,0.452,0.0015342601105616,0.0018603821295179,0.0016959479712181,8.359557969371117e-05,0.0019253064726707,0.0006635907385958,0.0149480027602513,0.0148383400073971,0.11111111111111112,0.04873550361247968,0.034799024232999194,0.03148136362273525,0.03817303591054946,0.001715291183988194
high_auc,500,-0.5,-0.5,0.1,False,risk_only,-0.003752097281456,500,0,0.378,0.3365807935394356,0.4212795455331832,0.0,0.378,0.0012628838804296,0.001580681837528,0.0014182927723903,8.144509033846164e-05,-0.0006515493479316,0.0006451573993999,0.0144264452822943,0.0144261580124523,0.11111111111111112,0.04873550361247968,0.029101838849719373,0.025913015908718626,0.032433887420078605,0.0016711654605248817
high_auc,500,-0.5,-0.5,0.1,False,outcome_based,-0.003752097281456,500,0,0.326,0.2863753160352474,0.3682779544453728,0.012,0.338,0.0011177986487552,0.0014278878680554,0.0012682088811321,7.945315768801662e-05,0.0001116528370115,0.0002893691221079,0.0064649807642358,0.0064704902762276,0.11111111111111112,0.04873550361247968,0.02602227918308308,0.022936023348468403,0.0292987198697945,0.0016302931497289602
high_auc,500,-0.5,-0.5,0.1,False,beta_known_mean,-0.003752097281456,500,0,0.378,0.3365807935394356,0.4212795455331832,0.0,0.378,0.0012628838804296,0.001580681837528,0.0014182927723903,8.144509033846164e-05,0.0022092382229643,0.0002179259711423,0.0053459429707088,0.004872972855369,0.11111111111111112,0.04873550361247968,0.029101838849719373,0.025913015908718626,0.032433887420078605,0.0016711654605248817
high_auc,500,-0.5,-0.5,0.15,False,beta_estimated_mean,0.0063934899374632,500,0,0.56,0.5161968735863127,0.6028882055583011,0.0,0.56,0.003300299517024,0.0038545596756522,0.0035803543649794,0.0001420718595605,-0.0087471826040001,0.0006733220248261,0.0173994573339694,0.0150559381825914,0.058823529411764726,0.08465480268515249,0.042293576399857986,0.038985378411410976,0.045532675682773124,0.0016782492552595344
high_auc,500,-0.5,-0.5,0.15,False,risk_only,0.0063934899374632,500,0,0.358,0.317207603401289,0.4009577092897918,0.0,0.358,0.0020280636204329,0.0025635190796926,0.0022888693976118,0.0001372134678392,-0.0007643587687391,0.0006507450769554,0.0145566257341123,0.0145511022809564,0.058823529411764726,0.08465480268515249,0.02703767919848028,0.023956864301906876,0.030282027698142786,0.0016208586339693369
high_auc,500,-0.5,-0.5,0.15,False,outcome_based,0.0063934899374632,500,0,0.254,0.2178202549151866,0.2939309205918972,0.004,0.254,0.0013926316079759,0.0018792443831136,0.0016239464441156,0.0001245873605667,9.145123900711632e-05,0.0004137575968199,0.0092430970157897,0.0092519011269636,0.058823529411764726,0.08465480268515249,0.019183157867077777,0.016450709986949766,0.02219891043988221,0.0014717104832204782
high_auc,500,-0.5,-0.5,0.15,False,beta_known_mean,0.0063934899374632,500,0,0.622,0.5787204544668169,0.6634192064605645,0.0,0.622,0.0037000434022377,0.0042415640208254,0.0039767507411021,0.0001387806142735,-0.0085062261636637,0.0002985061543286,0.0108083180795755,0.00667480052781,0.058823529411764726,0.08465480268515249,0.04697607950127061,0.04370742456277257,0.050104233738522706,0.0016393708315599273
high_auc,500,-0.5,-0.5,0.2,True,beta_estimated_mean,0.0163927781172565,500,0,0.578,0.534276977868969,0.6205336250190289,0.0,0.578,0.0087582839513644,0.0101722700292338,0.0094750257517743,0.0003624285758046,-0.0192008952388621,0.0006820190502125,0.0245109000327475,0.0152504095822518,0.0,0.1305895139885969,0.07255579305243193,0.06706728345837305,0.07789499875251887,0.002775326783406571
high_auc,500,-0.5,-0.5,0.2,True,risk_only,0.0163927781172565,500,0,0.14,0.1123226601878635,0.173166864944454,0.0,0.14,0.0018412804459996,0.0028386859942953,0.0022949889364159,0.0002546334951053,-0.0008447501735275,0.0006640432139209,0.014857635896837,0.0148484576632476,0.0,0.1305895139885969,0.01757406752135014,0.014099757245136704,0.021737472692816475,0.001949877040874313
high_auc,500,-0.5,-0.5,0.2,True,outcome_based,0.0163927781172565,500,0,0.104,0.080194206769891,0.1338442708756583,0.004,0.104,0.0013146058378682,0.0021940794347306,0.0017048489241946,0.0002240128659141,-0.0004327781172567,0.0005516333916629,0.0123301539689808,0.0123348976241716,0.0,0.1305895139885969,0.013055021587288149,0.010066702889965513,0.016801344669390435,0.0017153970412483567
high_auc,500,-0.5,-0.5,0.2,True,beta_known_mean,0.0163927781172565,500,0,0.622,0.5787204544668169,0.6634192064605645,0.0,0.622,0.0094868360019924,0.0108752838502344,0.0101963079889336,0.0003558306713572,-0.0189983871347897,0.0003680978660267,0.020701479105878,0.0082309185080849,0.0,0.1305895139885969,0.07807907141628495,0.0726462310199025,0.08327838520927516,0.002724802784611567
high_auc,500,-0.5,-0.5,0.25,False,beta_estimated_mean,0.0047772685273125,500,0,0.592,0.5483795122858897,0.6342176090691847,0.0,0.592,0.0026197561850664,0.0030298278232736,0.002828142968169,0.0001051042591855,-0.0079813588786483,0.000689317835969,0.0173437732331617,0.015413615393299,0.0,0.1159824333619063,0.024384235493181895,0.022587525620296586,0.026123161374097602,0.0009062084329403354
high_auc,500,-0.5,-0.5,0.25,False,risk_only,0.0047772685273125,500,0,0.414,0.3716426089098014,0.4576687776495856,0.0,0.414,0.0017754365389531,0.0021864066473989,0.0019777891703074,0.0001053363726943,-0.0008445360441723,0.0006720524186197,0.015036249976736,0.0150275489247701,0.0,0.1159824333619063,0.01705248901043485,0.015307805565805889,0.01885118792581749,0.0009082097145316237
high_auc,500,-0.5,-0.5,0.25,False,outcome_based,0.0047772685273125,500,0,0.406,0.3638304421340635,0.4496029338727085,0.014,0.406,0.0017381157204852,0.0021478739457774,0.0019395710220889,0.0001050232901986,-0.0012412685273125,0.000683777465522,0.0153247840804512,0.0152897289438992,0.0,0.1159824333619063,0.016722972314581044,0.014986025642880443,0.01851895915198875,0.0009055103187125769
high_auc,500,-0.5,-0.5,0.25,False,beta_known_mean,0.0047772685273125,500,0,0.622,0.5787204544668169,0.6634192064605645,0.0,0.622,0.0027647030132363,0.0031693316954387,0.0029714610239884,0.0001036980220904,-0.0078135885855662,0.0004287923584016,0.0123612194790678,0.0095880886161851,0.0,0.1159824333619063,0.0256199231026339,0.023837256497364963,0.027325963109855283,0.0008940838632590627
high_auc,500,-0.5,-0.5,0.3,False,beta_estimated_mean,-0.009404300087037,500,0,0.404,0.3618792246930682,0.4475846486755498,0.0,0.404,0.0034032208242779,0.0042092203504959,0.0037993372351629,0.0002065808302057,0.0058545259810172,0.0006949079137566,0.0165903912477853,0.0155386133326236,0.0,0.1108932042962608,0.03426122690992535,0.030689173839597066,0.0379574237863179,0.0018628808818058986
high_auc,500,-0.5,-0.5,0.3,False,risk_only,-0.009404300087037,500,0,0.246,0.2102809916856707,0.2855921732687978,0.0,0.246,0.0019775455484117,0.0026857944999288,0.0023134578214111,0.0001813132040297,-0.0008213138003192,0.0006821537887511,0.0152602791036355,0.0152534224275658,0.0,0.1108932042962608,0.020862034207529048,0.01783288309650171,0.024219649138764784,0.0016350253848315724
high_auc,500,-0.5,-0.5,0.3,False,outcome_based,-0.009404300087037,500,0,0.276,0.2386381329433981,0.3167775715833774,0.006,0.282,0.0022978131402652,0.003037474000174,0.0026520126245444,0.000189436203881,-0.0010791284843916,0.0007385469371828,0.0165331441631191,0.016514411561151,0.0,0.1108932042962608,0.023915014823264722,0.02072095539891149,0.027390984140553153,0.0017082760398455506
high_auc,500,-0.5,-0.5,0.3,False,beta_known_mean,-0.009404300087037,500,0,0.378,0.3365807935394356,0.4212795455331832,0.0,0.378,0.0031653067859778,0.0039618392667246,0.0035548254328999,0.0002041349178082,0.0059907321768293,0.0004818325908077,0.0123181992251793,0.0107741042682107,0.0,0.1108932042962608,0.03205629646522681,0.028543739952913694,0.035726619064412664,0.0018408244139364563
high_auc,500,-0.5,-0.5,0.4,False,beta_estimated_mean,-0.0105804843304684,500,0,0.398,0.3560299779038944,0.4415253875502624,0.0,0.398,0.0037669696023891,0.0046715524444795,0.0042110327635264,0.0002318435708637,0.0064725061249362,0.00069984113104,0.0169201761892813,0.015648923424558,0.0,0.1101137174634168,0.03824258103832918,0.03420981226649263,0.04242480003485065,0.0021054921784901654
high_auc,500,-0.5,-0.5,0.4,False,risk_only,-0.0105804843304684,500,0,0.226,0.191509780865554,0.2646683577073766,0.0,0.226,0.0020262662355794,0.0028003194114937,0.0023911894586858,0.0001980979473301,-0.0007918474501447,0.0006814377026349,0.0152427470072802,0.0152374102552311,0.0,0.1101137174634168,0.02171563646900058,0.018401578679355626,0.025431158587703236,0.0017990306012138251
high_auc,500,-0.5,-0.5,0.4,False,outcome_based,-0.0105804843304684,500,0,0.232,0.1971292384527146,0.2709574080346774,0.006,0.238,0.0021452886253035,0.002933292584546,0.0025181552706514,0.0002017071252091,-0.0007528490028649,0.0006937119360933,0.015514627630401,0.0155118704590764,0.0,0.1101137174634168,0.02286867911337213,0.019482482970536633,0.026638757205890633,0.0018318074246845165
high_auc,500,-0.5,-0.5,0.4,False,beta_known_mean,-0.0105804843304684,500,0,0.378,0.3365807935394356,0.4212795455331832,0.0,0.378,0.0035611878119806,0.0044573416302607,0.003999423076917,0.0002296658208673,0.0065536805792201,0.000567756674213,0.0142759308645739,0.0126954251821969,0.0,0.1101137174634168,0.03632084329770932,0.03234100068562064,0.040479440100108934,0.002085714896907391
high_auc,500,0.0,0.0,0.1,False,beta_estimated_mean,-0.003752097281456,500,0,0.438,0.3951483440866656,0.4817970741305669,0.0,0.438,0.0014826350276194,0.0018077494920587,0.0016434186092777,8.33353051705302e-05,0.002138170075519,0.0006008872562608,0.0135920363869969,0.0134362475181257,0.11111111111111112,0.04873550361247968,0.03372117834967587,0.030422072569693162,0.03709307092490556,0.0017099506313337978
high_auc,500,0.0,0.0,0.1,False,risk_only,-0.003752097281456,500,0,0.36,0.3191414324050707,0.402993382924164,0.0,0.36,0.001197449700927,0.0015120703765145,0.0013507550213241,8.062413244834391e-05,-0.0004349339447203,0.0005852799820502,0.0130813968509957,0.0130872582573418,0.11111111111111112,0.04873550361247968,0.027716036999732834,0.024570377079685488,0.03102605419937232,0.0016543202895660347
high_auc,500,0.0,0.0,0.1,False,outcome_based,-0.003752097281456,500,0,0.286,0.2481400532160928,0.3271231645014515,0.01,0.296,0.00096678562897,0.0012661277266363,0.0011106207953109,7.667539150862735e-05,0.0001374306147892,0.0002659508026621,0.0059424802955307,0.0059468407342324,0.11111111111111112,0.04873550361247968,0.022788741533113117,0.019837398966006285,0.025979576136196596,0.0015732963820033886
high_auc,500,0.0,0.0,0.1,False,beta_known_mean,-0.003752097281456,500,0,0.368,0.3268845483787568,0.4111282775030931,0.0,0.368,0.0012265026253219,0.001542593292349,0.0013807717995758,8.100396280412048e-05,0.0022977483669516,0.0001998387827297,0.005020705285137,0.0044685310272456,0.11111111111111112,0.04873550361247968,0.028331948933061325,0.025166511770852613,0.03165235153031206,0.0016621139990308387
high_auc,500,0.0,0.0,0.15,False,beta_estimated_mean,0.0063934899374632,500,0,0.578,0.534276977868969,0.6205336250190289,0.0,0.578,0.0034158944818235,0.0039673754874167,0.0036954371838537,0.0001413539203594,-0.0085274767120514,0.000611907970402,0.0161108382721427,0.0136826781779299,0.058823529411764726,0.08465480268515249,0.04365301278413869,0.040350864611047164,0.04686533264004091,0.0016697684700196214
high_auc,500,0.0,0.0,0.15,False,risk_only,0.0063934899374632,500,0,0.328,0.2882961898405897,0.3703265832781843,0.0,0.328,0.0018432187887548,0.0023676792837642,0.0020970646994879,0.0001343721516959,-0.0005307727846914,0.0005914743053106,0.0132231919299569,0.0132257675361905,0.058823529411764726,0.08465480268515249,0.024771951891344988,0.02177335166216246,0.027968635076382555,0.001587295078764236
high_auc,500,0.0,0.0,0.15,False,outcome_based,0.0063934899374632,500,0,0.23,0.1952549251744704,0.2688622186747678,0.004,0.23,0.0012483603993431,0.0017189678896611,0.0014705026856165,0.000120447279107,0.0001243924154776,0.0003921654899597,0.0087611965769058,0.0087690869397944,0.058823529411764726,0.08465480268515249,0.01737057602136978,0.014746480527348138,0.020305615690278937,0.0014228050303887261
high_auc,500,0.0,0.0,0.15,False,beta_known_mean,0.0063934899374632,500,0,0.632,0.588871722496907,0.6731154516212433,0.0,0.632,0.0037649454322406,0.0043035568666914,0.0040406856404767,0.0001380289428108,-0.0083846051773005,0.0002737533659241,0.0103777220887462,0.0061213113527569,0.058823529411764726,0.08465480268515249,0.04773132193698198,0.044474091402033705,0.05083653531976392,0.0016304915779457453
high_auc,500,0.0,0.0,0.2,True,beta_estimated_mean,0.0163927781172565,500,0,0.588,0.5443465920099858,0.630311524068781,0.0,0.588,0.0089233529017044,0.0103325569588093,0.0096389535329468,0.0003611931944584,-0.0189769145695144,0.00062123913618,0.0235097082218212,0.0138913293878174,0.0,0.1305895139885969,0.07381108358967073,0.0683313125928594,0.07912240916764222,0.002765866748611527
high_auc,500,0.0,0.0,0.2,True,risk_only,0.0163927781172565,500,0,0.11,0.0854914151566031,0.1404555704034076,0.0,0.11,0.0014014417995924,0.0023024570009557,0.0018032055928982,0.0002296114989034,-0.0005875106556771,0.0006039810218289,0.0135046996656932,0.0135054262192931,0.0,0.1305895139885969,0.013808195909632195,0.010731656446127629,0.01763125484299414,0.0017582690362370882
high_auc,500,0.0,0.0,0.2,True,outcome_based,0.0163927781172565,500,0,0.102,0.0784343521031695,0.131634622904226,0.002,0.102,0.001285756930798,0.0021578571658177,0.0016720633679601,0.0002220959003288,-0.0013777781172567,0.0005183414953595,0.0116605551986339,0.0115904681918294,0.0,0.1305895139885969,0.012803963479840388,0.009845789998960196,0.01652396965047381,0.0017007177187916746
high_auc,500,0.0,0.0,0.2,True,beta_known_mean,0.0163927781172565,500,0,0.632,0.588871722496907,0.6731154516212433,0.0,0.632,0.0096532434864184,0.011034232245724,0.0103602357701061,0.0003539034010203,-0.0188494270638389,0.0003374993326593,0.0203012288940393,0.0075467145018701,0.0,0.1305895139885969,0.07933436195352375,0.07392051008981719,0.08449554568897095,0.0027100445526675515
high_auc,500,0.0,0.0,0.25,False,beta_estimated_mean,0.0047772685273125,500,0,0.602,0.5584746124497376,0.6439700220961057,0.0,0.602,0.0026679831893592,0.0030764177190925,0.0028759156534421,0.0001046813132323,-0.0077551923208767,0.0006287411819719,0.0160438595547844,0.0140590802314293,0.0,0.1159824333619063,0.024796131362998946,0.02300333862658448,0.026524859238752013,0.0009025617949026573
high_auc,500,0.0,0.0,0.25,False,risk_only,0.0047772685273125,500,0,0.4,0.3579789907947376,0.4435458772975729,0.0,0.4,0.0017101617661628,0.0021189377600329,0.001910907410925,0.0001047695313953,-0.0005797893780621,0.0006122609410915,0.0136891571053917,0.0136905708424875,0.0,0.1159824333619063,0.01647583479269047,0.014745006778970476,0.018269471493334365,0.0009033224114929708
high_auc,500,0.0,0.0,0.25,False,outcome_based,0.0047772685273125,500,0,0.402,0.359928740326145,0.4455656304043193,0.014,0.402,0.0017194762432353,0.0021285866629827,0.0019204619479796,0.0001048559306337,-0.0010132685273125,0.0006336912703684,0.014191809664482,0.0141697675729203,0.0,0.1159824333619063,0.016558213966653707,0.01482531615688666,0.0183526642896063,0.0009040673453238589
high_auc,500,0.0,0.0,0.25,False,beta_known_mean,0.0047772685273125,500,0,0.632,0.588871722496907,0.6731154516212433,0.0,0.632,0.0028131983465088,0.0032156532622779,0.0030192337092615,0.0001031363669604,-0.0076423014214757,0.0003929884702268,0.0116391709302925,0.0087874893380082,0.0,0.1159824333619063,0.026031818972450944,0.024255383034865498,0.027725347443297056,0.0008892412753453618
high_auc,500,0.0,0.0,0.3,False,beta_estimated_mean,-0.009404300087037,500,0,0.388,0.3462960293500537,0.4314118229133341,0.0,0.388,0.0032566717789572,0.0040571262437726,0.0036488684337703,0.0002051482326498,0.0060810530549876,0.0006342578578792,0.015418120455104,0.0141824368548147,0.0,0.1108932042962608,0.032904346636264854,0.029367640692000558,0.03658588702093624,0.0018499621681210394
high_auc,500,0.0,0.0,0.3,False,risk_only,-0.009404300087037,500,0,0.24,0.204637860033381,0.2793267970066262,0.0,0.24,0.0019244758449229,0.0026268730214011,0.0022570320208888,0.000179799559336,-0.000563887673723,0.0006230714526923,0.013929779928395,0.0139323012305972,0.0,0.1108932042962608,0.020353204104905685,0.01735431722021032,0.02368831379768936,0.001621375813576907
high_auc,500,0.0,0.0,0.3,False,outcome_based,-0.009404300087037,500,0,0.256,0.2197077081917188,0.2960129699535187,0.004,0.26,0.0021017268060038,0.0028229260003751,0.0024451180226296,0.0001846625123402,-0.0008711284843916,0.0006614569433936,0.0148014858554875,0.0147906268961745,0.0,0.1108932042962608,0.02204930444698176,0.01895271057718609,0.025456257831935388,0.0016652283925970622
high_auc,500,0.0,0.0,0.3,False,beta_known_mean,-0.009404300087037,500,0,0.368,0.3268845483787568,0.4111282775030931,0.0,0.368,0.0030741203867693,0.0038663736959057,0.0034607824320296,0.0002030292706466,0.006179807839474,0.0004413585722393,0.0116358894025388,0.0098690776997944,0.0,0.1108932042962608,0.031208246294189678,0.02772144971621995,0.034865740605495965,0.0018308540359622913
high_auc,500,0.0,0.0,0.4,False,beta_estimated_mean,-0.0105804843304684,500,0,0.382,0.3404646252341933,0.4253347191147331,0.0,0.382,0.0036022806323691,0.0045002473307976,0.0040417450142389,0.0002301342164405,0.0066948030426712,0.0006386449810848,0.0157590046100863,0.0142805359119477,0.0,0.1101137174634168,0.03670519084583348,0.032714185982921605,0.040869089105930165,0.0020899686409820623
high_auc,500,0.0,0.0,0.4,False,risk_only,-0.0105804843304684,500,0,0.23,0.1952549251744704,0.2688622186747678,0.0,0.23,0.0020658916762552,0.0028446924917433,0.0024335113960077,0.0001993262774641,-0.0005528503024491,0.0006230980223422,0.0139299305466629,0.0139328953460285,0.0,0.1101137174634168,0.022099984017124732,0.01876143793748089,0.02583413363270017,0.0018101857067020046
high_auc,500,0.0,0.0,0.4,False,outcome_based,-0.0105804843304684,500,0,0.208,0.1747163117096292,0.2457363031199172,0.004,0.212,0.0018879763790588,0.002644614444775,0.0022430626780593,0.0001935915133149,-0.0005715156695315,0.0006253075954725,0.0139800005382478,0.0139823029032361,0.0,0.1101137174634168,0.020370420050567408,0.017145696490412688,0.02401712071571485,0.0017581053276056829
high_auc,500,0.0,0.0,0.4,False,beta_known_mean,-0.0105804843304684,500,0,0.368,0.3268845483787568,0.4111282775030931,0.0,0.368,0.0034585968419936,0.0043499362979339,0.0038936182336123,0.0002284218917752,0.0067657755311051,0.0005193100025275,0.0134293512509403,0.0116121246704708,0.0,0.1101137174634168,0.03535997442739939,0.031409318672241296,0.03950403635568006,0.0020744181291589654
high_auc,500,0.3,0.3,0.1,False,beta_estimated_mean,-0.003752097281456,500,0,0.42,0.3775093512774022,0.4637105431964461,0.0,0.42,0.0014164518106521,0.0017398870685098,0.0015758808582115,8.29015134439393e-05,0.0019504974480488,0.0005243367718038,0.0118740909705723,0.0117245266485623,0.11111111111111112,0.04873550361247968,0.03233537649968933,0.029064064299304578,0.03570060714555267,0.0017010496927072022
high_auc,500,0.3,0.3,0.1,False,risk_only,-0.003752097281456,500,0,0.342,0.3017655066658599,0.3846437849199907,0.0,0.342,0.0011322535371981,0.0014432208997272,0.0012832172702579,7.968009017734181e-05,-0.0006018050908454,0.0005106761926563,0.0114235049816867,0.0114190668127041,0.11111111111111112,0.04873550361247968,0.026330235149746296,0.023232622077761073,0.029613337151555258,0.0016349495597894708
high_auc,500,0.3,0.3,0.1,False,outcome_based,-0.003752097281456,500,0,0.29,0.2519474198773656,0.3312548031164863,0.022,0.312,0.0010241460168775,0.0013279190191876,0.0011706543518142,7.782073588033258e-05,0.0001863195036781,0.0002530619797019,0.005656046090442,0.0056586378913414,0.11111111111111112,0.04873550361247968,0.02402056539976805,0.02101437229460059,0.027247466851816022,0.0015967976138940535
high_auc,500,0.3,0.3,0.1,False,beta_known_mean,-0.003752097281456,500,0,0.34,0.2998388584537141,0.3826009304939827,0.0,0.34,0.001125024565679,0.001435555911189,0.001275713075695,7.956741399724076e-05,0.0022927864589926,0.0001775770246459,0.004581717580549,0.0039707429835049,0.11111111111111112,0.04873550361247968,0.026176257166414686,0.023084291374613302,0.029456059849177343,0.0016326375660323735
high_auc,500,0.3,0.3,0.15,False,beta_estimated_mean,0.0063934899374632,500,0,0.59,0.5463626881245969,0.6322649305923236,0.0,0.59,0.0034931643487299,0.0040423794715529,0.0037721590631033,0.0001407685533115,-0.0086950261215752,0.0005351796578225,0.0147826146219889,0.0119669809506622,0.058823529411764726,0.08465480268515249,0.04455930370699328,0.04126362873612323,0.047751330619566705,0.0016628537170542508
high_auc,500,0.3,0.3,0.15,False,risk_only,0.0063934899374632,500,0,0.324,0.2844552822318157,0.3662284856106508,0.0,0.324,0.0018186619846073,0.0023414781375641,0.0020714907397381,0.0001339471773615,-0.0006415404206668,0.0005185405956591,0.0116010716933933,0.0115949202098699,0.058823529411764726,0.08465480268515249,0.02446985491706091,0.02148327002038212,0.02765912934996149,0.0015822749934185701
high_auc,500,0.3,0.3,0.15,False,outcome_based,0.0063934899374632,500,0,0.222,0.1877693513816299,0.2604697819149931,0.006,0.222,0.0012005014586224,0.0016653109296867,0.0014193547661168,0.0001189471385492,0.0002387453566541,0.0003754831342911,0.0083910549890792,0.0083960581267976,0.058823529411764726,0.08465480268515249,0.01676638207280045,0.014181138228947222,0.019671783252278217,0.0014050843517004854
high_auc,500,0.3,0.3,0.15,False,beta_known_mean,0.0063934899374632,500,0,0.66,0.6173990695060175,0.700161141546286,0.0,0.66,0.0039473347382859,0.0044764732130789,0.0042197033587257,0.0001355810957395,-0.0083912802199272,0.0002432627060472,0.0099971385436988,0.0054395194711224,0.058823529411764726,0.08465480268515249,0.049846000756975234,0.04662859770598955,0.052879140593213185,0.001601575946538464
high_auc,500,0.3,0.3,0.2,True,beta_estimated_mean,0.0163927781172565,500,0,0.594,0.5503970661272916,0.6361695578659367,0.0,0.594,0.0090225369814136,0.0104285864070495,0.0097373102016504,0.0003603782126809,-0.0191265531494154,0.0005444671703046,0.0226660724574781,0.0121746560431816,0.0,0.1305895139885969,0.07456425791201478,0.06909082288338596,0.07985776260688225,0.002759625958270802
high_auc,500,0.3,0.3,0.2,True,risk_only,0.0163927781172565,500,0,0.082,0.0610190894684689,0.1093548591573887,0.0,0.082,0.0010002723945736,0.0017926299422109,0.001344207805615,0.0002013402272939,-0.0006523727619284,0.0005323388452505,0.0119094302405991,0.0119034584504401,0.0,0.1305895139885969,0.010293382405362017,0.007659668560072474,0.013727211990140594,0.001541779436528733
high_auc,500,0.3,0.3,0.2,True,outcome_based,0.0163927781172565,500,0,0.078,0.0575813934761615,0.1048535498733885,0.008,0.078,0.0009439190069371,0.0017188409778811,0.001278636693146,0.0001967954484167,-0.0009707781172567,0.0004800799783068,0.0107680233168833,0.0107349146613081,0.0,0.1305895139885969,0.009791266190466493,0.007228137835167403,0.013162166895201017,0.00150697741653196
high_auc,500,0.3,0.3,0.2,True,beta_known_mean,0.0163927781172565,500,0,0.66,0.6173990695060175,0.700161141546286,0.0,0.66,0.0101208859562128,0.0114775862396933,0.0108192335573893,0.0003476271709337,-0.018858229809465,0.0002998985276981,0.0200128072962653,0.0067059349428525,0.0,0.1305895139885969,0.08284917545779395,0.07750152096512557,0.08789056555257205,0.002661983801885157
high_auc,500,0.3,0.3,0.25,False,beta_estimated_mean,0.0047772685273125,500,0,0.598,0.5544343695956807,0.640071259673855,0.0,0.598,0.0026486818643298,0.0030577922840772,0.0028568065793329,0.0001048559306337,-0.0078886924412076,0.0005520754253294,0.0146396830151158,0.0123447817974379,0.0,0.1159824333619063,0.024631373015072473,0.02283692269211988,0.02636427082483952,0.0009040673453238589
high_auc,500,0.3,0.3,0.25,False,risk_only,0.0047772685273125,500,0,0.382,0.3404646252341933,0.4253347191147331,0.0,0.382,0.0016264909387945,0.0020319381672001,0.0018249165774334,0.0001039095106538,-0.0006629380546135,0.0005394090470419,0.0120677083474686,0.0120615529686412,0.0,0.1159824333619063,0.015734422227019616,0.01402359729528412,0.017519361409324228,0.0008959073166672189
high_auc,500,0.3,0.3,0.25,False,outcome_based,0.0047772685273125,500,0,0.388,0.3462960293500537,0.4314118229133341,0.026,0.388,0.0016543491221473,0.0020609701239144,0.0018535801885972,0.0001042127735399,-0.0011239351939792,0.000603312757762,0.0135237711410619,0.0134904833804884,0.0,0.1159824333619063,0.015981559748909326,0.014263790422340461,0.01776967480483396,0.0008985220478580512
high_auc,500,0.3,0.3,0.25,False,beta_known_mean,0.0047772685273125,500,0,0.66,0.6173990695060175,0.700161141546286,0.0,0.66,0.0029494811435431,0.0033448577855563,0.0031529972280263,0.0001013073153959,-0.0076537345815295,0.000349182764977,0.0109280385302963,0.0078079639905994,0.0,0.1159824333619063,0.02718512740793971,0.025430412675854743,0.028839348240945747,0.0008734712012791219
high_auc,500,0.3,0.3,0.3,False,beta_estimated_mean,-0.009404300087037,500,0,0.4,0.3579789907947376,0.4435458772975729,0.0,0.4,0.0033665418542883,0.0041712385324744,0.0037617200348148,0.0002062442392733,0.0059621910827998,0.0005578677889102,0.0138146567452738,0.012474302984609,0.0,0.1108932042962608,0.03392200684151068,0.030358414437139825,0.0376149157105297,0.0018598456107580825
high_auc,500,0.3,0.3,0.3,False,risk_only,-0.009404300087037,500,0,0.188,0.1561799641349665,0.224577624313042,0.0,0.188,0.0014687632503079,0.0021119953718737,0.0017680084163629,0.0001644875929167,-0.0006492739529455,0.0005502240461578,0.0123082111068241,0.0123033837006388,0.0,0.1108932042962608,0.01594334321550951,0.013244844529733055,0.01904530927099303,0.00148329732160374
high_auc,500,0.3,0.3,0.3,False,outcome_based,-0.009404300087037,500,0,0.216,0.1821677448541941,0.2541628805279675,0.01,0.226,0.0018010154488623,0.0024890206594234,0.0021253718196703,0.0001760763009642,-0.0009859856272487,0.0006025865538028,0.0134968268313068,0.0134742449663039,0.0,0.1108932042962608,0.019165933865452973,0.016240990241843233,0.022445204602202368,0.0015878006419022478
high_auc,500,0.3,0.3,0.3,False,beta_known_mean,-0.009404300087037,500,0,0.34,0.2998388584537141,0.3826009304939827,0.0,0.34,0.0028197746026533,0.003598093963945,0.0031974620295925,0.0001994286880774,0.0061651957581661,0.0003921269854175,0.0107115667159454,0.0087682259520573,0.0,0.1108932042962608,0.028833705815283356,0.025427839519543756,0.03244647845446309,0.0017983851160492123
high_auc,500,0.3,0.3,0.4,False,beta_estimated_mean,-0.0105804843304684,500,0,0.386,0.3443514767140062,0.4293868729112278,0.0,0.386,0.0036434054035462,0.004543121080546,0.0040840669515608,0.0002305860944102,0.0066013769269697,0.000563404916744,0.0142117311520234,0.0125981169269726,0.0,0.1101137174634168,0.03708953839395762,0.03308766144196932,0.04125844795000556,0.002094072380099308
high_auc,500,0.3,0.3,0.4,False,risk_only,-0.0105804843304684,500,0,0.168,0.1377882329768441,0.2032743290896265,0.0,0.168,0.0014578662399344,0.0021507408537192,0.0017775213675186,0.0001770808424923,-0.0006438009615421,0.0005511167443291,0.0123278377241174,0.0123233450385831,0.0,0.1101137174634168,0.016142597021203537,0.01323964237624389,0.019531997495532222,0.0016081633294337896
high_auc,500,0.3,0.3,0.4,False,outcome_based,-0.0105804843304684,500,0,0.16,0.130476372350164,0.1947081791636914,0.016,0.176,0.0015355076152064,0.0022410965202982,0.0018621652421624,0.0001803745311723,-0.0006968490028649,0.00056152363265,0.012562829488416,0.012556050135781,0.0,0.1101137174634168,0.016911292117451845,0.013944744129781498,0.020352564348240825,0.0016380750312260234
high_auc,500,0.3,0.3,0.4,False,beta_known_mean,-0.0105804843304684,500,0,0.34,0.2998388584537141,0.3826009304939827,0.0,0.34,0.003172440343535,0.0040481031499142,0.0035973646723592,0.0002243709887732,0.0067430303090219,0.0004612819007096,0.0123144700542748,0.0103145768677713,0.0,0.1101137174634168,0.03266954159053213,0.02881058251973904,0.036762932386322396,0.0020376297698580835
high_auc,500,0.6,0.6,0.1,False,beta_estimated_mean,-0.003752097281456,500,0,0.436,0.393185603123056,0.4797903124560227,0.0,0.436,0.0014752706325856,0.0018002199270351,0.0016359144147148,8.329263736145067e-05,0.0020242263361075,0.0004594390181118,0.010460808464464,0.0102733687601377,0.11111111111111112,0.04873550361247968,0.033567200366344266,0.030270963122002666,0.036938572367068316,0.0017090751338849808
high_auc,500,0.6,0.6,0.1,False,risk_only,-0.003752097281456,500,0,0.326,0.2863753160352474,0.3682779544453728,0.0,0.326,0.0010745080447719,0.0013818147116946,0.0012231837137546,7.873404523310416e-05,-0.0004830591154472,0.0004487748223776,0.0100365017744171,0.0100349100942689,0.11111111111111112,0.04873550361247968,0.025098411283091367,0.022047746819564028,0.028353348365538576,0.0016155377373168823
high_auc,500,0.6,0.6,0.1,False,outcome_based,-0.003752097281456,500,0,0.254,0.2178202549151866,0.2939309205918972,0.018,0.272,0.0008811578799292,0.0011730279549889,0.001020570460556,7.474359089590302e-05,0.0001734306147892,0.0002355422757922,0.0052644733694035,0.0052668854024649,0.11111111111111112,0.04873550361247968,0.02094100573313175,0.018080409857579933,0.02406926917830235,0.0015336579158025457
high_auc,500,0.6,0.6,0.1,False,beta_known_mean,-0.003752097281456,500,0,0.336,0.2959880078270491,0.37851277584434,0.0,0.336,0.0011105757995114,0.0014202167572419,0.0012607046865692,7.933731442287992e-05,0.0023357852778898,0.0001538928612559,0.0041561660487075,0.0034411489902019,0.11111111111111112,0.04873550361247968,0.02586830119975147,0.022787818267810313,0.029141316944926898,0.0016279161708008707
high_auc,500,0.6,0.6,0.15,False,beta_estimated_mean,0.0063934899374632,500,0,0.578,0.534276977868969,0.6205336250190289,0.0,0.578,0.0034158944818235,0.0039673754874167,0.0036954371838537,0.0001413539203594,-0.0086136617727896,0.0004689122773938,0.0135615136455148,0.0104851972773695,0.058823529411764726,0.08465480268515249,0.04365301278413869,0.040350864611047164,0.04686533264004091,0.0016697684700196214
high_auc,500,0.6,0.6,0.15,False,risk_only,0.0063934899374632,500,0,0.288,0.250043271115854,0.3291894492398441,0.0,0.288,0.0015986491378096,0.002104669431234,0.0018413251019894,0.0001296056557868,-0.0004850379753587,0.0004557319432782,0.0101918287022241,0.0101904760468814,0.058823529411764726,0.08465480268515249,0.021750982148498327,0.01888432891108711,0.024861784145450917,0.001530989993194224
high_auc,500,0.6,0.6,0.15,False,outcome_based,0.0063934899374632,500,0,0.196,0.1635781066142644,0.2330574923863593,0.002,0.196,0.0010458349786275,0.0014900507324226,0.0012531240277428,0.0001136171191557,0.0002545100625365,0.000357436651162,0.0079885852445412,0.0079925264964817,0.058823529411764726,0.08465480268515249,0.014802751739950415,0.012354112766846339,0.01760149082107468,0.0013421225441663828
high_auc,500,0.6,0.6,0.15,False,beta_known_mean,0.0063934899374632,500,0,0.664,0.62148722415566,0.704011992172951,0.0,0.664,0.0039734723139011,0.0045010935878112,0.0042452773184756,0.0001351890112058,-0.0083325522046323,0.000210783861632,0.0095708889121574,0.0047132704316918,0.058823529411764726,0.08465480268515249,0.050148097731260485,0.04693735249350481,0.05316997317389816,0.0015969443778469836
high_auc,500,0.6,0.6,0.2,True,beta_estimated_mean,0.0163927781172565,500,0,0.596,0.5524153513244502,0.6381207753069317,0.0,0.596,0.009055622282828,0.0104605722816182,0.0097700957578849,0.0003600941783544,-0.019038680706973,0.0004770001065283,0.0218176163861792,0.0106660466347207,0.0,0.1305895139885969,0.07481531601946254,0.06934417631433056,0.0801026970858596,0.0027574509419327764
high_auc,500,0.6,0.6,0.2,True,risk_only,0.0163927781172565,500,0,0.072,0.0524580314181262,0.0980684040169625,0.0,0.072,0.0008599328695054,0.0016076135873635,0.0011802800244424,0.000189689164688,-0.0004828009797733,0.0004683329921743,0.0104729010677087,0.0104722440660779,0.0,0.1305895139885969,0.009038091868122447,0.006585007044137476,0.01231043395646512,0.0014525604613595828
high_auc,500,0.6,0.6,0.2,True,outcome_based,0.0163927781172565,500,0,0.046,0.0308451083708162,0.0680777927682732,0.004,0.046,0.0005056370175255,0.0011159841515628,0.0007540677933938,0.0001537288544557,-0.0003357781172567,0.0004261945395839,0.0095263843059172,0.0095299996214884,0.0,0.1305895139885969,0.0057743364713007915,0.003871957265800471,0.008545740905814598,0.001177191412697375
high_auc,500,0.6,0.6,0.2,True,beta_known_mean,0.0163927781172565,500,0,0.664,0.62148722415566,0.704011992172951,0.0,0.664,0.0101879021682934,0.0115407123795789,0.0108848046698583,0.0003466218741664,-0.0187859440436195,0.0002599227143972,0.0196627577547595,0.0058120485828845,0.0,0.1305895139885969,0.08335129167268947,0.07801470314977213,0.08837395918776937,0.002654285658775536
high_auc,500,0.6,0.6,0.25,False,beta_estimated_mean,0.0047772685273125,500,0,0.61,0.566563975499563,0.6517586695988955,0.0,0.61,0.0027066282488631,0.0031136261796779,0.0029141338016606,0.0001043101576074,-0.0077952397807925,0.0004836165538546,0.0133219504521682,0.0108139948946324,0.0,0.1159824333619063,0.025125648058852753,0.02333653614955172,0.026845670412538103,0.0008993616928342531
high_auc,500,0.6,0.6,0.25,False,risk_only,0.0047772685273125,500,0,0.326,0.2863753160352474,0.3682779544453728,0.0,0.326,0.0013680917842943,0.0017593626810749,0.0015573895399039,0.0001002462484592,-0.0004954283713825,0.0004736249255995,0.0105915727715764,0.0105905752947881,0.0,0.1159824333619063,0.01342780535604295,0.011795680989252644,0.015169216838079822,0.0008643226870951755
high_auc,500,0.6,0.6,0.25,False,outcome_based,0.0047772685273125,500,0,0.37,0.3288222637742394,0.4131600647457642,0.018,0.37,0.0015708722518083,0.0019737765740523,0.0017675893551056,0.0001032524861004,-0.0009972685273125,0.0005908597195563,0.0132364282721758,0.0132120249809438,0.0,0.1159824333619063,0.01524014718323847,0.013544053235256943,0.01701789242422098,0.0008902424540293583
high_auc,500,0.6,0.6,0.25,False,beta_known_mean,0.0047772685273125,500,0,0.664,0.62148722415566,0.704011992172951,0.0,0.664,0.0029690113560856,0.0033632543330584,0.0031721063021355,0.0001010143465914,-0.0075696419819457,0.0003027882303117,0.0101512637257666,0.0067705506576382,0.0,0.1159824333619063,0.02734988575586618,0.025598802077390737,0.028997963187785983,0.0008709452256118772
high_auc,500,0.6,0.6,0.3,False,beta_estimated_mean,-0.009404300087037,500,0,0.386,0.3443514767140062,0.4293868729112278,0.0,0.386,0.0032383846224328,0.0040380830062916,0.0036300598335962,0.0002049528887337,0.0060604058102081,0.000488655791509,0.0124852703370607,0.0109266756741315,0.0,0.1108932042962608,0.032734736602057064,0.029202732872441624,0.03641416110137381,0.0018482006181925323
high_auc,500,0.6,0.6,0.3,False,risk_only,-0.009404300087037,500,0,0.154,0.1250106802783401,0.188265363321054,0.0,0.154,0.0011756379514221,0.0017705039726662,0.0014482622134036,0.0001519573628417,-0.0004918131069572,0.0004835465519959,0.0108128024506975,0.0108124296054856,0.0,0.1108932042962608,0.013059972633980727,0.010601532879158954,0.015965847356490353,0.0013703036521131875
high_auc,500,0.6,0.6,0.3,False,outcome_based,-0.009404300087037,500,0,0.188,0.1561799641349665,0.224577624313042,0.002,0.19,0.0014861368924826,0.0021319521237044,0.001786817016537,0.0001651564411314,-0.0008665570558201,0.0005324694048387,0.0119259897286784,0.0119063778515819,0.0,0.1108932042962608,0.0161129532497173,0.01340151456451972,0.01922527297532773,0.0014893287842072836
high_auc,500,0.6,0.6,0.3,False,beta_known_mean,-0.009404300087037,500,0,0.336,0.2959880078270491,0.37851277584434,0.0,0.336,0.0027835600477698,0.0035596477308175,0.0031598448292444,0.0001988519638389,0.0062595761080204,0.0003402588710004,0.0098465510002269,0.0076084196550443,0.0,0.1108932042962608,0.028494485746868678,0.025101268066285452,0.03209978242947686,0.0017931843984564622
high_auc,500,0.6,0.6,0.4,False,beta_estimated_mean,-0.0105804843304684,500,0,0.36,0.3191414324050707,0.402993382924164,0.0,0.36,0.0033766709247651,0.0042638651733115,0.0038089743589686,0.0002273508137017,0.0067068649299709,0.0004935110250462,0.0129040710621927,0.0110352419964896,0.0,0.1101137174634168,0.034591279331152,0.03066530676241073,0.038722379659265324,0.002064691111506911
high_auc,500,0.6,0.6,0.4,False,risk_only,-0.0105804843304684,500,0,0.126,0.099735288945377,0.157967717719864,0.0,0.126,0.0010552476618813,0.0016713749620548,0.001333141025639,0.0001571796308316,-0.0005114299745558,0.0004847372520937,0.0108402810018479,0.0108390544690816,0.0,0.1101137174634168,0.012106947765903106,0.009583253441896429,0.015178626247089357,0.0014274300645949944
high_auc,500,0.6,0.6,0.4,False,outcome_based,-0.0105804843304684,500,0,0.12,0.0943749001263691,0.1514195986244106,0.016,0.136,0.0011502620454502,0.0017863568807996,0.0014389458689437,0.0001623609564222,-0.0006088490028649,0.0005000871391446,0.0111876799798042,0.0111822883780092,0.0,0.1101137174634168,0.013067816636213037,0.010446128529193946,0.016222836917599147,0.0014744843799878189
high_auc,500,0.6,0.6,0.4,False,beta_known_mean,-0.0105804843304684,500,0,0.336,0.2959880078270491,0.37851277584434,0.0,0.336,0.0031316964788206,0.0040048484937031,0.0035550427350373,0.0002237221343437,0.0068538676328682,0.0004009985486739,0.0112789458599711,0.0089666001371378,0.0,0.1101137174634168,0.03228519404240798,0.028440566270601545,0.0363701143323368,0.002031737184951797
high_auc,500,0.9,0.9,0.1,False,beta_estimated_mean,-0.003752097281456,500,0,0.428,0.3853417553894058,0.4717561496370578,0.0,0.428,0.001445839752828,0.0017700749665633,0.0016058976364631,8.310816933469605e-05,0.002105212280494,0.0003185484185,0.0074207137874639,0.0071229591789117,0.11111111111111112,0.04873550361247968,0.03295128843301577,0.029667073194207527,0.03632003027275659,0.0017052900488221195
high_auc,500,0.9,0.9,0.1,False,risk_only,-0.003752097281456,500,0,0.28,0.2424360430412755,0.3209186667618076,0.0,0.28,0.0009096436180221,0.0012041180571254,0.0010505872388076,7.541697018189665e-05,-0.000423556377146,0.0003153368626636,0.0070568145182479,0.0070511466072751,0.11111111111111112,0.04873550361247968,0.021556917666458186,0.01866490649722491,0.02470720456076424,0.0015474749328861898
high_auc,500,0.9,0.9,0.1,False,outcome_based,-0.003752097281456,500,0,0.224,0.1896389712599083,0.2625696646748685,0.008,0.232,0.0007396480796939,0.0010166585540772,0.0008704865692977,7.090035660622966e-05,0.0001960972814559,0.0002164272229156,0.0048385932677237,0.0048394598262085,0.11111111111111112,0.04873550361247968,0.0178614460664934,0.015176781296346318,0.020860737629001636,0.0014547988909685593
high_auc,500,0.9,0.9,0.1,False,beta_known_mean,-0.003752097281456,500,0,0.288,0.250043271115854,0.3291894492398441,0.0,0.288,0.0009381866778001,0.0012351508375768,0.0010806040170593,7.60606544306109e-05,0.0023636901654659,0.0001082265045383,0.0033810954385131,0.0024200182111502,0.11111111111111112,0.04873550361247968,0.022172829599786677,0.019250579316058593,0.025343963764037424,0.0015606826398144387
high_auc,500,0.9,0.9,0.15,False,beta_estimated_mean,0.0063934899374632,500,0,0.602,0.5584746124497376,0.6439700220961057,0.0,0.602,0.0035706018150261,0.0041172158562994,0.0038488809423528,0.0001400965675186,-0.0085243180517256,0.0003265402555321,0.0112192530477739,0.0073016620875998,0.058823529411764726,0.08465480268515249,0.04546559462984669,0.04217837265897194,0.04863534880132103,0.001654915764668971
high_auc,500,0.9,0.9,0.15,False,risk_only,0.0063934899374632,500,0,0.21,0.1765772705084025,0.2478448469592978,0.0,0.21,0.0011289450021802,0.0015845935350863,0.0013426328868672,0.0001165764715258,-0.0004358762625519,0.0003227607865361,0.0072230932607607,0.0072171505916612,0.058823529411764726,0.08465480268515249,0.015860091149945858,0.013335864787009944,0.01871829458961364,0.0013770804234152
high_auc,500,0.9,0.9,0.15,False,outcome_based,0.0063934899374632,500,0,0.196,0.1635781066142644,0.2330574923863593,0.006,0.196,0.0010458349786275,0.0014900507324226,0.0012531240277428,0.0001136171191557,0.0002686277095953,0.0003426813856854,0.0076596342185467,0.0076625887301659,0.058823529411764726,0.08465480268515249,0.014802751739950415,0.012354112766846339,0.01760149082107468,0.0013421225441663828
high_auc,500,0.9,0.9,0.15,False,beta_known_mean,0.0063934899374632,500,0,0.712,0.6708105507601558,0.749956728884146,0.0,0.712,0.0042888205062292,0.0047948407996536,0.0045521648354738,0.0001296056557868,-0.008294543542508,0.0001482189212662,0.0089309522471354,0.0033142758350313,0.058823529411764726,0.08465480268515249,0.05377326142267649,0.05066245942572389,0.0566399146600877,0.001530989993194224
high_auc,500,0.9,0.9,0.2,True,beta_estimated_mean,0.0163927781172565,500,0,0.614,0.5706131270887722,0.6556485232859939,0.0,0.614,0.0093539343831601,0.0107479007651342,0.0100651657639955,0.0003572564888836,-0.0189419714255934,0.0003333802307451,0.0203533370294801,0.0074546085830082,0.0,0.1305895139885969,0.07707483898649314,0.07162852588590603,0.08230293870358311,0.002735721100201014
high_auc,500,0.9,0.9,0.2,True,risk_only,0.0163927781172565,500,0,0.024,0.0137813146554969,0.0414770574639007,0.0,0.024,0.0002259140333116,0.0006799241999624,0.0003934266748141,0.0001123137214164,-0.0004455799676863,0.0003356639394178,0.0075113921040068,0.007505673861337,0.0,0.1305895139885969,0.0030126972893738937,0.0017299553877758275,0.00520657577469636,0.0008600516074070638
high_auc,500,0.9,0.9,0.2,True,outcome_based,0.0163927781172565,500,0,0.012,0.0055109951740277,0.0259303611164472,0.004,0.012,9.0340521093108e-05,0.0004250706562822,0.000196713337407,7.990452664378425e-05,-0.0006917781172567,0.0003326311545389,0.0074625502318922,0.007437858729834,0.0,0.1305895139885969,0.0015063486446865637,0.0006917900092728468,0.0032550136936669916,0.0006118755189697813
high_auc,500,0.9,0.9,0.2,True,beta_known_mean,0.0163927781172565,500,0,0.712,0.6708105507601558,0.749956728884146,0.0,0.712,0.0109964485173259,0.0122938742541413,0.0116716580194866,0.0003323062644715,-0.0187385953855233,0.000182815063847,0.0191784308393435,0.0040878691007294,0.0,0.1305895139885969,0.089376686251438,0.08420621366495103,0.09414135851072089,0.002544662693977995
high_auc,500,0.9,0.9,0.25,False,beta_estimated_mean,0.0047772685273125,500,0,0.64,0.597006617075836,0.6808585675949294,0.0,0.64,0.0028520609223537,0.0032526442065223,0.00305745185748,0.0001026527570036,-0.0076919968258502,0.000339046899976,0.0107948257308851,0.0075813191590693,0.0,0.1159824333619063,0.02636133566830475,0.024590455982711267,0.028044283192204606,0.0008850715925513221
high_auc,500,0.9,0.9,0.25,False,risk_only,0.0047772685273125,500,0,0.266,0.2291604018204711,0.3064077895155354,0.0,0.266,0.0010947607753232,0.0014637922893759,0.0012707534282651,9.449704519113692e-05,-0.0004602579650324,0.0003380267551257,0.007564959940251,0.0075585080267475,0.0,0.1159824333619063,0.010956430137138947,0.00943902230355142,0.012620810298128072,0.0008147530833076475
high_auc,500,0.9,0.9,0.25,False,outcome_based,0.0047772685273125,500,0,0.37,0.3288222637742394,0.4131600647457642,0.018,0.37,0.0015708722518083,0.0019737765740523,0.0017675893551056,0.0001032524861004,-0.0009519351939792,0.0005427929914564,0.0121623876014988,0.0121372202660712,0.0,0.1159824333619063,0.01524014718323847,0.013544053235256943,0.01701789242422098,0.0008902424540293583
high_auc,500,0.9,0.9,0.25,False,beta_known_mean,0.0047772685273125,500,0,0.712,0.6708105507601558,0.749956728884146,0.0,0.712,0.0032046421319357,0.0035827446777445,0.0034014151914465,9.684241727260137e-05,-0.007513404012743,0.0002130598629507,0.0088939922393598,0.0047641633683461,0.0,0.1159824333619063,0.029326985930989036,0.027630409528795457,0.03089040791690468,0.0008349748704652427
high_auc,500,0.9,0.9,0.3,False,beta_estimated_mean,-0.009404300087037,500,0,0.35,0.3094801731446609,0.3928071289938047,0.0,0.35,0.0029104444192405,0.0036940761173851,0.0032915050304629,0.0002008014786435,0.006169441085946,0.0003434927470503,0.0098456919352463,0.0076807313218267,0.0,0.1108932042962608,0.02968175598632139,0.026245471376812192,0.0333120152928042,0.0018107645091311588
high_auc,500,0.9,0.9,0.3,False,risk_only,-0.009404300087037,500,0,0.094,0.0714264085922213,0.1227645558625591,0.0,0.094,0.0006717153805405,0.0011545147233833,0.0008840042081814,0.0001228582236154,-0.0004463531851783,0.0003462617348122,0.0077477692579553,0.0077426477704719,0.0,0.1108932042962608,0.007971671607754307,0.006057317802324064,0.010411050259661664,0.0011078967768590547
high_auc,500,0.9,0.9,0.3,False,outcome_based,-0.009404300087037,500,0,0.142,0.114129360445696,0.1753296673247754,0.006,0.148,0.0011243913351079,0.0017097594069639,0.0013918364128814,0.0001494950666311,-0.0008031284843916,0.0004252338643054,0.0095328962649961,0.0095085182692198,0.0,0.1108932042962608,0.012551142531358266,0.010139407028982507,0.01541807198929999,0.001348099440175892
high_auc,500,0.9,0.9,0.3,False,beta_known_mean,-0.009404300087037,500,0,0.288,0.250043271115854,0.3291894492398441,0.0,0.288,0.0023514819563178,0.0030957963661379,0.0027084384250666,0.0001906393052805,0.0063244205724402,0.0002395740849067,0.0082848518945363,0.0053570393949882,0.0,0.1108932042962608,0.024423844925887183,0.021204923883663893,0.027916916873167556,0.0017191252294522087
high_auc,500,0.9,0.9,0.4,False,beta_estimated_mean,-0.0105804843304684,500,0,0.31,0.2710389112735686,0.3518583381018213,0.0,0.31,0.0028677229536772,0.0037228316328309,0.0032799501424452,0.0002190587816077,0.0068254298807575,0.0003484519073376,0.0103525088837938,0.0077916215169641,0.0,0.1101137174634168,0.029786934979603257,0.02604328524854269,0.03380897238409683,0.001989386850738902
high_auc,500,0.9,0.9,0.4,False,risk_only,-0.0105804843304684,500,0,0.072,0.0524580314181262,0.0980684040169625,0.0,0.072,0.0005550313794267,0.0010376112120155,0.0007617948717937,0.000122432160082,-0.000440393399147,0.000347596233161,0.0077771906147777,0.0077724880607102,0.0,0.1101137174634168,0.006918255866230218,0.005040528938740976,0.009423087658086074,0.0011118701911292366
high_auc,500,0.9,0.9,0.4,False,outcome_based,-0.0105804843304684,500,0,0.084,0.0627441368038303,0.1115993144601811,0.008,0.092,0.0007372769660053,0.0012753582300642,0.000973404558403,0.0001368964270886,-0.0005168490028649,0.0003813285078009,0.0085338992782761,0.0085267646520155,0.0,0.1101137174634168,0.008839993606849167,0.00669559599829373,0.011582192114147028,0.0012432277307691591
high_auc,500,0.9,0.9,0.4,False,beta_known_mean,-0.0105804843304684,500,0,0.288,0.250043271115854,0.3291894492398441,0.0,0.288,0.0026455789119803,0.0034829838094377,0.0030471794871749,0.000214482328682,0.0069354273589219,0.000282817879181,0.0093815320225603,0.0063240000310109,0.0,0.1101137174634168,0.027673023464921776,0.02402587954456486,0.03163078942089895,0.0019478256989485228
high_auc,500,0.0,0.9,0.1,False,beta_estimated_mean,-0.003752097281456,500,0,0.444,0.4010408191814197,0.4878131069502743,0.0,0.444,0.0015047441674034,0.0018303222324467,0.0016659311929664,8.345506465566065e-05,0.0022294045565789,0.0003700595897855,0.0085618543886843,0.0082747839848621,0.11111111111111112,0.04873550361247968,0.034183112299670707,0.030875728285653357,0.03755623922552449,0.0017124079668746944
high_auc,500,0.0,0.9,0.1,False,risk_only,-0.003752097281456,500,0,0.322,0.2825360924255015,0.3641781727788112,0.0,0.322,0.0010601029043029,0.0013664319320489,0.0012081753246288,7.84813743781845e-05,-0.0003428198265063,0.0003632868392499,0.0081224511012359,0.0081233406789383,0.11111111111111112,0.04873550361247968,0.02479045531642815,0.021752168865070268,0.028037710308978905,0.0016103532037388818
high_auc,500,0.0,0.9,0.1,False,outcome_based,-0.003752097281456,500,0,0.244,0.208398855460222,0.2835048068560928,0.016,0.26,0.0008385401744081,0.0011262819001659,0.0009755452931785,7.367605288284702e-05,4.9430614789294166e-05,0.0002454540306046,0.0054832505208651,0.0054885189778327,0.11111111111111112,0.04873550361247968,0.02001713783314004,0.01720594047977326,0.023110090522948726,0.0015117531865204903
high_auc,500,0.0,0.9,0.1,False,beta_known_mean,-0.003752097281456,500,0,0.278,0.2405366075286252,0.3188485996363041,0.0,0.278,0.0009025167511988,0.0011963509638914,0.0010430830442447,7.525143980876395e-05,0.0023338364846434,0.0001112178314261,0.0034086839607963,0.002486906313789,0.11111111111111112,0.04873550361247968,0.021402939683126575,0.01851867087237184,0.024547832180091617,0.0015440784280619263
high_auc,500,0.0,0.9,0.15,False,beta_estimated_mean,0.0063934899374632,500,0,0.586,0.5423312223504144,0.6283573910901985,0.0,0.586,0.0034673892128695,0.0040173966570658,0.0037465851033534,0.0001409732433962,-0.0084305552849986,0.0003639213152985,0.0117115833922661,0.0081375279946869,0.058823529411764726,0.08465480268515249,0.04425720673270802,0.04095915533304576,0.047456216654443946,0.0016652716552952895
high_auc,500,0.0,0.9,0.15,False,risk_only,0.0063934899374632,500,0,0.234,0.1990046985940334,0.2730514505315124,0.0,0.234,0.0012723345379688,0.0017457517013829,0.0014960766453664,0.0001211741624824,-0.0004280547327944,0.0003509599813962,0.0078515292915818,0.0078477037578416,0.058823529411764726,0.08465480268515249,0.017672672995655038,0.015029679328423421,0.02062200425740388,0.0014313914702875161
high_auc,500,0.0,0.9,0.15,False,outcome_based,0.0063934899374632,500,0,0.22,0.1859009325716236,0.2583686980868456,0.002,0.22,0.0011885557417617,0.0016518776713737,0.0014065677862419,0.0001185622288294,3.6392415477697446e-05,0.0003793071510805,0.0084731580844142,0.0084815657416794,0.058823529411764726,0.08465480268515249,0.01661533358565841,0.014040027311647841,0.01951310048547808,0.0014005375367816492
high_auc,500,0.0,0.9,0.15,False,beta_known_mean,0.0063934899374632,500,0,0.722,0.6811514003636959,0.7594633924713748,0.0,0.722,0.0043549346241143,0.0048556215576374,0.0046160997348484,0.0001282267721508,-0.0083353958868654,0.0001523310220947,0.009003221090071,0.0034062252048593,0.058823529411764726,0.08465480268515249,0.05452850385838785,0.05144344426991508,0.05735789823639884,0.0015147016835855144
high_auc,500,0.0,0.9,0.2,True,beta_estimated_mean,0.0163927781172565,500,0,0.604,0.5604958406867544,0.6459182964972427,0.0,0.604,0.0091880839520231,0.0105883953163556,0.0099012379828229,0.0003588957785372,-0.0188755002052122,0.0003602769090197,0.020519610964446,0.0080560365929172,0.0,0.1305895139885969,0.07581954844925358,0.07035851249760687,0.08108151254227182,0.002748274096253539
high_auc,500,0.0,0.9,0.2,True,risk_only,0.0163927781172565,500,0,0.022,0.0123280082699275,0.0389608612113163,0.0,0.022,0.0002020903041966,0.0006386767530943,0.0003606411185796,0.0001076423215078,-0.0004818772056319,0.0003476350136406,0.0077805145648011,0.0077733552185966,0.0,0.1305895139885969,0.0027616391819261328,0.0015475232124245947,0.004890720040125652,0.0008242799763938117
high_auc,500,0.0,0.9,0.2,True,outcome_based,0.0163927781172565,500,0,0.036,0.0228910609802927,0.0561843269680277,0.002,0.036,0.0003752480835185,0.0009210172056542,0.0005901400122212,0.0001367074098968,-0.0005377781172567,0.0004017483708828,0.0089904772010944,0.0089833666714381,0.0,0.1305895139885969,0.0045190459340612235,0.002873493223592721,0.007052765398411878,0.0010468482937208675
high_auc,500,0.0,0.9,0.2,True,beta_known_mean,0.0163927781172565,500,0,0.722,0.6811514003636959,0.7594633924713748,0.0,0.722,0.0111659637704206,0.0124497148809622,0.0118355858006592,0.0003287708348837,-0.0187889367479697,0.0001878514900212,0.0192518297075503,0.0042004870136225,0.0,0.1305895139885969,0.09063197678867758,0.08550429073038449,0.09533472099489788,0.0025175898496138695
high_auc,500,0.0,0.9,0.25,False,beta_estimated_mean,0.0047772685273125,500,0,0.624,0.5807491793847674,0.6653599841807676,0.0,0.624,0.0027743947769374,0.0031786033117599,0.002981015561043,0.0001035894668551,-0.0076503052769906,0.0003582514094426,0.0110711726091961,0.0080107450454893,0.0,0.1159824333619063,0.025702302276597134,0.023920818838834887,0.027405902942573473,0.0008931479005261438
high_auc,500,0.0,0.9,0.25,False,risk_only,0.0047772685273125,500,0,0.288,0.250043271115854,0.3291894492398441,0.0,0.288,0.001194523849568,0.0015726263953768,0.001375853335866,9.68424172726014e-05,-0.0004837664997728,0.0003476112614936,0.0077801022484149,0.0077728241044427,0.0,0.1159824333619063,0.011862601050737139,0.0102991790648215,0.013559177452930723,0.0008349748704652431
high_auc,500,0.0,0.9,0.25,False,outcome_based,0.0047772685273125,500,0,0.368,0.3268845483787568,0.4111282775030931,0.022,0.368,0.0015616152650346,0.0019640701808037,0.001758034818051,0.0001031363669604,-0.0009292685273125,0.0005395463230266,0.0120883227582226,0.012064622552977,0.0,0.1159824333619063,0.015157768009275235,0.013464239538429125,0.016934203946860685,0.0008892412753453618
high_auc,500,0.0,0.9,0.25,False,beta_known_mean,0.0047772685273125,500,0,0.722,0.6811514003636959,0.7594633924713748,0.0,0.722,0.0032540431472923,0.0036281605624995,0.0034491878767196,9.581210402249014e-05,-0.0075720122789179,0.0002188496166768,0.0090130489933852,0.0048936261973917,0.0,0.1159824333619063,0.029738881800806086,0.02805634485300487,0.03128198346363671,0.0008260915144237611
high_auc,500,0.0,0.9,0.3,False,beta_estimated_mean,-0.009404300087037,500,0,0.358,0.317207603401289,0.4009577092897918,0.0,0.358,0.0029831154922755,0.0037707266203721,0.0033667394311592,0.0002018297737487,0.0061884851973336,0.0003571902304472,0.010097633115753,0.0079870163617876,0.0,0.1108932042962608,0.03036019612315164,0.026900796231893963,0.03400322539421151,0.0018200373506161323
high_auc,500,0.0,0.9,0.3,False,risk_only,-0.009404300087037,500,0,0.096,0.073173504665419,0.1249869624275152,0.0,0.096,0.0006881455962938,0.0011754149016355,0.0009028128083555,0.0001240212310131,-0.000467522525499,0.0003547681625126,0.0079386989758399,0.0079328572763088,0.0,0.1108932042962608,0.008141281641962093,0.006205480314694121,0.010599521486413877,0.0011183844113816616
high_auc,500,0.0,0.9,0.3,False,outcome_based,-0.009404300087037,500,0,0.15,0.1213759576913881,0.1839610806316983,0.004,0.154,0.0011756379514221,0.0017705039726662,0.0014482622134036,0.0001519573628417,-0.0007791284843916,0.0004246415557395,0.0095177174876533,0.009495273847049,0.0,0.1108932042962608,0.013059972633980727,0.010601532879158954,0.015965847356490353,0.0013703036521131875
high_auc,500,0.0,0.9,0.3,False,beta_known_mean,-0.009404300087037,500,0,0.278,0.2405366075286252,0.3188485996363041,0.0,0.278,0.002262078439117,0.0029985479133113,0.0026143954241962,0.0001886110803791,0.0062586016452468,0.0002459624550136,0.0083281667648281,0.0054998876932332,0.0,0.1108932042962608,0.023575794754849146,0.020398711115549167,0.027039960945671834,0.0017008353359075925
high_auc,500,0.0,0.9,0.4,False,beta_estimated_mean,-0.0105804843304684,500,0,0.32,0.2806177506894902,0.3621270118766686,0.0,0.32,0.0029690717140214,0.0038314791748004,0.0033857549857498,0.0002209452763248,0.006804692095221,0.0003559595134574,0.0104656922822138,0.0079594966932869,0.0,0.1101137174634168,0.030747803849912277,0.02696368610938794,0.034795657281058885,0.002006519091485626
high_auc,500,0.0,0.9,0.4,False,risk_only,-0.0105804843304684,500,0,0.072,0.0524580314181262,0.0980684040169625,0.0,0.072,0.0005550313794267,0.0010376112120155,0.0007617948717937,0.000122432160082,-0.0004557576295211,0.0003543131392952,0.0079278671504272,0.0079226826478556,0.0,0.1101137174634168,0.006918255866230218,0.005040528938740976,0.009423087658086074,0.0011118701911292366
high_auc,500,0.0,0.9,0.4,False,outcome_based,-0.0105804843304684,500,0,0.082,0.0610190894684689,0.1093548591573887,0.014,0.096,0.0007742111195179,0.0013224225974771,0.0010157264957249,0.0001395324138144,-0.0004795156695315,0.000375231717914,0.0083957463932368,0.0083904362856976,0.0,0.1101137174634168,0.00922434115497332,0.007031014276446684,0.012009608139117181,0.0012671664986767613
high_auc,500,0.0,0.9,0.4,False,beta_known_mean,-0.0105804843304684,500,0,0.278,0.2405366075286252,0.3188485996363041,0.0,0.278,0.0025449938068606,0.0033735726122437,0.0029413746438702,0.0002122004361872,0.0068580053364227,0.0002899774218002,0.0094335360743582,0.0064840922708556,0.0,0.1101137174634168,0.026712154594611844,0.02311241383441737,0.030637169373239133,0.0019271026451150336
high_auc,500,0.9,0.0,0.1,False,beta_estimated_mean,-0.003752097281456,500,0,0.42,0.3775093512774022,0.4637105431964461,0.0,0.42,0.0014164518106521,0.0017398870685098,0.0015758808582115,8.29015134439393e-05,0.0020110318753353,0.0005702072030204,0.0128952409879562,0.0127502206721385,0.11111111111111112,0.04873550361247968,0.03233537649968933,0.029064064299304578,0.03570060714555267,0.0017010496927072022
high_auc,500,0.9,0.0,0.1,False,risk_only,-0.003752097281456,500,0,0.356,0.3152745600260401,0.398921250026887,0.0,0.356,0.0011829408195859,0.0014967913377409,0.0013357466321983,8.042512596001182e-05,-0.00051567049536,0.0005551211723827,0.0124111850585488,0.0124128867719716,0.11111111111111112,0.04873550361247968,0.027408081033069617,0.024272670474323053,0.030712544793681323,0.0016502368909432465
high_auc,500,0.9,0.0,0.1,False,outcome_based,-0.003752097281456,500,0,0.266,0.2291604018204711,0.3064077895155354,0.014,0.28,0.0009096436180221,0.0012041180571254,0.0010505872388076,7.541697018189665e-05,0.0002840972814559,0.0002375732651939,0.0053145835562575,0.0053122997061015,0.11111111111111112,0.04873550361247968,0.021556917666458186,0.01866490649722491,0.02470720456076424,0.0015474749328861898
high_auc,500,0.9,0.0,0.1,False,beta_known_mean,-0.003752097281456,500,0,0.37,0.3288222637742394,0.4131600647457642,0.0,0.37,0.0012337731219895,0.0015502167557387,0.0013882759941387,8.109516351994125e-05,0.0023255291395745,0.0001959264548017,0.0049561362419646,0.0043810487152731,0.11111111111111112,0.04873550361247968,0.028485926916392935,0.02531569452528584,0.03180877678140453,0.0016639853394102456
high_auc,500,0.9,0.0,0.15,False,beta_estimated_mean,0.0063934899374632,500,0,0.588,0.5443465920099858,0.630311524068781,0.0,0.588,0.0034802744585082,0.0040298903866008,0.0037593720832284,0.0001408720985382,-0.0086248994918588,0.0005889538735277,0.0157313495019077,0.0131694089681977,0.058823529411764726,0.08465480268515249,0.04440825521985124,0.04111136460210073,0.047603801069488506,0.001664076863567097
high_auc,500,0.9,0.0,0.15,False,risk_only,0.0063934899374632,500,0,0.338,0.2979130243450122,0.3805572619645308,0.0,0.338,0.001904703923389,0.0024330890249988,0.0021609995988625,0.0001353864055414,-0.0005385943144488,0.0005711732075511,0.0127704056910754,0.0127718211901091,0.058823529411764726,0.08465480268515249,0.02552719432705636,0.022499655813657267,0.028741299345388903,0.0015992761337466949
high_auc,500,0.9,0.0,0.15,False,outcome_based,0.0063934899374632,500,0,0.212,0.1784395042882985,0.2499521158175555,0.002,0.212,0.0011408511751131,0.0015980663373271,0.0013554198667422,0.0001169819219705,0.0003566277095953,0.000354623309762,0.007929708162644,0.007929618270338,0.058823529411764726,0.08465480268515249,0.01601113963708908,0.013476508584588463,0.018877444476134642,0.0013818698793212983
high_auc,500,0.9,0.0,0.15,False,beta_known_mean,0.0063934899374632,500,0,0.63,0.5868399352542358,0.6711777362257606,0.0,0.63,0.0037519552209495,0.0042911681028087,0.0040278986606018,0.0001381843467929,-0.0083467267557522,0.0002683770885954,0.0102766216294558,0.0060010941370296,0.058823529411764726,0.08465480268515249,0.04758027344983994,0.04432064220743321,0.0506901908302637,0.001632327315283389
high_auc,500,0.9,0.0,0.2,True,beta_estimated_mean,0.0163927781172565,500,0,0.59,0.5463626881245969,0.6322649305923236,0.0,0.59,0.0089564023179743,0.0103645787185225,0.0096717390891813,0.0003609277066038,-0.0190473561906752,0.0006036178594637,0.0233369810272451,0.0134973056619389,0.0,0.1305895139885969,0.07406214169711849,0.06858439123034316,0.0793676184400804,0.002763833753415426
high_auc,500,0.9,0.0,0.2,True,risk_only,0.0163927781172565,500,0,0.112,0.0872628001941022,0.1426536880040623,0.0,0.112,0.0014304797214724,0.0023384902550589,0.0018359911491327,0.0002314290017094,-0.0005512134177315,0.0005912198727327,0.0132183495282527,0.0132200782507928,0.0,0.1305895139885969,0.014059254017079957,0.010954016733665996,0.017907182465378483,0.0017721867142380852
high_auc,500,0.9,0.0,0.2,True,outcome_based,0.0163927781172565,500,0,0.088,0.0662059844749289,0.1160764720653901,0.012,0.088,0.001085300013532,0.0019028158512018,0.0014425644743185,0.0002078935632404,-0.0015317781172567,0.0004801619194999,0.0108348291726498,0.0107367469220866,0.0,0.1305895139885969,0.011046556727705298,0.00831077458199874,0.014570969697980149,0.001591962148343345
high_auc,500,0.9,0.0,0.2,True,beta_known_mean,0.0163927781172565,500,0,0.63,0.5868399352542358,0.6711777362257606,0.0,0.63,0.0096199368489679,0.0110024677071914,0.0103274502138716,0.0003543018536686,-0.0188025505100081,0.0003308938220711,0.0202032615115071,0.0073990107948576,0.0,0.1305895139885969,0.079083303846076,0.07366546175987695,0.08425230610898925,0.0027130957367644216
high_auc,500,0.9,0.0,0.25,False,beta_estimated_mean,0.0047772685273125,500,0,0.59,0.5463626881245969,0.6322649305923236,0.0,0.59,0.0026101212744755,0.0030204993538421,0.0028185884311144,0.0001051834265711,-0.0078008114027527,0.0006147741667668,0.0157939339408242,0.0137467682770142,0.0,0.1159824333619063,0.024301856319218662,0.02250445346607789,0.02604273135412732,0.0009068910137700804
high_auc,500,0.9,0.0,0.25,False,risk_only,0.0047772685273125,500,0,0.396,0.3540817035027573,0.4395041593132456,0.0,0.396,0.0016915433782409,0.0020996293879101,0.0018917983368157,0.000104591271542,-0.0005562808433216,0.0006008737586119,0.0134340253087852,0.0134359457015211,0.0,0.1159824333619063,0.016311076444763137,0.014584479125064439,0.018102994798863306,0.0009017854558684604
high_auc,500,0.9,0.0,0.25,False,outcome_based,0.0047772685273125,500,0,0.4,0.3579789907947376,0.4435458772975729,0.024,0.4,0.0017101617661628,0.0021189377600329,0.001910907410925,0.0001047695313953,-0.0010359351939792,0.0006394173589257,0.0143210190494606,0.0142978068055133,0.0,0.1159824333619063,0.01647583479269047,0.014745006778970476,0.018269471493334365,0.0009033224114929708
high_auc,500,0.9,0.0,0.25,False,beta_known_mean,0.0047772685273125,500,0,0.63,0.5868399352542358,0.6711777362257606,0.0,0.63,0.0028034919532602,0.0032063962755042,0.0030096791722069,0.0001032524861004,-0.0075872349422065,0.0003853538288305,0.0114745990427567,0.0086167735665495,0.0,0.1159824333619063,0.025949439798487708,0.0241716945575052,0.027645533746469234,0.0008902424540293583
high_auc,500,0.9,0.0,0.3,False,beta_estimated_mean,-0.009404300087037,500,0,0.402,0.359928740326145,0.4455656304043193,0.0,0.402,0.0033848778839762,0.004190232896792,0.0037805286349888,0.0002064143206411,0.0060584440260987,0.0006227200270159,0.0151725765711921,0.0139244431135814,0.0,0.1108932042962608,0.03409161687571756,0.030523762979498777,0.037786200907293024,0.0018613793509803021
high_auc,500,0.9,0.0,0.3,False,risk_only,-0.009404300087037,500,0,0.24,0.204637860033381,0.2793267970066262,0.0,0.24,0.0019244758449229,0.0026268730214011,0.0022570320208888,0.000179799559336,-0.0005427183334023,0.0006125660109357,0.0136944465002615,0.0136973924115821,0.0,0.1108932042962608,0.020353204104905685,0.01735431722021032,0.02368831379768936,0.001621375813576907
high_auc,500,0.9,0.0,0.3,False,outcome_based,-0.009404300087037,500,0,0.256,0.2197077081917188,0.2960129699535187,0.006,0.262,0.0021195060700966,0.0028424771302878,0.0024639266228036,0.000185120720785,-0.0008951284843916,0.0006652064668446,0.0148865233391151,0.0148744687893713,0.0,0.1108932042962608,0.022218914481188644,0.019113038382714203,0.025632563765529547,0.001669360372078653
high_auc,500,0.9,0.0,0.3,False,beta_known_mean,-0.009404300087037,500,0,0.37,0.3288222637742394,0.4131600647457642,0.0,0.37,0.0030923432438317,0.0038854812328488,0.0034795910322036,0.0002032578571771,0.006242413075013,0.0004328726021059,0.0115095476512512,0.0096793256390609,0.0,0.1108932042962608,0.03137785632839656,0.027885777703476194,0.03503804635736199,0.0018329153573205354
high_auc,500,0.9,0.0,0.4,False,beta_estimated_mean,-0.0105804843304684,500,0,0.392,0.3501873777896792,0.4354594797500162,0.0,0.392,0.0037051520634315,0.0046073722020489,0.0041475498575436,0.0002312331517201,0.0067135741450468,0.0006294405209831,0.0155811927386619,0.0140747179271111,0.0,0.1101137174634168,0.0376660597161434,0.03364841500935128,0.041841945837307805,0.0020999486444268204
high_auc,500,0.9,0.0,0.4,False,risk_only,-0.0105804843304684,500,0,0.222,0.1877693513816299,0.2604697819149931,0.0,0.222,0.0019866906800355,0.0027558964461121,0.0023488675213639,0.0001968437188272,-0.000537486072075,0.0006140671460473,0.0137277471839031,0.0137309588131106,0.0,0.1101137174634168,0.021331288920876428,0.018042172454086295,0.02502773050984946,0.0017876402991534419
high_auc,500,0.9,0.0,0.4,False,outcome_based,-0.0105804843304684,500,0,0.214,0.1803029999875953,0.2520581227564126,0.006,0.22,0.0019669219040935,0.0027336659615913,0.002327706552703,0.0001962067378827,-0.0006088490028649,0.0006344895707291,0.0141864945555608,0.0141876181116504,0.0,0.1101137174634168,0.021139115146814803,0.017862641906962885,0.024825843905410868,0.0017818555435464793
high_auc,500,0.9,0.0,0.4,False,beta_known_mean,-0.0105804843304684,500,0,0.37,0.3288222637742394,0.4131600647457642,0.0,0.37,0.0034790988093724,0.0043714335910178,0.0039147792022733,0.0002286790673419,0.0068418106979528,0.000509600012299,0.013281444489274,0.0113950026883533,0.0,0.1101137174634168,0.03555214820146192,0.03159550771254512,0.039699264466937334,0.0020767536743809805
high_auc,3000,-0.5,-0.5,0.1,False,beta_estimated_mean,-0.003752097281456,500,0,0.464,0.4207281870075268,0.5078207655057051,0.0,0.464,0.0015786130867028,0.0019053929137208,0.0017409731385955,8.37655032891506e-05,0.0028997078240721,0.0003007639643319,0.0073176039536923,0.0067252866942866,0.11111111111111112,0.04873550361247968,0.03572289213298885,0.03239143888314238,0.03909660868330264,0.0017187778329985453
high_auc,3000,-0.5,-0.5,0.1,False,risk_only,-0.003752097281456,500,0,0.306,0.2672134637311363,0.3477447803679459,0.0,0.306,0.001002610910834,0.001304772245059,0.0011481417681255,7.740415350839823e-05,0.0004126802473661,0.0002918475647634,0.0065324291434868,0.0065259099387876,0.11111111111111112,0.04873550361247968,0.023558631449773215,0.020572495132219416,0.026772519997616023,0.0015882497926742957
high_auc,3000,-0.5,-0.5,0.1,False,outcome_based,-0.003752097281456,500,0,0.054,0.0373743501810575,0.077426561510647,0.002,0.056,0.0001464279252723,0.000299210223452,0.0002101174477615,3.861924932198726e-05,9.728145671950017e-08,0.0001104728891132,0.0024677774139383,0.0024702488972793,0.11111111111111112,0.04873550361247968,0.004311383533291227,0.0030045431855310564,0.006139471253465849,0.0007924253667114675
high_auc,3000,-0.5,-0.5,0.1,False,beta_known_mean,-0.003752097281456,500,0,0.322,0.2825360924255015,0.3641781727788112,0.0,0.322,0.0010601029043029,0.0013664319320489,0.0012081753246288,7.848137437818451e-05,0.0026113586743344,0.0001009296539983,0.0034499862114328,0.0022568556728579,0.11111111111111112,0.04873550361247968,0.02479045531642815,0.021752168865070268,0.028037710308978905,0.001610353203738882
high_auc,3000,-0.5,-0.5,0.15,False,beta_estimated_mean,0.0063934899374632,500,0,0.57,0.5262342399257419,0.6126983524096407,0.0,0.57,0.0033644733177138,0.0039172807508313,0.003644289264354,0.0001416965801944,-0.0077069375395239,0.0003077141712632,0.01032696488931,0.0068806980458464,0.058823529411764726,0.08465480268515249,0.04304881883556935,0.039743442911643466,0.04627357960304298,0.0016738162006164831
high_auc,3000,-0.5,-0.5,0.15,False,risk_only,0.0063934899374632,500,0,0.162,0.1323017883898392,0.19685226576217,0.0,0.162,0.0008458701527788,0.0012585729803172,0.001035745369869,0.0001054550130492,0.0004167640475609,0.0002991080621252,0.0066945532377197,0.0066882595953022,0.058823529411764726,0.08465480268515249,0.012234927458529866,0.009991992491255977,0.014867118466958987,0.0012457062057235843
high_auc,3000,-0.5,-0.5,0.15,False,outcome_based,0.0063934899374632,500,0,0.038,0.0244601180558303,0.0585847725306438,0.0,0.038,0.0001563855186591,0.0003745611536632,0.0002429526176236,5.472264081830932e-05,0.0001645492782226,0.0001681206348362,0.0037591336563061,0.0037592916791421,0.058823529411764726,0.08465480268515249,0.002869921255704624,0.0018473319138280653,0.004424570630165722,0.000646420983601289
high_auc,3000,-0.5,-0.5,0.15,False,beta_known_mean,0.0063934899374632,500,0,0.678,0.6358218272211889,0.7174639075744986,0.0,0.678,0.0040651204543581,0.0045870982735706,0.0043347861776001,0.0001337305084932,-0.0079549836654179,0.0001381633656467,0.0085327155000546,0.0030894267758621,0.058823529411764726,0.08465480268515249,0.05120543714125711,0.04801996254692206,0.054185918909183464,0.001579715553653459
high_auc,3000,-0.5,-0.5,0.2,True,beta_estimated_mean,0.0163927781172565,500,0,0.586,0.5423312223504144,0.6283573910901985,0.0,0.586,0.0088903153940508,0.0103005232904798,0.0096061679767123,0.0003614525278162,-0.0181073204855514,0.0003135277859252,0.0194145973887571,0.0070106944216396,0.0,0.1305895139885969,0.07356002548222297,0.06807832514658953,0.07887710870399016,0.0027678526152395523
high_auc,3000,-0.5,-0.5,0.2,True,risk_only,0.0163927781172565,500,0,0.002,0.0003531363945592,0.0112407067051467,0.0,0.002,5.788886561138165e-06,0.0001842664108986,3.278555623451318e-05,3.2785556234513173e-05,0.0004164316493609,0.0003086884282975,0.0069081401010143,0.0069024830954098,0.0,0.1305895139885969,0.00025105810744786156,4.4328877444506396e-05,0.0014110352758850927,0.0002510581074478615
high_auc,3000,-0.5,-0.5,0.2,True,outcome_based,0.0163927781172565,500,0,0.004,0.0010976305226827,0.014465715215177,0.0,0.004,1.799321361306741e-05,0.0002371332598298,6.557111246902636e-05,4.631929628187476e-05,9.972188274389482e-05,0.0002561514920823,0.0057228598021452,0.0057277214883414,0.0,0.1305895139885969,0.0005021162148957231,0.0001377845208508746,0.0018158675424008895,0.0003546938407774408
high_auc,3000,-0.5,-0.5,0.2,True,beta_known_mean,0.0163927781172565,500,0,0.678,0.6358218272211889,0.7174639075744986,0.0,0.678,0.0104228861357456,0.0117612266440086,0.0111143035634999,0.0003428823028862,-0.0183188839617787,0.0001704128723872,0.0187102309605112,0.0038105476689882,0.0,0.1305895139885969,0.08510869842482456,0.07981411230809642,0.0900625653989002,0.0026256495825242184
high_auc,3000,-0.5,-0.5,0.25,False,beta_estimated_mean,0.0047772685273125,500,0,0.606,0.5625178093072173,0.6478658305149335,0.0,0.606,0.0026872986264561,0.0030950290420402,0.0028950247275514,0.0001044994016109,-0.006844787510819,0.0003182254214168,0.0098683108011138,0.0071157367445649,0.0,0.1159824333619063,0.02496088971092628,0.02316987623522931,0.026685325978483415,0.0009009933537506049
high_auc,3000,-0.5,-0.5,0.25,False,risk_only,0.0047772685273125,500,0,0.218,0.1840337264359884,0.256266401584327,0.0,0.218,0.0008791785292667,0.0012242534148964,0.0010414445389541,8.830006106400709e-05,0.0003951469504429,0.0003131876113696,0.0070072315924518,0.0070030878873341,0.0,0.1159824333619063,0.008979329962016091,0.0075802731826064675,0.010555507238551337,0.0007613227150397819
high_auc,3000,-0.5,-0.5,0.25,False,outcome_based,0.0047772685273125,500,0,0.232,0.1971292384527146,0.2709574080346774,0.004,0.232,0.0009417393066732,0.0012944362976462,0.0011083262983365,9.027219093283816e-05,8.028702824297184e-05,0.0003182856952716,0.0071104171558608,0.0071170845089314,0.0,0.1159824333619063,0.009555984179760474,0.008119671913889232,0.01116062372658711,0.0007783264095792587
high_auc,3000,-0.5,-0.5,0.25,False,beta_known_mean,0.0047772685273125,500,0,0.678,0.6358218272211889,0.7174639075744986,0.0,0.678,0.0030374916041621,0.0034275177451383,0.0032389880615179,9.992454130923976e-05,-0.0070228857750363,0.0001986544167999,0.0083074213621887,0.0044420477999517,0.0,0.1159824333619063,0.027926539973610564,0.02618923845720713,0.029552042027288995,0.0008615489295472856
high_auc,3000,-0.5,-0.5,0.3,False,beta_estimated_mean,-0.009404300087037,500,0,0.384,0.3424076746177923,0.4273611723692879,0.0,0.384,0.0032201045242102,0.0040190327105087,0.0036112512334222,0.0002047538960598,0.0070250037979753,0.0003217846347103,0.0100508610864075,0.0071953231732723,0.0,0.1108932042962608,0.032565126567850176,0.02903788870242591,0.03624237153226726,0.0018464061649150494
high_auc,3000,-0.5,-0.5,0.3,False,risk_only,-0.009404300087037,500,0,0.1,0.0766775627373017,0.1294219096319401,0.0,0.1,0.0007210988099241,0.0012171224760161,0.0009404300087037,0.000126298287152,0.000380727374229,0.0003172782084572,0.0070976769898912,0.0070945564188965,0.0,0.1108932042962608,0.00848050171037767,0.006502642019411957,0.010975627259939679,0.0011389181866779065
high_auc,3000,-0.5,-0.5,0.3,False,outcome_based,-0.009404300087037,500,0,0.1,0.0766775627373017,0.1294219096319401,0.0,0.1,0.0007210988099241,0.0012171224760161,0.0009404300087037,0.000126298287152,0.0001836334203699,0.0003401186883841,0.0075998948417038,0.0076052850764496,0.0,0.1108932042962608,0.00848050171037767,0.006502642019411957,0.010975627259939679,0.0011389181866779065
high_auc,3000,-0.5,-0.5,0.3,False,beta_known_mean,-0.009404300087037,500,0,0.322,0.2825360924255015,0.3641781727788112,0.0,0.322,0.0026570541985882,0.0034248408219607,0.0030281846280259,0.0001967066257965,0.0068778455981034,0.000223457227823,0.0084983170846862,0.0049966555147603,0.0,0.1108932042962608,0.02730721550741597,0.023960478150578546,0.03088413617132878,0.0017738384154810894
high_auc,3000,-0.5,-0.5,0.4,False,beta_estimated_mean,-0.0105804843304684,500,0,0.354,0.3133423051969017,0.3968840022178716,0.0,0.354,0.0033153133502086,0.0041992249664797,0.0037454914529858,0.0002265025864111,0.0076860711052217,0.0003252739635677,0.010576930630892,0.0072733469384838,0.0,0.1101137174634168,0.034014758008966216,0.03010808668148044,0.038135348285510504,0.002056987917843671
high_auc,3000,-0.5,-0.5,0.4,False,risk_only,-0.0105804843304684,500,0,0.082,0.0610190894684689,0.1093548591573887,0.0,0.082,0.0006456115199805,0.0011570273737753,0.0008675997150984,0.0001299521719099,0.0003745796927725,0.000316767732891,0.007085962633975,0.0070831418382278,0.0,0.1101137174634168,0.007879124736540146,0.0058631343564891645,0.010507567998144285,0.0011801633339013746
high_auc,3000,-0.5,-0.5,0.4,False,outcome_based,-0.0105804843304684,500,0,0.082,0.0610190894684689,0.1093548591573887,0.0,0.082,0.0006456115199805,0.0011570273737753,0.0008675997150984,0.0001299521719099,0.0004533732193574,0.0003236298335758,0.007243545098708,0.0072365830742255,0.0,0.1101137174634168,0.007879124736540146,0.0058631343564891645,0.010507567998144285,0.0011801633339013746
high_auc,3000,-0.5,-0.5,0.4,False,beta_known_mean,-0.0105804843304684,500,0,0.322,0.2825360924255015,0.3641781727788112,0.0,0.322,0.0029893686986997,0.0038531814505848,0.0034069159544108,0.0002213084815113,0.0075943924726523,0.0002639892429469,0.0096151061826763,0.005902978925581,0.0,0.1101137174634168,0.030939977623974806,0.027148013595062408,0.03499274694694552,0.0020098175468903365
high_auc,3000,0.0,0.0,0.1,False,beta_estimated_mean,-0.003752097281456,500,0,0.412,0.369688475931219,0.4556534079900142,0.0,0.412,0.0013871071255271,0.0017096559134054,0.0015458640799598,8.267250330079244e-05,0.0027578454316566,0.0002502731647312,0.0062338915021216,0.0055962780928309,0.11111111111111112,0.04873550361247968,0.03171946456636084,0.028461942992457436,0.03508029643029295,0.001696350651429865
high_auc,3000,0.0,0.0,0.1,False,risk_only,-0.003752097281456,500,0,0.282,0.2443364332272433,0.3229877792139934,0.0,0.282,0.0009167740668725,0.0012118815683323,0.0010580914333705,7.558064491913056e-05,0.0002682977468549,0.000243013314957,0.005435132365723,0.0054339429168154,0.11111111111111112,0.04873550361247968,0.0217108956497898,0.018811215621412847,0.024866503442101992,0.001550833362062081
high_auc,3000,0.0,0.0,0.1,False,outcome_based,-0.003752097281456,500,0,0.048,0.0324652069413531,0.07042719683589,0.0,0.048,0.0001218126147065,0.0002642496937885,0.0001801006695098,3.590565965677101e-05,-2.516197780254381e-05,0.000107858396438,0.0024095054539331,0.002411787063795,0.11111111111111112,0.04873550361247968,0.0036954715999627363,0.002499463546639282,0.005422118870252809,0.0007367454318780583
high_auc,3000,0.0,0.0,0.1,False,beta_known_mean,-0.003752097281456,500,0,0.27,0.2329485392031058,0.3105586574092084,0.0,0.27,0.0008740455806631,0.0011652462941977,0.0010130662659931,7.457051273316579e-05,0.0025592112715681,8.379247518823811e-05,0.003170667217276,0.0018736567052386,0.11111111111111112,0.04873550361247968,0.020787027749800138,0.017934473143297602,0.023909597887058993,0.0015301065384716894
high_auc,3000,0.0,0.0,0.15,False,beta_estimated_mean,0.0063934899374632,500,0,0.61,0.566563975499563,0.6517586695988955,0.0,0.61,0.0036223210762856,0.0041670124957349,0.0039000288618525,0.0001395998443934,-0.0078553316031174,0.0002557329439987,0.0097129040239999,0.0057183624686744,0.058823529411764726,0.08465480268515249,0.04606978857841602,0.04278931568428208,0.049223580512411345,0.0016490481338973608
high_auc,3000,0.0,0.0,0.15,False,risk_only,0.0063934899374632,500,0,0.12,0.0943749001263691,0.1514195986244106,0.0,0.12,0.000603384974307,0.0009680996801398,0.0007672187924955,9.300786436564124e-05,0.0002587308927679,0.0002484196060035,0.0055553019447817,0.0055548312596757,0.058823529411764726,0.08465480268515249,0.009062909228539985,0.0071275929441487786,0.011435850647958498,0.0010986720353191937
high_auc,3000,0.0,0.0,0.15,False,outcome_based,0.0063934899374632,500,0,0.03,0.0182632131979133,0.0489036668359457,0.0,0.03,0.0001167656698066,0.0003126651018206,0.0001918046981238,4.882409563946754e-05,0.0001317257488109,0.0001655345912667,0.0037001081639487,0.0037014659870011,0.058823529411764726,0.08465480268515249,0.00226572730713411,0.0013793153619514537,0.0036934124456407006,0.0005767433635283961
high_auc,3000,0.0,0.0,0.15,False,beta_known_mean,0.0063934899374632,500,0,0.73,0.6894413425907917,0.7670514607968943,0.0,0.73,0.0044079362863253,0.0049041357961214,0.0046672476543481,0.0001270664876274,-0.0080263921792565,0.0001147053099109,0.0084254654570529,0.0025648887034104,0.058823529411764726,0.08465480268515249,0.05513269780695719,0.05206953588586419,0.05793098135685019,0.0015009956150979966
high_auc,3000,0.0,0.0,0.2,True,beta_estimated_mean,0.0163927781172565,500,0,0.634,0.5909042816385175,0.6750523951177865,0.0,0.634,0.0096865627774371,0.0110659841306885,0.0103930213263406,0.0003534984056644,-0.0182607874172863,0.000260335201827,0.0191644408041868,0.0058212720822144,0.0,0.1305895139885969,0.07958542006097151,0.07417565531550208,0.08473868837320878,0.0027069432672463087
high_auc,3000,0.0,0.0,0.2,True,risk_only,0.0163927781172565,500,0,0.0,4.336808689942019e-19,0.0076243404615522,0.0,0.0,7.109234259120973e-21,0.0001249841214766,0.0,0.0,0.0002445331143873,0.0002562902215189,0.0057303098161884,0.0057308235728488,0.0,0.1305895139885969,0.0,5.443954910301414e-20,0.000957076243407366,0.0
high_auc,3000,0.0,0.0,0.2,True,outcome_based,0.0163927781172565,500,0,0.0,4.336808689942019e-19,0.0076243404615522,0.0,0.0,7.109234259120973e-21,0.0001249841214766,0.0,0.0,4.538854941056064e-05,0.0002251253218616,0.0050291235798625,0.0050339552313916,0.0,0.1305895139885969,0.0,5.443954910301414e-20,0.000957076243407366,0.0
high_auc,3000,0.0,0.0,0.2,True,beta_known_mean,0.0163927781172565,500,0,0.73,0.6894413425907917,0.7670514607968943,0.0,0.73,0.0113018589539543,0.012574104401361,0.0119667280255973,0.0003257958889729,-0.0184068777750264,0.0001414739670464,0.018676203474404,0.0031634540736245,0.0,0.1305895139885969,0.09163620921846939,0.0865449193335782,0.0962872440313927,0.0024948089553449796
high_auc,3000,0.0,0.0,0.25,False,beta_estimated_mean,0.0047772685273125,500,0,0.664,0.62148722415566,0.704011992172951,0.0,0.664,0.0029690113560856,0.0033632543330584,0.0031721063021355,0.0001010143465914,-0.0070021287216812,0.0002640724123074,0.0091557190797328,0.0059048386490175,0.0,0.1159824333619063,0.02734988575586618,0.025598802077390737,0.028997963187785983,0.0008709452256118772
high_auc,3000,0.0,0.0,0.25,False,risk_only,0.0047772685273125,500,0,0.184,0.1524894793781606,0.2203291037935404,0.0,0.184,0.0007284831905795,0.0010525712932038,0.0008790174090255,8.286733485413107e-05,0.00022959876982,0.0002597827048177,0.0058076462876616,0.0058089178735122,0.0,0.1159824333619063,0.007578884004637618,0.006280978674644411,0.00907526478530938,0.0007144817749732463
high_auc,3000,0.0,0.0,0.25,False,outcome_based,0.0047772685273125,500,0,0.222,0.1877693513816299,0.2604697819149931,0.006,0.222,0.0008970246127493,0.0012443340914584,0.0010605536130633,8.887828509365792e-05,-0.0001632685273125,0.0002782341085387,0.0062174232580736,0.0062215038035172,0.0,0.1159824333619063,0.009144088309942566,0.0077341420312355864,0.01072864273829845,0.0007663081599290658
high_auc,3000,0.0,0.0,0.25,False,beta_known_mean,0.0047772685273125,500,0,0.73,0.6894413425907917,0.7670514607968943,0.0,0.73,0.0032936464273871,0.0036644108024941,0.0034874060249381,9.494512983615244e-05,-0.0071252867181724,0.0001649086072215,0.0080212181328839,0.0036874685582223,0.0,0.1159824333619063,0.030068398496659893,0.0283978041494418,0.03159453286395397,0.0008186164670290196
high_auc,3000,0.0,0.0,0.3,False,beta_estimated_mean,-0.009404300087037,500,0,0.326,0.2863753160352474,0.3682779544453728,0.0,0.326,0.0026931594095155,0.0034633963990444,0.003065801828374,0.000197339922954,0.006864844025664,0.0002669100197252,0.0090925970906524,0.0059682894798154,0.0,0.1108932042962608,0.02764643557583064,0.024286063574468383,0.031231818225683484,0.0017795492898445724
high_auc,3000,0.0,0.0,0.3,False,risk_only,-0.009404300087037,500,0,0.058,0.0406837291117572,0.0820561878562549,0.0,0.058,0.0003826019972266,0.0007716810145985,0.0005454494050481,9.840465751703254e-05,0.0002166736929417,0.0002633163129164,0.0058860302694204,0.0058879317526589,0.0,0.1108932042962608,0.004918690992018634,0.0034501843431671937,0.006958776414620388,0.0008873822173461231
high_auc,3000,0.0,0.0,0.3,False,outcome_based,-0.009404300087037,500,0,0.068,0.0490665074249068,0.0935209227338743,0.002,0.07,0.0004773598549958,0.0009009055208622,0.0006583010060925,0.0001074154371625,-6.398562724906751e-05,0.0002875895329945,0.0064245821782453,0.006430697453933,0.0,0.1108932042962608,0.0059363511972635565,0.004304680868635483,0.008124082323884814,0.0009686385910134794
high_auc,3000,0.0,0.0,0.3,False,beta_known_mean,-0.009404300087037,500,0,0.27,0.2329485392031058,0.3105586574092084,0.0,0.27,0.0021907179675029,0.0029205868089035,0.0025391610234999,0.0001869043968696,0.0067629243616312,0.0001854817749062,0.0079312348876771,0.0041474985727765,0.0,0.1108932042962608,0.02289735461801889,0.01975520485141909,0.02633693225331373,0.0016854450013931307
high_auc,3000,0.0,0.0,0.4,False,beta_estimated_mean,-0.0105804843304684,500,0,0.306,0.2672134637311363,0.3477447803679459,0.0,0.306,0.0028272478658974,0.0036793081996852,0.0032376282051233,0.0002182708421117,0.0075231697906478,0.0002696679646722,0.0096377263124133,0.0060299590036116,0.0,0.1101137174634168,0.029402587431479103,0.02567570990268946,0.03341371342682695,0.0019822311619278163
high_auc,3000,0.0,0.0,0.4,False,risk_only,-0.0105804843304684,500,0,0.036,0.0228910609802927,0.0561843269680277,0.0,0.036,0.0002421985120097,0.0005944573911031,0.0003808974358968,8.82358437310881e-05,0.0002142948423818,0.0002629698974671,0.0058782099825926,0.005880185667728,0.0,0.1101137174634168,0.0034591279331146543,0.002199530790431863,0.0053985770782881545,0.0008013156377215472
high_auc,3000,0.0,0.0,0.4,False,outcome_based,-0.0105804843304684,500,0,0.04,0.0260407973897772,0.0609735958348508,0.002,0.042,0.0002923632241171,0.000670290460384,0.0004443803418796,9.500854677066138e-05,0.0001955954415796,0.0002685221161674,0.0060015178817869,0.0060043370521242,0.0,0.1101137174634168,0.004035649255300431,0.002655102659795608,0.00608725666360952,0.0008628220802937306
high_auc,3000,0.0,0.0,0.4,False,beta_known_mean,-0.0105804843304684,500,0,0.27,0.2329485392031058,0.3105586574092084,0.0,0.27,0.0024647083688439,0.0032858610084094,0.0028567307692264,0.0002102802998706,0.0074594584773802,0.0002190754586097,0.0089214659670777,0.0048986761765329,0.0,0.1101137174634168,0.02594345949836354,0.022383299970439672,0.029840614630970614,0.0019096648874874435
high_auc,3000,0.3,0.3,0.1,False,beta_estimated_mean,-0.003752097281456,500,0,0.428,0.3853417553894058,0.4717561496370578,0.0,0.428,0.001445839752828,0.0017700749665633,0.0016058976364631,8.310816933469605e-05,0.0026310914392729,0.0002139888471655,0.0054564149668743,0.0047849360868904,0.11111111111111112,0.04873550361247968,0.03295128843301577,0.029667073194207527,0.03632003027275659,0.0017052900488221195
high_auc,3000,0.3,0.3,0.1,False,risk_only,-0.003752097281456,500,0,0.216,0.1821677448541941,0.2541628805279675,0.0,0.216,0.0006835111002363,0.000953643853076,0.0008104530127944,6.912079490855378e-05,0.0001354458553528,0.0002084999780063,0.0046595057413017,0.0046622012412936,0.11111111111111112,0.04873550361247968,0.01662962219983847,0.014024910990378555,0.01956774389075567,0.0014182842031995346
high_auc,3000,0.3,0.3,0.1,False,outcome_based,-0.003752097281456,500,0,0.03,0.0182632131979133,0.0489036668359457,0.0,0.03,6.852535259054228e-05,0.0001834913153883,0.0001125629184436,2.865301397362941e-05,-1.5606422246990325e-05,0.0001056214044549,0.0023594550681992,0.0023617664024019,0.11111111111111112,0.04873550361247968,0.0023096697499761973,0.0014060663686872217,0.0037650439984642627,0.000587928960403566
high_auc,3000,0.3,0.3,0.1,False,beta_known_mean,-0.003752097281456,500,0,0.23,0.1952549251744704,0.2688622186747678,0.0,0.23,0.000732615473938,0.0010087971997758,0.0008629823747348,7.068594975774602e-05,0.0025148219521777,7.190537292727769e-05,0.00298401581705,0.0016078530181286,0.11111111111111112,0.04873550361247968,0.01770746808316179,0.015032479806988176,0.020699431112834087,0.0014503994935561823
high_auc,3000,0.3,0.3,0.15,False,beta_estimated_mean,0.0063934899374632,500,0,0.616,0.5726388276307122,0.6575923253822078,0.0,0.616,0.0036611605822577,0.0042043099152842,0.0039383898014773,0.0001392014250927,-0.0079866194719412,0.0002186006191373,0.0093611655098342,0.0048880584431455,0.058823529411764726,0.08465480268515249,0.04652293403984331,0.043248114296294105,0.04966416295270143,0.0016443417346375126
high_auc,3000,0.3,0.3,0.15,False,risk_only,0.0063934899374632,500,0,0.086,0.0644731424036077,0.1138398114985575,0.0,0.086,0.0004122083871941,0.0007278336892987,0.0005498401346218,8.024353205978238e-05,0.0001145096981893,0.0002128460935529,0.0047560002924541,0.0047593833392977,0.058823529411764726,0.08465480268515249,0.006495084947120618,0.0048692853106891325,0.008597665651713273,0.0009478910766377133
high_auc,3000,0.3,0.3,0.15,False,outcome_based,0.0063934899374632,500,0,0.026,0.0152563839233272,0.0439714908342242,0.002,0.026,9.754153709586924e-05,0.0002811312841838,0.000166230738374,4.554638004158092e-05,0.0001395296703795,0.0001592579475234,0.0035602882411053,0.0035611159661945,0.058823529411764726,0.08465480268515249,0.001963630332850035,0.0011522268554407362,0.0033209135839508287,0.0005380247617016683
high_auc,3000,0.3,0.3,0.15,False,beta_known_mean,0.0063934899374632,500,0,0.77,0.7311377813252322,0.8047450748255296,0.0,0.77,0.004674522047802,0.0051451295381201,0.0049229872518467,0.000120447279107,-0.0080871829505622,9.843304264009024e-05,0.0083807738875162,0.0022010297457537,0.058823529411764726,0.08465480268515249,0.05815366754980503,0.05521862788089469,0.06077776304382667,0.0014228050303887261
high_auc,3000,0.3,0.3,0.2,True,beta_estimated_mean,0.0163927781172565,500,0,0.658,0.6153562150800094,0.6982344933341402,0.0,0.658,0.0100873978968814,0.0114460031230416,0.0107864480011548,0.0003481194491133,-0.0183954894717292,0.0002225457890215,0.0190553882243814,0.004976275123584,0.0,0.1305895139885969,0.08259811735034618,0.07724508338213308,0.0876487152256426,0.002665753462745086
high_auc,3000,0.3,0.3,0.2,True,risk_only,0.0163927781172565,500,0,0.0,4.336808689942019e-19,0.0076243404615522,0.0,0.0,7.109234259120973e-21,0.0001249841214766,0.0,0.0,8.845365220798945e-05,0.0002194528332851,0.0049030029085247,0.0049071145308062,0.0,0.1305895139885969,0.0,5.443954910301414e-20,0.000957076243407366,0.0
high_auc,3000,0.3,0.3,0.2,True,outcome_based,0.0163927781172565,500,0,0.0,4.336808689942019e-19,0.0076243404615522,0.0,0.0,7.109234259120973e-21,0.0001249841214766,0.0,0.0,-4.4478392277230725e-07,0.0002066599709088,0.004616434082956,0.0046210574318029,0.0,0.1305895139885969,0.0,5.443954910301414e-20,0.000957076243407366,0.0
high_auc,3000,0.3,0.3,0.2,True,beta_known_mean,0.0163927781172565,500,0,0.77,0.7311377813252322,0.8047450748255296,0.0,0.77,0.0119853794224078,0.0131920074525699,0.0126224391502875,0.0003088243730014,-0.0184817944235591,0.0001214040889899,0.0186797072400405,0.0027146779572806,0.0,0.1305895139885969,0.09665737136742614,0.09177903383157064,0.10101888773184216,0.0023648481686543888
high_auc,3000,0.3,0.3,0.25,False,beta_estimated_mean,0.0047772685273125,500,0,0.682,0.6399250012484168,0.7212997388235782,0.0,0.682,0.0030570935683045,0.0034458425410406,0.0032580971356271,9.95944477750098e-05,-0.0071393208950076,0.0002257951412657,0.0087413181103134,0.0050489328485949,0.0,0.1159824333619063,0.028091298321537037,0.026358246500703123,0.029710038332170095,0.0008587028646333003
high_auc,3000,0.3,0.3,0.25,False,risk_only,0.0047772685273125,500,0,0.158,0.1286526978644355,0.1925623510112662,0.0,0.158,0.0006146084844616,0.0009199220590314,0.0007548084273153,7.800347844381193e-05,7.61795055408627e-05,0.0002220988591962,0.0049618975243301,0.0049662814688804,0.0,0.1159824333619063,0.00650795474311209,0.005299151489120801,0.007931563706384027,0.0006725456276677126
high_auc,3000,0.3,0.3,0.25,False,outcome_based,0.0047772685273125,500,0,0.222,0.1877693513816299,0.2604697819149931,0.014,0.222,0.0008970246127493,0.0012443340914584,0.0010605536130633,8.887828509365794e-05,-0.0002970463050903,0.0002498801670296,0.005589798327925,0.0055874903970728,0.0,0.1159824333619063,0.009144088309942566,0.0077341420312355864,0.01072864273829845,0.000766308159929066
high_auc,3000,0.3,0.3,0.25,False,beta_known_mean,0.0047772685273125,500,0,0.77,0.7311377813252322,0.8047450748255296,0.0,0.77,0.0034928415118541,0.0038444833184738,0.0036784967660306,8.999920251796863e-05,-0.0072124771417494,0.0001415138150209,0.0078748257302185,0.0031643451014223,0.0,0.1159824333619063,0.03171598197592894,0.030115263239521767,0.03314711725764236,0.0007759727047383047
high_auc,3000,0.3,0.3,0.3,False,beta_estimated_mean,-0.009404300087037,500,0,0.298,0.2595732118784324,0.3395070216680347,0.0,0.298,0.0024411043790608,0.0031928259134223,0.002802481425937,0.0001925541548639,0.0067259796154221,0.0002283045892336,0.008440863198405,0.0051050458110167,0.0,0.1108932042962608,0.02527189509692522,0.02201311067303257,0.02879189877940932,0.0017363927400769743
high_auc,3000,0.3,0.3,0.3,False,risk_only,-0.009404300087037,500,0,0.034,0.0213345198085321,0.0537713655016345,0.0,0.034,0.0002006362264922,0.0005056820572671,0.0003197462029592,7.629643183693049e-05,6.607770819821396e-05,0.0002253454594788,0.0050342699313097,0.0050388776581572,0.0,0.1108932042962608,0.0028833705815278846,0.0018092743172627866,0.004560081571059364,0.0006880171992604521
high_auc,3000,0.3,0.3,0.3,False,outcome_based,-0.009404300087037,500,0,0.044,0.0292339556286071,0.0657194428723284,0.0,0.044,0.0002749248914625,0.0006180453623242,0.0004137892038296,8.634386606576256e-05,-0.0001868427701062,0.0002491161205355,0.0055679684027993,0.0055704057980852,0.0,0.1108932042962608,0.003731420752565922,0.0024791861070946634,0.0055733384768379335,0.0007786217975547667
high_auc,3000,0.3,0.3,0.3,False,beta_known_mean,-0.009404300087037,500,0,0.23,0.1952549251744704,0.2688622186747678,0.0,0.23,0.0018362359098126,0.002528460986484,0.0021629890200185,0.0001771680832329,0.0066650638583163,0.0001591679318001,0.0075541350968654,0.0035591031534324,0.0,0.1108932042962608,0.01950515393386855,0.016558597269016925,0.022800865053272314,0.0015976459906378042
high_auc,3000,0.3,0.3,0.4,False,beta_estimated_mean,-0.0105804843304684,500,0,0.278,0.2405366075286252,0.3188485996363041,0.0,0.278,0.0025449938068606,0.0033735726122437,0.0029413746438702,0.0002122004361872,0.0073832191746347,0.0002308800900708,0.0090061883036195,0.0051626357604958,0.0,0.1101137174634168,0.026712154594611844,0.02311241383441737,0.030637169373239133,0.0019271026451150336
high_auc,3000,0.3,0.3,0.4,False,risk_only,-0.0105804843304684,500,0,0.02,0.0108991835962108,0.0364201832468793,0.0,0.02,0.0001153186412546,0.0003853431781563,0.0002116096866093,6.631065399635672e-05,7.082174906988809e-05,0.0002252946964699,0.0050332005869652,0.0050377425627699,0.0,0.1101137174634168,0.0019217377406189496,0.0010472686229389397,0.003499502033289567,0.000602201574189766
high_auc,3000,0.3,0.3,0.4,False,outcome_based,-0.0105804843304684,500,0,0.012,0.0055109951740277,0.0259303611164472,0.004,0.016,8.601143433817803e-05,0.0003306518641473,0.0001692877492874,5.943096965002884e-05,8.448433046855717e-05,0.0002309234323512,0.0051591305250917,0.0051636049233503,0.0,0.1101137174634168,0.0015373901924947966,0.0007811146178654235,0.003002821735240687,0.0005397235786701476
high_auc,3000,0.3,0.3,0.4,False,beta_known_mean,-0.0105804843304684,500,0,0.23,0.1952549251744704,0.2688622186747678,0.0,0.23,0.0020658916762552,0.0028446924917433,0.0024335113960077,0.0001993262774641,0.0073445268462731,0.0001879959634399,0.0084603766611314,0.0042037175374733,0.0,0.1101137174634168,0.022099984017124732,0.01876143793748089,0.02583413363270017,0.0018101857067020046
high_auc,3000,0.6,0.6,0.1,False,beta_estimated_mean,-0.003752097281456,500,0,0.4,0.3579789907947376,0.4435458772975729,0.0,0.4,0.0013431719981793,0.0016642272804092,0.0015008389125824,8.228666060542116e-05,0.0026003380595183,0.0001837336237723,0.0048587058185825,0.0041084087250725,0.11111111111111112,0.04873550361247968,0.030795596666371185,0.02756044153887341,0.034148149850718734,0.001688433575237541
high_auc,3000,0.6,0.6,0.1,False,risk_only,-0.003752097281456,500,0,0.194,0.1617264666432368,0.2309396297192332,0.0,0.194,0.0006068134358315,0.0008665079568499,0.0007279068726024,6.641898017269058e-05,0.0001009770512839,0.0001794507081609,0.0040098967739779,0.0040126398205834,0.11111111111111112,0.04873550361247968,0.014935864383188712,0.012451157592554631,0.017779809227784684,0.0013628458772237393
high_auc,3000,0.6,0.6,0.1,False,outcome_based,-0.003752097281456,500,0,0.036,0.0228910609802927,0.0561843269680277,0.0,0.036,8.58894876738e-05,0.0002108090604771,0.0001350755021324,3.129057792156244e-05,2.091209627151752e-05,9.957467236968644e-05,0.0022244279914526,0.0022265573625588,0.11111111111111112,0.04873550361247968,0.0027716036999730783,0.0017623597030360083,0.004325574680695784,0.0006420489294697649
high_auc,3000,0.6,0.6,0.1,False,beta_known_mean,-0.003752097281456,500,0,0.192,0.159876218595883,0.2288203751284331,0.0,0.192,0.000599871125163,0.0008585563074611,0.0007204026780395,6.615765634894966e-05,0.0025096442835451,6.22914118037549e-05,0.002869589552915,0.0013928783120762,0.11111111111111112,0.04873550361247968,0.014781886399857102,0.012308708861056917,0.017616649953756707,0.0013574837940529398
high_auc,3000,0.6,0.6,0.15,False,beta_estimated_mean,0.0063934899374632,500,0,0.64,0.597006617075836,0.6808585675949294,0.0,0.64,0.0038169557988733,0.0043530624007538,0.0040918335599764,0.0001373817203708,-0.0080154894380403,0.0001881129910562,0.009050189674034,0.0042063343545252,0.058823529411764726,0.08465480268515249,0.04833551588555131,0.045088473161638484,0.05142132829656077,0.0016228461470963326
high_auc,3000,0.6,0.6,0.15,False,risk_only,0.0063934899374632,500,0,0.062,0.0440192091426815,0.0866597131016382,0.0,0.062,0.0002814363707088,0.0005540580036987,0.0003963963761227,6.902159278450215e-05,7.539769591416292e-05,0.0001835572855044,0.004101052312075,0.0041044656815337,0.058823529411764726,0.08465480268515249,0.004682503101412621,0.0033245174731020995,0.006544909280095406,0.0008153299115374084
high_auc,3000,0.6,0.6,0.15,False,outcome_based,0.0063934899374632,500,0,0.026,0.0152563839233272,0.0439714908342242,0.0,0.026,9.754153709586924e-05,0.0002811312841838,0.000166230738374,4.55463800415809e-05,0.0001743531997913,0.0001531312889488,0.0034251344023539,0.0034241197157176,0.058823529411764726,0.08465480268515249,0.001963630332850035,0.0011522268554407362,0.0033209135839508287,0.0005380247617016681
high_auc,3000,0.6,0.6,0.15,False,beta_known_mean,0.0063934899374632,500,0,0.808,0.771179624871567,0.8401237814041169,0.0,0.808,0.004930529171593,0.0053713229426308,0.0051659398694703,0.0001127311683104,-0.0080942904248827,8.527351285365568e-05,0.0083154105074587,0.0019067737142097,0.058823529411764726,0.08465480268515249,0.061023588805509656,0.05824275782592733,0.06344971309670148,0.0013316570913249769
high_auc,3000,0.6,0.6,0.2,True,beta_estimated_mean,0.0163927781172565,500,0,0.672,0.6296734167218158,0.7117038101594103,0.0,0.672,0.0103220966066555,0.0116668026451493,0.0110159468947964,0.000344527463003,-0.0184225340863088,0.0001918201027381,0.0189142920331855,0.004289227891734,0.0,0.1305895139885969,0.08435552410248127,0.07904230815620332,0.0893395058210267,0.002638247532134044
high_auc,3000,0.6,0.6,0.2,True,risk_only,0.0163927781172565,500,0,0.0,4.336808689942019e-19,0.0076243404615522,0.0,0.0,7.109234259120973e-21,0.0001249841214766,0.0,0.0,5.0890956306855694e-05,0.0001901834952598,0.0042486822736212,0.0042526322359944,0.0,0.1305895139885969,0.0,5.443954910301414e-20,0.000957076243407366,0.0
high_auc,3000,0.6,0.6,0.2,True,outcome_based,0.0163927781172565,500,0,0.0,4.336808689942019e-19,0.0076243404615522,0.0,0.0,7.109234259120973e-21,0.0001249841214766,0.0,0.0,-7.4447839227752835e-06,0.0001729287284829,0.003862942356162,0.0038668039215038,0.0,0.1305895139885969,0.0,5.443954910301414e-20,0.000957076243407366,0.0
high_auc,3000,0.6,0.6,0.2,True,beta_known_mean,0.0163927781172565,500,0,0.808,0.771179624871567,0.8401237814041169,0.0,0.808,0.0126417764790687,0.0137719627395882,0.0132453647187433,0.0002890404219117,-0.0184905106245344,0.000105170056938,0.0186391601971044,0.00235167396511,0.0,0.1305895139885969,0.10142747540893589,0.0968054485613032,0.10545994329062877,0.0022133509275250006
high_auc,3000,0.6,0.6,0.25,False,beta_estimated_mean,0.0047772685273125,500,0,0.692,0.6501980013173227,0.7308742519454412,0.0,0.692,0.0031061704482147,0.003491582561242,0.0033058698209003,9.873196624395253e-05,-0.0071645766839923,0.0001948546763833,0.008383159498073,0.0043570830212693,0.0,0.1159824333619063,0.028503194191354945,0.026781387130604056,0.030104408573210607,0.0008512665528914521
high_auc,3000,0.6,0.6,0.25,False,risk_only,0.0047772685273125,500,0,0.146,0.1177487668264692,0.1796492662203097,0.0,0.146,0.0005625174778899,0.000858232785469,0.0006974812049876,7.551526379128868e-05,4.158640619956864e-05,0.0001926332545587,0.0043033018996303,0.0043074105192033,0.0,0.1159824333619063,0.006013679699331807,0.00485002307318942,0.007399679077184124,0.0006510922525280556
high_auc,3000,0.6,0.6,0.25,False,outcome_based,0.0047772685273125,500,0,0.212,0.1784395042882985,0.2499521158175555,0.004,0.212,0.0008524534278657,0.0011940883762303,0.0010127809277902,8.740985902234915e-05,-0.0003692685273125,0.000236758189171,0.0053016530322997,0.0052940740521614,0.0,0.1159824333619063,0.008732192440125517,0.0073498494828586934,0.010295424415733036,0.0007536473971847047
high_auc,3000,0.6,0.6,0.25,False,beta_known_mean,0.0047772685273125,500,0,0.808,0.771179624871567,0.8401237814041169,0.0,0.808,0.0036841321508036,0.0040134968999487,0.0038600329700685,8.423366075251491e-05,-0.0072225266194538,0.0001225831676331,0.0077241944971123,0.0027410429572497,0.0,0.1159824333619063,0.033281186281234755,0.0317645702371824,0.03460435156956198,0.0007262622305024074
high_auc,3000,0.6,0.6,0.3,False,beta_estimated_mean,-0.009404300087037,500,0,0.282,0.2443364332272433,0.3229877792139934,0.0,0.282,0.0022978131402652,0.003037474000174,0.0026520126245444,0.000189436203881,0.0067024908680911,0.0001971948383589,0.0080204364077199,0.0044094106338273,0.0,0.1108932042962608,0.023915014823264722,0.02072095539891149,0.027390984140553153,0.0017082760398455506
high_auc,3000,0.6,0.6,0.3,False,risk_only,-0.009404300087037,500,0,0.018,0.009498193296197,0.0338516709087392,0.0,0.018,8.932386004212049e-05,0.0003183512716734,0.0001692774015666,5.597166194685891e-05,3.36124314020689e-05,0.0001954594748336,0.0043663633083338,0.0043706067257443,0.0,0.1108932042962608,0.0015264903078673852,0.0008054944449389708,0.0028707915304070123,0.0005047348239421936
high_auc,3000,0.6,0.6,0.3,False,outcome_based,-0.009404300087037,500,0,0.026,0.0152563839233272,0.0439714908342242,0.002,0.028,0.0001575311930243,0.0004367959087185,0.000263320402437,6.945257532210751e-05,-0.0002622713415347,0.0002183738709633,0.0048851481931292,0.0048829881998386,0.0,0.1108932042962608,0.0023745404789054228,0.0014205666976981003,0.003938887973257242,0.0006263014560978772
high_auc,3000,0.6,0.6,0.3,False,beta_known_mean,-0.009404300087037,500,0,0.192,0.159876218595883,0.2288203751284331,0.0,0.192,0.0015035239364564,0.0021518954737361,0.0018056256167111,0.0001658183161815,0.0066539286511186,0.0001378643811224,0.0073320565803689,0.0030827412786569,0.0,0.1108932042962608,0.016282563283925088,0.013558305452510917,0.019405115826458805,0.0014952973650080668
high_auc,3000,0.6,0.6,0.4,False,beta_estimated_mean,-0.0105804843304684,500,0,0.236,0.2008812954715588,0.2751443562921407,0.0,0.236,0.002125421399021,0.0029111605503658,0.0024969943019905,0.000201121248494,0.0073632418180326,0.0001996408003888,0.0086084666585636,0.00446410400752,0.0,0.1101137174634168,0.02267650533931051,0.01930205834461207,0.026437764680254102,0.00182648677319262
high_auc,3000,0.6,0.6,0.4,False,risk_only,-0.0105804843304684,500,0,0.008,0.0031153151800622,0.0203870358341051,0.0,0.008,3.296154344711897e-05,0.0002157047131874,8.464387464374745e-05,4.219452527964196e-05,4.361225947438232e-05,0.0001953670148963,0.0043643864418058,0.0043685392586941,0.0,0.1101137174634168,0.0007686950962478292,0.00029934093777253334,0.0019589268090877397,0.0003831904530301621
high_auc,3000,0.6,0.6,0.4,False,outcome_based,-0.0105804843304684,500,0,0.008,0.0031153151800622,0.0203870358341051,0.0,0.008,3.296154344711897e-05,0.0002157047131874,8.464387464374745e-05,4.219452527964196e-05,7.150997135224879e-06,0.0002001391435618,0.004470775531472,0.0044752472996287,0.0,0.1101137174634168,0.0007686950962478292,0.00029934093777253334,0.0019589268090877397,0.0003831904530301621
high_auc,3000,0.6,0.6,0.4,False,beta_known_mean,-0.0105804843304684,500,0,0.192,0.159876218595883,0.2288203751284331,0.0,0.192,0.0016915678256682,0.0024210303935382,0.0020314529914499,0.0001865570090093,0.0073319013802889,0.0001627999396356,0.0081842644264848,0.003640317317582,0.0,0.1101137174634168,0.018448682309947548,0.01536200815516188,0.021986637535351048,0.0016942213314274856
high_auc,3000,0.9,0.9,0.1,False,beta_estimated_mean,-0.003752097281456,500,0,0.336,0.2959880078270491,0.37851277584434,0.0,0.336,0.0011105757995114,0.0014202167572419,0.0012607046865692,7.933731442287992e-05,0.0025827571633631,0.0001229550346197,0.0037702104574597,0.0027493581558562,0.11111111111111112,0.04873550361247968,0.02586830119975147,0.022787818267810313,0.029141316944926898,0.0016279161708008707
high_auc,3000,0.9,0.9,0.1,False,risk_only,-0.003752097281456,500,0,0.094,0.0714264085922213,0.1227645558625591,0.0,0.094,0.000267998833503,0.000460624556311,0.0003526971444568,4.901757733862456e-05,0.0001050630852309,0.0001221443655906,0.0027305204684466,0.0027312310452932,0.11111111111111112,0.04873550361247968,0.007236965216595915,0.005499047175832891,0.009451519368172654,0.0010057878488009028
high_auc,3000,0.9,0.9,0.1,False,outcome_based,-0.003752097281456,500,0,0.02,0.0108991835962108,0.0364201832468793,0.002,0.022,4.6255886315362456e-05,0.0001461849414341,8.254614019203216e-05,2.4637950871440225e-05,8.609728145671363e-05,8.80369637356279e-05,0.0019684805629684,0.0019685663544554,0.11111111111111112,0.04873550361247968,0.0016937578166504185,0.0009491209259509474,0.002999557419094085,0.0005055441935585374
high_auc,3000,0.9,0.9,0.1,False,beta_known_mean,-0.003752097281456,500,0,0.098,0.0749239188646062,0.1272060508664818,0.0,0.098,0.0002811218322879,0.0004772894776408,0.0003677055335826,4.993903243887566e-05,0.0025188436948012,4.2668221516709976e-05,0.0026931471451467,0.0009540904379038,0.11111111111111112,0.04873550361247968,0.007544921183259135,0.005768316965045444,0.009793465590013534,0.0010246951141813542
high_auc,3000,0.9,0.9,0.15,False,beta_estimated_mean,0.0063934899374632,500,0,0.716,0.674944056876268,0.7537622280443413,0.0,0.716,0.004315248035989,0.0048191712202413,0.0045777387952237,0.0001290634869353,-0.0080265827608876,0.0001263866218827,0.0085086336350002,0.0028260907797643,0.058823529411764726,0.08465480268515249,0.05407535839696174,0.050974639348440015,0.05692732210557179,0.00152458552665124
high_auc,3000,0.9,0.9,0.15,False,risk_only,0.0063934899374632,500,0,0.01,0.0042787538965904,0.0231930997557307,0.0,0.01,2.735616998273312e-05,0.0001482848499068,6.393489937463275e-05,2.8477726220225915e-05,0.0001071696346351,0.0001258568121678,0.0028134700954425,0.002814243874388,0.058823529411764726,0.08465480268515249,0.000755242435711757,0.0003231496514672178,0.0017516413151218357,0.0003363982351496354
high_auc,3000,0.9,0.9,0.15,False,outcome_based,0.0063934899374632,500,0,0.014,0.0067977897908434,0.0286130691377852,0.0,0.014,4.346160062474844e-05,0.0001829373696123,8.950885912448586e-05,3.3627159860587124e-05,0.0002717257488109,0.00014372832982,0.0032221256099348,0.0032138631577004,0.058823529411764726,0.08465480268515249,0.00105733940999646,0.0005133979319093153,0.002160980402880145,0.00039722684117111473
high_auc,3000,0.9,0.9,0.15,False,beta_known_mean,0.0063934899374632,500,0,0.902,0.8727939491335183,0.925076081135394,0.0,0.902,0.0055801993312639,0.0059144646161271,0.0057669279235918,8.509499552759592e-05,-0.0080816740129242,5.840816808973238e-05,0.0081863178772189,0.0013060463428987,0.058823529411764726,0.08465480268515249,0.0681228677011996,0.0659171028018072,0.06986567127353817,0.0010051998566942574
high_auc,3000,0.9,0.9,0.2,True,beta_estimated_mean,0.0163927781172565,500,0,0.762,0.7227638647789387,0.797240980819208,0.0,0.762,0.0118481076664919,0.0130689945045532,0.0124912969253495,0.0003125131180149,-0.0184279239322989,0.0001293272829498,0.0186530005083921,0.0028918459602122,0.0,0.1305895139885969,0.09565313893763511,0.09072786401155057,0.10007690591217291,0.0023930950385663333
high_auc,3000,0.9,0.9,0.2,True,risk_only,0.0163927781172565,500,0,0.0,4.336808689942019e-19,0.0076243404615522,0.0,0.0,7.109234259120973e-21,0.0001249841214766,0.0,0.0,0.0001031347677074,0.0001322038102067,0.002955009754548,0.0029561670650687,0.0,0.1305895139885969,0.0,5.443954910301414e-20,0.000957076243407366,0.0
high_auc,3000,0.9,0.9,0.2,True,outcome_based,0.0163927781172565,500,0,0.0,4.336808689942019e-19,0.0076243404615522,0.0,0.0,7.109234259120973e-21,0.0001249841214766,0.0,0.0,-0.0001087781172561,0.0001276704034154,0.0028540145236169,0.0028547970075174,0.0,0.1305895139885969,0.0,5.443954910301414e-20,0.000957076243407366,0.0
high_auc,3000,0.9,0.9,0.2,True,beta_known_mean,0.0163927781172565,500,0,0.902,0.8727939491335183,0.925076081135394,0.0,0.902,0.0143075175502299,0.0151645669396337,0.0147862858617654,0.0002181818371839,-0.0184750210523318,7.204242294207477e-05,0.0185449795935473,0.0016109175496226,0.0,0.1305895139885969,0.11322720645898524,0.10956099853070314,0.1161239250875677,0.001670745456660109
high_auc,3000,0.9,0.9,0.25,False,beta_estimated_mean,0.0047772685273125,500,0,0.796,0.758484663357909,0.8290017270888521,0.0,0.796,0.003623484910709,0.0039603638599093,0.0038027057477408,8.617891027377639e-05,-0.0071648954763319,0.0001317807238827,0.0077460596835491,0.0029467065672594,0.0,0.1159824333619063,0.03278691123745447,0.031241670015686278,0.034146238745927676,0.0007430341628103942
high_auc,3000,0.9,0.9,0.25,False,risk_only,0.0047772685273125,500,0,0.054,0.0373743501810575,0.077426561510647,0.0,0.054,0.0001785473068487,0.0003698874754828,0.0002579725004748,4.833612473883852e-05,8.82716515893889e-05,0.0001331942094954,0.0029766423884286,0.0029783130664117,0.0,0.1159824333619063,0.0022242376970125666,0.0015394340476679697,0.003189168090038428,0.0004167538422651703
high_auc,3000,0.9,0.9,0.25,False,outcome_based,0.0047772685273125,500,0,0.16,0.130476372350164,0.1947081791636914,0.004,0.16,0.0006233206671863,0.000930173256329,0.00076436296437,7.840233821085476e-05,-0.0002614907495348,0.0002216278979708,0.0049576931194269,0.0049557504557311,0.0,0.1159824333619063,0.006590333917076188,0.005374267887976782,0.008019949481716164,0.0006759845947205787
high_auc,3000,0.9,0.9,0.25,False,beta_known_mean,0.0047772685273125,500,0,0.902,0.8727939491335183,0.925076081135394,0.0,0.902,0.0041695710640244,0.0044193368477777,0.0043090962116359,6.358368401954241e-05,-0.0072046246723354,8.398417237807552e-05,0.0074448797124621,0.0018779431847143,0.0,0.1159824333619063,0.03715300745751723,0.035950022284959825,0.03810350170864067,0.0005482182273339513
high_auc,3000,0.9,0.9,0.3,False,beta_estimated_mean,-0.009404300087037,500,0,0.166,0.1359577432310101,0.2011353161973068,0.0,0.166,0.0012785874165007,0.0018915368716205,0.0015611138144481,0.0001566438235417,0.0067067018939106,0.0001337351884746,0.0073419694572585,0.0029904097241297,0.0,0.1108932042962608,0.01407763283922655,0.011529898740096307,0.017057283930285713,0.0014125646791052447
high_auc,3000,0.9,0.9,0.3,False,risk_only,-0.009404300087037,500,0,0.0,4.336808689942019e-19,0.0076243404615522,0.0,0.0,4.078465034028457e-21,7.170158566617552e-05,0.0,0.0,7.496639562142573e-05,0.0001348318962773,0.0030128492240894,0.0030149328561143,0.0,0.1108932042962608,0.0,3.677831351263405e-20,0.000646582323246955,0.0
high_auc,3000,0.9,0.9,0.3,False,outcome_based,-0.009404300087037,500,0,0.01,0.0042787538965904,0.0231930997557307,0.0,0.01,4.0238685642115935e-05,0.0002181148700514,9.404300087037008e-05,4.188840301479319e-05,-0.0001558903891538,0.0001709419393237,0.0038217344199584,0.0038223779653357,0.0,0.1108932042962608,0.0008480501710377676,0.00036285979738320844,0.001966891221473655,0.0003777364292124222
high_auc,3000,0.9,0.9,0.3,False,beta_known_mean,-0.009404300087037,500,0,0.098,0.0749239188646062,0.1272060508664818,0.0,0.098,0.0007046070166995,0.0011962838752352,0.0009216214085296,0.0001251677693519,0.0066738320496829,9.447478808333926e-05,0.0069995608100428,0.0021125204831423,0.0,0.1108932042962608,0.008310891676169881,0.006353924220794282,0.010787711319435084,0.0011287235331166323
high_auc,3000,0.9,0.9,0.4,False,beta_estimated_mean,-0.0105804843304684,500,0,0.14,0.1123226601878635,0.173166864944454,0.0,0.14,0.0011884281460742,0.0018321893011011,0.0014812678062655,0.0001643495498873,0.0073750981537962,0.0001360543968022,0.0079767763804592,0.0030422687988759,0.0,0.1101137174634168,0.013452164184336281,0.010792734760490062,0.016639064989426137,0.0014925438326237783
high_auc,3000,0.9,0.9,0.4,False,risk_only,-0.0105804843304684,500,0,0.0,4.336808689942019e-19,0.0076243404615522,0.0,0.0,4.588553638817085e-21,8.066921478360993e-05,0.0,0.0,7.174743995251947e-05,0.0001349085789367,0.0030144833231972,0.0030166475325044,0.0,0.1101137174634168,0.0,4.167104466654252e-20,0.0007325991406148898,0.0
high_auc,3000,0.9,0.9,0.4,False,outcome_based,-0.0105804843304684,500,0,0.0,4.336808689942019e-19,0.0076243404615522,0.0,0.0,4.588553638817085e-21,8.066921478360993e-05,0.0,0.0,0.0001111509971352,0.0001454654343227,0.0032513521253363,0.0032527059952212,0.0,0.1101137174634168,0.0,4.167104466654252e-20,0.0007325991406148898,0.0
high_auc,3000,0.9,0.9,0.4,False,beta_known_mean,-0.0105804843304684,500,0,0.098,0.0749239188646062,0.1272060508664818,0.0,0.098,0.0007927313495242,0.0013459016279335,0.0010368874643859,0.0001408223482929,0.007354682836588,0.0001116319658208,0.0077659349615818,0.0024961666403725,0.0,0.1101137174634168,0.00941651492903585,0.007199206127861135,0.012222833439263826,0.0012788810652922108
high_auc,3000,0.0,0.9,0.1,False,beta_estimated_mean,-0.003752097281456,500,0,0.376,0.3346400158192325,0.4192508206152326,0.0,0.376,0.0012556018936217,0.0015730698642786,0.0014107885778274,8.135983036171669e-05,0.0026605948995326,0.000144422704907,0.0041817300424659,0.0032293898566658,0.11111111111111112,0.04873550361247968,0.028947860866387762,0.02576359738899217,0.03227769793427937,0.0016694160177075283
high_auc,3000,0.0,0.9,0.1,False,risk_only,-0.003752097281456,500,0,0.136,0.1087154434072372,0.1688350764487728,0.0,0.136,0.0004079109196605,0.0006334856313578,0.000510285230278,5.757714714932072e-05,0.0001737510848381,0.0001419875412111,0.0031765169458422,0.0031749379410627,0.11111111111111112,0.04873550361247968,0.010470502866565874,0.00836989236643584,0.012998442293629722,0.0011814209945822118
high_auc,3000,0.0,0.9,0.1,False,outcome_based,-0.003752097281456,500,0,0.036,0.0228910609802927,0.0561843269680277,0.0,0.036,8.58894876738e-05,0.0002108090604771,0.0001350755021324,3.129057792156244e-05,3.883802219745286e-05,9.836016664807372e-05,0.0021975429145078,0.002199400189033,0.11111111111111112,0.04873550361247968,0.0027716036999730783,0.0017623597030360083,0.004325574680695784,0.0006420489294697649
high_auc,3000,0.0,0.9,0.1,False,beta_known_mean,-0.003752097281456,500,0,0.102,0.0784343521031695,0.131634622904226,0.0,0.102,0.000294293319299,0.0004939059107444,0.0003827139227085,5.083491143999663e-05,0.0025213616572813,4.3246419276513816e-05,0.0027000964323794,0.0009670193328574,0.11111111111111112,0.04873550361247968,0.007852877149924406,0.0060385816803920425,0.010134416885720367,0.0010430775855772498
high_auc,3000,0.0,0.9,0.15,False,beta_estimated_mean,0.0063934899374632,500,0,0.672,0.6296734167218158,0.7117038101594103,0.0,0.672,0.004025810653699,0.0045502711487084,0.0042964252379753,0.0001343721516959,-0.0079583205736673,0.0001419372990885,0.008566669048858,0.0031738144930474,0.058823529411764726,0.08465480268515249,0.050752291679829815,0.047555608494792255,0.05375089190901235,0.001587295078764236
high_auc,3000,0.0,0.9,0.15,False,risk_only,0.0063934899374632,500,0,0.014,0.0067977897908434,0.0286130691377852,0.0,0.014,4.346160062474844e-05,0.0001829373696123,8.950885912448586e-05,3.362715986058711e-05,0.0001548569513422,0.0001378312660415,0.0030828091356394,0.0030820008029365,0.058823529411764726,0.08465480268515249,0.00105733940999646,0.0005133979319093153,0.002160980402880145,0.00039722684117111457
high_auc,3000,0.0,0.9,0.15,False,outcome_based,0.0063934899374632,500,0,0.024,0.0137813146554969,0.0414770574639007,0.0,0.024,8.811069657493515e-05,0.000265183149531,0.0001534437584991,4.380445111734688e-05,0.0001957257488109,0.0001572652393959,0.0035184874554789,0.0035165576578719,0.058823529411764726,0.08465480268515249,0.0018125818457079969,0.0010408233647727677,0.003132523390518872,0.000517447914683164
high_auc,3000,0.0,0.9,0.15,False,beta_known_mean,0.0063934899374632,500,0,0.898,0.868365377095774,0.9215656478968306,0.0,0.898,0.0055518853005033,0.0058920206965402,0.005741353963842,8.662155332959106e-05,-0.0080782194377699,5.91996899092405e-05,0.0081857453126855,0.0013237453088397,0.058823529411764726,0.08465480268515249,0.06782077072691553,0.06558263824855667,0.06960054845858846,0.0010232325938051418
high_auc,3000,0.0,0.9,0.2,True,beta_estimated_mean,0.0163927781172565,500,0,0.726,0.685294423777199,0.7632593743341793,0.0,0.726,0.0112338794339728,0.0125119415693762,0.0119011569131282,0.0003272999052019,-0.0183683929697842,0.0001404215982906,0.0186343031718497,0.0031399223928714,0.0,0.1305895139885969,0.0911340930035731,0.08602436053903796,0.0958112270060883,0.00250632608396475
high_auc,3000,0.0,0.9,0.2,True,risk_only,0.0163927781172565,500,0,0.0,4.336808689942019e-19,0.0076243404615522,0.0,0.0,7.109234259120973e-21,0.0001249841214766,0.0,0.0,0.0001318276635035,0.0001371038310029,0.0030655034350374,0.0030657348609815,0.0,0.1305895139885969,0.0,5.443954910301414e-20,0.000957076243407366,0.0
high_auc,3000,0.0,0.9,0.2,True,outcome_based,0.0163927781172565,500,0,0.0,4.336808689942019e-19,0.0076243404615522,0.0,0.0,7.109234259120973e-21,0.0001249841214766,0.0,0.0,-0.0002032781172561,0.0001545422506163,0.0034581920563368,0.0034556697777393,0.0,0.1305895139885969,0.0,5.443954910301414e-20,0.000957076243407366,0.0
high_auc,3000,0.0,0.9,0.2,True,beta_known_mean,0.0163927781172565,500,0,0.898,0.868365377095774,0.9215656478968306,0.0,0.898,0.0142349209514388,0.0151070211864585,0.0147207147492964,0.0002220959003288,-0.0184707816817466,7.301844519283111e-05,0.0185426613761508,0.0016327420706251,0.0,0.1305895139885969,0.1127250902440897,0.10900508407345628,0.1156832637249699,0.0017007177187916746
high_auc,3000,0.0,0.9,0.25,False,beta_estimated_mean,0.0047772685273125,500,0,0.776,0.7374303353251315,0.8103610287400917,0.0,0.776,0.0035229027320343,0.0038713122383606,0.0037071603771945,8.916291335019944e-05,-0.0071134336251434,0.0001395469170221,0.0077664751092414,0.0031203639251208,0.0,0.1159824333619063,0.03196311949781951,0.030374450939838402,0.03337843607989094,0.0007687622234306772
high_auc,3000,0.0,0.9,0.25,False,risk_only,0.0047772685273125,500,0,0.054,0.0373743501810575,0.077426561510647,0.0,0.054,0.0001785473068487,0.0003698874754828,0.0002579725004748,4.833612473883852e-05,0.0001193538981028,0.0001359677127492,0.0030396328049965,0.0030403304845245,0.0,0.1159824333619063,0.0022242376970125666,0.0015394340476679697,0.003189168090038428,0.0004167538422651703
high_auc,3000,0.0,0.9,0.25,False,outcome_based,0.0047772685273125,500,0,0.172,0.1414541198436514,0.2075474474991268,0.002,0.172,0.0006757643147877,0.0009915098888616,0.0008216901866977,8.070654808752046e-05,-0.0002692685273125,0.0002221149159758,0.0049689725752293,0.0049666405093865,0.0,0.1159824333619063,0.007084608960856472,0.0058264367732230255,0.008548793641600341,0.0006958514815402038
high_auc,3000,0.0,0.9,0.25,False,beta_known_mean,0.0047772685273125,500,0,0.898,0.868365377095774,0.9215656478968306,0.0,0.898,0.0041484145862075,0.0044025665655499,0.0042899871375266,6.472434062711167e-05,-0.0071997298184611,8.51214370056301e-05,0.0074465893749253,0.0019033731948705,0.0,0.1159824333619063,0.036988249109589894,0.035767611231805906,0.03795890841341751,0.0005580529632892662
high_auc,3000,0.0,0.9,0.3,False,beta_estimated_mean,-0.009404300087037,500,0,0.19,0.1580273788297291,0.2266997122564333,0.0,0.19,0.0014861368924826,0.0021319521237044,0.001786817016537,0.0001651564411314,0.0067506434395432,0.000139065108743,0.0074311102789718,0.0031095903644792,0.0,0.1108932042962608,0.0161129532497173,0.01340151456451972,0.01922527297532773,0.0014893287842072836
high_auc,3000,0.0,0.9,0.3,False,risk_only,-0.009404300087037,500,0,0.0,4.336808689942019e-19,0.0076243404615522,0.0,0.0,4.078465034028457e-21,7.170158566617552e-05,0.0,0.0,0.000106058902631,0.0001368957838983,0.0030598587973549,0.0030610827862983,0.0,0.1108932042962608,0.0,3.677831351263405e-20,0.000646582323246955,0.0
high_auc,3000,0.0,0.9,0.3,False,outcome_based,-0.009404300087037,500,0,0.01,0.0042787538965904,0.0231930997557307,0.0,0.01,4.0238685642115935e-05,0.0002181148700514,9.404300087037008e-05,4.188840301479319e-05,-0.0001693189605823,0.0001719960161913,0.0038458290489408,0.0038459478406304,0.0,0.1108932042962608,0.0008480501710377676,0.00036285979738320844,0.001966891221473655,0.0003777364292124222
high_auc,3000,0.0,0.9,0.3,False,beta_known_mean,-0.009404300087037,500,0,0.102,0.0784343521031695,0.131634622904226,0.0,0.102,0.0007376201843105,0.0012379314956352,0.0009592386088777,0.0001274132108574,0.0066792666955369,9.575326794177088e-05,0.0070133999645358,0.0021411081618555,0.0,0.1108932042962608,0.008650111744584554,0.006651626571632684,0.011163276446841222,0.0011489722176032046
high_auc,3000,0.0,0.9,0.4,False,beta_estimated_mean,-0.0105804843304684,500,0,0.138,0.1105180088988837,0.1710020135952801,0.0,0.138,0.0011693340613892,0.0018092841253234,0.0014601068376046,0.0001633610257288,0.0074053670997355,0.0001385108066087,0.0080257646621366,0.0030971957919549,0.0,0.1101137174634168,0.013259990410274657,0.010619331435955644,0.016431051162399457,0.0014835665300562903
high_auc,3000,0.0,0.9,0.4,False,risk_only,-0.0105804843304684,500,0,0.0,4.336808689942019e-19,0.0076243404615522,0.0,0.0,4.588553638817085e-21,8.066921478360993e-05,0.0,0.0,0.0001027998092415,0.0001365983619996,0.0030531074233913,0.0030544322304625,0.0,0.1101137174634168,0.0,4.167104466654252e-20,0.0007325991406148898,0.0
high_auc,3000,0.0,0.9,0.4,False,outcome_based,-0.0105804843304684,500,0,0.0,4.336808689942019e-19,0.0076243404615522,0.0,0.0,4.588553638817085e-21,8.066921478360993e-05,0.0,0.0,9.026210824633516e-05,0.0001447869682902,0.0032355551417562,0.0032375350335319,0.0,0.1101137174634168,0.0,4.167104466654252e-20,0.0007325991406148898,0.0
high_auc,3000,0.0,0.9,0.4,False,beta_known_mean,-0.0105804843304684,500,0,0.102,0.0784343521031695,0.131634622904226,0.0,0.102,0.000829873433398,0.0013927580649852,0.0010792094017077,0.0001433486244053,0.0073608797206729,0.0001131397507824,0.007782676356021,0.0025298817370701,0.0,0.1101137174634168,0.009800862477159094,0.0075365127298849905,0.012648361140363074,0.0013018234939976925
high_auc,3000,0.9,0.0,0.1,False,beta_estimated_mean,-0.003752097281456,500,0,0.43,0.3873016475903593,0.4737657600742581,0.0,0.43,0.0014531934590272,0.0017776152204215,0.001613401831026,8.315636038214753e-05,0.002679930185173,0.0002395692743843,0.0059850940656512,0.0053569318284369,0.11111111111111112,0.04873550361247968,0.03310526641634738,0.029817963318533994,0.03647474815395787,0.001706278877168589
high_auc,3000,0.9,0.0,0.1,False,risk_only,-0.003752097281456,500,0,0.242,0.2065178085511286,0.2814163511270323,0.0,0.242,0.0007748749080369,0.001055901526021,0.0009080075421123,7.193928265081198e-05,0.0001996097472478,0.0002332109350583,0.0052133604159281,0.0052147550388681,0.11111111111111112,0.04873550361247968,0.0186313359831535,0.01589959784140772,0.02166596111157484,0.0014761165334996255
high_auc,3000,0.9,0.0,0.1,False,outcome_based,-0.003752097281456,500,0,0.042,0.0276323101084517,0.0633515857543301,0.0,0.042,0.0001036791156382,0.0002377013126847,0.0001575880858211,3.36923432726734e-05,2.2097281456721077e-05,9.864603036967622e-05,0.00220369619149,0.002205792296171,0.11111111111111112,0.04873550361247968,0.0032335376499679075,0.002127383692648473,0.004877374707662443,0.0006913305655067821
high_auc,3000,0.9,0.0,0.1,False,beta_known_mean,-0.003752097281456,500,0,0.274,0.2367406256658206,0.3147055762228011,0.0,0.274,0.0008882738579709,0.0011808059370046,0.0010280746551189,7.491476281475194e-05,0.0025568178983648,8.343727683405581e-05,0.0031640552411382,0.0018657142285841,0.11111111111111112,0.04873550361247968,0.02109498371646336,0.018226422056372066,0.024228864985037964,0.0015371701790636374
high_auc,3000,0.9,0.0,0.15,False,beta_estimated_mean,0.0063934899374632,500,0,0.608,0.5645405202499838,0.6498126222103209,0.0,0.608,0.0036093841355085,0.0041545704613383,0.0038872418819776,0.0001397277083501,-0.0079236998859397,0.0002483090233046,0.009672230768475,0.0055523585553572,0.058823529411764726,0.08465480268515249,0.04591874009127398,0.04263649575715739,0.049076606755436514,0.0016505585497585324
high_auc,3000,0.9,0.0,0.15,False,risk_only,0.0063934899374632,500,0,0.118,0.0925930082515064,0.1492319878611194,0.0,0.118,0.0005919924665354,0.0009541132127377,0.0007544318126206,9.2334289010371e-05,0.0002110435760608,0.0002428804924199,0.0054296422770266,0.005430972914596,0.058823529411764726,0.08465480268515249,0.008911860741397947,0.00699301690817394,0.011270632999833816,0.0010907153059440703
high_auc,3000,0.9,0.0,0.15,False,outcome_based,0.0063934899374632,500,0,0.018,0.009498193296197,0.0338516709087392,0.0,0.018,6.072660326331716e-05,0.0002164303173213,0.0001150828188743,3.80521946480216e-05,0.0002077257488109,0.0001528589178704,0.0034209221745323,0.0034180293132535,0.058823529411764726,0.08465480268515249,0.0013594363842807024,0.0007173438639880964,0.0025566218390024016,0.0004494983561599575
high_auc,3000,0.9,0.0,0.15,False,beta_known_mean,0.0063934899374632,500,0,0.726,0.685294423777199,0.7632593743341793,0.0,0.726,0.0043814230026192,0.00487989112948,0.0046416736945983,0.0001276530820751,-0.0080296743125132,0.0001142197198987,0.0084253009220739,0.0025540305806467,0.058823529411764726,0.08465480268515249,0.054830600832673104,0.05175634297931749,0.057644586895196664,0.0015079248669430652
high_auc,3000,0.9,0.0,0.2,True,beta_estimated_mean,0.0163927781172565,500,0,0.634,0.5909042816385175,0.6750523951177865,0.0,0.634,0.0096865627774371,0.0110659841306885,0.0103930213263406,0.0003534984056644,-0.0183204423123534,0.0002552360298613,0.0191871357049202,0.0057072511307717,0.0,0.1305895139885969,0.07958542006097151,0.07417565531550208,0.08473868837320878,0.0027069432672463087
high_auc,3000,0.9,0.0,0.2,True,risk_only,0.0163927781172565,500,0,0.0,4.336808689942019e-19,0.0076243404615522,0.0,0.0,7.109234259120973e-21,0.0001249841214766,0.0,0.0,0.0002158402185912,0.0002539578519521,0.0056770932433293,0.0056786702038472,0.0,0.1305895139885969,0.0,5.443954910301414e-20,0.000957076243407366,0.0
high_auc,3000,0.9,0.0,0.2,True,outcome_based,0.0163927781172565,500,0,0.0,4.336808689942019e-19,0.0076243404615522,0.0,0.0,7.109234259120973e-21,0.0001249841214766,0.0,0.0,0.0001398885494105,0.0002080464402706,0.004649510311806,0.0046520598292201,0.0,0.1305895139885969,0.0,5.443954910301414e-20,0.000957076243407366,0.0
high_auc,3000,0.9,0.0,0.2,True,beta_known_mean,0.0163927781172565,500,0,0.726,0.685294423777199,0.7632593743341793,0.0,0.726,0.0112338794339728,0.0125119415693762,0.0119011569131282,0.0003272999052019,-0.0184109022174154,0.0001408732677563,0.0186779044318637,0.0031500220291565,0.0,0.1305895139885969,0.0911340930035731,0.08602436053903796,0.0958112270060883,0.00250632608396475
high_auc,3000,0.9,0.0,0.25,False,beta_estimated_mean,0.0047772685273125,500,0,0.652,0.6092325025566356,0.6924496979430526,0.0,0.652,0.0029104672602796,0.0033080181487304,0.0031147790798078,0.0001018691776824,-0.0070537219072526,0.0002606218784096,0.0091459800313707,0.0058276823654762,0.0,0.1159824333619063,0.0268556107120859,0.02509403515615085,0.02852171706389545,0.0008783155752952005
high_auc,3000,0.9,0.0,0.25,False,risk_only,0.0047772685273125,500,0,0.184,0.1524894793781606,0.2203291037935404,0.0,0.184,0.0007284831905795,0.0010525712932038,0.0008790174090255,8.286733485413107e-05,0.0001985165233065,0.0002583668815328,0.005774892042373,0.0057772591024214,0.0,0.1159824333619063,0.007578884004637618,0.006280978674644411,0.00907526478530938,0.0007144817749732463
high_auc,3000,0.9,0.0,0.25,False,outcome_based,0.0047772685273125,500,0,0.224,0.1896389712599083,0.2625696646748685,0.006,0.224,0.0009059562889518,0.0012543657952782,0.001070108150118,8.916291335019944e-05,-0.0001554907495348,0.0002779570467619,0.006211036723097,0.0062153085138481,0.0,0.1159824333619063,0.009226467483906663,0.0078111509018343765,0.010815136041887774,0.0007687622234306772
high_auc,3000,0.9,0.0,0.25,False,beta_known_mean,0.0047772685273125,500,0,0.726,0.685294423777199,0.7632593743341793,0.0,0.726,0.0032738354826536,0.0036462949871829,0.0034682969508289,9.538343805604168e-05,-0.0071299283699735,0.0001642044930498,0.0080181340232181,0.0036717240867025,0.0,0.1159824333619063,0.02990364014873342,0.028226994276263136,0.03143833838875554,0.0008223955584585085
high_auc,3000,0.9,0.0,0.3,False,beta_estimated_mean,-0.009404300087037,500,0,0.332,0.2921404418575132,0.3744213365375685,0.0,0.332,0.0027473763827876,0.0035211706077887,0.0031222276288962,0.0001982592592006,0.0068207739512277,0.0002646078103453,0.0090256072731052,0.0059168105130956,0.0,0.1108932042962608,0.0281552656784531,0.024774975168430934,0.031752807849086837,0.0017878395746499778
high_auc,3000,0.9,0.0,0.3,False,risk_only,-0.009404300087037,500,0,0.06,0.0423483564809462,0.0843610631252197,0.0,0.06,0.0003982566525396,0.000793356753291,0.0005642580052222,9.99806044433635e-05,0.0001855811859321,0.0002622747732172,0.0058617131158886,0.0058646422169706,0.0,0.1108932042962608,0.005088301026226421,0.003591353095683148,0.007154241401226704,0.0009015936105178876
high_auc,3000,0.9,0.0,0.3,False,outcome_based,-0.009404300087037,500,0,0.066,0.0473785263597738,0.0912394011608535,0.002,0.068,0.0004614361600466,0.0008794988218059,0.0006394924059185,0.0001059835880913,-5.0557055820496605e-05,0.0002869584776036,0.0064103661972098,0.0064165866264164,0.0,0.1108932042962608,0.00576674116305667,0.004161086001391333,0.007931043452006695,0.0009557266269279736
high_auc,3000,0.9,0.0,0.3,False,beta_known_mean,-0.009404300087037,500,0,0.274,0.2367406256658206,0.3147055762228011,0.0,0.274,0.0022263798865542,0.0029595856778631,0.0025767782238481,0.0001877672292616,0.0067577778247848,0.0001846838909817,0.0079175452498637,0.0041296573458429,0.0,0.1108932042962608,0.023236574686434468,0.020076792808748075,0.026688611774228387,0.0016932257522288164
high_auc,3000,0.9,0.0,0.4,False,beta_estimated_mean,-0.0105804843304684,500,0,0.302,0.2633915508798565,0.3436276879429182,0.0,0.302,0.0027868101768621,0.0036357473677951,0.0031953062678014,0.0002174635424376,0.0074928083914627,0.0002686039044158,0.0095991696655194,0.0060061658929572,0.0,0.1101137174634168,0.029018239883354953,0.025308474194307033,0.033018114832087185,0.001974899653259351
high_auc,3000,0.9,0.0,0.4,False,risk_only,-0.0105804843304684,500,0,0.04,0.0260407973897772,0.0609735958348508,0.0,0.04,0.0002755242487354,0.0006451301753029,0.0004232193732187,9.28155810293258e-05,0.0001832424730928,0.000262119797479,0.0058581793358475,0.0058611768541169,0.0,0.1101137174634168,0.0038434754812388078,0.0025021791569877537,0.005858763014855367,0.00084290661660898
high_auc,3000,0.9,0.0,0.4,False,outcome_based,-0.0105804843304684,500,0,0.04,0.0260407973897772,0.0609735958348508,0.0,0.04,0.0002755242487354,0.0006451301753029,0.0004232193732187,9.28155810293258e-05,0.0002164843304685,0.0002688854027388,0.0060103449159384,0.0060124603868146,0.0,0.1101137174634168,0.0038434754812388078,0.0025021791569877537,0.005858763014855367,0.00084290661660898
high_auc,3000,0.9,0.0,0.4,False,beta_known_mean,-0.0105804843304684,500,0,0.274,0.2367406256658206,0.3147055762228011,0.0,0.274,0.0025048304802425,0.0033297374179363,0.0028990527065483,0.0002112510456484,0.0074536121561627,0.0002181145043607,0.0089048149191177,0.0048771885862921,0.0,0.1101137174634168,0.026327807046487694,0.02274766975399484,0.030239079150538552,0.0019184807353233183
high_auc,10000,-0.5,-0.5,0.1,False,beta_estimated_mean,-0.003752097281456,500,0,0.366,0.3249476048822134,0.4090957183614825,0.0,0.366,0.0012192350248941,0.0015349669327194,0.0013732676050128,8.091126454620645e-05,0.0024142057059164,0.000161132195774,0.0043340763564387,0.0036030254311448,0.11111111111111112,0.04873550361247968,0.02817797094972766,0.025017388444138106,0.03149586685149883,0.0016602119307019439
high_auc,10000,-0.5,-0.5,0.1,False,risk_only,-0.003752097281456,500,0,0.124,0.0979460911393034,0.1557874128877838,0.0,0.124,0.000367503262293,0.0005845295283813,0.0004652600629005,5.5358805775157726e-05,-8.819648641332583e-05,0.0001561978128888,0.0034903093328659,0.0034926892755621,0.11111111111111112,0.04873550361247968,0.009546634966574164,0.007540770794433601,0.011993915832473716,0.0011359030208314502
high_auc,10000,-0.5,-0.5,0.1,False,outcome_based,-0.003752097281456,500,0,0.002,0.0003531363945592,0.0112407067051467,0.0,0.002,1.32500210600903e-06,4.217622507002547e-05,7.504194562912014e-06,7.504194562912012e-06,5.0363948120635495e-05,6.621009631062505e-05,0.0014798787710984,0.0014805027614736,0.11111111111111112,0.04873550361247968,0.00015397798333185623,2.718761493765989e-05,0.0008654106748416861,0.00015397798333185617
high_auc,10000,-0.5,-0.5,0.1,False,beta_known_mean,-0.003752097281456,500,0,0.15,0.1213759576913881,0.1839610806316983,0.0,0.15,0.0004554144008879,0.0006902398705319,0.0005628145922184,5.997619494720909e-05,0.0025083644997496,5.316798420807429e-05,0.0027753347368262,0.0011888722691588,0.11111111111111112,0.04873550361247968,0.011548348749889194,0.009344612595144748,0.014162978103608856,0.0012306468693564709
high_auc,10000,-0.5,-0.5,0.15,False,beta_estimated_mean,0.0063934899374632,500,0,0.686,0.6440316011844003,0.7251321441639025,0.0,0.686,0.0041176095615808,0.004636125067043,0.0043859340970998,0.0001328356346611,-0.0081774805490494,0.0001640400998481,0.0089609629033275,0.0036680481429622,0.058823529411764726,0.08465480268515249,0.05180963108982645,0.04863999951538464,0.054765056677122524,0.0015691446964343097
high_auc,10000,-0.5,-0.5,0.15,False,risk_only,0.0063934899374632,500,0,0.04,0.0260407973897772,0.0609735958348508,0.0,0.04,0.000166491576075,0.000389834071421,0.0002557395974985,5.608585248238154e-05,-6.172160638328999e-05,0.0001584533141594,0.003540117016143,0.0035431238172069,0.058823529411764726,0.08465480268515249,0.0030209697428466614,0.0019667115248524552,0.004604984703240854,0.000662524165238157
high_auc,10000,-0.5,-0.5,0.15,False,outcome_based,0.0063934899374632,500,0,0.0,4.336808689942019e-19,0.0076243404615522,0.0,0.0,2.7727342719847586e-21,4.874614402072837e-05,0.0,0.0,6.033359194598154e-05,9.793718748941324e-05,0.0021885828282914,0.0021899420875146,0.058823529411764726,0.08465480268515249,0.0,3.275341958207724e-20,0.0005758225460878418,0.0
high_auc,10000,-0.5,-0.5,0.15,False,beta_known_mean,0.0063934899374632,500,0,0.85,0.8160389193683016,0.8786240423086119,0.0,0.85,0.0052173366195596,0.0056174739733134,0.0054344664468437,0.0001021980961894,-0.0080958821215816,7.277778076263733e-05,0.0082575004333963,0.0016273606503683,0.058823529411764726,0.08465480268515249,0.06419560703549836,0.061630722109930126,0.06635741617880639,0.0012072332927110397
high_auc,10000,-0.5,-0.5,0.2,True,beta_estimated_mean,0.0163927781172565,500,0,0.716,0.674944056876268,0.7537622280443413,0.0,0.716,0.0110642081659336,0.0123562569574998,0.0117372291319557,0.0003309161545675,-0.0185628497000665,0.0001665373554498,0.0189319571010661,0.0037238884757885,0.0,0.1305895139885969,0.0898788024663343,0.08472508877626828,0.0946190592192475,0.002534017812459243
high_auc,10000,-0.5,-0.5,0.2,True,risk_only,0.0163927781172565,500,0,0.0,4.336808689942019e-19,0.0076243404615522,0.0,0.0,7.109234259120973e-21,0.0001249841214766,0.0,0.0,-3.554339495564393e-05,0.0001623762965577,0.0036273858511532,0.0036308443703779,0.0,0.1305895139885969,0.0,5.443954910301414e-20,0.000957076243407366,0.0
high_auc,10000,-0.5,-0.5,0.2,True,outcome_based,0.0163927781172565,500,0,0.0,4.336808689942019e-19,0.0076243404615522,0.0,0.0,7.109234259120973e-21,0.0001249841214766,0.0,0.0,-3.852811725863592e-05,0.0001329812181616,0.002970825239444,0.0029735504354024,0.0,0.1305895139885969,0.0,5.443954910301414e-20,0.000957076243407366,0.0
high_auc,10000,-0.5,-0.5,0.2,True,beta_known_mean,0.0163927781172565,500,0,0.85,0.8160389193683016,0.8786240423086119,0.0,0.85,0.0133771449402504,0.0144030889740521,0.0139338613996681,0.0002620338392999,-0.0184926603132059,8.976466485068502e-05,0.0186010557574683,0.0020071989258361,0.0,0.1305895139885969,0.10669969566534115,0.10243659335020189,0.11029284461009467,0.002006545788376093
high_auc,10000,-0.5,-0.5,0.25,False,beta_estimated_mean,0.0047772685273125,500,0,0.75,0.7102363265170449,0.785951503252179,0.0,0.75,0.0033929896496239,0.0037547013804806,0.0035829513954844,9.26040576392404e-05,-0.0072851880520833,0.0001685846825657,0.0082009720007397,0.0037696681018221,0.0,0.1159824333619063,0.030892190236294848,0.0292543409486553,0.03237301780662422,0.0007984317534559989
high_auc,10000,-0.5,-0.5,0.25,False,risk_only,0.0047772685273125,500,0,0.1,0.0766775627373017,0.1294219096319401,0.0,0.1,0.0003663093072159,0.0006182832156293,0.0004777268527312,6.415797312728046e-05,-1.1156241526394524e-05,0.0001645445134697,0.0036756629363036,0.0036793271744307,0.0,0.1159824333619063,0.0041189586981721866,0.0031583171399145,0.005330835004125471,0.000553169745344839
high_auc,10000,-0.5,-0.5,0.25,False,outcome_based,0.0047772685273125,500,0,0.086,0.0644731424036077,0.1138398114985575,0.002,0.086,0.0003080055140616,0.0005438433486272,0.0004108450933488,5.995863041612844e-05,-5.246852731258378e-05,0.0001565683432277,0.0034978653991831,0.0035009745858182,0.0,0.1159824333619063,0.0035423044804278048,0.002655622107017824,0.004689014817702747,0.0005169630320570724
high_auc,10000,-0.5,-0.5,0.25,False,beta_known_mean,0.0047772685273125,500,0,0.85,0.8160389193683016,0.8786240423086119,0.0,0.85,0.0038984370465603,0.004197422984661,0.0040606782482156,7.636326220147483e-05,-0.0072255168306835,0.0001046431022912,0.0075942236417034,0.002339890900998,0.0,0.1159824333619063,0.03501114893446704,0.03361230604979458,0.036190161414906274,0.0006584036908692404
high_auc,10000,-0.5,-0.5,0.3,False,beta_estimated_mean,-0.009404300087037,500,0,0.238,0.2027590191807921,0.2772361352210613,0.0,0.238,0.0019068066617294,0.0026072118105892,0.0022382234207148,0.00017928426298,0.0065999230733606,0.0001701373803601,0.0076159964511533,0.0038043874799892,0.0,0.1108932042962608,0.020183594070698797,0.01719498208957152,0.023511015189206792,0.0016167290332870766
high_auc,10000,-0.5,-0.5,0.3,False,risk_only,-0.009404300087037,500,0,0.004,0.0010976305226827,0.014465715215177,0.0,0.004,1.0322446820000267e-05,0.0001360399268571,3.761720034814803e-05,2.6572711406163263e-05,5.33814061431645e-06,0.0001670534551483,0.0037316953355498,0.0037354288158786,0.0,0.1108932042962608,0.000339220068415107,9.308457524974169e-05,0.001226765226241074,0.00023962434465480827
high_auc,10000,-0.5,-0.5,0.3,False,outcome_based,-0.009404300087037,500,0,0.01,0.0042787538965904,0.0231930997557307,0.0,0.01,4.0238685642115935e-05,0.0002181148700514,9.404300087037008e-05,4.18884030147932e-05,-5.4071341533963394e-05,0.0001679719583498,0.0037525989030431,0.0037559671718396,0.0,0.1108932042962608,0.0008480501710377676,0.00036285979738320844,0.001966891221473655,0.00037773642921242227
high_auc,10000,-0.5,-0.5,0.3,False,beta_known_mean,-0.009404300087037,500,0,0.15,0.1213759576913881,0.1839610806316983,0.0,0.15,0.0011414559294813,0.0017300252065961,0.0014106450130555,0.0001503250297239,0.0066498062308143,0.00011771251287,0.0071508170522524,0.002632131805798,0.0,0.1108932042962608,0.012720752565566052,0.01029329016800526,0.015600822589400409,0.0013555837860207707
high_auc,10000,-0.5,-0.5,0.4,False,beta_estimated_mean,-0.0105804843304684,500,0,0.202,0.1691412206755787,0.2394028862395064,0.0,0.202,0.0017895960349942,0.002532998486526,0.0021372578347546,0.0001901657961284,0.0072925504211815,0.0001715598895263,0.0082382192673495,0.0038361957519329,0.0,0.1101137174634168,0.01940955118025748,0.016252253363335585,0.023003478084985558,0.0017269946062040725
high_auc,10000,-0.5,-0.5,0.4,False,risk_only,-0.0105804843304684,500,0,0.0,4.336808689942019e-19,0.0076243404615522,0.0,0.0,4.588553638817085e-21,8.066921478360993e-05,0.0,0.0,7.45484629967616e-06,0.000166934314896,0.0037290375774655,0.0037327647588492,0.0,0.1101137174634168,0.0,4.167104466654252e-20,0.0007325991406148898,0.0
high_auc,10000,-0.5,-0.5,0.4,False,outcome_based,-0.0105804843304684,500,0,0.002,0.0003531363945592,0.0112407067051467,0.0,0.002,3.736354089152522e-06,0.0001189321211571,2.1160968660936863e-05,2.1160968660936863e-05,-2.8049002865418144e-05,0.0001695986490747,0.0037886506738923,0.0037923410822328,0.0,0.1101137174634168,0.0001921737740619573,3.3931776850544116e-05,0.0010800845153249225,0.0001921737740619573
high_auc,10000,-0.5,-0.5,0.4,False,beta_known_mean,-0.0105804843304684,500,0,0.15,0.1213759576913881,0.1839610806316983,0.0,0.15,0.0012842164184493,0.0019463973310397,0.0015870726495702,0.0001691259962731,0.0073246507569332,0.0001390753685777,0.0079562645648202,0.0031098197813564,0.0,0.1101137174634168,0.01441303305464621,0.01166263793496897,0.017676247572754537,0.0015359212291537509
high_auc,10000,0.0,0.0,0.1,False,beta_estimated_mean,-0.003752097281456,500,0,0.332,0.2921404418575132,0.3744213365375685,0.0,0.332,0.0010961393576969,0.0014048652789417,0.0012456962974433,7.910083904017519e-05,0.0023728204850147,0.0001432080094965,0.0039829681786459,0.0032022284415675,0.11111111111111112,0.04873550361247968,0.025560345233086194,0.022491598043447983,0.028826321158235794,0.0016230639508549138
high_auc,10000,0.0,0.0,0.1,False,risk_only,-0.003752097281456,500,0,0.106,0.0819570502729703,0.1360509300107328,0.0,0.106,0.0003075108255253,0.0005104763246328,0.0003977223118343,5.1706543770510434e-05,-0.0001298490749745,0.0001390294666382,0.0031083963528696,0.0031087933827862,0.11111111111111112,0.04873550361247968,0.008160833116587626,0.006309790660428425,0.010474423916737419,0.0010609625414288314
high_auc,10000,0.0,0.0,0.1,False,outcome_based,-0.003752097281456,500,0,0.0,4.336808689942019e-19,0.0076243404615522,0.0,0.0,1.6272128095726233e-21,2.86072671186852e-05,0.0,0.0,5.096394812063065e-05,6.088407370761917e-05,0.0013610017153531,0.0013614092755734,0.11111111111111112,0.04873550361247968,0.0,3.338865280866706e-20,0.0005869902842526439,0.0
high_auc,10000,0.0,0.0,0.1,False,beta_known_mean,-0.003752097281456,500,0,0.108,0.0837228096370503,0.1382546732848066,0.0,0.108,0.000314136126435,0.0005187449837805,0.0004052265063972,5.213364880531323e-05,0.0024808289211337,4.616093234594251e-05,0.0026865958277682,0.0010321898263029,0.11111111111111112,0.04873550361247968,0.008314811099919234,0.006445734693394229,0.010644087889299356,0.001069726276347812
high_auc,10000,0.0,0.0,0.15,False,beta_estimated_mean,0.0063934899374632,500,0,0.722,0.6811514003636959,0.7594633924713748,0.0,0.722,0.0043549346241143,0.0048556215576374,0.0046160997348484,0.0001282267721508,-0.0082271250586334,0.0001453833249958,0.0088449197855395,0.003250869974856,0.058823529411764726,0.08465480268515249,0.05452850385838785,0.05144344426991508,0.05735789823639884,0.0015147016835855144
high_auc,10000,0.0,0.0,0.15,False,risk_only,0.0063934899374632,500,0,0.028,0.0167509747207564,0.0464464026749488,0.0,0.028,0.0001070971883198,0.0002969546081336,0.0001790177182489,4.72171599526987e-05,-0.0001150399925436,0.0001403393095405,0.0031370527536582,0.0031380823604795,0.058823529411764726,0.08465480268515249,0.0021146788199920726,0.0012651046948643312,0.0035078294286271195,0.0005577611482754075
high_auc,10000,0.0,0.0,0.15,False,outcome_based,0.0063934899374632,500,0,0.002,0.0003531363945592,0.0112407067051467,0.0,0.002,2.257773985166783e-06,7.186734520933178e-05,1.2786979874926553e-05,1.2786979874926553e-05,5.1651239004822326e-05,9.200418660064204e-05,0.0020558667894981,0.0020572761545361,0.058823529411764726,0.08465480268515249,0.00015104848714235142,2.667035907654146e-05,0.0008489458711116517,0.00015104848714235142
high_auc,10000,0.0,0.0,0.15,False,beta_known_mean,0.0063934899374632,500,0,0.892,0.8617453267151934,0.9162771903629496,0.0,0.892,0.0055095600750095,0.0058582089965126,0.0057029930242172,8.883457278343023e-05,-0.0081335727953751,6.318617563098597e-05,0.0082551353907922,0.0014128858394912,0.058823529411764726,0.08465480268515249,0.06736762526548823,0.06508266395115957,0.06920114170368345,0.0010493742819745633
high_auc,10000,0.0,0.0,0.2,True,beta_estimated_mean,0.0163927781172565,500,0,0.746,0.7060690794081029,0.7821797450848135,0.0,0.746,0.0115744337541926,0.0128220990089876,0.0122290124754734,0.0003194394576297,-0.0186195787780117,0.0001471959099033,0.0189076800581358,0.0032914006055379,0.0,0.1305895139885969,0.09364467407805224,0.08863218340182567,0.09818628324252152,0.002446134056809443
high_auc,10000,0.0,0.0,0.2,True,risk_only,0.0163927781172565,500,0,0.0,4.336808689942019e-19,0.0076243404615522,0.0,0.0,7.109234259120973e-21,0.0001249841214766,0.0,0.0,-0.0001002239925264,0.0001429705901667,0.0031952932706309,0.0031969195839611,0.0,0.1305895139885969,0.0,5.443954910301414e-20,0.000957076243407366,0.0
high_auc,10000,0.0,0.0,0.2,True,outcome_based,0.0163927781172565,500,0,0.0,4.336808689942019e-19,0.0076243404615522,0.0,0.0,7.109234259120973e-21,0.0001249841214766,0.0,0.0,-9.90281172586212e-05,0.0001201700297374,0.0026862210920746,0.0026870835535103,0.0,0.1305895139885969,0.0,5.443954910301414e-20,0.000957076243407366,0.0
high_auc,10000,0.0,0.0,0.2,True,beta_known_mean,0.0163927781172565,500,0,0.892,0.8617453267151934,0.9162771903629496,0.0,0.892,0.0141263999344249,0.0150203286755231,0.0146223580805928,0.0002277700371822,-0.0185391540596869,7.793476348793416e-05,0.0186207162349198,0.0017426742896938,0.0,0.1305895139885969,0.11197191592174566,0.10817407541357739,0.11501940865508298,0.0017441678908621172
high_auc,10000,0.0,0.0,0.25,False,beta_estimated_mean,0.0047772685273125,500,0,0.772,0.7332341279039163,0.8066182308849994,0.0,0.772,0.0035028563223868,0.0038534318879634,0.0036880513030853,8.972334458453703e-05,-0.0073480574363084,0.0001486205109063,0.0080632430300755,0.0033232556523741,0.0,0.1159824333619063,0.03179836114989304,0.030201610889268433,0.033224271782083814,0.00077359425892168
high_auc,10000,0.0,0.0,0.25,False,risk_only,0.0047772685273125,500,0,0.068,0.0490665074249068,0.0935209227338743,0.0,0.068,0.0002344038816661,0.0004467745608217,0.0003248542598572,5.383835640233067e-05,-8.155818215872604e-05,0.0001443572709838,0.0032257283764039,0.0032279267096615,0.0,0.1159824333619063,0.0028008919147569492,0.0020210291754672607,0.003852088181557676,0.0004641940580289078
high_auc,10000,0.0,0.0,0.25,False,outcome_based,0.0047772685273125,500,0,0.076,0.0558690270374278,0.1025964136739684,0.0,0.076,0.0002669013445174,0.0004901306180597,0.0003630724080757,5.6672472751729625e-05,-7.02685273125841e-05,0.0001504885379174,0.0033623936248085,0.0033650260061798,0.0,0.1159824333619063,0.0031304086106107585,0.002301222148741898,0.004225903905036366,0.00048862979598722
high_auc,10000,0.0,0.0,0.25,False,beta_known_mean,0.0047772685273125,500,0,0.892,0.8617453267151934,0.9162771903629496,0.0,0.892,0.0041167888278751,0.0043773021838153,0.0042613235263628,6.637792705495722e-05,-0.0072797284004029,9.085343921142284e-05,0.0075573384828581,0.0020315446606638,0.0,0.1159824333619063,0.03674111158770018,0.03549493409083132,0.03774107903182688,0.0005723101777648909
high_auc,10000,0.0,0.0,0.3,False,beta_estimated_mean,-0.009404300087037,500,0,0.208,0.1747163117096292,0.2457363031199172,0.0,0.208,0.0016430846254176,0.0023109779368187,0.0019560944181036,0.0001708718274925,0.0065317251648122,0.0001496234234828,0.0073372086577352,0.0033456814593379,0.0,0.1108932042962608,0.017639443557584688,0.014816819802843438,0.020839671389102636,0.0015408683388388805
high_auc,10000,0.0,0.0,0.3,False,risk_only,-0.009404300087037,500,0,0.0,4.336808689942019e-19,0.0076243404615522,0.0,0.0,4.078465034028457e-21,7.170158566617552e-05,0.0,0.0,-6.554593327134714e-05,0.0001462387679977,0.0032673841409984,0.0032699982618871,0.0,0.1108932042962608,0.0,3.677831351263405e-20,0.000646582323246955,0.0
high_auc,10000,0.0,0.0,0.3,False,outcome_based,-0.009404300087037,500,0,0.002,0.0003531363945592,0.0112407067051467,0.0,0.002,3.3210006260897207e-06,0.0001057109790455,1.8808600174074014e-05,1.8808600174074014e-05,-7.024277010539484e-05,0.0001529613431507,0.0034176195112225,0.0034203196121467,0.0,0.1108932042962608,0.0001696100342075535,2.9947737980565336e-05,0.0009532683243878855,0.0001696100342075535
high_auc,10000,0.0,0.0,0.3,False,beta_known_mean,-0.009404300087037,500,0,0.108,0.0837228096370503,0.1382546732848066,0.0,0.108,0.0007873544259566,0.0013001884360055,0.0010156644093999,0.0001306683812332,0.0065888069177602,0.0001022022514482,0.0069731328253422,0.0022853118169171,0.0,0.1108932042962608,0.009158941847207017,0.00710011430324544,0.011724689932594371,0.0011783263191142723
high_auc,10000,0.0,0.0,0.4,False,beta_estimated_mean,-0.0105804843304684,500,0,0.164,0.1341289203158717,0.1989946364742914,0.0,0.164,0.0014191489396647,0.0021054596330635,0.0017351994301968,0.0001753801100574,0.0072158491033772,0.0001502027857747,0.0079577858624815,0.0033586363940229,0.0,0.1101137174634168,0.015758249473080292,0.012888030413978036,0.019120775154675886,0.0015927180926905563
high_auc,10000,0.0,0.0,0.4,False,risk_only,-0.0105804843304684,500,0,0.0,4.336808689942019e-19,0.0076243404615522,0.0,0.0,4.588553638817085e-21,8.066921478360993e-05,0.0,0.0,-6.464323990024942e-05,0.0001461036212623,0.0032643477990709,0.0032669762890141,0.0,0.1101137174634168,0.0,4.167104466654252e-20,0.0007325991406148898,0.0
high_auc,10000,0.0,0.0,0.4,False,outcome_based,-0.0105804843304684,500,0,0.0,4.336808689942019e-19,0.0076243404615522,0.0,0.0,4.588553638817085e-21,8.066921478360993e-05,0.0,0.0,-3.631566953208662e-05,0.0001473013683863,0.0032906637170889,0.0032937587289053,0.0,0.1101137174634168,0.0,4.167104466654252e-20,0.0007325991406148898,0.0
high_auc,10000,0.0,0.0,0.4,False,beta_known_mean,-0.0105804843304684,500,0,0.108,0.0837228096370503,0.1382546732848066,0.0,0.108,0.0008858278754676,0.0014628014043039,0.0011426923076905,0.0001470109149357,0.0072525286791332,0.0001207560642253,0.0077379327819647,0.0027001876830326,0.0,0.1101137174634168,0.010377383799344872,0.008044664151511364,0.013284461173421813,0.0013350826611093353
high_auc,10000,0.3,0.3,0.1,False,beta_estimated_mean,-0.003752097281456,500,0,0.308,0.2691257480545588,0.3498019986826773,0.0,0.308,0.0010097859876453,0.0013124911283051,0.0011556459626884,7.7544718288033e-05,0.0023485300409743,0.0001245613780637,0.0036411325530699,0.0027852770872162,0.11111111111111112,0.04873550361247968,0.02371260943310483,0.020719719974058595,0.026930903161304587,0.0015911340304314854
high_auc,10000,0.3,0.3,0.1,False,risk_only,-0.003752097281456,500,0,0.078,0.0575813934761615,0.1048535498733885,0.0,0.078,0.0002160509899243,0.0003934207194309,0.0002926635879535,4.5043961537566544e-05,-0.0001533184853318,0.0001217020224765,0.0027229370747612,0.0027213399525674,0.11111111111111112,0.04873550361247968,0.006005141349940985,0.004433133422447612,0.0080725690773442,0.0009242535358972295
high_auc,10000,0.3,0.3,0.1,False,outcome_based,-0.003752097281456,500,0,0.0,4.336808689942019e-19,0.0076243404615522,0.0,0.0,1.6272128095726233e-21,2.86072671186852e-05,0.0,0.0,5.0475059231729066e-05,5.7887065601817134e-05,0.0012940838462924,0.0012943941370365,0.11111111111111112,0.04873550361247968,0.0,3.338865280866706e-20,0.0005869902842526439,0.0
high_auc,10000,0.3,0.3,0.1,False,beta_known_mean,-0.003752097281456,500,0,0.086,0.0644731424036077,0.1138398114985575,0.0,0.086,0.0002419095023395,0.0004271380472452,0.0003226803662052,4.709189213417243e-05,0.0024650590373604,4.042313442966419e-05,0.0026252422605228,0.0009038887644834,0.11111111111111112,0.04873550361247968,0.0066210532832694765,0.004963722223187498,0.008764412298713232,0.0009662748641857398
high_auc,10000,0.3,0.3,0.15,False,beta_estimated_mean,0.0063934899374632,500,0,0.744,0.7039870300464813,0.7802922918082812,0.0,0.744,0.0045009339927068,0.0049887909159564,0.0047567565134726,0.0001249091242841,-0.0082558297690528,0.0001265960551041,0.0087267393222425,0.0028307738489613,0.058823529411764726,0.08465480268515249,0.056190037216953814,0.05316808792817863,0.05893098510323949,0.0014755113746902355
high_auc,10000,0.3,0.3,0.15,False,risk_only,0.0063934899374632,500,0,0.012,0.0055109951740277,0.0259303611164472,0.0,0.012,3.5234492190554794e-05,0.0001657855028727,7.672187924955931e-05,3.116425924883422e-05,-0.0001469726456814,0.0001232266828017,0.0027565964195701,0.0027554323938653,0.058823529411764726,0.08465480268515249,0.0009062909228541085,0.00041621374184284206,0.0019583709088459894,0.00036813338712441513
high_auc,10000,0.3,0.3,0.15,False,outcome_based,0.0063934899374632,500,0,0.0,4.336808689942019e-19,0.0076243404615522,0.0,0.0,2.7727342719847586e-21,4.874614402072837e-05,0.0,0.0,4.412182724012287e-05,8.801035368076995e-05,0.0019664974169296,0.00196797133554,0.058823529411764726,0.08465480268515249,0.0,3.275341958207724e-20,0.0005758225460878418,0.0
high_auc,10000,0.3,0.3,0.15,False,beta_known_mean,0.0063934899374632,500,0,0.914,0.8861601885014425,0.9355268575963924,0.0,0.914,0.0056656562481645,0.0059812815502691,0.0058436498028414,8.024353205978239e-05,-0.0081551665641642,5.533274356989684e-05,0.0082483050520842,0.0012372777600385,0.058823529411764726,0.08465480268515249,0.06902915862405419,0.06692657791946154,0.07065495826048568,0.0009478910766377135
high_auc,10000,0.3,0.3,0.2,True,beta_estimated_mean,0.0163927781172565,500,0,0.784,0.7458371194720326,0.8178322551458059,0.0,0.784,0.0122263424111188,0.0134065426957407,0.0128519380439291,0.00030198626774,-0.0186520398733652,0.000128293448077,0.0188709230468076,0.002868728709681,0.0,0.1305895139885969,0.09841477811956123,0.09362422783950637,0.10266170909336077,0.002312484812267312
high_auc,10000,0.3,0.3,0.2,True,risk_only,0.0163927781172565,500,0,0.0,4.336808689942019e-19,0.0076243404615522,0.0,0.0,7.109234259120973e-21,0.0001249841214766,0.0,0.0,-0.0001428564204956,0.0001258614117369,0.0028151579607751,0.002814346723878,0.0,0.1305895139885969,0.0,5.443954910301414e-20,0.000957076243407366,0.0
high_auc,10000,0.3,0.3,0.2,True,outcome_based,0.0163927781172565,500,0,0.0,4.336808689942019e-19,0.0076243404615522,0.0,0.0,7.109234259120973e-21,0.0001249841214766,0.0,0.0,-6.982811725862337e-05,0.0001092935920973,0.0024424322945495,0.0024438790143483,0.0,0.1305895139885969,0.0,5.443954910301414e-20,0.000957076243407366,0.0
high_auc,10000,0.3,0.3,0.2,True,beta_known_mean,0.0163927781172565,500,0,0.914,0.8861601885014425,0.9355268575963924,0.0,0.914,0.0145266273464504,0.0153358841993119,0.0149829991991725,0.0002057427835606,-0.0185657635951478,6.824649633460949e-05,0.0186282503853054,0.0015260380503037,0.0,0.1305895139885969,0.11473355510367256,0.11123884991040604,0.1174358011673972,0.0015754923751271905
high_auc,10000,0.3,0.3,0.25,False,beta_estimated_mean,0.0047772685273125,500,0,0.806,0.7690603702807669,0.8382735333567634,0.0,0.806,0.0036740079025456,0.0040046577681843,0.0038504784330139,8.456638508905186e-05,-0.0073837443774941,0.0001296354042981,0.0079313015777926,0.0028987357630122,0.0,0.1159824333619063,0.033198807107271515,0.03167727901587814,0.03452814061667725,0.0007291309781816248
high_auc,10000,0.3,0.3,0.25,False,risk_only,0.0047772685273125,500,0,0.05,0.0340937452438494,0.0727681611715476,0.0,0.05,0.0001628749761316,0.0003476330461552,0.0002388634263656,4.660968688070229e-05,-0.0001261918551389,0.0001267657401123,0.0028345425141549,0.0028345681210926,0.0,0.1159824333619063,0.0020594793490860933,0.0014043072852539,0.002997290504075403,0.000401868503097047
high_auc,10000,0.3,0.3,0.25,False,outcome_based,0.0047772685273125,500,0,0.072,0.0524580314181262,0.0980684040169625,0.0,0.072,0.0002506061024985,0.000468499100034,0.0003439633339665,5.528020143713792e-05,-0.0001309351939792,0.0001429241171853,0.0031953667017035,0.0031958804165059,0.0,0.1159824333619063,0.0029656502626842847,0.002160724647986304,0.004039397057415727,0.00047662563920041314
high_auc,10000,0.3,0.3,0.25,False,beta_known_mean,0.0047772685273125,500,0,0.914,0.8861601885014425,0.9355268575963924,0.0,0.914,0.0042334251786853,0.0044692630132508,0.0043664234339637,5.995863041612844e-05,-0.0073106961849339,7.955549275545205e-05,0.0075235954068358,0.0017789148978468,0.0,0.1159824333619063,0.037647282501298375,0.03650057216402343,0.03853396487470749,0.0005169630320570724
high_auc,10000,0.3,0.3,0.3,False,beta_estimated_mean,-0.009404300087037,500,0,0.164,0.1341289203158717,0.1989946364742914,0.0,0.164,0.0012613886170007,0.001871405277115,0.001542305214274,0.0001558839021696,0.0064932697900379,0.0001305951175443,0.0071184998310533,0.0029201956035878,0.0,0.1108932042962608,0.013908022805018763,0.01137480538149832,0.016875743549761433,0.001405711947443981
high_auc,10000,0.3,0.3,0.3,False,risk_only,-0.009404300087037,500,0,0.0,4.336808689942019e-19,0.0076243404615522,0.0,0.0,4.078465034028457e-21,7.170158566617552e-05,0.0,0.0,-0.0001098169450838,0.0001282730494804,0.0028675064773617,0.0028682725831948,0.0,0.1108932042962608,0.0,3.677831351263405e-20,0.000646582323246955,0.0
high_auc,10000,0.3,0.3,0.3,False,outcome_based,-0.009404300087037,500,0,0.002,0.0003531363945592,0.0112407067051467,0.0,0.002,3.3210006260897207e-06,0.0001057109790455,1.8808600174074014e-05,1.8808600174074014e-05,-0.0001310999129625,0.0001401607097064,0.0031336966086945,0.0031340887467828,0.0,0.1108932042962608,0.0001696100342075535,2.9947737980565336e-05,0.0009532683243878855,0.0001696100342075535
high_auc,10000,0.3,0.3,0.3,False,beta_known_mean,-0.009404300087037,500,0,0.086,0.0644731424036077,0.1138398114985575,0.0,0.086,0.0006063247787177,0.0010705837491841,0.0008087698074851,0.0001180316639136,0.0065540503168621,8.948747364198795e-05,0.0068521216799933,0.002001000741982,0.0,0.1108932042962608,0.0072932314709240565,0.005467645944271309,0.009654187161225342,0.00106437238118098
high_auc,10000,0.3,0.3,0.4,False,beta_estimated_mean,-0.0105804843304684,500,0,0.136,0.1087154434072372,0.1688350764487728,0.0,0.136,0.0011502620454502,0.0017863568807996,0.0014389458689437,0.0001623609564222,0.0071730740856339,0.0001312339888646,0.0077489966702035,0.0029344812005986,0.0,0.1101137174634168,0.013067816636213037,0.010446128529193946,0.016222836917599147,0.0014744843799878189
high_auc,10000,0.3,0.3,0.4,False,risk_only,-0.0105804843304684,500,0,0.0,4.336808689942019e-19,0.0076243404615522,0.0,0.0,4.588553638817085e-21,8.066921478360993e-05,0.0,0.0,-0.0001079594203482,0.0001279851133043,0.0028610085041777,0.0028618341345653,0.0,0.1101137174634168,0.0,4.167104466654252e-20,0.0007325991406148898,0.0
high_auc,10000,0.3,0.3,0.4,False,outcome_based,-0.0105804843304684,500,0,0.0,4.336808689942019e-19,0.0076243404615522,0.0,0.0,4.588553638817085e-21,8.066921478360993e-05,0.0,0.0,-9.898233619875634e-05,0.0001323925438577,0.0029590813695755,0.0029603872777997,0.0,0.1101137174634168,0.0,4.167104466654252e-20,0.0007325991406148898,0.0
high_auc,10000,0.3,0.3,0.4,False,beta_known_mean,-0.0105804843304684,500,0,0.086,0.0644731424036077,0.1138398114985575,0.0,0.086,0.0006821570729374,0.0012044803417439,0.0009099216524202,0.0001327937389257,0.0072117117357465,0.0001057160964233,0.0075885147946061,0.0023638837791849,0.0,0.1101137174634168,0.008263472284663391,0.00619502355066737,0.010938513107089185,0.0012059690834597262
high_auc,10000,0.6,0.6,0.1,False,beta_estimated_mean,-0.003752097281456,500,0,0.304,0.2653020630572646,0.3456866784036638,0.0,0.304,0.0009954391495618,0.0012970500462739,0.0011406375735626,7.726187237688786e-05,0.0024177910450423,0.0001038857431689,0.0033512751463782,0.0023229558361878,0.11111111111111112,0.04873550361247968,0.02340465346644161,0.02042533832166861,0.02661406880264114,0.0015853303372267492
high_auc,10000,0.6,0.6,0.1,False,risk_only,-0.003752097281456,500,0,0.038,0.0244601180558303,0.0585847725306438,0.0,0.038,9.177674246137418e-05,0.0002198157657469,0.0001425796966953,3.2114646907528865e-05,-8.872967102404683e-05,0.000101659327623,0.0022726301463314,0.002273171671121,0.11111111111111112,0.04873550361247968,0.002925581683304688,0.0018831598251479432,0.004510382564111062,0.0006589579367618412
high_auc,10000,0.6,0.6,0.1,False,outcome_based,-0.003752097281456,500,0,0.0,4.336808689942019e-19,0.0076243404615522,0.0,0.0,1.6272128095726233e-21,2.86072671186852e-05,0.0,0.0,8.11950367617953e-06,5.3391335073478245e-05,0.0011926997200231,0.0011938665463376,0.11111111111111112,0.04873550361247968,0.0,3.338865280866706e-20,0.0005869902842526439,0.0
high_auc,10000,0.6,0.6,0.1,False,beta_known_mean,-0.003752097281456,500,0,0.044,0.0292339556286071,0.0657194428723284,0.0,0.044,0.0001096886454403,0.00024658574294,0.000165092280384,3.4449196871366745e-05,0.0024735028555452,3.4584544851906105e-05,0.002591344372513,0.0007733339325975,0.11111111111111112,0.04873550361247968,0.003387515633299517,0.0022506927662528983,0.00505967363958576,0.0007068603855064166
high_auc,10000,0.6,0.6,0.15,False,beta_estimated_mean,0.0063934899374632,500,0,0.76,0.7206732029933738,0.7953621399666191,0.0,0.76,0.0046076168715375,0.0050851398385158,0.004859052352472,0.0001222362815665,-0.0081915945749928,0.0001060090618999,0.0085270126282481,0.0023704346863931,0.058823529411764726,0.08465480268515249,0.05739842511409248,0.05442829851809016,0.06006912398613005,0.0014439379419632016
high_auc,10000,0.6,0.6,0.15,False,risk_only,0.0063934899374632,500,0,0.006,0.0020425962719602,0.0174902521040533,0.0,0.006,1.305931871107777e-05,0.0001118237508309,3.836093962477965e-05,2.2103270090303555e-05,-9.395416987979372e-05,0.0001037173295462,0.0023187738841239,0.0023191899931022,0.058823529411764726,0.08465480268515249,0.00045314546142705413,0.00015426553836110033,0.0013209380600270732,0.0002610988318348561
high_auc,10000,0.6,0.6,0.15,False,outcome_based,0.0063934899374632,500,0,0.0,4.336808689942019e-19,0.0076243404615522,0.0,0.0,2.7727342719847586e-21,4.874614402072837e-05,0.0,0.0,-1.6972290406910507e-05,8.208153012773961e-05,0.0018336410431458,0.0018353988106282,0.058823529411764726,0.08465480268515249,0.0,3.275341958207724e-20,0.0005758225460878418,0.0
high_auc,10000,0.6,0.6,0.15,False,beta_known_mean,0.0063934899374632,500,0,0.956,0.9342805571276716,0.9707660443713928,0.0,0.956,0.0059733133407633,0.0062065829363195,0.0061121763802148,5.870066179768827e-05,-0.0081436119618895,4.7341244258150455e-05,0.0082119894846728,0.0010585824030064,0.058823529411764726,0.08465480268515249,0.0722011768540429,0.07056083236032339,0.0733163711857315,0.0006934120680194287
high_auc,10000,0.6,0.6,0.2,True,beta_estimated_mean,0.0163927781172565,500,0,0.814,0.7775459059402153,0.8456660082499298,0.0,0.814,0.0127461375120592,0.0138628152345471,0.0133437213874468,0.0002855426346214,-0.0185924942151952,0.0001078042986262,0.0187478026119439,0.0024105773999487,0.0,0.1305895139885969,0.10218064973127916,0.09760460179959163,0.10615565378210691,0.0021865663321661006
high_auc,10000,0.6,0.6,0.2,True,risk_only,0.0163927781172565,500,0,0.0,4.336808689942019e-19,0.0076243404615522,0.0,0.0,7.109234259120973e-21,0.0001249841214766,0.0,0.0,-9.95439375785159e-05,0.0001070142602914,0.0023925891616553,0.0023929116057363,0.0,0.1305895139885969,0.0,5.443954910301414e-20,0.000957076243407366,0.0
high_auc,10000,0.6,0.6,0.2,True,outcome_based,0.0163927781172565,500,0,0.0,4.336808689942019e-19,0.0076243404615522,0.0,0.0,7.109234259120973e-21,0.0001249841214766,0.0,0.0,-0.0001544281172586,9.575766348041648e-05,0.0021446313368267,0.0021412064490876,0.0,0.1305895139885969,0.0,5.443954910301414e-20,0.000957076243407366,0.0
high_auc,10000,0.6,0.6,0.2,True,beta_known_mean,0.0163927781172565,500,0,0.956,0.9342805571276716,0.9707660443713928,0.0,0.956,0.0153154538722607,0.0159135523691471,0.0156714958800973,0.0001505073025214,-0.0185515066793824,5.838858230956637e-05,0.0185973009902159,0.0013056083915403,0.0,0.1305895139885969,0.12000577536007784,0.11727935424890278,0.12185934293726428,0.001152522112415108
high_auc,10000,0.6,0.6,0.25,False,beta_estimated_mean,0.0047772685273125,500,0,0.85,0.8160389193683016,0.8786240423086119,0.0,0.85,0.0038984370465603,0.004197422984661,0.0040606782482156,7.636326220147483e-05,-0.007328637482165,0.0001092620396654,0.0077243825518682,0.0024431734805215,0.0,0.1159824333619063,0.03501114893446704,0.03361230604979458,0.036190161414906274,0.0006584036908692404
high_auc,10000,0.6,0.6,0.25,False,risk_only,0.0047772685273125,500,0,0.028,0.0167509747207564,0.0464464026749488,0.0,0.028,8.002390433527849e-05,0.0002218869377059,0.0001337635187647,3.528105219488465e-05,-8.115565171679096e-05,0.0001081685705284,0.0024176653253159,0.002418722767305,0.0,0.1159824333619063,0.0011533084354879018,0.0006899657302893063,0.0019131081429679452,0.0003041930676242605
high_auc,10000,0.6,0.6,0.25,False,outcome_based,0.0047772685273125,500,0,0.06,0.0423483564809462,0.0843610631252197,0.002,0.06,0.0002023094705998,0.0004030154517987,0.0002866361116387,5.078891470162094e-05,-0.0001072018606459,0.0001364007187702,0.00304884652342,0.0030500127935019,0.0,0.1159824333619063,0.0024713752189031396,0.0017443113128047826,0.0034747973474668265,0.0004379017858949512
high_auc,10000,0.6,0.6,0.25,False,beta_known_mean,0.0047772685273125,500,0,0.956,0.9342805571276716,0.9707660443713928,0.0,0.956,0.004463309101246,0.0046376100711591,0.0045670687121108,4.386161969151094e-05,-0.0072940631412482,6.80610971876577e-05,0.0074508309114326,0.0015218923993482,0.0,0.1159824333619063,0.03937724515453066,0.038482630273145704,0.0399854524235417,0.0003781746805970792
high_auc,10000,0.6,0.6,0.3,False,beta_estimated_mean,-0.009404300087037,500,0,0.118,0.0925930082515064,0.1492319878611194,0.0,0.118,0.0008707724355586,0.001403422396431,0.0011097074102703,0.0001358161771849,0.0065441334856984,0.0001103638261993,0.006993110178682,0.0024678101763873,0.0,0.1108932042962608,0.010006992018245054,0.007852351648458602,0.012655621282992559,0.0012247475221480238
high_auc,10000,0.6,0.6,0.3,False,risk_only,-0.009404300087037,500,0,0.0,4.336808689942019e-19,0.0076243404615522,0.0,0.0,4.078465034028457e-21,7.170158566617552e-05,0.0,0.0,-6.517719416780265e-05,0.0001097524275914,0.0024525497247519,0.0024541388879,0.0,0.1108932042962608,0.0,3.677831351263405e-20,0.000646582323246955,0.0
high_auc,10000,0.6,0.6,0.3,False,outcome_based,-0.009404300087037,500,0,0.002,0.0003531363945592,0.0112407067051467,0.0,0.002,3.3210006260897207e-06,0.0001057109790455,1.8808600174074014e-05,1.8808600174074014e-05,-0.0001063856272482,0.0001228381740494,0.0027460584820037,0.0027467450740655,0.0,0.1108932042962608,0.0001696100342075535,2.9947737980565336e-05,0.0009532683243878855,0.0001696100342075535
high_auc,10000,0.6,0.6,0.3,False,beta_known_mean,-0.009404300087037,500,0,0.044,0.0292339556286071,0.0657194428723284,0.0,0.044,0.0002749248914625,0.0006180453623242,0.0004137892038296,8.634386606576256e-05,0.0065727809195651,7.655369968767927e-05,0.0067915994445785,0.0017117927643075,0.0,0.1108932042962608,0.003731420752565922,0.0024791861070946634,0.0055733384768379335,0.0007786217975547667
high_auc,10000,0.6,0.6,0.4,False,beta_estimated_mean,-0.0105804843304684,500,0,0.082,0.0610190894684689,0.1093548591573887,0.0,0.082,0.0006456115199805,0.0011570273737753,0.0008675997150984,0.0001299521719099,0.0072158913459819,0.000111398210782,0.0076329194308844,0.0024909397188052,0.0,0.1101137174634168,0.007879124736540146,0.0058631343564891645,0.010507567998144285,0.0011801633339013746
high_auc,10000,0.6,0.6,0.4,False,risk_only,-0.0105804843304684,500,0,0.0,4.336808689942019e-19,0.0076243404615522,0.0,0.0,4.588553638817085e-21,8.066921478360993e-05,0.0,0.0,-6.437971094613068e-05,0.0001095095273059,0.0024471045535487,0.0024487074724001,0.0,0.1101137174634168,0.0,4.167104466654252e-20,0.0007325991406148898,0.0
high_auc,10000,0.6,0.6,0.4,False,outcome_based,-0.0105804843304684,500,0,0.0,4.336808689942019e-19,0.0076243404615522,0.0,0.0,4.588553638817085e-21,8.066921478360993e-05,0.0,0.0,-7.864900286542059e-05,0.0001133196082301,0.0025325898082325,0.0025339034718633,0.0,0.1101137174634168,0.0,4.167104466654252e-20,0.0007325991406148898,0.0
high_auc,10000,0.6,0.6,0.4,False,beta_known_mean,-0.0105804843304684,500,0,0.044,0.0292339556286071,0.0657194428723284,0.0,0.044,0.000309309409446,0.0006953435355177,0.0004655413105406,9.714278718095428e-05,0.0072339046735597,9.042379917015522e-05,0.0075106212852782,0.0020219376172825,0.0,0.1101137174634168,0.004227823029362961,0.0028089997919538245,0.006314776683011494,0.0008822042286714017
high_auc,10000,0.9,0.9,0.1,False,beta_estimated_mean,-0.003752097281456,500,0,0.22,0.1859009325716236,0.2583686980868456,0.0,0.22,0.0006975183837221,0.0009694244897049,0.0008254614019203,6.957968508996083e-05,0.0025173652052275,6.955023260234623e-05,0.0029581933285631,0.0015551904794976,0.11111111111111112,0.04873550361247968,0.01693757816650374,0.014312325348444472,0.019891545543743182,0.0014277001350642366
high_auc,10000,0.9,0.9,0.1,False,risk_only,-0.003752097281456,500,0,0.004,0.0010976305226827,0.014465715215177,0.0,0.004,4.118416500201245e-06,5.4276770733182544e-05,1.5008389125824029e-05,1.0601894591327691e-05,1.6408249890522697e-06,6.888307516573552e-05,0.0015387322172511,0.0015402723856981,0.11111111111111112,0.04873550361247968,0.00030795596666371246,8.45054671630939e-05,0.001113700828142954,0.0002175394487687795
high_auc,10000,0.9,0.9,0.1,False,outcome_based,-0.003752097281456,500,0,0.0,4.336808689942019e-19,0.0076243404615522,0.0,0.0,1.6272128095726233e-21,2.86072671186852e-05,0.0,0.0,-2.056938521271845e-05,4.943439811473716e-05,0.0011044723619784,0.0011053867461133,0.11111111111111112,0.04873550361247968,0.0,3.338865280866706e-20,0.0005869902842526439,0.0
high_auc,10000,0.9,0.9,0.1,False,beta_known_mean,-0.003752097281456,500,0,0.002,0.0003531363945592,0.0112407067051467,0.0,0.002,1.32500210600903e-06,4.217622507002547e-05,7.504194562912014e-06,7.504194562912014e-06,0.0025005068426846,2.3683645748392072e-05,0.0025558621037146,0.0005295824184842,0.11111111111111112,0.04873550361247968,0.00015397798333185623,2.718761493765989e-05,0.0008654106748416861,0.00015397798333185623
high_auc,10000,0.9,0.9,0.15,False,beta_estimated_mean,0.0063934899374632,500,0,0.854,0.8203507337796904,0.8822512331735307,0.0,0.854,0.005244904161611,0.0056406643816095,0.0054600404065936,0.0001010632072311,-0.0080920021035111,7.119252843077398e-05,0.0082467943905075,0.0015919133306129,0.058823529411764726,0.08465480268515249,0.06449770400978361,0.06195636863176928,0.06663135702516745,0.0011938272138790934
high_auc,10000,0.9,0.9,0.15,False,risk_only,0.0063934899374632,500,0,0.0,4.336808689942019e-19,0.0076243404615522,0.0,0.0,2.7727342719847586e-21,4.874614402072837e-05,0.0,0.0,-5.3308718470342906e-06,7.02916815140463e-05,0.0015702062739463,0.0015717697811817,0.058823529411764726,0.08465480268515249,0.0,3.275341958207724e-20,0.0005758225460878418,0.0
high_auc,10000,0.9,0.9,0.15,False,outcome_based,0.0063934899374632,500,0,0.002,0.0003531363945592,0.0112407067051467,0.0,0.002,2.257773985166783e-06,7.186734520933178e-05,1.2786979874926553e-05,1.2786979874926553e-05,-5.350170217159484e-05,7.850933719582044e-05,0.0017545816394718,0.001755522148383,0.058823529411764726,0.08465480268515249,0.00015104848714235142,2.667035907654146e-05,0.0008489458711116517,0.00015104848714235142
high_auc,10000,0.9,0.9,0.15,False,beta_known_mean,0.0063934899374632,500,0,0.998,0.9887592932948532,0.9996468636054407,0.0,0.998,0.0063216225922539,0.0063912321634781,0.0063807029575883,1.2786979874926553e-05,-0.008106652990817,3.241927352224897e-05,0.0081389358243005,0.000724916993769,0.058823529411764726,0.08465480268515249,0.07537319508403277,0.07467529770006354,0.07549757321209906,0.00015104848714235142
high_auc,10000,0.9,0.9,0.2,True,beta_estimated_mean,0.0163927781172565,500,0,0.904,0.8750130375724849,0.9268264953345812,0.0,0.904,0.0143438945746324,0.0151932610912143,0.0148190714179999,0.0002161832888159,-0.0184932673992768,7.260975618755604e-05,0.018564260159545,0.0016236035066506,0.0,0.1305895139885969,0.113478264566433,0.10983955860257595,0.11634365292561683,0.001655441407299955
high_auc,10000,0.9,0.9,0.2,True,risk_only,0.0163927781172565,500,0,0.0,4.336808689942019e-19,0.0076243404615522,0.0,0.0,7.109234259120973e-21,0.0001249841214766,0.0,0.0,-1.0847121601234215e-05,7.313969107819702e-05,0.001633852946609,0.0016354532110418,0.0,0.1305895139885969,0.0,5.443954910301414e-20,0.000957076243407366,0.0
high_auc,10000,0.9,0.9,0.2,True,outcome_based,0.0163927781172565,500,0,0.0,4.336808689942019e-19,0.0076243404615522,0.0,0.0,7.109234259120973e-21,0.0001249841214766,0.0,0.0,-7.802811725862102e-05,7.294253630223856e-05,0.0016312800417409,0.0016310446962305,0.0,0.1305895139885969,0.0,5.443954910301414e-20,0.000957076243407366,0.0
high_auc,10000,0.9,0.9,0.2,True,beta_known_mean,0.0163927781172565,500,0,0.998,0.9887592932948532,0.9996468636054407,0.0,0.998,0.0162085117063579,0.0163869892306954,0.016359992561022,3.2785556234513173e-05,-0.0185059074923201,3.998534231263677e-05,0.0185274506364648,0.0008940994351465,0.0,0.1305895139885969,0.12527799561648234,0.12411801844804501,0.1254847248464859,0.0002510581074478615
high_auc,10000,0.9,0.9,0.25,False,beta_estimated_mean,0.0047772685273125,500,0,0.942,0.917943812143745,0.9593162708882428,0.0,0.942,0.0043852640835956,0.0045829114286532,0.0045001869527284,4.998835308808274e-05,-0.0072301049218143,7.37918611601296e-05,0.0074156315529028,0.0016500361774027,0.0,0.1159824333619063,0.038800590936786276,0.03780972649463235,0.03951384098273651,0.00043099934739342257
high_auc,10000,0.9,0.9,0.25,False,risk_only,0.0047772685273125,500,0,0.004,0.0010976305226827,0.014465715215177,0.0,0.004,5.2436757506301694e-06,6.910660602253201e-05,1.9109074109250332e-05,1.3498609860504792e-05,7.133452853815031e-06,7.403089412062225e-05,0.0016537402924929,0.001655381116888,0.0,0.1159824333619063,0.00016475834792690756,4.521094788784127e-05,0.0005958368351084247,0.00011638495131744946
high_auc,10000,0.9,0.9,0.25,False,outcome_based,0.0047772685273125,500,0,0.038,0.0244601180558303,0.0585847725306438,0.0,0.038,0.0001168525521624,0.0002798751899904,0.0001815362040378,4.08892095349828e-05,2.013147268741647e-05,0.0001256486170367,0.0028068496901079,0.0028095884897311,0.0,0.1159824333619063,0.0015652043053049482,0.0010075021602433416,0.0024130825839555393,0.0003525465740781103
high_auc,10000,0.9,0.9,0.25,False,beta_known_mean,0.0047772685273125,500,0,0.998,0.9887592932948532,0.9996468636054407,0.0,0.998,0.0047235686529453,0.004775581499929,0.0047677139902579,9.554537054625166e-06,-0.0072408760981587,4.661112689089958e-05,0.0073153545810682,0.0010422564823591,0.0,0.1159824333619063,0.04110720780776294,0.04072658691515888,0.04117504143948673,8.237917396345378e-05
high_auc,10000,0.9,0.9,0.3,False,beta_estimated_mean,-0.009404300087037,500,0,0.04,0.0260407973897772,0.0609735958348508,0.0,0.04,0.0002448954731591,0.0005734139926166,0.0003761720034814,8.249769570934513e-05,0.0066416686358059,7.47243285187548e-05,0.0068482144518747,0.0016708867814096,0.0,0.1108932042962608,0.003392200684150346,0.0022083902680351854,0.005170866837652872,0.0007439382443034597
high_auc,10000,0.9,0.9,0.3,False,risk_only,-0.009404300087037,500,0,0.0,4.336808689942019e-19,0.0076243404615522,0.0,0.0,4.078465034028457e-21,7.170158566617552e-05,0.0,0.0,2.3685369748288303e-05,7.573163211470323e-05,0.0016918823150608,0.0016934107745548,0.0,0.1108932042962608,0.0,3.677831351263405e-20,0.000646582323246955,0.0
high_auc,10000,0.9,0.9,0.3,False,outcome_based,-0.009404300087037,500,0,0.0,4.336808689942019e-19,0.0076243404615522,0.0,0.0,4.078465034028457e-21,7.170158566617552e-05,0.0,0.0,2.41000870374678e-05,9.990016898198634e-05,0.0022317308645415,0.0022338356880743,0.0,0.1108932042962608,0.0,3.677831351263405e-20,0.000646582323246955,0.0
high_auc,10000,0.9,0.9,0.3,False,beta_known_mean,-0.009404300087037,500,0,0.002,0.0003531363945592,0.0112407067051467,0.0,0.002,3.3210006260897207e-06,0.0001057109790455,1.8808600174074014e-05,1.8808600174074014e-05,0.0066326558064751,5.2430351732185855e-05,0.0067352687397583,0.0011723783055739,0.0,0.1108932042962608,0.0001696100342075535,2.9947737980565336e-05,0.0009532683243878855,0.0001696100342075535
high_auc,10000,0.9,0.9,0.4,False,beta_estimated_mean,-0.0105804843304684,500,0,0.018,0.009498193296197,0.0338516709087392,0.0,0.018,0.0001004954853381,0.00035816707361,0.0001904487179484,6.297196885447353e-05,0.0073105453147809,7.576761261426019e-05,0.0075039121549346,0.0016942153229835,0.0,0.1101137174634168,0.0017295639665573272,0.00091265182624942,0.00325270167841708,0.0005718812360993513
high_auc,10000,0.9,0.9,0.4,False,risk_only,-0.0105804843304684,500,0,0.0,4.336808689942019e-19,0.0076243404615522,0.0,0.0,4.588553638817085e-21,8.066921478360993e-05,0.0,0.0,2.5926613622662992e-05,7.575339142481772e-05,0.0016924011844602,0.0016938973275204,0.0,0.1101137174634168,0.0,4.167104466654252e-20,0.0007325991406148898,0.0
high_auc,10000,0.9,0.9,0.4,False,outcome_based,-0.0105804843304684,500,0,0.0,4.336808689942019e-19,0.0076243404615522,0.0,0.0,4.588553638817085e-21,8.066921478360993e-05,0.0,0.0,6.0217663801248685e-05,8.280237444115561e-05,0.0018506448985062,0.0018515173794881,0.0,0.1101137174634168,0.0,4.167104466654252e-20,0.0007325991406148898,0.0
high_auc,10000,0.9,0.9,0.4,False,beta_known_mean,-0.0105804843304684,500,0,0.002,0.0003531363945592,0.0112407067051467,0.0,0.002,3.736354089152522e-06,0.0001189321211571,2.1160968660936863e-05,2.1160968660936863e-05,0.0073047861960574,6.194128595783884e-05,0.0074346772694086,0.0013850492601548,0.0,0.1101137174634168,0.0001921737740619573,3.3931776850544116e-05,0.0010800845153249225,0.0001921737740619573
high_auc,10000,0.0,0.9,0.1,False,beta_estimated_mean,-0.003752097281456,500,0,0.248,0.2121642083459476,0.2876784592466748,0.0,0.248,0.000796060749357,0.0010793975648729,0.000930520125801,7.253683094374686e-05,0.0024613717725098,8.184572052059791e-05,0.0030661071840868,0.001830125947515,0.11111111111111112,0.04873550361247968,0.01909326993314833,0.016334308468152425,0.022148074501409258,0.0014883775803472437
high_auc,10000,0.0,0.9,0.1,False,risk_only,-0.003752097281456,500,0,0.02,0.0108991835962108,0.0364201832468793,0.0,0.02,4.08947971414325e-05,0.0001366520705507,7.504194562912015e-05,2.3515371964100303e-05,-4.50823212354603e-05,8.036512960456748e-05,0.0017957869834173,0.0017970189281639,0.11111111111111112,0.04873550361247968,0.0015397798333185624,0.0008391171550540946,0.002803953184464633,0.00048251008445676
high_auc,10000,0.0,0.9,0.1,False,outcome_based,-0.003752097281456,500,0,0.0,4.336808689942019e-19,0.0076243404615522,0.0,0.0,1.6272128095726233e-21,2.86072671186852e-05,0.0,0.0,3.676394812061906e-05,5.702540903873677e-05,0.0012743815475056,0.0012751269105534,0.11111111111111112,0.04873550361247968,0.0,3.338865280866706e-20,0.0005869902842526439,0.0
high_auc,10000,0.0,0.9,0.1,False,beta_known_mean,-0.003752097281456,500,0,0.006,0.0020425962719602,0.0174902521040533,0.0,0.006,7.664019919134177e-06,6.562512737159889e-05,2.2512583688736044e-05,1.2971572713543856e-05,0.0025127045535763,2.422577462507868e-05,0.0025703193115836,0.0005417047886926,0.11111111111111112,0.04873550361247968,0.0004619339499955687,0.00015725742735880246,0.001346556873473947,0.0002661626894571011
high_auc,10000,0.0,0.9,0.15,False,beta_estimated_mean,0.0063934899374632,500,0,0.844,0.809585245166297,0.8731692085961551,0.0,0.844,0.0051760751184894,0.0055825985488622,0.005396105507219,0.0001038535234953,-0.0081341855009337,8.003455580031768e-05,0.0083283451714344,0.0017896270731851,0.058823529411764726,0.08465480268515249,0.06374246157407225,0.06114331324756872,0.06594544398886568,0.0012267883238893278
high_auc,10000,0.0,0.9,0.15,False,risk_only,0.0063934899374632,500,0,0.0,4.336808689942019e-19,0.0076243404615522,0.0,0.0,2.7727342719847586e-21,4.874614402072837e-05,0.0,0.0,-2.445180563068089e-05,7.710886558764859e-05,0.0017226551279212,0.0017242066512187,0.058823529411764726,0.08465480268515249,0.0,3.275341958207724e-20,0.0005758225460878418,0.0
high_auc,10000,0.0,0.9,0.15,False,outcome_based,0.0063934899374632,500,0,0.0,4.336808689942019e-19,0.0076243404615522,0.0,0.0,2.7727342719847586e-21,4.874614402072837e-05,0.0,0.0,3.7451239004821445e-05,8.885555591440621e-05,0.0019852360549605,0.0019868706320314,0.058823529411764726,0.08465480268515249,0.0,3.275341958207724e-20,0.0005758225460878418,0.0
high_auc,10000,0.0,0.9,0.15,False,beta_known_mean,0.0063934899374632,500,0,0.994,0.9825097478959468,0.9979574037280398,0.0,0.994,0.0062816661866323,0.0063804306187521,0.0063551289978384,2.2103270090303555e-05,-0.0080899596797975,3.3161166064643234e-05,0.0081238032611085,0.000741506215337,0.058823529411764726,0.08465480268515249,0.07507109810974752,0.07420330551114773,0.07536997803281345,0.0002610988318348561
high_auc,10000,0.0,0.9,0.2,True,beta_estimated_mean,0.0163927781172565,500,0,0.884,0.8529581630365658,0.909186343488962,0.0,0.884,0.0139823539099611,0.0149040899960543,0.0144912158556548,0.0002349943469061,-0.0185231020650671,7.887887895213684e-05,0.0186067199422069,0.0017637853532595,0.0,0.1305895139885969,0.11096768349195463,0.10707103107208167,0.11412930135688942,0.001799488639850668
high_auc,10000,0.0,0.9,0.2,True,risk_only,0.0163927781172565,500,0,0.0,4.336808689942019e-19,0.0076243404615522,0.0,0.0,7.109234259120973e-21,0.0001249841214766,0.0,0.0,-3.660790521958696e-06,7.621583430793097e-05,0.0017025367096233,0.0017042378647439,0.0,0.1305895139885969,0.0,5.443954910301414e-20,0.000957076243407366,0.0
high_auc,10000,0.0,0.9,0.2,True,outcome_based,0.0163927781172565,500,0,0.0,4.336808689942019e-19,0.0076243404615522,0.0,0.0,7.109234259120973e-21,0.0001249841214766,0.0,0.0,-2.142811725863017e-05,8.937621086809037e-05,0.0019966283058468,0.001998512830724,0.0,0.1305895139885969,0.0,5.443954910301414e-20,0.000957076243407366,0.0
high_auc,10000,0.0,0.9,0.2,True,beta_known_mean,0.0163927781172565,500,0,0.994,0.9825097478959468,0.9979574037280398,0.0,0.994,0.0161060642952999,0.0163592942897872,0.016294421448553,5.667233479683903e-05,-0.0184853097340652,4.090100406867159e-05,0.0185078753275221,0.0009145742544554,0.0,0.1305895139885969,0.12477587940158681,0.12333351892791548,0.12527264854677153,0.00043397308915467495
high_auc,10000,0.0,0.9,0.25,False,beta_estimated_mean,0.0047772685273125,500,0,0.93,0.9042028101480832,0.949240257054982,0.0,0.93,0.004319619627228,0.0045347756048868,0.0044428597304007,5.456571808161797e-05,-0.0072487389652965,7.817348841014226e-05,0.0074561151169911,0.0017480123412337,0.0,0.1159824333619063,0.038306315893005996,0.03724374029771608,0.03909881413452236,0.0004704653670384168
high_auc,10000,0.0,0.9,0.25,False,risk_only,0.0047772685273125,500,0,0.004,0.0010976305226827,0.014465715215177,0.0,0.004,5.2436757506301694e-06,6.910660602253201e-05,1.9109074109250332e-05,1.3498609860504794e-05,1.556781192869794e-05,7.617416283877308e-05,0.0017016731166055,0.0017033060623663,0.0,0.1159824333619063,0.00016475834792690756,4.521094788784127e-05,0.0005958368351084247,0.00011638495131744949
high_auc,10000,0.0,0.9,0.25,False,outcome_based,0.0047772685273125,500,0,0.036,0.0228910609802927,0.0561843269680277,0.0,0.036,0.0001093567451779,0.0002684076169525,0.0001719816669832,3.983998331943432e-05,1.633147268741622e-05,0.0001263563256555,0.0028226337545908,0.0028254133355296,0.0,0.1159824333619063,0.0014828251313417115,0.000942873347351389,0.0023142092226585134,0.000343500150536758
high_auc,10000,0.0,0.9,0.25,False,beta_known_mean,0.0047772685273125,500,0,0.994,0.9825097478959468,0.9979574037280398,0.0,0.994,0.0046937128964011,0.0047675104964285,0.0047486049161487,1.6515746108297253e-05,-0.0072168463203423,4.767985331802386e-05,0.0072950175907423,0.0010661539317632,0.0,0.1159824333619063,0.04094244945983647,0.04046917072135443,0.04110545328491408,0.00014239868598688794
high_auc,10000,0.0,0.9,0.3,False,beta_estimated_mean,-0.009404300087037,500,0,0.04,0.0260407973897772,0.0609735958348508,0.0,0.04,0.0002448954731591,0.0005734139926166,0.0003761720034814,8.249769570934513e-05,0.0066332750511442,7.776299602347277e-05,0.0068569550527807,0.0017388334524253,0.0,0.1108932042962608,0.003392200684150346,0.0022083902680351854,0.005170866837652872,0.0007439382443034597
high_auc,10000,0.0,0.9,0.3,False,risk_only,-0.009404300087037,500,0,0.0,4.336808689942019e-19,0.0076243404615522,0.0,0.0,4.078465034028457e-21,7.170158566617552e-05,0.0,0.0,3.206032824924157e-05,7.773423727632506e-05,0.0017367472687378,0.0017381903872896,0.0,0.1108932042962608,0.0,3.677831351263405e-20,0.000646582323246955,0.0
high_auc,10000,0.0,0.9,0.3,False,outcome_based,-0.009404300087037,500,0,0.0,4.336808689942019e-19,0.0076243404615522,0.0,0.0,4.078465034028457e-21,7.170158566617552e-05,0.0,0.0,2.015722989461033e-05,0.0001005264981342,0.0022456823352052,0.0022478408336808,0.0,0.1108932042962608,0.0,3.677831351263405e-20,0.000646582323246955,0.0
high_auc,10000,0.0,0.9,0.3,False,beta_known_mean,-0.009404300087037,500,0,0.006,0.0020425962719602,0.0174902521040533,0.0,0.006,1.9209188298177115e-05,0.0001644835793844,5.642580052222204e-05,3.251210009982724e-05,0.0066597140298028,5.363449872413222e-05,0.0067666272267647,0.0011993038508628,0.0,0.1108932042962608,0.0005088301026226605,0.00017322241177969845,0.0014832611288331779,0.000293183881791064
high_auc,10000,0.0,0.9,0.4,False,beta_estimated_mean,-0.0105804843304684,500,0,0.016,0.0081292530333883,0.0312511085333942,0.0,0.016,8.601143433817803e-05,0.0003306518641473,0.0001692877492874,5.943096965002884e-05,0.0073201903475357,7.734331800383694e-05,0.0075213163179883,0.0017294491666196,0.0,0.1101137174634168,0.0015373901924947966,0.0007811146178654235,0.003002821735240687,0.0005397235786701476
high_auc,10000,0.0,0.9,0.4,False,risk_only,-0.0105804843304684,500,0,0.0,4.336808689942019e-19,0.0076243404615522,0.0,0.0,4.588553638817085e-21,8.066921478360993e-05,0.0,0.0,3.416406520710632e-05,7.736754796740673e-05,0.0017285977511027,0.0017299909650759,0.0,0.1101137174634168,0.0,4.167104466654252e-20,0.0007325991406148898,0.0
high_auc,10000,0.0,0.9,0.4,False,outcome_based,-0.0105804843304684,500,0,0.0,4.336808689942019e-19,0.0076243404615522,0.0,0.0,4.588553638817085e-21,8.066921478360993e-05,0.0,0.0,5.408433046791666e-05,8.111663281016798e-05,0.0018128152873123,0.0018138230506942,0.0,0.1101137174634168,0.0,4.167104466654252e-20,0.0007325991406148898,0.0
high_auc,10000,0.0,0.9,0.4,False,beta_known_mean,-0.0105804843304684,500,0,0.006,0.0020425962719602,0.0174902521040533,0.0,0.006,2.1611657848948516e-05,0.0001850553383228,6.348290598281058e-05,3.657834846540128e-05,0.0073368400491737,6.33699714312479e-05,0.0074721538256033,0.0014169956385248,0.0,0.1101137174634168,0.0005765213221858718,0.00019626671723374137,0.0016805838780647937,0.00033218702726618726
high_auc,10000,0.9,0.0,0.1,False,beta_estimated_mean,-0.003752097281456,500,0,0.326,0.2863753160352474,0.3682779544453728,0.0,0.326,0.0010745080447719,0.0013818147116946,0.0012231837137546,7.873404523310418e-05,0.0024289019490395,0.0001340673354694,0.0038559844200342,0.0029978367567194,0.11111111111111112,0.04873550361247968,0.025098411283091367,0.022047746819564028,0.028353348365538576,0.0016155377373168827
high_auc,10000,0.9,0.0,0.1,False,risk_only,-0.003752097281456,500,0,0.086,0.0644731424036077,0.1138398114985575,0.0,0.086,0.0002419095023395,0.0004271380472452,0.0003226803662052,4.709189213417243e-05,-8.312592874998953e-05,0.0001305146403756,0.0029166610233058,0.002918396079389,0.11111111111111112,0.04873550361247968,0.0066210532832694765,0.004963722223187498,0.008764412298713232,0.0009662748641857398
high_auc,10000,0.9,0.0,0.1,False,outcome_based,-0.003752097281456,500,0,0.0,4.336808689942019e-19,0.0076243404615522,0.0,0.0,1.6272128095726233e-21,2.86072671186852e-05,0.0,0.0,-6.3693852126991415e-06,5.4479304287158816e-05,0.0012169921414203,0.0012181942775298,0.11111111111111112,0.04873550361247968,0.0,3.338865280866706e-20,0.0005869902842526439,0.0
high_auc,10000,0.9,0.0,0.1,False,beta_known_mean,-0.003752097281456,500,0,0.102,0.0784343521031695,0.131634622904226,0.0,0.102,0.000294293319299,0.0004939059107444,0.0003827139227085,5.083491143999663e-05,0.0024684397801027,4.588771998565992e-05,0.0026728132534633,0.0010260806122041,0.11111111111111112,0.04873550361247968,0.007852877149924406,0.0060385816803920425,0.010134416885720367,0.0010430775855772498
high_auc,10000,0.9,0.0,0.15,False,beta_estimated_mean,0.0063934899374632,500,0,0.72,0.6790813332381924,0.7575639569587245,0.0,0.72,0.0043416996707775,0.0048434775358004,0.0046033127549735,0.0001285088322083,-0.008184817210746,0.0001385370668873,0.0087503314054556,0.0030977829896364,0.058823529411764726,0.08465480268515249,0.05437745537124582,0.05128710401611963,0.057214444806093584,0.0015180335684704042
high_auc,10000,0.9,0.0,0.15,False,risk_only,0.0063934899374632,500,0,0.022,0.0123280082699275,0.0389608612113163,0.0,0.022,7.881899682274604e-05,0.0002490958741094,0.0001406567786241,4.1982517818712e-05,-9.591905875998108e-05,0.000135061714062,0.0030185745148861,0.0030200717380042,0.058823529411764726,0.08465480268515249,0.0016615333585647779,0.0009310634993254791,0.0029424895718655857,0.0004959260016806497
high_auc,10000,0.9,0.0,0.15,False,outcome_based,0.0063934899374632,500,0,0.002,0.0003531363945592,0.0112407067051467,0.0,0.002,2.257773985166783e-06,7.186734520933178e-05,1.2786979874926553e-05,1.2786979874926553e-05,-3.9301702171600895e-05,8.272809879573482e-05,0.0018484236123361,0.0018498565255658,0.058823529411764726,0.08465480268515249,0.00015104848714235142,2.667035907654146e-05,0.0008489458711116517,0.00015104848714235142
high_auc,10000,0.9,0.0,0.15,False,beta_known_mean,0.0063934899374632,500,0,0.898,0.868365377095774,0.9215656478968306,0.0,0.898,0.0055518853005033,0.0058920206965402,0.005741353963842,8.662155332959106e-05,-0.0081505283373453,6.281194420391699e-05,0.0082704193971571,0.0014045177703888,0.058823529411764726,0.08465480268515249,0.06782077072691553,0.06558263824855667,0.06960054845858846,0.0010232325938051418
high_auc,10000,0.9,0.0,0.2,True,beta_estimated_mean,0.0163927781172565,500,0,0.746,0.7060690794081029,0.7821797450848135,0.0,0.746,0.0115744337541926,0.0128220990089876,0.0122290124754734,0.0003194394576297,-0.0185895961777922,0.0001420563463075,0.0188584969923636,0.0031764764697894,0.0,0.1305895139885969,0.09364467407805224,0.08863218340182567,0.09818628324252152,0.002446134056809443
high_auc,10000,0.9,0.0,0.2,True,risk_only,0.0163927781172565,500,0,0.0,4.336808689942019e-19,0.0076243404615522,0.0,0.0,7.109234259120973e-21,0.0001249841214766,0.0,0.0,-0.0001074103236057,0.0001403319630204,0.0031366182171813,0.0031379180872964,0.0,0.1305895139885969,0.0,5.443954910301414e-20,0.000957076243407366,0.0
high_auc,10000,0.9,0.0,0.2,True,outcome_based,0.0163927781172565,500,0,0.0,4.336808689942019e-19,0.0076243404615522,0.0,0.0,7.109234259120973e-21,0.0001249841214766,0.0,0.0,-0.0001556281172586,0.0001100337316426,0.0024628893069685,0.0024604290377082,0.0,0.1305895139885969,0.0,5.443954910301414e-20,0.000957076243407366,0.0
high_auc,10000,0.9,0.0,0.2,True,beta_known_mean,0.0163927781172565,500,0,0.898,0.868365377095774,0.9215656478968306,0.0,0.898,0.0142349209514388,0.0151070211864585,0.0147207147492964,0.0002220959003288,-0.0185600762167443,7.747390575356561e-05,0.0186405882418351,0.0017323691974738,0.0,0.1305895139885969,0.1127250902440897,0.10900508407345628,0.1156832637249699,0.0017007177187916746
high_auc,10000,0.9,0.0,0.25,False,beta_estimated_mean,0.0047772685273125,500,0,0.772,0.7332341279039163,0.8066182308849994,0.0,0.772,0.0035028563223868,0.0038534318879634,0.0036880513030853,8.972334458453703e-05,-0.007329264832426,0.0001447642599368,0.008010961975344,0.0032370272593114,0.0,0.1159824333619063,0.03179836114989304,0.030201610889268433,0.033224271782083814,0.00077359425892168
high_auc,10000,0.9,0.0,0.25,False,risk_only,0.0047772685273125,500,0,0.068,0.0490665074249068,0.0935209227338743,0.0,0.068,0.0002344038816661,0.0004467745608217,0.0003248542598572,5.383835640233067e-05,-8.999254123361058e-05,0.0001423807851897,0.0031818187197115,0.00318373114374,0.0,0.1159824333619063,0.0028008919147569492,0.0020210291754672607,0.003852088181557676,0.0004641940580289078
high_auc,10000,0.9,0.0,0.25,False,outcome_based,0.0047772685273125,500,0,0.07,0.0507597429450181,0.0957971898519168,0.002,0.07,0.0002424929224257,0.0004576489000845,0.0003344087969118,5.456571808161797e-05,-6.646852731258337e-05,0.0001500693450931,0.0033529541340619,0.0033556525696705,0.0,0.1159824333619063,0.002883271088720186,0.0020907728472038187,0.003945846684010096,0.0004704653670384168
high_auc,10000,0.9,0.0,0.25,False,beta_known_mean,0.0047772685273125,500,0,0.898,0.868365377095774,0.9215656478968306,0.0,0.898,0.0041484145862075,0.0044025665655499,0.0042899871375267,6.472434062711167e-05,-0.0073041379983414,9.031776686881302e-05,0.0075776595401144,0.0020195666629464,0.0,0.1159824333619063,0.03698824910959076,0.035767611231805906,0.03795890841341751,0.0005580529632892662
high_auc,10000,0.9,0.0,0.3,False,beta_estimated_mean,-0.009404300087037,500,0,0.2,0.1672854989717574,0.2372891053051739,0.0,0.2,0.0015732030325401,0.0022315379536743,0.0018808600174074,0.0001683977162027,0.0065402752393678,0.0001467318973632,0.0073156540930323,0.0032810249697184,0.0,0.1108932042962608,0.01696100342075534,0.014186649601513468,0.020123306633944432,0.0015185575822375093
high_auc,10000,0.9,0.0,0.3,False,risk_only,-0.009404300087037,500,0,0.0,4.336808689942019e-19,0.0076243404615522,0.0,0.0,4.078465034028457e-21,7.170158566617552e-05,0.0,0.0,-7.392089177230055e-05,0.0001443416419706,0.0032251952796721,0.0032275772343021,0.0,0.1108932042962608,0.0,3.677831351263405e-20,0.000646582323246955,0.0
high_auc,10000,0.9,0.0,0.3,False,outcome_based,-0.009404300087037,500,0,0.002,0.0003531363945592,0.0112407067051467,0.0,0.002,3.3210006260897207e-06,0.0001057109790455,1.8808600174074014e-05,1.8808600174074014e-05,-6.629991296253807e-05,0.0001528833353737,0.0034157985130458,0.0034185753052262,0.0,0.1108932042962608,0.0001696100342075535,2.9947737980565336e-05,0.0009532683243878855,0.0001696100342075535
high_auc,10000,0.9,0.0,0.3,False,beta_known_mean,-0.009404300087037,500,0,0.102,0.0784343521031695,0.131634622904226,0.0,0.102,0.0007376201843105,0.0012379314956352,0.0009592386088777,0.0001274132108574,0.0065613190803844,0.0001016020604521,0.0069427713803632,0.0022718911382505,0.0,0.1108932042962608,0.008650111744584554,0.006651626571632684,0.011163276446841222,0.0011489722176032046
high_auc,10000,0.9,0.0,0.4,False,beta_estimated_mean,-0.0105804843304684,500,0,0.166,0.1359577432310101,0.2011353161973068,0.0,0.166,0.0014384987718615,0.0021281090613294,0.0017563603988577,0.0001762350738607,0.0072063184257494,0.0001485525719776,0.0079336555702431,0.0033217364917456,0.0,0.1101137174634168,0.015950423247141913,0.01306375631482439,0.019326466405390624,0.001600482464133052
high_auc,10000,0.9,0.0,0.4,False,risk_only,-0.0105804843304684,500,0,0.0,4.336808689942019e-19,0.0076243404615522,0.0,0.0,4.588553638817085e-21,8.066921478360993e-05,0.0,0.0,-7.28806914846936e-05,0.0001444257645104,0.0032270502817501,0.0032294582714763,0.0,0.1101137174634168,0.0,4.167104466654252e-20,0.0007325991406148898,0.0
high_auc,10000,0.9,0.0,0.4,False,outcome_based,-0.0105804843304684,500,0,0.0,4.336808689942019e-19,0.0076243404615522,0.0,0.0,4.588553638817085e-21,8.066921478360993e-05,0.0,0.0,-3.018233619875446e-05,0.0001487688778767,0.0033233820584989,0.0033265732386885,0.0,0.1101137174634168,0.0,4.167104466654252e-20,0.0007325991406148898,0.0
high_auc,10000,0.9,0.0,0.4,False,beta_known_mean,-0.0105804843304684,500,0,0.102,0.0784343521031695,0.131634622904226,0.0,0.102,0.000829873433398,0.0013927580649852,0.0010792094017077,0.0001433486244053,0.0072199598995781,0.0001200544424888,0.0077019440703636,0.0026844989440593,0.0,0.1101137174634168,0.009800862477159094,0.0075365127298849905,0.012648361140363074,0.0013018234939976925
