case,n,rho0,rho1,threshold,primary,method,paired_reps,wrong_change,wrong_change_mcse,loss_change,loss_change_mcse
beta_control,500,-0.5,-0.5,0.058823529411764705,False,beta_estimated_mean,500,0.028,0.014100697121725481,4.055199807215914e-06,2.042183723201113e-06
beta_control,500,-0.5,-0.5,0.058823529411764705,False,risk_only,500,0.024,0.014115469988136136,3.4758855490422123e-06,2.04432325623756e-06
beta_control,500,-0.5,-0.5,0.058823529411764705,False,outcome_based,500,-0.006,0.023938967151834124,-2.8965712908685103e-07,3.4184027322510084e-06
beta_control,500,-0.5,-0.5,0.058823529411764705,False,beta_known_mean,500,0.006,0.013722412660259014,8.689713872605531e-07,1.987397327657842e-06
beta_control,500,-0.5,-0.5,0.1111111111111111,False,beta_estimated_mean,500,0.04,0.014874222163526395,3.5455846086953624e-05,1.3184453292328655e-05
beta_control,500,-0.5,-0.5,0.1111111111111111,False,risk_only,500,0.05,0.01494814014476634,4.431980760869203e-05,1.3249973906476203e-05
beta_control,500,-0.5,-0.5,0.1111111111111111,False,outcome_based,500,0.032,0.020756050377046906,3.368305378260594e-05,1.8465569222035078e-05
beta_control,500,-0.5,-0.5,0.1111111111111111,False,beta_known_mean,500,0.006,0.013722412660259014,5.318376913043044e-06,1.2163493780595187e-05
beta_control,500,-0.5,-0.5,0.2,True,beta_estimated_mean,500,0.018,0.015093297029822905,3.9476375973843055e-05,3.3101592679676536e-05
beta_control,500,-0.5,-0.5,0.2,True,risk_only,500,0.028,0.015456707917253223,6.140769595931142e-05,3.389860072552028e-05
beta_control,500,-0.5,-0.5,0.2,True,outcome_based,500,-0.006,0.016138429223303958,-2.1931319985468363e-05,3.483592634946357e-05
beta_control,500,-0.5,-0.5,0.2,True,beta_known_mean,500,0.006,0.013722412660259014,1.3158791991281019e-05,3.0095062302478263e-05
beta_control,500,-0.5,-0.5,0.3333333333333333,False,beta_estimated_mean,500,0.014,0.0142834180805621,1.8486852961409097e-05,1.886110356012026e-05
beta_control,500,-0.5,-0.5,0.3333333333333333,False,risk_only,500,0.014,0.01661807210964264,1.8486852961409097e-05,2.1943989685218353e-05
beta_control,500,-0.5,-0.5,0.3333333333333333,False,outcome_based,500,0.006,0.020899799118805254,1.584587396692209e-05,2.746418658859447e-05
beta_control,500,-0.5,-0.5,0.3333333333333333,False,beta_known_mean,500,0.006,0.013722412660259014,7.922936983461043e-06,1.812030179471336e-05
beta_control,500,-0.5,-0.5,0.5,False,beta_estimated_mean,500,0.006,0.01511240449230625,7.088051201645223e-07,1.7852916136906663e-06
beta_control,500,-0.5,-0.5,0.5,False,risk_only,500,0.016,0.01980587148019951,3.0714888540462634e-06,2.6193609067802386e-06
beta_control,500,-0.5,-0.5,0.5,False,outcome_based,500,0.004,0.021374792713078038,2.362683733881741e-06,2.673657346049163e-06
beta_control,500,-0.5,-0.5,0.5,False,beta_known_mean,500,0.006,0.013722412660259014,7.088051201645223e-07,1.6210860591003418e-06
beta_control,500,0.0,0.0,0.058823529411764705,False,beta_estimated_mean,500,0.0,0.0,0.0,0.0
beta_control,500,0.0,0.0,0.058823529411764705,False,risk_only,500,0.0,0.0,0.0,0.0
beta_control,500,0.0,0.0,0.058823529411764705,False,outcome_based,500,0.0,0.0,0.0,0.0
beta_control,500,0.0,0.0,0.058823529411764705,False,beta_known_mean,500,0.0,0.0,0.0,0.0
beta_control,500,0.0,0.0,0.1111111111111111,False,beta_estimated_mean,500,0.0,0.0,0.0,0.0
beta_control,500,0.0,0.0,0.1111111111111111,False,risk_only,500,0.0,0.0,0.0,0.0
beta_control,500,0.0,0.0,0.1111111111111111,False,outcome_based,500,0.0,0.0,0.0,0.0
beta_control,500,0.0,0.0,0.1111111111111111,False,beta_known_mean,500,0.0,0.0,0.0,0.0
beta_control,500,0.0,0.0,0.2,True,beta_estimated_mean,500,0.0,0.0,0.0,0.0
beta_control,500,0.0,0.0,0.2,True,risk_only,500,0.0,0.0,0.0,0.0
beta_control,500,0.0,0.0,0.2,True,outcome_based,500,0.0,0.0,0.0,0.0
beta_control,500,0.0,0.0,0.2,True,beta_known_mean,500,0.0,0.0,0.0,0.0
beta_control,500,0.0,0.0,0.3333333333333333,False,beta_estimated_mean,500,0.0,0.0,0.0,0.0
beta_control,500,0.0,0.0,0.3333333333333333,False,risk_only,500,0.0,0.0,0.0,0.0
beta_control,500,0.0,0.0,0.3333333333333333,False,outcome_based,500,0.0,0.0,0.0,0.0
beta_control,500,0.0,0.0,0.3333333333333333,False,beta_known_mean,500,0.0,0.0,0.0,0.0
beta_control,500,0.0,0.0,0.5,False,beta_estimated_mean,500,0.0,0.0,0.0,0.0
beta_control,500,0.0,0.0,0.5,False,risk_only,500,0.0,0.0,0.0,0.0
beta_control,500,0.0,0.0,0.5,False,outcome_based,500,0.0,0.0,0.0,0.0
beta_control,500,0.0,0.0,0.5,False,beta_known_mean,500,0.0,0.0,0.0,0.0
beta_control,500,0.3,0.3,0.058823529411764705,False,beta_estimated_mean,500,-0.016,0.010183093379791975,-2.3172570326948082e-06,1.4748027968069308e-06
beta_control,500,0.3,0.3,0.058823529411764705,False,risk_only,500,-0.014,0.010383816605400404,-2.027599903607957e-06,1.503873253442326e-06
beta_control,500,0.3,0.3,0.058823529411764705,False,outcome_based,500,-0.018,0.018656047174907785,-2.6069141617816594e-06,2.5744635682936448e-06
beta_control,500,0.3,0.3,0.058823529411764705,False,beta_known_mean,500,-0.038,0.012058308571736849,-5.50348545265017e-06,1.7463875212663318e-06
beta_control,500,0.3,0.3,0.1111111111111111,False,beta_estimated_mean,500,-0.024,0.011273961345011681,-2.1273507652172175e-05,9.993195955974973e-06
beta_control,500,0.3,0.3,0.1111111111111111,False,risk_only,500,-0.008,0.012335977979285258,-7.091169217390725e-06,1.093456341413968e-05
beta_control,500,0.3,0.3,0.1111111111111111,False,outcome_based,500,-0.002,0.017104886854598517,5.318376913043044e-06,1.495087818860157e-05
beta_control,500,0.3,0.3,0.1111111111111111,False,beta_known_mean,500,-0.038,0.012058308571736849,-3.368305378260594e-05,1.0688438319712384e-05
beta_control,500,0.3,0.3,0.2,True,beta_estimated_mean,500,-0.042,0.012031688287438808,-9.211154393896714e-05,2.6387080579723236e-05
beta_control,500,0.3,0.3,0.2,True,risk_only,500,-0.024,0.012294319851102069,-5.2635167965124075e-05,2.6963066265821527e-05
beta_control,500,0.3,0.3,0.2,True,outcome_based,500,0.002,0.016868939570835177,4.386263997093673e-06,3.802369673398345e-05
beta_control,500,0.3,0.3,0.2,True,beta_known_mean,500,-0.038,0.012058308571736849,-8.333901594477978e-05,2.6445462377027693e-05
beta_control,500,0.3,0.3,0.3333333333333333,False,beta_estimated_mean,500,-0.032,0.011585354585931478,-4.225566391179222e-05,1.5298339052564417e-05
beta_control,500,0.3,0.3,0.3333333333333333,False,risk_only,500,-0.016,0.012954676657276674,-2.112783195589611e-05,1.710651446611947e-05
beta_control,500,0.3,0.3,0.3333333333333333,False,outcome_based,500,0.004,0.01812802389950438,1.5845873966922085e-05,2.392852082387167e-05
beta_control,500,0.3,0.3,0.3333333333333333,False,beta_known_mean,500,-0.038,0.012058308571736849,-5.017860089525327e-05,1.5922869823499863e-05
beta_control,500,0.3,0.3,0.5,False,beta_estimated_mean,500,-0.024,0.011273961345011683,-2.8352204806580893e-06,1.3318402543135305e-06
beta_control,500,0.3,0.3,0.5,False,risk_only,500,-0.028,0.015713874496870804,-2.126415360493567e-06,2.0999459655815044e-06
beta_control,500,0.3,0.3,0.5,False,outcome_based,500,-0.012,0.018985069547712036,-1.8901469871053927e-06,2.315720895220057e-06
beta_control,500,0.3,0.3,0.5,False,beta_known_mean,500,-0.038,0.012058308571736849,-4.489099094375308e-06,1.4244984760284716e-06
beta_control,500,0.6,0.6,0.058823529411764705,False,beta_estimated_mean,500,-0.018,0.014825369579418,-2.6069141617816594e-06,2.1471369950128772e-06
beta_control,500,0.6,0.6,0.058823529411764705,False,risk_only,500,-0.03,0.015055009352810992,-4.344856936302765e-06,2.1803953937554615e-06
beta_control,500,0.6,0.6,0.058823529411764705,False,outcome_based,500,-0.022,0.023582711645973926,-3.7655426781290635e-06,3.438803382986592e-06
beta_control,500,0.6,0.6,0.058823529411764705,False,beta_known_mean,500,-0.064,0.015501244374381967,-9.269028130779233e-06,2.2450229713785904e-06
beta_control,500,0.6,0.6,0.1111111111111111,False,beta_estimated_mean,500,-0.042,0.01577878131795227,-3.7228638391301305e-05,1.3986251046225369e-05
beta_control,500,0.6,0.6,0.1111111111111111,False,risk_only,500,-0.022,0.01611058975346368,-1.9500715347824494e-05,1.4280364766721503e-05
beta_control,500,0.6,0.6,0.1111111111111111,False,outcome_based,500,0.0,0.0233471664310837,0.0,2.0542106965953755e-05
beta_control,500,0.6,0.6,0.1111111111111111,False,beta_known_mean,500,-0.064,0.015501244374381967,-5.67293537391258e-05,1.3740243367358569e-05
beta_control,500,0.6,0.6,0.2,True,beta_estimated_mean,500,-0.082,0.016944800161259207,-0.0001798368238808406,3.716218344263916e-05
beta_control,500,0.6,0.6,0.2,True,risk_only,500,-0.084,0.01773462810628225,-0.00018422308787793427,3.8894380382215686e-05
beta_control,500,0.6,0.6,0.2,True,outcome_based,500,-0.018,0.020498594702309206,-1.7545055988374692e-05,4.433650417150009e-05
beta_control,500,0.6,0.6,0.2,True,beta_known_mean,500,-0.064,0.015501244374381967,-0.00014036044790699753,3.399627505475123e-05
beta_control,500,0.6,0.6,0.3333333333333333,False,beta_estimated_mean,500,-0.1,0.016869177166553,-0.0001320489497243507,2.2275571275573216e-05
beta_control,500,0.6,0.6,0.3333333333333333,False,risk_only,500,-0.068,0.018094386246216104,-8.979328581255847e-05,2.389344699719573e-05
beta_control,500,0.6,0.6,0.3333333333333333,False,outcome_based,500,-0.022,0.022717044883886487,-1.320489497243507e-05,3.0019976613110957e-05
beta_control,500,0.6,0.6,0.3333333333333333,False,beta_known_mean,500,-0.064,0.015501244374381967,-8.451132782358445e-05,2.0469230390576385e-05
beta_control,500,0.6,0.6,0.5,False,beta_estimated_mean,500,-0.072,0.015688347538762453,-8.505661441974267e-06,1.8533301770658848e-06
beta_control,500,0.6,0.6,0.5,False,risk_only,500,-0.046,0.02079983813718429,-4.0165623475989596e-06,2.7009450495437105e-06
beta_control,500,0.6,0.6,0.5,False,outcome_based,500,-0.016,0.02299010852911227,0.0,2.877207464989315e-06
beta_control,500,0.6,0.6,0.5,False,beta_known_mean,500,-0.064,0.015501244374381967,-7.560587948421571e-06,1.831226896913906e-06
beta_control,500,0.9,0.9,0.058823529411764705,False,beta_estimated_mean,500,-0.048,0.02030311387117088,-6.951771098084425e-06,2.9404708377233903e-06
beta_control,500,0.9,0.9,0.058823529411764705,False,risk_only,500,-0.052,0.020283363371475616,-7.531085356258127e-06,2.937610401203509e-06
beta_control,500,0.9,0.9,0.058823529411764705,False,outcome_based,500,-0.112,0.028434645384042206,-1.2165599421647744e-05,4.022561853545474e-06
beta_control,500,0.9,0.9,0.058823529411764705,False,beta_known_mean,500,-0.166,0.01713111058570925,-2.4041541714208636e-05,2.4810741551629524e-06
beta_control,500,0.9,0.9,0.1111111111111111,False,beta_estimated_mean,500,-0.132,0.02073673127684535,-0.00011700429208694696,1.8380958812458652e-05
beta_control,500,0.9,0.9,0.1111111111111111,False,risk_only,500,-0.118,0.02080908542132845,-0.00010459474595651319,1.84450932477223e-05
beta_control,500,0.9,0.9,0.1111111111111111,False,outcome_based,500,-0.03,0.026900693199045603,-8.863961521738406e-06,2.3605753656776413e-05
beta_control,500,0.9,0.9,0.1111111111111111,False,beta_known_mean,500,-0.166,0.01713111058570925,-0.00014714176126085754,1.5184950505637229e-05
beta_control,500,0.9,0.9,0.2,True,beta_estimated_mean,500,-0.27,0.02123916675410826,-0.0005921456396076459,4.658029623090696e-05
beta_control,500,0.9,0.9,0.2,True,risk_only,500,-0.236,0.020820061236696677,-0.0005175791516570533,4.56611425099041e-05
beta_control,500,0.9,0.9,0.2,True,outcome_based,500,-0.068,0.024657005817246818,-0.00014036044790699753,5.4830849035796376e-05
beta_control,500,0.9,0.9,0.2,True,beta_known_mean,500,-0.166,0.01713111058570925,-0.00036405991175877484,3.75707867961634e-05
beta_control,500,0.9,0.9,0.3333333333333333,False,beta_estimated_mean,500,-0.216,0.019063442230072686,-0.0002852257314045975,2.517307524611932e-05
beta_control,500,0.9,0.9,0.3333333333333333,False,risk_only,500,-0.18,0.02154363610240913,-0.00023768810950383125,2.8448145205667293e-05
beta_control,500,0.9,0.9,0.3333333333333333,False,outcome_based,500,-0.05,0.026841029819355423,-3.9614684917305215e-05,3.552208283790955e-05
beta_control,500,0.9,0.9,0.3333333333333333,False,beta_known_mean,500,-0.166,0.01713111058570925,-0.00021920125654242216,2.262145160454613e-05
beta_control,500,0.9,0.9,0.5,False,beta_estimated_mean,500,-0.18,0.017430077889397422,-2.1264153604935668e-05,2.059088075478554e-06
beta_control,500,0.9,0.9,0.5,False,risk_only,500,-0.124,0.02470766961645212,-8.033124695197919e-06,3.3753828749710443e-06
beta_control,500,0.9,0.9,0.5,False,outcome_based,500,-0.092,0.02498640913141713,5.906709334704353e-06,3.392424903467304e-06
beta_control,500,0.9,0.9,0.5,False,beta_known_mean,500,-0.166,0.01713111058570925,-1.9610274991218453e-05,2.0237698162092275e-06
beta_control,500,0.0,0.9,0.058823529411764705,False,beta_estimated_mean,500,-0.006,0.015375330942884007,-8.689713872605531e-07,2.226787109838004e-06
beta_control,500,0.0,0.9,0.058823529411764705,False,risk_only,500,-0.006,0.015375330942884007,-8.689713872605531e-07,2.226787109838004e-06
beta_control,500,0.0,0.9,0.058823529411764705,False,outcome_based,500,-0.066,0.02601232943365761,-7.820742485344977e-06,3.66232150595035e-06
beta_control,500,0.0,0.9,0.058823529411764705,False,beta_known_mean,500,-0.068,0.013232618955022379,-9.848342388952935e-06,1.9164612084060147e-06
beta_control,500,0.0,0.9,0.1111111111111111,False,beta_estimated_mean,500,-0.02,0.01623968764816059,-1.7727923043476812e-05,1.4394796643834596e-05
beta_control,500,0.0,0.9,0.1111111111111111,False,risk_only,500,0.008,0.01497733758992449,7.091169217390725e-06,1.3275854409517687e-05
beta_control,500,0.0,0.9,0.1111111111111111,False,outcome_based,500,-0.014,0.024916855728578543,-1.0636753826086088e-05,2.2159228782967122e-05
beta_control,500,0.0,0.9,0.1111111111111111,False,beta_known_mean,500,-0.068,0.013232618955022379,-6.027493834782116e-05,1.1729342524914467e-05
beta_control,500,0.0,0.9,0.2,True,beta_estimated_mean,500,-0.04,0.017590305218368175,-8.772527994187345e-05,3.857786123860864e-05
beta_control,500,0.0,0.9,0.2,True,risk_only,500,-0.028,0.016461286337822796,-6.140769595931142e-05,3.610177380472105e-05
beta_control,500,0.0,0.9,0.2,True,outcome_based,500,-0.042,0.022660516278231433,-4.3862639970936726e-05,5.04065764361756e-05
beta_control,500,0.0,0.9,0.2,True,beta_known_mean,500,-0.068,0.013232618955022379,-0.00014913297590118488,2.9020880054836988e-05
beta_control,500,0.0,0.9,0.3333333333333333,False,beta_estimated_mean,500,-0.082,0.01621968422357924,-0.00010828013877396756,2.141792266584259e-05
beta_control,500,0.0,0.9,0.3333333333333333,False,risk_only,500,-0.068,0.015976937286291768,-8.979328581255846e-05,2.109737788466646e-05
beta_control,500,0.0,0.9,0.3333333333333333,False,outcome_based,500,-0.038,0.023541886943950846,-3.4332726928331185e-05,3.135364742883776e-05
beta_control,500,0.0,0.9,0.3333333333333333,False,beta_known_mean,500,-0.068,0.013232618955022379,-8.979328581255847e-05,1.7473534351132407e-05
beta_control,500,0.0,0.9,0.5,False,beta_estimated_mean,500,-0.06,0.01360773091596695,-7.0880512016452225e-06,1.6075382245097396e-06
beta_control,500,0.0,0.9,0.5,False,risk_only,500,-0.048,0.021454897465392395,-2.362683733881741e-06,2.8557427487277628e-06
beta_control,500,0.0,0.9,0.5,False,outcome_based,500,-0.044,0.018890253660730272,-9.450734935526964e-07,2.798045028414437e-06
beta_control,500,0.0,0.9,0.5,False,beta_known_mean,500,-0.068,0.013232618955022379,-8.033124695197919e-06,1.5632246780843294e-06
beta_control,500,0.9,0.0,0.058823529411764705,False,beta_estimated_mean,500,-0.006,0.022020394991715802,-8.689713872605531e-07,3.1891821973294357e-06
beta_control,500,0.9,0.0,0.058823529411764705,False,risk_only,500,-0.006,0.022381462412439424,-8.689713872605531e-07,3.2414750735762356e-06
beta_control,500,0.9,0.0,0.058823529411764705,False,outcome_based,500,-0.054,0.014920228766775186,-6.6621139689975736e-06,2.168642405573674e-06
beta_control,500,0.9,0.0,0.058823529411764705,False,beta_known_mean,500,-0.096,0.018061573599267685,-1.390354219616885e-05,2.6158317777773704e-06
beta_control,500,0.9,0.0,0.1111111111111111,False,beta_estimated_mean,500,-0.048,0.021640902414516574,-4.254701530434435e-05,1.9182412629797064e-05
beta_control,500,0.9,0.0,0.1111111111111111,False,risk_only,500,-0.028,0.02189499444081058,-2.4819092260867536e-05,1.9407638824202127e-05
beta_control,500,0.9,0.0,0.1111111111111111,False,outcome_based,500,-0.008,0.01497733758992449,1.7727923043476812e-06,1.3160307454195706e-05
beta_control,500,0.9,0.0,0.1111111111111111,False,beta_known_mean,500,-0.096,0.018061573599267685,-8.50940306086887e-05,1.60097093405955e-05
beta_control,500,0.9,0.0,0.2,True,beta_estimated_mean,500,-0.116,0.021118237613963902,-0.000254403311831433,4.631508266409961e-05
beta_control,500,0.9,0.0,0.2,True,risk_only,500,-0.102,0.021168093356575726,-0.00022369946385177733,4.642442288853293e-05
beta_control,500,0.9,0.0,0.2,True,outcome_based,500,-0.028,0.016215977177822593,-3.9476375973843055e-05,3.5354467590818205e-05
beta_control,500,0.9,0.0,0.2,True,beta_known_mean,500,-0.096,0.018061573599267685,-0.0002105406718604963,3.961141500466272e-05
beta_control,500,0.9,0.0,0.3333333333333333,False,beta_estimated_mean,500,-0.112,0.018536428954812025,-0.00014789482369127277,2.4477159751229714e-05
beta_control,500,0.9,0.0,0.3333333333333333,False,risk_only,500,-0.072,0.020554244182353573,-9.50752438015325e-05,2.714166356657634e-05
beta_control,500,0.9,0.0,0.3333333333333333,False,outcome_based,500,-0.016,0.01876678941027311,-7.922936983461043e-06,2.493737624524143e-05
beta_control,500,0.9,0.0,0.3333333333333333,False,beta_known_mean,500,-0.096,0.018061573599267685,-0.00012676699173537668,2.3850118241523588e-05
beta_control,500,0.9,0.0,0.5,False,beta_estimated_mean,500,-0.088,0.017920778683339474,-1.039580842907966e-05,2.117056614681041e-06
beta_control,500,0.9,0.0,0.5,False,risk_only,500,-0.03,0.020075009639450934,-2.362683733881741e-07,2.6015334637710206e-06
beta_control,500,0.9,0.0,0.5,False,outcome_based,500,-0.02,0.019999999999999997,7.560587948421571e-06,2.5467097014476366e-06
beta_control,500,0.9,0.0,0.5,False,beta_known_mean,500,-0.096,0.018061573599267685,-1.1340881922632357e-05,2.1336893075648827e-06
beta_control,3000,-0.5,-0.5,0.058823529411764705,False,beta_estimated_mean,500,-0.028,0.013813530586150268,-4.055199807215914e-06,2.000593806068847e-06
beta_control,3000,-0.5,-0.5,0.058823529411764705,False,risk_only,500,-0.034,0.013343316236091862,-4.924171194476468e-06,1.932493336722168e-06
beta_control,3000,-0.5,-0.5,0.058823529411764705,False,outcome_based,500,0.004,0.022292642818824673,2.6069141617816594e-06,3.239607176847427e-06
beta_control,3000,-0.5,-0.5,0.058823529411764705,False,beta_known_mean,500,-0.008,0.004890791314231134,-1.1586285163474041e-06,7.083262855215492e-07
beta_control,3000,-0.5,-0.5,0.1111111111111111,False,beta_estimated_mean,500,0.012,0.013268915865906792,1.0636753826086088e-05,1.1761515967058204e-05
beta_control,3000,-0.5,-0.5,0.1111111111111111,False,risk_only,500,0.014,0.01341521285227124,1.2409546130433768e-05,1.1891193052846282e-05
beta_control,3000,-0.5,-0.5,0.1111111111111111,False,outcome_based,500,0.02,0.01938947920413581,1.595513073912913e-05,1.7281593306297524e-05
beta_control,3000,-0.5,-0.5,0.1111111111111111,False,beta_known_mean,500,-0.008,0.004890791314231134,-7.091169217390725e-06,4.335178602019719e-06
beta_control,3000,-0.5,-0.5,0.2,True,beta_estimated_mean,500,0.028,0.011255459597079229,6.140769595931142e-05,2.4684708600705547e-05
beta_control,3000,-0.5,-0.5,0.2,True,risk_only,500,0.044,0.012182973762567117,9.649780793606081e-05,2.671886959614249e-05
beta_control,3000,-0.5,-0.5,0.2,True,outcome_based,500,0.016,0.018114753340223937,4.3862639970936726e-05,3.9222108988076076e-05
beta_control,3000,-0.5,-0.5,0.2,True,beta_known_mean,500,-0.008,0.004890791314231134,-1.7545055988374692e-05,1.0726150929455237e-05
beta_control,3000,-0.5,-0.5,0.3333333333333333,False,beta_estimated_mean,500,0.016,0.007456487001047719,2.112783195589611e-05,9.846212771216245e-06
beta_control,3000,-0.5,-0.5,0.3333333333333333,False,risk_only,500,0.0,0.01096542206036429,0.0,1.4479724663553302e-05
beta_control,3000,-0.5,-0.5,0.3333333333333333,False,outcome_based,500,0.028,0.018523450987139135,3.1691747933844163e-05,2.5039459253429403e-05
beta_control,3000,-0.5,-0.5,0.3333333333333333,False,beta_known_mean,500,-0.008,0.004890791314231134,-1.0563915977948056e-05,6.458238563651981e-06
beta_control,3000,-0.5,-0.5,0.5,False,beta_estimated_mean,500,0.002,0.004475719397846172,2.362683733881741e-07,5.287354709355067e-07
beta_control,3000,-0.5,-0.5,0.5,False,risk_only,500,0.002,0.018886646362486995,2.362683733881741e-07,2.2311586074112385e-06
beta_control,3000,-0.5,-0.5,0.5,False,outcome_based,500,-0.024,0.02262458272514598,-1.4176102403290446e-06,2.546446126020289e-06
beta_control,3000,-0.5,-0.5,0.5,False,beta_known_mean,500,-0.008,0.004890791314231134,-9.450734935526964e-07,5.777696541972002e-07
beta_control,3000,0.0,0.0,0.058823529411764705,False,beta_estimated_mean,500,0.0,0.0,0.0,0.0
beta_control,3000,0.0,0.0,0.058823529411764705,False,risk_only,500,0.0,0.0,0.0,0.0
beta_control,3000,0.0,0.0,0.058823529411764705,False,outcome_based,500,0.0,0.0,0.0,0.0
beta_control,3000,0.0,0.0,0.058823529411764705,False,beta_known_mean,500,0.0,0.0,0.0,0.0
beta_control,3000,0.0,0.0,0.1111111111111111,False,beta_estimated_mean,500,0.0,0.0,0.0,0.0
beta_control,3000,0.0,0.0,0.1111111111111111,False,risk_only,500,0.0,0.0,0.0,0.0
beta_control,3000,0.0,0.0,0.1111111111111111,False,outcome_based,500,0.0,0.0,0.0,0.0
beta_control,3000,0.0,0.0,0.1111111111111111,False,beta_known_mean,500,0.0,0.0,0.0,0.0
beta_control,3000,0.0,0.0,0.2,True,beta_estimated_mean,500,0.0,0.0,0.0,0.0
beta_control,3000,0.0,0.0,0.2,True,risk_only,500,0.0,0.0,0.0,0.0
beta_control,3000,0.0,0.0,0.2,True,outcome_based,500,0.0,0.0,0.0,0.0
beta_control,3000,0.0,0.0,0.2,True,beta_known_mean,500,0.0,0.0,0.0,0.0
beta_control,3000,0.0,0.0,0.3333333333333333,False,beta_estimated_mean,500,0.0,0.0,0.0,0.0
beta_control,3000,0.0,0.0,0.3333333333333333,False,risk_only,500,0.0,0.0,0.0,0.0
beta_control,3000,0.0,0.0,0.3333333333333333,False,outcome_based,500,0.0,0.0,0.0,0.0
beta_control,3000,0.0,0.0,0.3333333333333333,False,beta_known_mean,500,0.0,0.0,0.0,0.0
beta_control,3000,0.0,0.0,0.5,False,beta_estimated_mean,500,0.0,0.0,0.0,0.0
beta_control,3000,0.0,0.0,0.5,False,risk_only,500,0.0,0.0,0.0,0.0
beta_control,3000,0.0,0.0,0.5,False,outcome_based,500,0.0,0.0,0.0,0.0
beta_control,3000,0.0,0.0,0.5,False,beta_known_mean,500,0.0,0.0,0.0,0.0
beta_control,3000,0.3,0.3,0.058823529411764705,False,beta_estimated_mean,500,0.012,0.01095225564929961,1.7379427745211062e-06,1.5861994642006855e-06
beta_control,3000,0.3,0.3,0.058823529411764705,False,risk_only,500,0.006,0.01114344438247936,8.689713872605531e-07,1.6138890539839847e-06
beta_control,3000,0.3,0.3,0.058823529411764705,False,outcome_based,500,0.05,0.01958998558116213,8.40005674351868e-06,2.860326032831284e-06
beta_control,3000,0.3,0.3,0.058823529411764705,False,beta_known_mean,500,-0.002,0.002,-2.8965712908685103e-07,2.89657129086851e-07
beta_control,3000,0.3,0.3,0.1111111111111111,False,beta_estimated_mean,500,-0.028,0.011606093348134469,-2.4819092260867536e-05,1.0287596485556804e-05
beta_control,3000,0.3,0.3,0.1111111111111111,False,risk_only,500,-0.016,0.011990644315557209,-1.418233843478145e-05,1.0628460983395044e-05
beta_control,3000,0.3,0.3,0.1111111111111111,False,outcome_based,500,-0.004,0.017680305041846575,-7.091169217390725e-06,1.5869041809842663e-05
beta_control,3000,0.3,0.3,0.1111111111111111,False,beta_known_mean,500,-0.002,0.002,-1.7727923043476812e-06,1.7727923043476816e-06
beta_control,3000,0.3,0.3,0.2,True,beta_estimated_mean,500,-0.036,0.010080239205737617,-7.895275194768611e-05,2.2107295155109518e-05
beta_control,3000,0.3,0.3,0.2,True,risk_only,500,-0.028,0.009727345089230151,-6.140769595931142e-05,2.133335177609808e-05
beta_control,3000,0.3,0.3,0.2,True,outcome_based,500,-0.014,0.0180071239520933,-3.5090111976749384e-05,3.8745401078890114e-05
beta_control,3000,0.3,0.3,0.2,True,beta_known_mean,500,-0.002,0.002,-4.386263997093673e-06,4.386263997093672e-06
beta_control,3000,0.3,0.3,0.3333333333333333,False,beta_estimated_mean,500,-0.014,0.005259593772650755,-1.8486852961409097e-05,6.945238336552676e-06
beta_control,3000,0.3,0.3,0.3333333333333333,False,risk_only,500,-0.014,0.0082306431689114,-1.8486852961409097e-05,1.0868477860106518e-05
beta_control,3000,0.3,0.3,0.3333333333333333,False,outcome_based,500,-0.026,0.018637131897659073,-4.225566391179222e-05,2.44428731960169e-05
beta_control,3000,0.3,0.3,0.3333333333333333,False,beta_known_mean,500,-0.002,0.002,-2.640978994487014e-06,2.6409789944870148e-06
beta_control,3000,0.3,0.3,0.5,False,beta_estimated_mean,500,0.0,0.0,0.0,0.0
beta_control,3000,0.3,0.3,0.5,False,risk_only,500,-0.01,0.013717738614852334,-1.1813418669408705e-06,1.6205338945476527e-06
beta_control,3000,0.3,0.3,0.5,False,outcome_based,500,-0.024,0.018962255516381404,4.725367467763482e-07,2.36495536366747e-06
beta_control,3000,0.3,0.3,0.5,False,beta_known_mean,500,-0.002,0.002,-2.362683733881741e-07,2.362683733881741e-07
beta_control,3000,0.6,0.6,0.058823529411764705,False,beta_estimated_mean,500,0.0,0.016508939704910207,0.0,2.390966039596108e-06
beta_control,3000,0.6,0.6,0.058823529411764705,False,risk_only,500,-0.014,0.016857531038245513,-2.027599903607957e-06,2.4414520220153394e-06
beta_control,3000,0.6,0.6,0.058823529411764705,False,outcome_based,500,0.068,0.02332037048073459,1.0427656647126637e-05,3.373969194495638e-06
beta_control,3000,0.6,0.6,0.058823529411764705,False,beta_known_mean,500,-0.008,0.003987957825156938,-1.1586285163474041e-06,5.775702072772005e-07
beta_control,3000,0.6,0.6,0.1111111111111111,False,beta_estimated_mean,500,-0.078,0.016259173455095612,-6.913889986955957e-05,1.44120687881238e-05
beta_control,3000,0.6,0.6,0.1111111111111111,False,risk_only,500,-0.08,0.017081673428978452,-7.091169217390725e-05,1.5141129600136637e-05
beta_control,3000,0.6,0.6,0.1111111111111111,False,outcome_based,500,-0.014,0.02219444043837883,-8.863961521738406e-06,2.0151308900038338e-05
beta_control,3000,0.6,0.6,0.1111111111111111,False,beta_known_mean,500,-0.008,0.003987957825156938,-7.091169217390725e-06,3.5349104712506678e-06
beta_control,3000,0.6,0.6,0.2,True,beta_estimated_mean,500,-0.076,0.012836571002811478,-0.00016667803188955956,2.8152294617884302e-05
beta_control,3000,0.6,0.6,0.2,True,risk_only,500,-0.07,0.012430165647973971,-0.00015351923989827853,2.7260994029809382e-05
beta_control,3000,0.6,0.6,0.2,True,outcome_based,500,-0.054,0.01956869611740831,-0.00010088407193315448,4.4330851306874005e-05
beta_control,3000,0.6,0.6,0.2,True,beta_known_mean,500,-0.008,0.003987957825156938,-1.7545055988374692e-05,8.74611791520693e-06
beta_control,3000,0.6,0.6,0.3333333333333333,False,beta_estimated_mean,500,-0.016,0.006290241193192601,-2.112783195589611e-05,8.306197430739295e-06
beta_control,3000,0.6,0.6,0.3333333333333333,False,risk_only,500,-0.032,0.010496301476681144,-4.225566391179222e-05,1.3860255859858966e-05
beta_control,3000,0.6,0.6,0.3333333333333333,False,outcome_based,500,-0.038,0.0202467741560836,-3.4332726928331185e-05,2.755741797902571e-05
beta_control,3000,0.6,0.6,0.3333333333333333,False,beta_known_mean,500,-0.008,0.003987957825156938,-1.0563915977948056e-05,5.266056423569795e-06
beta_control,3000,0.6,0.6,0.5,False,beta_estimated_mean,500,-0.002,0.0034664148718998203,-2.362683733881741e-07,4.095021016361733e-07
beta_control,3000,0.6,0.6,0.5,False,risk_only,500,-0.048,0.01908193492497451,-5.6704409613161785e-06,2.254228862911358e-06
beta_control,3000,0.6,0.6,0.5,False,outcome_based,500,-0.02,0.02450307739046682,2.362683733881741e-07,2.9253861274737105e-06
beta_control,3000,0.6,0.6,0.5,False,beta_known_mean,500,-0.008,0.003987957825156938,-9.450734935526964e-07,4.7111415424523517e-07
beta_control,3000,0.9,0.9,0.058823529411764705,False,beta_estimated_mean,500,-0.044,0.02051755199529806,-6.372456839910723e-06,2.9715276034241146e-06
beta_control,3000,0.9,0.9,0.058823529411764705,False,risk_only,500,-0.052,0.021248411469565433,-7.531085356258127e-06,3.07737693196522e-06
beta_control,3000,0.9,0.9,0.058823529411764705,False,outcome_based,500,0.008,0.028025753973292905,3.4758855490422123e-06,4.076950757067921e-06
beta_control,3000,0.9,0.9,0.058823529411764705,False,beta_known_mean,500,-0.01,0.004454175497072093,-1.4482856454342552e-06,6.450918434654499e-07
beta_control,3000,0.9,0.9,0.1111111111111111,False,beta_estimated_mean,500,-0.262,0.02106179475725641,-0.00023223579186954624,1.866909383070725e-05
beta_control,3000,0.9,0.9,0.1111111111111111,False,risk_only,500,-0.246,0.020876773681743004,-0.0002180534534347648,1.8505091861301104e-05
beta_control,3000,0.9,0.9,0.1111111111111111,False,outcome_based,500,-0.07,0.025524556920973652,-6.204773065216884e-05,2.2763630654624723e-05
beta_control,3000,0.9,0.9,0.1111111111111111,False,beta_known_mean,500,-0.01,0.004454175497072093,-8.863961521738406e-06,3.948164021711708e-06
beta_control,3000,0.9,0.9,0.2,True,beta_estimated_mean,500,-0.112,0.014117741364768125,-0.0002456307838372457,3.0962070334281265e-05
beta_control,3000,0.9,0.9,0.2,True,risk_only,500,-0.114,0.014227186146645534,-0.00025001704783433936,3.120209718749058e-05
beta_control,3000,0.9,0.9,0.2,True,outcome_based,500,-0.138,0.023129677125456282,-0.00030265221579946347,5.0726435019894986e-05
beta_control,3000,0.9,0.9,0.2,True,beta_known_mean,500,-0.01,0.004454175497072093,-2.1931319985468363e-05,9.76859480977207e-06
beta_control,3000,0.9,0.9,0.3333333333333333,False,beta_estimated_mean,500,-0.026,0.007123868260853508,-3.4332726928331185e-05,9.406993218203426e-06
beta_control,3000,0.9,0.9,0.3333333333333333,False,risk_only,500,-0.06,0.010631371130019327,-7.922936983461042e-05,1.4038613918488357e-05
beta_control,3000,0.9,0.9,0.3333333333333333,False,outcome_based,500,-0.072,0.023974602460233883,-8.715230681807146e-05,3.2032825226093196e-05
beta_control,3000,0.9,0.9,0.3333333333333333,False,beta_known_mean,500,-0.01,0.004454175497072093,-1.320489497243507e-05,5.881691962763076e-06
beta_control,3000,0.9,0.9,0.5,False,beta_estimated_mean,500,-0.008,0.003987957825156938,-9.450734935526964e-07,4.7111415424523517e-07
beta_control,3000,0.9,0.9,0.5,False,risk_only,500,-0.114,0.02142255474268666,-1.3467297283125924e-05,2.5307360814368463e-06
beta_control,3000,0.9,0.9,0.5,False,outcome_based,500,-0.008,0.028451555000806684,4.961635841151656e-06,3.4118909552344416e-06
beta_control,3000,0.9,0.9,0.5,False,beta_known_mean,500,-0.01,0.004454175497072093,-1.1813418669408705e-06,5.261903997393428e-07
beta_control,3000,0.0,0.9,0.058823529411764705,False,beta_estimated_mean,500,-0.02,0.014408859443443877,-2.8965712908685105e-06,2.086814429901958e-06
beta_control,3000,0.0,0.9,0.058823529411764705,False,risk_only,500,-0.026,0.014801559794315237,-3.7655426781290635e-06,2.1436886580143564e-06
beta_control,3000,0.0,0.9,0.058823529411764705,False,outcome_based,500,0.032,0.02682146121230397,6.372456839910723e-06,3.857845573019533e-06
beta_control,3000,0.0,0.9,0.058823529411764705,False,beta_known_mean,500,-0.01,0.004454175497072093,-1.4482856454342552e-06,6.450918434654499e-07
beta_control,3000,0.0,0.9,0.1111111111111111,False,beta_estimated_mean,500,0.006,0.016138429223303954,5.318376913043044e-06,1.430504156566649e-05
beta_control,3000,0.0,0.9,0.1111111111111111,False,risk_only,500,-0.006,0.016867038684605425,-5.318376913043044e-06,1.495087818860157e-05
beta_control,3000,0.0,0.9,0.1111111111111111,False,outcome_based,500,-0.04,0.02428950308095741,-3.7228638391301305e-05,2.1303536294844887e-05
beta_control,3000,0.0,0.9,0.1111111111111111,False,beta_known_mean,500,-0.01,0.004454175497072093,-8.863961521738406e-06,3.948164021711708e-06
beta_control,3000,0.0,0.9,0.2,True,beta_estimated_mean,500,-0.046,0.012652595636971312,-0.00010088407193315448,2.7748812356115874e-05
beta_control,3000,0.0,0.9,0.2,True,risk_only,500,-0.036,0.012873984579683006,-7.895275194768611e-05,2.8234347530501336e-05
beta_control,3000,0.0,0.9,0.2,True,outcome_based,500,-0.1,0.021281583860776117,-0.00021931319985468364,4.6673322544826024e-05
beta_control,3000,0.0,0.9,0.2,True,beta_known_mean,500,-0.01,0.004454175497072093,-2.1931319985468363e-05,9.76859480977207e-06
beta_control,3000,0.0,0.9,0.3333333333333333,False,beta_estimated_mean,500,-0.02,0.006267260734501832,-2.640978994487014e-05,8.275851976396297e-06
beta_control,3000,0.0,0.9,0.3333333333333333,False,risk_only,500,-0.038,0.010646063937188682,-5.017860089525327e-05,1.4058015616040514e-05
beta_control,3000,0.0,0.9,0.3333333333333333,False,outcome_based,500,-0.04,0.021300408794895444,-5.281957988974029e-05,2.8862756404988882e-05
beta_control,3000,0.0,0.9,0.3333333333333333,False,beta_known_mean,500,-0.01,0.004454175497072093,-1.320489497243507e-05,5.881691962763076e-06
beta_control,3000,0.0,0.9,0.5,False,beta_estimated_mean,500,-0.006,0.003457152557758369,-7.088051201645223e-07,4.084079056881676e-07
beta_control,3000,0.0,0.9,0.5,False,risk_only,500,-0.066,0.019494822291890347,-7.796856321809746e-06,2.303004976198224e-06
beta_control,3000,0.0,0.9,0.5,False,outcome_based,500,-0.018,0.023247211999107828,3.0714888540462634e-06,2.804973191101322e-06
beta_control,3000,0.0,0.9,0.5,False,beta_known_mean,500,-0.01,0.004454175497072093,-1.1813418669408705e-06,5.261903997393428e-07
beta_control,3000,0.9,0.0,0.058823529411764705,False,beta_estimated_mean,500,-0.028,0.02189499444081058,-4.055199807215914e-06,3.1710206155488775e-06
beta_control,3000,0.9,0.0,0.058823529411764705,False,risk_only,500,-0.032,0.021884008308335073,-4.6345140653896165e-06,3.169429509752566e-06
beta_control,3000,0.9,0.0,0.058823529411764705,False,outcome_based,500,0.004,0.012339876218592321,2.027599903607957e-06,1.8084433795334497e-06
beta_control,3000,0.9,0.0,0.058823529411764705,False,beta_known_mean,500,-0.01,0.004454175497072093,-1.4482856454342552e-06,6.450918434654499e-07
beta_control,3000,0.9,0.0,0.1111111111111111,False,beta_estimated_mean,500,-0.136,0.020877733581953717,-0.00012054987669564233,1.8505942713154352e-05
beta_control,3000,0.9,0.0,0.1111111111111111,False,risk_only,500,-0.126,0.020907468629391218,-0.00011168591517390392,1.8532299744787657e-05
beta_control,3000,0.9,0.0,0.1111111111111111,False,outcome_based,500,0.0,0.014711657477370212,1.7727923043476812e-06,1.316030745419571e-05
beta_control,3000,0.9,0.0,0.1111111111111111,False,beta_known_mean,500,-0.01,0.004454175497072093,-8.863961521738406e-06,3.948164021711708e-06
beta_control,3000,0.9,0.0,0.2,True,beta_estimated_mean,500,-0.06,0.01389915007277391,-0.0001315879199128102,3.048267077720505e-05
beta_control,3000,0.9,0.0,0.2,True,risk_only,500,-0.07,0.013949522513574198,-0.00015351923989827853,3.059314418896906e-05
beta_control,3000,0.9,0.0,0.2,True,outcome_based,500,-0.022,0.01611058975346368,-4.3862639970936726e-05,3.6682354853509185e-05
beta_control,3000,0.9,0.0,0.2,True,beta_known_mean,500,-0.01,0.004454175497072093,-2.1931319985468363e-05,9.76859480977207e-06
beta_control,3000,0.9,0.0,0.3333333333333333,False,beta_estimated_mean,500,-0.02,0.007437111081763196,-2.640978994487014e-05,9.8206270733016e-06
beta_control,3000,0.9,0.0,0.3333333333333333,False,risk_only,500,-0.034,0.01067313598073812,-4.489664290627924e-05,1.4093763965216464e-05
beta_control,3000,0.9,0.0,0.3333333333333333,False,outcome_based,500,-0.03,0.018189604818326696,-3.169174793384417e-05,2.418764218434051e-05
beta_control,3000,0.9,0.0,0.3333333333333333,False,beta_known_mean,500,-0.01,0.004454175497072093,-1.320489497243507e-05,5.881691962763076e-06
beta_control,3000,0.9,0.0,0.5,False,beta_estimated_mean,500,-0.008,0.003987957825156938,-9.450734935526964e-07,4.7111415424523517e-07
beta_control,3000,0.9,0.0,0.5,False,risk_only,500,-0.028,0.01895126118761499,-3.307757227434437e-06,2.238791827226115e-06
beta_control,3000,0.9,0.0,0.5,False,outcome_based,500,0.006,0.021467410169808503,3.0714888540462634e-06,2.6617268856760067e-06
beta_control,3000,0.9,0.0,0.5,False,beta_known_mean,500,-0.01,0.004454175497072093,-1.1813418669408705e-06,5.261903997393428e-07
beta_control,10000,-0.5,-0.5,0.058823529411764705,False,beta_estimated_mean,500,0.014,0.014561320823615435,2.027599903607957e-06,2.108895192740514e-06
beta_control,10000,-0.5,-0.5,0.058823529411764705,False,risk_only,500,0.024,0.014115469988136136,3.4758855490422123e-06,2.04432325623756e-06
beta_control,10000,-0.5,-0.5,0.058823529411764705,False,outcome_based,500,0.012,0.021924263880308197,2.027599903607957e-06,3.1881275909953712e-06
beta_control,10000,-0.5,-0.5,0.058823529411764705,False,beta_known_mean,500,0.0,0.0,0.0,0.0
beta_control,10000,-0.5,-0.5,0.1111111111111111,False,beta_estimated_mean,500,0.046,0.013271030121319216,4.077422299999667e-05,1.1763390034920488e-05
beta_control,10000,-0.5,-0.5,0.1111111111111111,False,risk_only,500,0.034,0.01240951215737218,3.013746917391058e-05,1.0999743826649196e-05
beta_control,10000,-0.5,-0.5,0.1111111111111111,False,outcome_based,500,0.002,0.019097681610231423,1.7727923043476812e-06,1.6928111494750252e-05
beta_control,10000,-0.5,-0.5,0.1111111111111111,False,beta_known_mean,500,0.0,0.0,0.0,0.0
beta_control,10000,-0.5,-0.5,0.2,True,beta_estimated_mean,500,0.018,0.007711740522331358,3.9476375973843055e-05,1.69128649040152e-05
beta_control,10000,-0.5,-0.5,0.2,True,risk_only,500,0.012,0.005636980672505842,2.6317583982562038e-05,1.2362642688062626e-05
beta_control,10000,-0.5,-0.5,0.2,True,outcome_based,500,0.07,0.018189604818326696,0.00013597418390990385,3.904427247464643e-05
beta_control,10000,-0.5,-0.5,0.2,True,beta_known_mean,500,0.0,0.0,0.0,0.0
beta_control,10000,-0.5,-0.5,0.3333333333333333,False,beta_estimated_mean,500,0.002,0.002,2.640978994487014e-06,2.6409789944870135e-06
beta_control,10000,-0.5,-0.5,0.3333333333333333,False,risk_only,500,0.004,0.002825591608118863,5.281957988974028e-06,3.7311640420203506e-06
beta_control,10000,-0.5,-0.5,0.3333333333333333,False,outcome_based,500,0.068,0.01937789993812601,8.979328581255847e-05,2.531371732582764e-05
beta_control,10000,-0.5,-0.5,0.3333333333333333,False,beta_known_mean,500,0.0,0.0,0.0,0.0
beta_control,10000,-0.5,-0.5,0.5,False,beta_estimated_mean,500,0.0,0.0,0.0,0.0
beta_control,10000,-0.5,-0.5,0.5,False,risk_only,500,-0.012,0.01057997503510698,-1.4176102403290446e-06,1.2498567460161083e-06
beta_control,10000,-0.5,-0.5,0.5,False,outcome_based,500,0.02,0.021912560796065857,2.362683733881741e-06,2.6526542136323963e-06
beta_control,10000,-0.5,-0.5,0.5,False,beta_known_mean,500,0.0,0.0,0.0,0.0
beta_control,10000,0.0,0.0,0.058823529411764705,False,beta_estimated_mean,500,0.0,0.0,0.0,0.0
beta_control,10000,0.0,0.0,0.058823529411764705,False,risk_only,500,0.0,0.0,0.0,0.0
beta_control,10000,0.0,0.0,0.058823529411764705,False,outcome_based,500,0.0,0.0,0.0,0.0
beta_control,10000,0.0,0.0,0.058823529411764705,False,beta_known_mean,500,0.0,0.0,0.0,0.0
beta_control,10000,0.0,0.0,0.1111111111111111,False,beta_estimated_mean,500,0.0,0.0,0.0,0.0
beta_control,10000,0.0,0.0,0.1111111111111111,False,risk_only,500,0.0,0.0,0.0,0.0
beta_control,10000,0.0,0.0,0.1111111111111111,False,outcome_based,500,0.0,0.0,0.0,0.0
beta_control,10000,0.0,0.0,0.1111111111111111,False,beta_known_mean,500,0.0,0.0,0.0,0.0
beta_control,10000,0.0,0.0,0.2,True,beta_estimated_mean,500,0.0,0.0,0.0,0.0
beta_control,10000,0.0,0.0,0.2,True,risk_only,500,0.0,0.0,0.0,0.0
beta_control,10000,0.0,0.0,0.2,True,outcome_based,500,0.0,0.0,0.0,0.0
beta_control,10000,0.0,0.0,0.2,True,beta_known_mean,500,0.0,0.0,0.0,0.0
beta_control,10000,0.0,0.0,0.3333333333333333,False,beta_estimated_mean,500,0.0,0.0,0.0,0.0
beta_control,10000,0.0,0.0,0.3333333333333333,False,risk_only,500,0.0,0.0,0.0,0.0
beta_control,10000,0.0,0.0,0.3333333333333333,False,outcome_based,500,0.0,0.0,0.0,0.0
beta_control,10000,0.0,0.0,0.3333333333333333,False,beta_known_mean,500,0.0,0.0,0.0,0.0
beta_control,10000,0.0,0.0,0.5,False,beta_estimated_mean,500,0.0,0.0,0.0,0.0
beta_control,10000,0.0,0.0,0.5,False,risk_only,500,0.0,0.0,0.0,0.0
beta_control,10000,0.0,0.0,0.5,False,outcome_based,500,0.0,0.0,0.0,0.0
beta_control,10000,0.0,0.0,0.5,False,beta_known_mean,500,0.0,0.0,0.0,0.0
beta_control,10000,0.3,0.3,0.058823529411764705,False,beta_estimated_mean,500,-0.008,0.010201968453227116,-1.1586285163474041e-06,1.4775364465981947e-06
beta_control,10000,0.3,0.3,0.058823529411764705,False,risk_only,500,0.0,0.010593604150514383,0.0,1.5342564824602728e-06
beta_control,10000,0.3,0.3,0.058823529411764705,False,outcome_based,500,-0.008,0.020994130299062833,0.0,2.9851893522197044e-06
beta_control,10000,0.3,0.3,0.058823529411764705,False,beta_known_mean,500,0.0,0.0,0.0,0.0
beta_control,10000,0.3,0.3,0.1111111111111111,False,beta_estimated_mean,500,-0.026,0.010337394422527069,-2.3046299956519857e-05,9.163026639631316e-06
beta_control,10000,0.3,0.3,0.1111111111111111,False,risk_only,500,-0.034,0.010290762828828503,-3.013746917391058e-05,9.121692574407171e-06
beta_control,10000,0.3,0.3,0.1111111111111111,False,outcome_based,500,-0.012,0.016979062905658503,-1.0636753826086088e-05,1.5050176027093285e-05
beta_control,10000,0.3,0.3,0.1111111111111111,False,beta_known_mean,500,0.0,0.0,0.0,0.0
beta_control,10000,0.3,0.3,0.2,True,beta_estimated_mean,500,-0.012,0.004874373707264981,-2.6317583982562038e-05,1.06901449502782e-05
beta_control,10000,0.3,0.3,0.2,True,risk_only,500,-0.016,0.005617036781471955,-3.5090111976749384e-05,1.231890310246068e-05
beta_control,10000,0.3,0.3,0.2,True,outcome_based,500,0.01,0.015108160477902404,4.386263997093673e-06,3.3148150728889766e-05
beta_control,10000,0.3,0.3,0.2,True,beta_known_mean,500,0.0,0.0,0.0,0.0
beta_control,10000,0.3,0.3,0.3333333333333333,False,beta_estimated_mean,500,0.0,0.0,0.0,0.0
beta_control,10000,0.3,0.3,0.3333333333333333,False,risk_only,500,0.0,0.0,0.0,0.0
beta_control,10000,0.3,0.3,0.3333333333333333,False,outcome_based,500,0.01,0.01662385952210923,1.8486852961409097e-05,2.0966787976190027e-05
beta_control,10000,0.3,0.3,0.3333333333333333,False,beta_known_mean,500,0.0,0.0,0.0,0.0
beta_control,10000,0.3,0.3,0.5,False,beta_estimated_mean,500,0.0,0.0,0.0,0.0
beta_control,10000,0.3,0.3,0.5,False,risk_only,500,-0.024,0.011273961345011681,-2.8352204806580893e-06,1.3318402543135307e-06
beta_control,10000,0.3,0.3,0.5,False,outcome_based,500,0.018,0.01843995835484062,2.126415360493567e-06,2.1525592935675277e-06
beta_control,10000,0.3,0.3,0.5,False,beta_known_mean,500,0.0,0.0,0.0,0.0
beta_control,10000,0.6,0.6,0.058823529411764705,False,beta_estimated_mean,500,-0.016,0.01441886984528366,-2.3172570326948082e-06,2.0882642220309163e-06
beta_control,10000,0.6,0.6,0.058823529411764705,False,risk_only,500,0.002,0.014846981704422717,2.8965712908685103e-07,2.150267048054043e-06
beta_control,10000,0.6,0.6,0.058823529411764705,False,outcome_based,500,-0.002,0.023088051373653534,-2.8965712908685103e-07,3.3688573248221876e-06
beta_control,10000,0.6,0.6,0.058823529411764705,False,beta_known_mean,500,0.0,0.0,0.0,0.0
beta_control,10000,0.6,0.6,0.1111111111111111,False,beta_estimated_mean,500,-0.096,0.015166675842524768,-8.50940306086887e-05,1.3443683108081895e-05
beta_control,10000,0.6,0.6,0.1111111111111111,False,risk_only,500,-0.108,0.015785130366308756,-9.573078443477478e-05,1.3991878818258527e-05
beta_control,10000,0.6,0.6,0.1111111111111111,False,outcome_based,500,-0.032,0.020756050377046906,-2.6591884565215218e-05,1.8317631339839268e-05
beta_control,10000,0.6,0.6,0.1111111111111111,False,beta_known_mean,500,0.0,0.0,0.0,0.0
beta_control,10000,0.6,0.6,0.2,True,beta_estimated_mean,500,-0.022,0.006566447781940087,-4.8248903968030404e-05,1.4401086747359702e-05
beta_control,10000,0.6,0.6,0.2,True,risk_only,500,-0.026,0.007123868260853508,-5.7021431962217747e-05,1.5623583436310033e-05
beta_control,10000,0.6,0.6,0.2,True,outcome_based,500,-0.046,0.018342324873459392,-0.00010965659992734182,4.0181107630858667e-05
beta_control,10000,0.6,0.6,0.2,True,beta_known_mean,500,0.0,0.0,0.0,0.0
beta_control,10000,0.6,0.6,0.3333333333333333,False,beta_estimated_mean,500,0.0,0.0,0.0,0.0
beta_control,10000,0.6,0.6,0.3333333333333333,False,risk_only,500,-0.002,0.002,-2.640978994487014e-06,2.640978994487014e-06
beta_control,10000,0.6,0.6,0.3333333333333333,False,outcome_based,500,-0.028,0.020377991192708375,-3.169174793384417e-05,2.6661573288856692e-05
beta_control,10000,0.6,0.6,0.3333333333333333,False,beta_known_mean,500,0.0,0.0,0.0,0.0
beta_control,10000,0.6,0.6,0.5,False,beta_estimated_mean,500,0.0,0.0,0.0,0.0
beta_control,10000,0.6,0.6,0.5,False,risk_only,500,-0.02,0.014408859443443877,-2.362683733881741e-06,1.7021788915406583e-06
beta_control,10000,0.6,0.6,0.5,False,outcome_based,500,0.016,0.02246101052909187,4.489099094375308e-06,2.699453569949305e-06
beta_control,10000,0.6,0.6,0.5,False,beta_known_mean,500,0.0,0.0,0.0,0.0
beta_control,10000,0.9,0.9,0.058823529411764705,False,beta_estimated_mean,500,-0.058,0.021498753284448172,-8.40005674351868e-06,3.113633577659884e-06
beta_control,10000,0.9,0.9,0.058823529411764705,False,risk_only,500,-0.036,0.02150192236360882,-5.213828323563319e-06,3.114092550845645e-06
beta_control,10000,0.9,0.9,0.058823529411764705,False,outcome_based,500,-0.038,0.02747037026479566,-4.6345140653896165e-06,4.012266140804389e-06
beta_control,10000,0.9,0.9,0.058823529411764705,False,beta_known_mean,500,0.0,0.0,0.0,0.0
beta_control,10000,0.9,0.9,0.1111111111111111,False,beta_estimated_mean,500,-0.222,0.018604414758250098,-0.0001967799457825926,1.6490881655159097e-05
beta_control,10000,0.9,0.9,0.1111111111111111,False,risk_only,500,-0.226,0.01872295644913999,-0.00020032553039128797,1.6595956553836082e-05
beta_control,10000,0.9,0.9,0.1111111111111111,False,outcome_based,500,-0.118,0.024027205689102778,-0.00010282195365216551,2.124091636213618e-05
beta_control,10000,0.9,0.9,0.1111111111111111,False,beta_known_mean,500,0.0,0.0,0.0,0.0
beta_control,10000,0.9,0.9,0.2,True,beta_estimated_mean,500,-0.022,0.006566447781940087,-4.8248903968030404e-05,1.4401086747359702e-05
beta_control,10000,0.9,0.9,0.2,True,risk_only,500,-0.026,0.007123868260853508,-5.7021431962217747e-05,1.5623583436310033e-05
beta_control,10000,0.9,0.9,0.2,True,outcome_based,500,-0.112,0.020779209588004173,-0.00025878957582852667,4.688719936111625e-05
beta_control,10000,0.9,0.9,0.2,True,beta_known_mean,500,0.0,0.0,0.0,0.0
beta_control,10000,0.9,0.9,0.3333333333333333,False,beta_estimated_mean,500,0.0,0.0,0.0,0.0
beta_control,10000,0.9,0.9,0.3333333333333333,False,risk_only,500,-0.002,0.002,-2.640978994487014e-06,2.640978994487014e-06
beta_control,10000,0.9,0.9,0.3333333333333333,False,outcome_based,500,-0.082,0.0233160733949161,-9.771622279601952e-05,3.108501589166843e-05
beta_control,10000,0.9,0.9,0.3333333333333333,False,beta_known_mean,500,0.0,0.0,0.0,0.0
beta_control,10000,0.9,0.9,0.5,False,beta_estimated_mean,500,0.0,0.0,0.0,0.0
beta_control,10000,0.9,0.9,0.5,False,risk_only,500,-0.072,0.012244666746279987,-8.505661441974267e-06,1.446513747411919e-06
beta_control,10000,0.9,0.9,0.5,False,outcome_based,500,-0.048,0.02585980392264867,-1.6538786137172186e-06,3.233309624919439e-06
beta_control,10000,0.9,0.9,0.5,False,beta_known_mean,500,0.0,0.0,0.0,0.0
beta_control,10000,0.0,0.9,0.058823529411764705,False,beta_estimated_mean,500,-0.006,0.015375330942884007,-8.689713872605531e-07,2.226787109838004e-06
beta_control,10000,0.0,0.9,0.058823529411764705,False,risk_only,500,0.006,0.01511240449230625,8.689713872605531e-07,2.1887078494203294e-06
beta_control,10000,0.0,0.9,0.058823529411764705,False,outcome_based,500,-0.066,0.026470537938574554,-8.68971387260553e-06,3.8048323441281773e-06
beta_control,10000,0.0,0.9,0.058823529411764705,False,beta_known_mean,500,0.0,0.0,0.0,0.0
beta_control,10000,0.0,0.9,0.1111111111111111,False,beta_estimated_mean,500,-0.014,0.014834018207902564,-1.2409546130433768e-05,1.3148816660761523e-05
beta_control,10000,0.0,0.9,0.1111111111111111,False,risk_only,500,-0.018,0.015093297029822903,-1.595513073912913e-05,1.337864041085188e-05
beta_control,10000,0.0,0.9,0.1111111111111111,False,outcome_based,500,-0.096,0.022948229615483845,-8.154844599999334e-05,2.052431654282242e-05
beta_control,10000,0.0,0.9,0.1111111111111111,False,beta_known_mean,500,0.0,0.0,0.0,0.0
beta_control,10000,0.0,0.9,0.2,True,beta_estimated_mean,500,-0.012,0.005636980672505842,-2.6317583982562038e-05,1.2362642688062626e-05
beta_control,10000,0.0,0.9,0.2,True,risk_only,500,-0.014,0.005259593772650755,-3.070384797965571e-05,1.1534983402158047e-05
beta_control,10000,0.0,0.9,0.2,True,outcome_based,500,-0.058,0.019545743069637658,-0.00014474671190409122,4.364719270147352e-05
beta_control,10000,0.0,0.9,0.2,True,beta_known_mean,500,0.0,0.0,0.0,0.0
beta_control,10000,0.0,0.9,0.3333333333333333,False,beta_estimated_mean,500,0.0,0.0,0.0,0.0
beta_control,10000,0.0,0.9,0.3333333333333333,False,risk_only,500,-0.002,0.002,-2.640978994487014e-06,2.640978994487014e-06
beta_control,10000,0.0,0.9,0.3333333333333333,False,outcome_based,500,-0.062,0.0214763700130603,-7.922936983461042e-05,2.8250928649721844e-05
beta_control,10000,0.0,0.9,0.3333333333333333,False,beta_known_mean,500,0.0,0.0,0.0,0.0
beta_control,10000,0.0,0.9,0.5,False,beta_estimated_mean,500,0.0,0.0,0.0,0.0
beta_control,10000,0.0,0.9,0.5,False,risk_only,500,-0.042,0.013297580655991723,-4.961635841151656e-06,1.5708988757946062e-06
beta_control,10000,0.0,0.9,0.5,False,outcome_based,500,-0.022,0.022181434400509997,9.450734935526964e-07,2.716906158318861e-06
beta_control,10000,0.0,0.9,0.5,False,beta_known_mean,500,0.0,0.0,0.0,0.0
beta_control,10000,0.9,0.0,0.058823529411764705,False,beta_estimated_mean,500,-0.022,0.020294228524948804,-3.1862284199553616e-06,2.9391839857845753e-06
beta_control,10000,0.9,0.0,0.058823529411764705,False,risk_only,500,0.0,0.020416504777622177,0.0,2.9568930799370094e-06
beta_control,10000,0.9,0.0,0.058823529411764705,False,outcome_based,500,0.008,0.01166808847143157,2.3172570326948082e-06,1.7843418910143602e-06
beta_control,10000,0.9,0.0,0.058823529411764705,False,beta_known_mean,500,0.0,0.0,0.0,0.0
beta_control,10000,0.9,0.0,0.1111111111111111,False,beta_estimated_mean,500,-0.108,0.017700242856932464,-9.573078443477478e-05,1.5689427160927447e-05
beta_control,10000,0.9,0.0,0.1111111111111111,False,risk_only,500,-0.122,0.018079982620099116,-0.00010814033056520855,1.6026027025825773e-05
beta_control,10000,0.9,0.0,0.1111111111111111,False,outcome_based,500,0.008,0.01200667816847285,1.0636753826086088e-05,1.0336457346939761e-05
beta_control,10000,0.9,0.0,0.1111111111111111,False,beta_known_mean,500,0.0,0.0,0.0,0.0
beta_control,10000,0.9,0.0,0.2,True,beta_estimated_mean,500,-0.022,0.006566447781940087,-4.8248903968030404e-05,1.4401086747359702e-05
beta_control,10000,0.9,0.0,0.2,True,risk_only,500,-0.026,0.007123868260853508,-5.7021431962217747e-05,1.5623583436310033e-05
beta_control,10000,0.9,0.0,0.2,True,outcome_based,500,0.01,0.01400686919941566,8.772527994187346e-06,3.165904122999931e-05
beta_control,10000,0.9,0.0,0.2,True,beta_known_mean,500,0.0,0.0,0.0,0.0
beta_control,10000,0.9,0.0,0.3333333333333333,False,beta_estimated_mean,500,0.0,0.0,0.0,0.0
beta_control,10000,0.9,0.0,0.3333333333333333,False,risk_only,500,-0.002,0.002,-2.640978994487014e-06,2.640978994487014e-06
beta_control,10000,0.9,0.0,0.3333333333333333,False,outcome_based,500,-0.012,0.016979062905658503,-1.84868529614091e-05,2.2260192685459626e-05
beta_control,10000,0.9,0.0,0.3333333333333333,False,beta_known_mean,500,0.0,0.0,0.0,0.0
beta_control,10000,0.9,0.0,0.5,False,beta_estimated_mean,500,0.0,0.0,0.0,0.0
beta_control,10000,0.9,0.0,0.5,False,risk_only,500,-0.042,0.012031688287438806,-4.961635841151656e-06,1.4213537103933565e-06
beta_control,10000,0.9,0.0,0.5,False,outcome_based,500,-0.018,0.019496466973503115,-1.6538786137172186e-06,2.3281271263515595e-06
beta_control,10000,0.9,0.0,0.5,False,beta_known_mean,500,0.0,0.0,0.0,0.0
low_endpoint,500,-0.5,-0.5,0.058823529411764705,False,beta_estimated_mean,500,-0.028,0.01322049783957671,-3.350667055959589e-05,1.582053091944807e-05
low_endpoint,500,-0.5,-0.5,0.058823529411764705,False,risk_only,500,0.002,0.013429545986771914,2.393333611399706e-06,1.6070691897989627e-05
low_endpoint,500,-0.5,-0.5,0.058823529411764705,False,outcome_based,500,-0.006,0.015888136005569153,-7.180000834199118e-06,1.901280496230926e-05
low_endpoint,500,-0.5,-0.5,0.058823529411764705,False,beta_known_mean,500,0.044,0.015381846521299375,5.2653339450793536e-05,1.8406945142408717e-05
low_endpoint,500,-0.5,-0.5,0.1111111111111111,True,beta_estimated_mean,500,-0.002,0.01372474908604707,-5.518924319538293e-06,3.7872925755273065e-05
low_endpoint,500,-0.5,-0.5,0.1111111111111111,True,risk_only,500,0.04,0.012534521469003666,0.00011037848639076586,3.458853768452959e-05
low_endpoint,500,-0.5,-0.5,0.1111111111111111,True,outcome_based,500,0.038,0.020047838578343715,0.00010485956207122757,5.532125194209957e-05
low_endpoint,500,-0.5,-0.5,0.1111111111111111,True,beta_known_mean,500,0.044,0.015381846521299375,0.00012141633502984244,4.2445623422902295e-05
low_endpoint,500,-0.5,-0.5,0.2,False,beta_estimated_mean,500,0.028,0.014382130975024717,0.00010659426050041596,5.475187913224595e-05
low_endpoint,500,-0.5,-0.5,0.2,False,risk_only,500,0.022,0.015605096541712016,8.375263325032682e-05,5.940763306790681e-05
low_endpoint,500,-0.5,-0.5,0.2,False,outcome_based,500,0.032,0.018725739147313424,0.00015227751500059423,7.198183966566804e-05
low_endpoint,500,-0.5,-0.5,0.2,False,beta_known_mean,500,-0.044,0.015381846521299375,-0.00016750526650065363,5.855773410960008e-05
low_endpoint,500,-0.5,-0.5,0.3333333333333333,False,beta_estimated_mean,500,0.006,0.014572326698603132,1.52202186126222e-05,3.6965666341215125e-05
low_endpoint,500,-0.5,-0.5,0.3333333333333333,False,risk_only,500,0.002,0.008726069480422117,5.0734062042074e-06,2.2135447520159203e-05
low_endpoint,500,-0.5,-0.5,0.3333333333333333,False,outcome_based,500,-0.032,0.02036618675958395,-5.073406204207399e-05,5.1239897701352864e-05
low_endpoint,500,-0.5,-0.5,0.3333333333333333,False,beta_known_mean,500,-0.044,0.015381846521299375,-0.0001116149364925628,3.9019177786663125e-05
low_endpoint,500,-0.5,-0.5,0.5,False,beta_estimated_mean,500,-0.028,0.014382130975024717,-1.8623205248789731e-06,9.565763466530777e-07
low_endpoint,500,-0.5,-0.5,0.5,False,risk_only,500,0.01,0.017099262251310088,-2.6604578926842464e-07,1.608887407246596e-06
low_endpoint,500,-0.5,-0.5,0.5,False,outcome_based,500,-0.004,0.022649370586750348,-1.463251840976336e-06,1.4510840247623521e-06
low_endpoint,500,-0.5,-0.5,0.5,False,beta_known_mean,500,-0.044,0.015381846521299375,-2.9265036819526723e-06,1.023068874541216e-06
low_endpoint,500,0.0,0.0,0.058823529411764705,False,beta_estimated_mean,500,0.0,0.0,0.0,0.0
low_endpoint,500,0.0,0.0,0.058823529411764705,False,risk_only,500,0.0,0.0,0.0,0.0
low_endpoint,500,0.0,0.0,0.058823529411764705,False,outcome_based,500,0.0,0.0,0.0,0.0
low_endpoint,500,0.0,0.0,0.058823529411764705,False,beta_known_mean,500,0.0,0.0,0.0,0.0
low_endpoint,500,0.0,0.0,0.1111111111111111,True,beta_estimated_mean,500,0.0,0.0,0.0,0.0
low_endpoint,500,0.0,0.0,0.1111111111111111,True,risk_only,500,0.0,0.0,0.0,0.0
low_endpoint,500,0.0,0.0,0.1111111111111111,True,outcome_based,500,0.0,0.0,0.0,0.0
low_endpoint,500,0.0,0.0,0.1111111111111111,True,beta_known_mean,500,0.0,0.0,0.0,0.0
low_endpoint,500,0.0,0.0,0.2,False,beta_estimated_mean,500,0.0,0.0,0.0,0.0
low_endpoint,500,0.0,0.0,0.2,False,risk_only,500,0.0,0.0,0.0,0.0
low_endpoint,500,0.0,0.0,0.2,False,outcome_based,500,0.0,0.0,0.0,0.0
low_endpoint,500,0.0,0.0,0.2,False,beta_known_mean,500,0.0,0.0,0.0,0.0
low_endpoint,500,0.0,0.0,0.3333333333333333,False,beta_estimated_mean,500,0.0,0.0,0.0,0.0
low_endpoint,500,0.0,0.0,0.3333333333333333,False,risk_only,500,0.0,0.0,0.0,0.0
low_endpoint,500,0.0,0.0,0.3333333333333333,False,outcome_based,500,0.0,0.0,0.0,0.0
low_endpoint,500,0.0,0.0,0.3333333333333333,False,beta_known_mean,500,0.0,0.0,0.0,0.0
low_endpoint,500,0.0,0.0,0.5,False,beta_estimated_mean,500,0.0,0.0,0.0,0.0
low_endpoint,500,0.0,0.0,0.5,False,risk_only,500,0.0,0.0,0.0,0.0
low_endpoint,500,0.0,0.0,0.5,False,outcome_based,500,0.0,0.0,0.0,0.0
low_endpoint,500,0.0,0.0,0.5,False,beta_known_mean,500,0.0,0.0,0.0,0.0
low_endpoint,500,0.3,0.3,0.058823529411764705,False,beta_estimated_mean,500,-0.002,0.011146321409412336,-2.393333611399706e-06,1.3338432836305346e-05
low_endpoint,500,0.3,0.3,0.058823529411764705,False,risk_only,500,0.0,0.008493779404785264,0.0,1.0164223868643581e-05
low_endpoint,500,0.3,0.3,0.058823529411764705,False,outcome_based,500,-0.016,0.014138167333537335,-1.9146668891197648e-05,1.691867554147413e-05
low_endpoint,500,0.3,0.3,0.058823529411764705,False,beta_known_mean,500,0.02,0.010555702046353086,2.393333611399706e-05,1.263165824972875e-05
low_endpoint,500,0.3,0.3,0.1111111111111111,True,beta_estimated_mean,500,0.012,0.00893709927700112,3.3113545917229756e-05,2.466158727298479e-05
low_endpoint,500,0.3,0.3,0.1111111111111111,True,risk_only,500,-0.048,0.010373389727030297,-0.00013245418366891903,2.8624976420278103e-05
low_endpoint,500,0.3,0.3,0.1111111111111111,True,outcome_based,500,0.0,0.018128908258062824,0.0,5.002603633605076e-05
low_endpoint,500,0.3,0.3,0.1111111111111111,True,beta_known_mean,500,0.02,0.010555702046353086,5.518924319538293e-05,2.9128060366709088e-05
low_endpoint,500,0.3,0.3,0.2,False,beta_estimated_mean,500,-0.046,0.012652595636971308,-0.00017511914225068338,4.816764554763378e-05
low_endpoint,500,0.3,0.3,0.2,False,risk_only,500,-0.036,0.010080239205737617,-0.0001370497635005348,3.8374844421532205e-05
low_endpoint,500,0.3,0.3,0.2,False,outcome_based,500,-0.014,0.01709363579726499,-6.091100600023769e-05,6.550590383240104e-05
low_endpoint,500,0.3,0.3,0.2,False,beta_known_mean,500,-0.02,0.010555702046353086,-7.613875750029712e-05,4.018490191763339e-05
low_endpoint,500,0.3,0.3,0.3333333333333333,False,beta_estimated_mean,500,-0.03,0.009506879694360608,-7.610109306311099e-05,2.4116131212011235e-05
low_endpoint,500,0.3,0.3,0.3333333333333333,False,risk_only,500,-0.006,0.007213325455589572,-1.52202186126222e-05,1.829806505967765e-05
low_endpoint,500,0.3,0.3,0.3333333333333333,False,outcome_based,500,-0.028,0.017636726119561782,5.0734062042074e-06,4.456296586229875e-05
low_endpoint,500,0.3,0.3,0.3333333333333333,False,beta_known_mean,500,-0.02,0.010555702046353086,-5.073406204207399e-05,2.677668212586625e-05
low_endpoint,500,0.3,0.3,0.5,False,beta_estimated_mean,500,-0.016,0.010183093379791975,-1.064183157073699e-06,6.772922788552066e-07
low_endpoint,500,0.3,0.3,0.5,False,risk_only,500,0.002,0.013429545986771914,5.320915785368495e-07,1.2630052519109485e-06
low_endpoint,500,0.3,0.3,0.5,False,outcome_based,500,-0.012,0.015754631599427114,5.320915785368495e-07,1.2055446294327387e-06
low_endpoint,500,0.3,0.3,0.5,False,beta_known_mean,500,-0.02,0.010555702046353086,-1.3302289463421236e-06,7.020750205510834e-07
low_endpoint,500,0.6,0.6,0.058823529411764705,False,beta_estimated_mean,500,-0.004,0.014710567684600294,-4.786667222799412e-06,1.760364804116211e-05
low_endpoint,500,0.6,0.6,0.058823529411764705,False,risk_only,500,-0.024,0.014396615055286442,-2.8720003336796472e-05,1.722795135110004e-05
low_endpoint,500,0.6,0.6,0.058823529411764705,False,outcome_based,500,-0.004,0.016507968562246057,-4.786667222799412e-06,1.9754538007976586e-05
low_endpoint,500,0.6,0.6,0.058823529411764705,False,beta_known_mean,500,0.046,0.014148085972079286,5.504667306219324e-05,1.693054484697502e-05
low_endpoint,500,0.6,0.6,0.1111111111111111,True,beta_estimated_mean,500,0.042,0.01499739456330248,0.00011589741071030415,4.138474279256071e-05
low_endpoint,500,0.6,0.6,0.1111111111111111,True,risk_only,500,-0.094,0.01583760270112359,-0.0002593894430182998,4.3703265355208176e-05
low_endpoint,500,0.6,0.6,0.1111111111111111,True,outcome_based,500,-0.03,0.021049612166134782,-8.27838647930744e-05,5.808560825026519e-05
low_endpoint,500,0.6,0.6,0.1111111111111111,True,beta_known_mean,500,0.046,0.014148085972079286,0.00012693525934938073,3.904110787311347e-05
low_endpoint,500,0.6,0.6,0.2,False,beta_estimated_mean,500,-0.084,0.016566136355454005,-0.00031978278150124784,6.306625193423841e-05
low_endpoint,500,0.6,0.6,0.2,False,risk_only,500,-0.078,0.014975999503280055,-0.0002969411542511587,5.701269972524051e-05
low_endpoint,500,0.6,0.6,0.2,False,outcome_based,500,-0.03,0.020470419540212274,-9.136650900035653e-05,7.8361485336515e-05
low_endpoint,500,0.6,0.6,0.2,False,beta_known_mean,500,-0.046,0.014148085972079286,-0.00017511914225068338,5.3860884346074996e-05
low_endpoint,500,0.6,0.6,0.3333333333333333,False,beta_estimated_mean,500,-0.058,0.015419062714379884,-0.00014712877992201462,3.9113584219098943e-05
low_endpoint,500,0.6,0.6,0.3333333333333333,False,risk_only,500,-0.028,0.009727345089230151,-7.10276868589036e-05,2.4675386463083313e-05
low_endpoint,500,0.6,0.6,0.3333333333333333,False,outcome_based,500,-0.024,0.02190451129859922,-5.58074682462814e-05,5.626771345288343e-05
low_endpoint,500,0.6,0.6,0.3333333333333333,False,beta_known_mean,500,-0.046,0.014148085972079286,-0.0001166883426967702,3.588949357420336e-05
low_endpoint,500,0.6,0.6,0.5,False,beta_estimated_mean,500,-0.048,0.013407143730340626,-3.1925494712210967e-06,8.917285338934213e-07
low_endpoint,500,0.6,0.6,0.5,False,risk_only,500,-0.008,0.018562357669339554,9.311602624394865e-07,1.6890474278579752e-06
low_endpoint,500,0.6,0.6,0.5,False,outcome_based,500,-0.006,0.022736796692755454,1.3302289463421238e-06,1.5402427743991148e-06
low_endpoint,500,0.6,0.6,0.5,False,beta_known_mean,500,-0.046,0.014148085972079286,-3.059526576586884e-06,9.410096747698403e-07
low_endpoint,500,0.9,0.9,0.058823529411764705,False,beta_estimated_mean,500,0.018,0.020885986902653066,2.1540002502597356e-05,2.499356723068682e-05
low_endpoint,500,0.9,0.9,0.058823529411764705,False,risk_only,500,-0.142,0.020700943411261052,-0.00016992668640937914,2.477213182692718e-05
low_endpoint,500,0.9,0.9,0.058823529411764705,False,outcome_based,500,-0.088,0.01900616923364295,-0.00010530667890158707,2.2744051825414326e-05
low_endpoint,500,0.9,0.9,0.058823529411764705,False,beta_known_mean,500,0.134,0.01626705979791486,0.00016035335196378032,1.946625048649927e-05
low_endpoint,500,0.9,0.9,0.1111111111111111,True,beta_estimated_mean,500,0.128,0.021169040047036285,0.00035321115645045077,5.84151649684343e-05
low_endpoint,500,0.9,0.9,0.1111111111111111,True,risk_only,500,-0.248,0.02014456768497226,-0.0006843466156227484,5.5588172251589325e-05
low_endpoint,500,0.9,0.9,0.1111111111111111,True,outcome_based,500,-0.076,0.0258802545418375,-0.00020971912414245513,7.141558309339417e-05
low_endpoint,500,0.9,0.9,0.1111111111111111,True,beta_known_mean,500,0.134,0.01626705979791486,0.00036976792940906567,4.488833596304799e-05
low_endpoint,500,0.9,0.9,0.2,False,beta_estimated_mean,500,-0.228,0.021376292751166353,-0.000867981835503387,8.137821850182069e-05
low_endpoint,500,0.9,0.9,0.2,False,risk_only,500,-0.184,0.017802298831537874,-0.0007004765690027335,6.777224568411423e-05
low_endpoint,500,0.9,0.9,0.2,False,outcome_based,500,-0.076,0.023949847397859585,-0.0002588717755010101,9.386768933013853e-05
low_endpoint,500,0.9,0.9,0.2,False,beta_known_mean,500,-0.134,0.01626705979791486,-0.0005101296752519906,6.192768605981359e-05
low_endpoint,500,0.9,0.9,0.3333333333333333,False,beta_estimated_mean,500,-0.164,0.01818982516350715,-0.00041601930874500683,4.614218591899253e-05
low_endpoint,500,0.9,0.9,0.3333333333333333,False,risk_only,500,-0.048,0.009569490597759172,-0.0001217617489009776,2.4274956484887883e-05
low_endpoint,500,0.9,0.9,0.3333333333333333,False,outcome_based,500,-0.052,0.026758625676521437,-3.0440437225244393e-05,6.812142768397254e-05
low_endpoint,500,0.9,0.9,0.3333333333333333,False,beta_known_mean,500,-0.134,0.01626705979791486,-0.0003399182156818958,4.126470105147701e-05
low_endpoint,500,0.9,0.9,0.5,False,beta_estimated_mean,500,-0.134,0.01626705979791486,-8.91253394049223e-06,1.08194569075323e-06
low_endpoint,500,0.9,0.9,0.5,False,risk_only,500,-0.096,0.02169121983743819,-1.9953434195131858e-06,2.0218255788754286e-06
low_endpoint,500,0.9,0.9,0.5,False,outcome_based,500,-0.078,0.02609970093272249,3.7246410497579463e-06,1.8278411580614513e-06
low_endpoint,500,0.9,0.9,0.5,False,beta_known_mean,500,-0.134,0.01626705979791486,-8.912533940492228e-06,1.08194569075323e-06
low_endpoint,500,0.0,0.9,0.058823529411764705,False,beta_estimated_mean,500,-0.022,0.017309860268790448,-2.6326669725396768e-05,2.071413519496426e-05
low_endpoint,500,0.0,0.9,0.058823529411764705,False,risk_only,500,-0.002,0.01511452605262868,-2.393333611399706e-06,1.8087051611066374e-05
low_endpoint,500,0.0,0.9,0.058823529411764705,False,outcome_based,500,-0.068,0.0180943862462161,-8.137334278759e-05,2.165295139035878e-05
low_endpoint,500,0.0,0.9,0.058823529411764705,False,beta_known_mean,500,0.048,0.013104788092215904,5.7440006673592945e-05,1.5682064905685478e-05
low_endpoint,500,0.0,0.9,0.1111111111111111,True,beta_estimated_mean,500,0.0,0.01698755880957053,0.0,4.687652572186288e-05
low_endpoint,500,0.0,0.9,0.1111111111111111,True,risk_only,500,-0.032,0.015441141723183258,-8.830278911261269e-05,4.2609246288756755e-05
low_endpoint,500,0.0,0.9,0.1111111111111111,True,outcome_based,500,-0.058,0.025584783804532125,-0.0001600488052666105,7.06002427744809e-05
low_endpoint,500,0.0,0.9,0.1111111111111111,True,beta_known_mean,500,0.048,0.013104788092215904,0.00013245418366891903,3.616216685226309e-05
low_endpoint,500,0.0,0.9,0.2,False,beta_estimated_mean,500,-0.042,0.016764070750753604,-0.00015989139075062392,6.381977588047263e-05
low_endpoint,500,0.0,0.9,0.2,False,risk_only,500,-0.05,0.01494814014476634,-0.00019034689375074275,5.6906640878141036e-05
low_endpoint,500,0.0,0.9,0.2,False,outcome_based,500,-0.062,0.021662190586411244,-0.00020557464525080218,8.26298668081187e-05
low_endpoint,500,0.0,0.9,0.2,False,beta_known_mean,500,-0.048,0.013104788092215904,-0.00018273301800071306,4.98891141323004e-05
low_endpoint,500,0.0,0.9,0.3333333333333333,False,beta_estimated_mean,500,-0.044,0.016391013716708393,-0.00011161493649256281,4.1579135341798474e-05
low_endpoint,500,0.0,0.9,0.3333333333333333,False,risk_only,500,-0.03,0.009506879694360608,-7.610109306311099e-05,2.4116131212011228e-05
low_endpoint,500,0.0,0.9,0.3333333333333333,False,outcome_based,500,-0.012,0.022994989434182312,5.0734062042074e-05,5.918126582034789e-05
low_endpoint,500,0.0,0.9,0.3333333333333333,False,beta_known_mean,500,-0.048,0.013104788092215904,-0.0001217617489009776,3.324295660593571e-05
low_endpoint,500,0.0,0.9,0.5,False,beta_estimated_mean,500,-0.042,0.013297580655991723,-2.79348078731846e-06,8.844413352459635e-07
low_endpoint,500,0.0,0.9,0.5,False,risk_only,500,-0.044,0.01824263103760937,-6.651144731710619e-07,1.5920371701782834e-06
low_endpoint,500,0.0,0.9,0.5,False,outcome_based,500,-0.024,0.018962255516381407,1.3302289463421236e-06,1.4815675104726192e-06
low_endpoint,500,0.0,0.9,0.5,False,beta_known_mean,500,-0.048,0.013104788092215904,-3.192549471221097e-06,8.716184227972586e-07
low_endpoint,500,0.9,0.0,0.058823529411764705,False,beta_estimated_mean,500,0.028,0.020573734641873564,3.350667055959589e-05,2.461990531520725e-05
low_endpoint,500,0.9,0.0,0.058823529411764705,False,risk_only,500,-0.056,0.02006322671287608,-6.701334111919178e-05,2.400899742252938e-05
low_endpoint,500,0.9,0.0,0.058823529411764705,False,outcome_based,500,-0.018,0.010371457673275105,-2.1540002502597356e-05,1.2411179124329351e-05
low_endpoint,500,0.9,0.0,0.058823529411764705,False,beta_known_mean,500,0.09,0.015371159523281918,0.00010770001251298677,1.8394156366628644e-05
low_endpoint,500,0.9,0.0,0.1111111111111111,True,beta_estimated_mean,500,0.06,0.019839031587975692,0.0001655677295861488,5.474505695348373e-05
low_endpoint,500,0.9,0.0,0.1111111111111111,True,risk_only,500,-0.114,0.019869514216265597,-0.0003145786862136827,5.4829172612780026e-05
low_endpoint,500,0.9,0.0,0.1111111111111111,True,outcome_based,500,0.014,0.013710724559113268,3.8632470236768055e-05,3.7834225603890574e-05
low_endpoint,500,0.9,0.0,0.1111111111111111,True,beta_known_mean,500,0.09,0.015371159523281918,0.0002483515943792232,4.2416133056271596e-05
low_endpoint,500,0.9,0.0,0.2,False,beta_estimated_mean,500,-0.104,0.019675931606130834,-0.00039592153900154493,7.490504925758136e-05
low_endpoint,500,0.9,0.0,0.2,False,risk_only,500,-0.104,0.017748182892679015,-0.000395921539001545,6.756622966683046e-05
low_endpoint,500,0.9,0.0,0.2,False,outcome_based,500,-0.004,0.016263363550876427,-2.2841627250089133e-05,6.330068439649533e-05
low_endpoint,500,0.9,0.0,0.2,False,beta_known_mean,500,-0.09,0.015371159523281918,-0.000342624408751337,5.8517049372077216e-05
low_endpoint,500,0.9,0.0,0.3333333333333333,False,beta_estimated_mean,500,-0.076,0.017350795376592995,-0.00019278943575988118,4.401381645576998e-05
low_endpoint,500,0.9,0.0,0.3333333333333333,False,risk_only,500,-0.03,0.009919515793987846,-7.610109306311099e-05,2.5162866485975615e-05
low_endpoint,500,0.9,0.0,0.3333333333333333,False,outcome_based,500,-0.052,0.017754504918182864,-0.0001116149364925628,4.5147722940455696e-05
low_endpoint,500,0.9,0.0,0.3333333333333333,False,beta_known_mean,500,-0.09,0.015371159523281918,-0.00022830327918933302,3.899206804564007e-05
low_endpoint,500,0.9,0.0,0.5,False,beta_estimated_mean,500,-0.074,0.01579705966907692,-4.921847101465857e-06,1.0506853019449928e-06
low_endpoint,500,0.9,0.0,0.5,False,risk_only,500,-0.03,0.01633197682259768,-7.981373678052743e-07,1.4823332279527576e-06
low_endpoint,500,0.9,0.0,0.5,False,outcome_based,500,-0.034,0.0210374225201802,5.320915785368495e-07,1.2630052519109485e-06
low_endpoint,500,0.9,0.0,0.5,False,beta_known_mean,500,-0.09,0.015371159523281918,-5.986030258539557e-06,1.0223580668355998e-06
low_endpoint,3000,-0.5,-0.5,0.058823529411764705,False,beta_estimated_mean,500,0.004,0.012973226630967213,4.786667222799412e-06,1.55246296720998e-05
low_endpoint,3000,-0.5,-0.5,0.058823529411764705,False,risk_only,500,0.058,0.011897693483210974,6.940667473059147e-05,1.4237574855750034e-05
low_endpoint,3000,-0.5,-0.5,0.058823529411764705,False,outcome_based,500,-0.002,0.01511452605262868,-2.393333611399706e-06,1.8087051611066374e-05
low_endpoint,3000,-0.5,-0.5,0.058823529411764705,False,beta_known_mean,500,0.002,0.002,2.393333611399706e-06,2.3933336113997056e-06
low_endpoint,3000,-0.5,-0.5,0.1111111111111111,True,beta_estimated_mean,500,-0.056,0.014496492561760804,-0.00015452988094707222,4.000252267355384e-05
low_endpoint,3000,-0.5,-0.5,0.1111111111111111,True,risk_only,500,0.068,0.012612301149297105,0.00018764342686430197,3.480316776909828e-05
low_endpoint,3000,-0.5,-0.5,0.1111111111111111,True,outcome_based,500,0.008,0.016983783376962602,2.2075697278153173e-05,4.686610755844455e-05
low_endpoint,3000,-0.5,-0.5,0.1111111111111111,True,beta_known_mean,500,0.002,0.002,5.518924319538293e-06,5.518924319538294e-06
low_endpoint,3000,-0.5,-0.5,0.2,False,beta_estimated_mean,500,0.032,0.011585354585931478,0.00012182201200047537,4.410472516865958e-05
low_endpoint,3000,-0.5,-0.5,0.2,False,risk_only,500,0.028,0.007909305546535478,0.00010659426050041596,3.011023485017099e-05
low_endpoint,3000,-0.5,-0.5,0.2,False,outcome_based,500,0.004,0.014710567684600294,2.2841627250089133e-05,5.753198504430531e-05
low_endpoint,3000,-0.5,-0.5,0.2,False,beta_known_mean,500,-0.002,0.002,-7.613875750029711e-06,7.613875750029712e-06
low_endpoint,3000,-0.5,-0.5,0.3333333333333333,False,beta_estimated_mean,500,0.004,0.004900615478093365,1.01468124084148e-05,1.2431406485496846e-05
low_endpoint,3000,-0.5,-0.5,0.3333333333333333,False,risk_only,500,0.0,0.0,0.0,0.0
low_endpoint,3000,-0.5,-0.5,0.3333333333333333,False,outcome_based,500,0.044,0.019720695008626003,9.639471787994059e-05,5.235474534681261e-05
low_endpoint,3000,-0.5,-0.5,0.3333333333333333,False,beta_known_mean,500,-0.002,0.002,-5.0734062042074e-06,5.073406204207398e-06
low_endpoint,3000,-0.5,-0.5,0.5,False,beta_estimated_mean,500,-0.002,0.003466414871899821,-1.3302289463421237e-07,2.305562701315983e-07
low_endpoint,3000,-0.5,-0.5,0.5,False,risk_only,500,-0.01,0.018881552532885218,-6.651144731710619e-07,1.255839386556168e-06
low_endpoint,3000,-0.5,-0.5,0.5,False,outcome_based,500,0.02,0.024338955802151375,2.26138920878161e-06,1.6439361715057827e-06
low_endpoint,3000,-0.5,-0.5,0.5,False,beta_known_mean,500,-0.002,0.002,-1.3302289463421237e-07,1.3302289463421232e-07
low_endpoint,3000,0.0,0.0,0.058823529411764705,False,beta_estimated_mean,500,0.0,0.0,0.0,0.0
low_endpoint,3000,0.0,0.0,0.058823529411764705,False,risk_only,500,0.0,0.0,0.0,0.0
low_endpoint,3000,0.0,0.0,0.058823529411764705,False,outcome_based,500,0.0,0.0,0.0,0.0
low_endpoint,3000,0.0,0.0,0.058823529411764705,False,beta_known_mean,500,0.0,0.0,0.0,0.0
low_endpoint,3000,0.0,0.0,0.1111111111111111,True,beta_estimated_mean,500,0.0,0.0,0.0,0.0
low_endpoint,3000,0.0,0.0,0.1111111111111111,True,risk_only,500,0.0,0.0,0.0,0.0
low_endpoint,3000,0.0,0.0,0.1111111111111111,True,outcome_based,500,0.0,0.0,0.0,0.0
low_endpoint,3000,0.0,0.0,0.1111111111111111,True,beta_known_mean,500,0.0,0.0,0.0,0.0
low_endpoint,3000,0.0,0.0,0.2,False,beta_estimated_mean,500,0.0,0.0,0.0,0.0
low_endpoint,3000,0.0,0.0,0.2,False,risk_only,500,0.0,0.0,0.0,0.0
low_endpoint,3000,0.0,0.0,0.2,False,outcome_based,500,0.0,0.0,0.0,0.0
low_endpoint,3000,0.0,0.0,0.2,False,beta_known_mean,500,0.0,0.0,0.0,0.0
low_endpoint,3000,0.0,0.0,0.3333333333333333,False,beta_estimated_mean,500,0.0,0.0,0.0,0.0
low_endpoint,3000,0.0,0.0,0.3333333333333333,False,risk_only,500,0.0,0.0,0.0,0.0
low_endpoint,3000,0.0,0.0,0.3333333333333333,False,outcome_based,500,0.0,0.0,0.0,0.0
low_endpoint,3000,0.0,0.0,0.3333333333333333,False,beta_known_mean,500,0.0,0.0,0.0,0.0
low_endpoint,3000,0.0,0.0,0.5,False,beta_estimated_mean,500,0.0,0.0,0.0,0.0
low_endpoint,3000,0.0,0.0,0.5,False,risk_only,500,0.0,0.0,0.0,0.0
low_endpoint,3000,0.0,0.0,0.5,False,outcome_based,500,0.0,0.0,0.0,0.0
low_endpoint,3000,0.0,0.0,0.5,False,beta_known_mean,500,0.0,0.0,0.0,0.0
low_endpoint,3000,0.3,0.3,0.058823529411764705,False,beta_estimated_mean,500,0.012,0.013268915865906792,1.4360001668398236e-05,1.587847116435478e-05
low_endpoint,3000,0.3,0.3,0.058823529411764705,False,risk_only,500,-0.04,0.009642923412735776,-4.786667222799412e-05,1.1539366357926847e-05
low_endpoint,3000,0.3,0.3,0.058823529411764705,False,outcome_based,500,-0.008,0.012335977979285258,-9.573334445598824e-06,1.4762055363655018e-05
low_endpoint,3000,0.3,0.3,0.058823529411764705,False,beta_known_mean,500,0.002,0.002,2.393333611399706e-06,2.393333611399705e-06
low_endpoint,3000,0.3,0.3,0.1111111111111111,True,beta_estimated_mean,500,0.016,0.010569362461647882,4.4151394556306346e-05,2.9165755765801805e-05
low_endpoint,3000,0.3,0.3,0.1111111111111111,True,risk_only,500,-0.022,0.007690923260649687,-6.070816751492122e-05,2.1222811711451148e-05
low_endpoint,3000,0.3,0.3,0.1111111111111111,True,outcome_based,500,-0.034,0.013931121717385475,-9.382171343215098e-05,3.844240322226338e-05
low_endpoint,3000,0.3,0.3,0.1111111111111111,True,beta_known_mean,500,0.002,0.002,5.518924319538293e-06,5.518924319538294e-06
low_endpoint,3000,0.3,0.3,0.2,False,beta_estimated_mean,500,-0.054,0.010881397411143408,-0.0002055746452508022,4.142480393757044e-05
low_endpoint,3000,0.3,0.3,0.2,False,risk_only,500,-0.012,0.004874373707264981,-4.5683254500178266e-05,1.8556437883163624e-05
low_endpoint,3000,0.3,0.3,0.2,False,outcome_based,500,-0.026,0.013675600319114927,-9.898038475038625e-05,5.3166184234615735e-05
low_endpoint,3000,0.3,0.3,0.2,False,beta_known_mean,500,-0.002,0.002,-7.613875750029711e-06,7.613875750029712e-06
low_endpoint,3000,0.3,0.3,0.3333333333333333,False,beta_estimated_mean,500,-0.006,0.003457152557758369,-1.52202186126222e-05,8.769769617711391e-06
low_endpoint,3000,0.3,0.3,0.3333333333333333,False,risk_only,500,0.0,0.0,0.0,0.0
low_endpoint,3000,0.3,0.3,0.3333333333333333,False,outcome_based,500,0.012,0.016007012491336275,2.5367031021037e-05,4.155369575741965e-05
low_endpoint,3000,0.3,0.3,0.3333333333333333,False,beta_known_mean,500,-0.002,0.002,-5.0734062042074e-06,5.073406204207398e-06
low_endpoint,3000,0.3,0.3,0.5,False,beta_estimated_mean,500,-0.002,0.002,-1.3302289463421237e-07,1.3302289463421232e-07
low_endpoint,3000,0.3,0.3,0.5,False,risk_only,500,-0.02,0.017884062160446586,-1.3302289463421238e-06,1.1894948582003953e-06
low_endpoint,3000,0.3,0.3,0.5,False,outcome_based,500,-0.022,0.02009576272149722,-1.1972060517079116e-06,1.3371287754914794e-06
low_endpoint,3000,0.3,0.3,0.5,False,beta_known_mean,500,-0.002,0.002,-1.3302289463421237e-07,1.3302289463421232e-07
low_endpoint,3000,0.6,0.6,0.058823529411764705,False,beta_estimated_mean,500,0.024,0.016715466300024493,2.8720003336796472e-05,2.0002843663033852e-05
low_endpoint,3000,0.6,0.6,0.058823529411764705,False,risk_only,500,-0.09,0.01484050137164927,-0.00010770001251298677,1.775913537139582e-05
low_endpoint,3000,0.6,0.6,0.058823529411764705,False,outcome_based,500,-0.018,0.016367277585203416,-2.1540002502597356e-05,1.958617778588818e-05
low_endpoint,3000,0.6,0.6,0.058823529411764705,False,beta_known_mean,500,0.004,0.002825591608118863,4.786667222799412e-06,3.38129168389991e-06
low_endpoint,3000,0.6,0.6,0.1111111111111111,True,beta_estimated_mean,500,0.042,0.01472772255385219,0.00011589741071030415,4.0640593086933735e-05
low_endpoint,3000,0.6,0.6,0.1111111111111111,True,risk_only,500,-0.086,0.013174031661584878,-0.0002373137457401466,3.635324186174413e-05
low_endpoint,3000,0.6,0.6,0.1111111111111111,True,outcome_based,500,-0.048,0.017777065227314447,-0.00013245418366891903,4.90551388065221e-05
low_endpoint,3000,0.6,0.6,0.1111111111111111,True,beta_known_mean,500,0.004,0.002825591608118863,1.1037848639076587e-05,7.797113121565255e-06
low_endpoint,3000,0.6,0.6,0.2,False,beta_estimated_mean,500,-0.074,0.012703178400816308,-0.0002817134027510993,4.836021098713825e-05
low_endpoint,3000,0.6,0.6,0.2,False,risk_only,500,-0.018,0.005951709476392708,-6.85248817502674e-05,2.2657788226764234e-05
low_endpoint,3000,0.6,0.6,0.2,False,outcome_based,500,-0.06,0.01837049128085037,-0.0002055746452508022,7.130972257631557e-05
low_endpoint,3000,0.6,0.6,0.2,False,beta_known_mean,500,-0.004,0.002825591608118863,-1.5227751500059422e-05,1.0756851712271833e-05
low_endpoint,3000,0.6,0.6,0.3333333333333333,False,beta_estimated_mean,500,-0.012,0.004874373707264981,-3.04404372252444e-05,1.236483890403179e-05
low_endpoint,3000,0.6,0.6,0.3333333333333333,False,risk_only,500,0.0,0.0,0.0,0.0
low_endpoint,3000,0.6,0.6,0.3333333333333333,False,outcome_based,500,-0.018,0.019080884683909217,-6.08808744504888e-05,4.863483504441827e-05
low_endpoint,3000,0.6,0.6,0.3333333333333333,False,beta_known_mean,500,-0.004,0.002825591608118863,-1.01468124084148e-05,7.167686997593304e-06
low_endpoint,3000,0.6,0.6,0.5,False,beta_estimated_mean,500,-0.006,0.003457152557758369,-3.990686839026371e-07,2.2994022021254472e-07
low_endpoint,3000,0.6,0.6,0.5,False,risk_only,500,-0.018,0.022188660918286467,-1.1972060517079114e-06,1.4757999517037432e-06
low_endpoint,3000,0.6,0.6,0.5,False,outcome_based,500,-0.028,0.024157797879707364,-3.325572365855309e-06,1.5853408747992333e-06
low_endpoint,3000,0.6,0.6,0.5,False,beta_known_mean,500,-0.004,0.002825591608118863,-2.6604578926842474e-07,1.8793418738305502e-07
low_endpoint,3000,0.9,0.9,0.058823529411764705,False,beta_estimated_mean,500,0.072,0.02169269799477661,8.616001001038942e-05,2.5958931616420934e-05
low_endpoint,3000,0.9,0.9,0.058823529411764705,False,risk_only,500,-0.244,0.019639231115234506,-0.00029198670059076416,2.3501615965068838e-05
low_endpoint,3000,0.9,0.9,0.058823529411764705,False,outcome_based,500,-0.074,0.016540713115847257,-8.855334362178912e-05,1.9793722328338604e-05
low_endpoint,3000,0.9,0.9,0.058823529411764705,False,beta_known_mean,500,0.004,0.002825591608118863,4.786667222799412e-06,3.38129168389991e-06
low_endpoint,3000,0.9,0.9,0.1111111111111111,True,beta_estimated_mean,500,0.212,0.020759912039693032,0.000585005977871059,5.728619171366883e-05
low_endpoint,3000,0.9,0.9,0.1111111111111111,True,risk_only,500,-0.122,0.01465132494504475,-0.00033665438349183587,4.042977677633276e-05
low_endpoint,3000,0.9,0.9,0.1111111111111111,True,outcome_based,500,-0.128,0.018972398472718602,-0.00035321115645045077,5.235361566552893e-05
low_endpoint,3000,0.9,0.9,0.1111111111111111,True,beta_known_mean,500,0.004,0.002825591608118863,1.1037848639076587e-05,7.797113121565255e-06
low_endpoint,3000,0.9,0.9,0.2,False,beta_estimated_mean,500,-0.108,0.013894535480989097,-0.00041114929050160436,5.289563337831515e-05
low_endpoint,3000,0.9,0.9,0.2,False,risk_only,500,-0.02,0.006267260734501832,-7.613875750029712e-05,2.3859072262768455e-05
low_endpoint,3000,0.9,0.9,0.2,False,outcome_based,500,-0.136,0.02068486711233383,-0.0005253574267520501,7.97450880929528e-05
low_endpoint,3000,0.9,0.9,0.2,False,beta_known_mean,500,-0.004,0.002825591608118863,-1.5227751500059422e-05,1.0756851712271833e-05
low_endpoint,3000,0.9,0.9,0.3333333333333333,False,beta_estimated_mean,500,-0.012,0.004874373707264981,-3.04404372252444e-05,1.236483890403179e-05
low_endpoint,3000,0.9,0.9,0.3333333333333333,False,risk_only,500,0.0,0.0,0.0,0.0
low_endpoint,3000,0.9,0.9,0.3333333333333333,False,outcome_based,500,-0.07,0.0223427481925028,-0.0001674224047388442,5.896777589698757e-05
low_endpoint,3000,0.9,0.9,0.3333333333333333,False,beta_known_mean,500,-0.004,0.002825591608118863,-1.01468124084148e-05,7.167686997593304e-06
low_endpoint,3000,0.9,0.9,0.5,False,beta_estimated_mean,500,-0.006,0.003457152557758369,-3.990686839026371e-07,2.2994022021254472e-07
low_endpoint,3000,0.9,0.9,0.5,False,risk_only,500,-0.104,0.025052409993710906,-6.917190520979043e-06,1.666272047463247e-06
low_endpoint,3000,0.9,0.9,0.5,False,outcome_based,500,-0.018,0.026772851382366517,2.168404344971009e-22,1.7963742347327883e-06
low_endpoint,3000,0.9,0.9,0.5,False,beta_known_mean,500,-0.004,0.002825591608118863,-2.6604578926842474e-07,1.8793418738305502e-07
low_endpoint,3000,0.0,0.9,0.058823529411764705,False,beta_estimated_mean,500,-0.01,0.015884099257384314,-1.196666805699853e-05,1.900797431975349e-05
low_endpoint,3000,0.0,0.9,0.058823529411764705,False,risk_only,500,0.004,0.012339876218592323,4.786667222799412e-06,1.4766720257234453e-05
low_endpoint,3000,0.0,0.9,0.058823529411764705,False,outcome_based,500,-0.062,0.015900240101034357,-7.41933419533909e-05,1.9027289531565494e-05
low_endpoint,3000,0.0,0.9,0.058823529411764705,False,beta_known_mean,500,0.0,0.0028312598015950876,0.0,3.3880746228811936e-06
low_endpoint,3000,0.0,0.9,0.1111111111111111,True,beta_estimated_mean,500,-0.024,0.013535672456797829,-6.622709183445951e-05,3.735117595156309e-05
low_endpoint,3000,0.0,0.9,0.1111111111111111,True,risk_only,500,-0.022,0.011458385103423462,-6.070816751492122e-05,3.161898010495952e-05
low_endpoint,3000,0.0,0.9,0.1111111111111111,True,outcome_based,500,-0.072,0.018717175677186483,-0.00019868127550337855,5.1649338018947555e-05
low_endpoint,3000,0.0,0.9,0.1111111111111111,True,beta_known_mean,500,0.0,0.0028312598015950876,0.0,7.812754286977146e-06
low_endpoint,3000,0.0,0.9,0.2,False,beta_estimated_mean,500,-0.03,0.01336252649121628,-0.00011420813625044566,5.087030820530062e-05
low_endpoint,3000,0.0,0.9,0.2,False,risk_only,500,-0.008,0.005651183216237726,-3.0455503000118844e-05,2.1513703424543666e-05
low_endpoint,3000,0.0,0.9,0.2,False,outcome_based,500,-0.094,0.019470135396157093,-0.0003654660360014261,7.443830781316857e-05
low_endpoint,3000,0.0,0.9,0.2,False,beta_known_mean,500,0.0,0.0028312598015950876,0.0,1.0778430172699385e-05
low_endpoint,3000,0.0,0.9,0.3333333333333333,False,beta_estimated_mean,500,-0.004,0.004900615478093365,-1.01468124084148e-05,1.2431406485496846e-05
low_endpoint,3000,0.0,0.9,0.3333333333333333,False,risk_only,500,0.0,0.0,0.0,0.0
low_endpoint,3000,0.0,0.9,0.3333333333333333,False,outcome_based,500,-0.034,0.020457884790471385,-7.610109306311099e-05,5.192737674902068e-05
low_endpoint,3000,0.0,0.9,0.3333333333333333,False,beta_known_mean,500,0.0,0.0028312598015950876,0.0,7.182065521567766e-06
low_endpoint,3000,0.0,0.9,0.5,False,beta_estimated_mean,500,-0.002,0.0034664148718998216,-1.3302289463421237e-07,2.305562701315983e-07
low_endpoint,3000,0.0,0.9,0.5,False,risk_only,500,-0.066,0.022005829069272804,-4.389755522929008e-06,1.4636395408101818e-06
low_endpoint,3000,0.0,0.9,0.5,False,outcome_based,500,0.024,0.02115995007021396,3.9906868390263693e-07,1.4153562028261764e-06
low_endpoint,3000,0.0,0.9,0.5,False,beta_known_mean,500,0.0,0.0028312598015950876,0.0,1.8831118713483217e-07
low_endpoint,3000,0.9,0.0,0.058823529411764705,False,beta_estimated_mean,500,0.062,0.02166219058641124,7.41933419533909e-05,2.5922424413502173e-05
low_endpoint,3000,0.9,0.0,0.058823529411764705,False,risk_only,500,-0.132,0.019746692475638924,-0.0001579600183523806,2.3630211407960157e-05
low_endpoint,3000,0.9,0.0,0.058823529411764705,False,outcome_based,500,0.01,0.008715038944698711,1.196666805699853e-05,1.0428997815502425e-05
low_endpoint,3000,0.9,0.0,0.058823529411764705,False,beta_known_mean,500,0.004,0.002825591608118863,4.786667222799412e-06,3.38129168389991e-06
low_endpoint,3000,0.9,0.0,0.1111111111111111,True,beta_estimated_mean,500,0.116,0.021118237613963902,0.000320097610533221,5.8274977576746845e-05
low_endpoint,3000,0.9,0.0,0.1111111111111111,True,risk_only,500,-0.1,0.014014021035061358,-0.00027594621597691463,3.867116075246067e-05
low_endpoint,3000,0.9,0.0,0.1111111111111111,True,outcome_based,500,-0.014,0.011483542288291272,-3.8632470236768055e-05,3.1688400404648564e-05
low_endpoint,3000,0.9,0.0,0.1111111111111111,True,beta_known_mean,500,0.004,0.002825591608118863,1.1037848639076587e-05,7.797113121565255e-06
low_endpoint,3000,0.9,0.0,0.2,False,beta_estimated_mean,500,-0.084,0.013647729519670446,-0.00031978278150124784,5.1956058416391735e-05
low_endpoint,3000,0.9,0.0,0.2,False,risk_only,500,-0.02,0.006267260734501832,-7.613875750029712e-05,2.3859072262768455e-05
low_endpoint,3000,0.9,0.0,0.2,False,outcome_based,500,-0.032,0.015441141723183258,-0.0001370497635005348,5.871623415350019e-05
low_endpoint,3000,0.9,0.0,0.2,False,beta_known_mean,500,-0.004,0.002825591608118863,-1.5227751500059422e-05,1.0756851712271833e-05
low_endpoint,3000,0.9,0.0,0.3333333333333333,False,beta_estimated_mean,500,-0.012,0.004874373707264981,-3.04404372252444e-05,1.236483890403179e-05
low_endpoint,3000,0.9,0.0,0.3333333333333333,False,risk_only,500,0.0,0.0,0.0,0.0
low_endpoint,3000,0.9,0.0,0.3333333333333333,False,outcome_based,500,-0.01,0.01562973375186886,-5.073406204207399e-05,4.1816647507799265e-05
low_endpoint,3000,0.9,0.0,0.3333333333333333,False,beta_known_mean,500,-0.004,0.002825591608118863,-1.01468124084148e-05,7.167686997593304e-06
low_endpoint,3000,0.9,0.0,0.5,False,beta_estimated_mean,500,-0.006,0.003457152557758369,-3.990686839026371e-07,2.2994022021254472e-07
low_endpoint,3000,0.9,0.0,0.5,False,risk_only,500,-0.044,0.019516397709595852,-2.926503681952672e-06,1.2980638580814762e-06
low_endpoint,3000,0.9,0.0,0.5,False,outcome_based,500,0.004,0.021186451601505285,5.421010862427522e-23,1.5064894970786574e-06
low_endpoint,3000,0.9,0.0,0.5,False,beta_known_mean,500,-0.004,0.002825591608118863,-2.6604578926842474e-07,1.8793418738305502e-07
low_endpoint,10000,-0.5,-0.5,0.058823529411764705,False,beta_estimated_mean,500,-0.026,0.01276612501488966,-3.111333694819618e-05,1.5276798042733002e-05
low_endpoint,10000,-0.5,-0.5,0.058823529411764705,False,risk_only,500,0.056,0.012729968743418689,6.701334111919178e-05,1.5233531032845817e-05
low_endpoint,10000,-0.5,-0.5,0.058823529411764705,False,outcome_based,500,0.006,0.006634457932953396,7.180000834199118e-06,7.93923558217739e-06
low_endpoint,10000,-0.5,-0.5,0.058823529411764705,False,beta_known_mean,500,0.0,0.0,0.0,0.0
low_endpoint,10000,-0.5,-0.5,0.1111111111111111,True,beta_estimated_mean,500,-0.044,0.012182973762567117,-0.00012141633502984244,3.3618455091264304e-05
low_endpoint,10000,-0.5,-0.5,0.1111111111111111,True,risk_only,500,0.008,0.003987957825156938,2.2075697278153173e-05,1.1004618713275834e-05
low_endpoint,10000,-0.5,-0.5,0.1111111111111111,True,outcome_based,500,0.006,0.010399244615699464,1.6556772958614878e-05,2.8696322007205708e-05
low_endpoint,10000,-0.5,-0.5,0.1111111111111111,True,beta_known_mean,500,0.0,0.0,0.0,0.0
low_endpoint,10000,-0.5,-0.5,0.2,False,beta_estimated_mean,500,0.014,0.005259593772650755,5.329713025020798e-05,2.0022946740296435e-05
low_endpoint,10000,-0.5,-0.5,0.2,False,risk_only,500,0.0,0.0,0.0,0.0
low_endpoint,10000,-0.5,-0.5,0.2,False,outcome_based,500,0.034,0.014215913068415178,0.00011420813625044566,5.310496559529805e-05
low_endpoint,10000,-0.5,-0.5,0.2,False,beta_known_mean,500,0.0,0.0,0.0,0.0
low_endpoint,10000,-0.5,-0.5,0.3333333333333333,False,beta_estimated_mean,500,0.0,0.0,0.0,0.0
low_endpoint,10000,-0.5,-0.5,0.3333333333333333,False,risk_only,500,0.0,0.0,0.0,0.0
low_endpoint,10000,-0.5,-0.5,0.3333333333333333,False,outcome_based,500,-0.004,0.017220950097032655,5.0734062042074e-06,4.456296586229875e-05
low_endpoint,10000,-0.5,-0.5,0.3333333333333333,False,beta_known_mean,500,0.0,0.0,0.0,0.0
low_endpoint,10000,-0.5,-0.5,0.5,False,beta_estimated_mean,500,0.0,0.0,0.0,0.0
low_endpoint,10000,-0.5,-0.5,0.5,False,risk_only,500,-0.002,0.014574526876277482,-1.3302289463421237e-07,9.693728765032778e-07
low_endpoint,10000,-0.5,-0.5,0.5,False,outcome_based,500,-0.022,0.022539922275650926,6.651144731710617e-07,1.5468477424842942e-06
low_endpoint,10000,-0.5,-0.5,0.5,False,beta_known_mean,500,0.0,0.0,0.0,0.0
low_endpoint,10000,0.0,0.0,0.058823529411764705,False,beta_estimated_mean,500,0.0,0.0,0.0,0.0
low_endpoint,10000,0.0,0.0,0.058823529411764705,False,risk_only,500,0.0,0.0,0.0,0.0
low_endpoint,10000,0.0,0.0,0.058823529411764705,False,outcome_based,500,0.0,0.0,0.0,0.0
low_endpoint,10000,0.0,0.0,0.058823529411764705,False,beta_known_mean,500,0.0,0.0,0.0,0.0
low_endpoint,10000,0.0,0.0,0.1111111111111111,True,beta_estimated_mean,500,0.0,0.0,0.0,0.0
low_endpoint,10000,0.0,0.0,0.1111111111111111,True,risk_only,500,0.0,0.0,0.0,0.0
low_endpoint,10000,0.0,0.0,0.1111111111111111,True,outcome_based,500,0.0,0.0,0.0,0.0
low_endpoint,10000,0.0,0.0,0.1111111111111111,True,beta_known_mean,500,0.0,0.0,0.0,0.0
low_endpoint,10000,0.0,0.0,0.2,False,beta_estimated_mean,500,0.0,0.0,0.0,0.0
low_endpoint,10000,0.0,0.0,0.2,False,risk_only,500,0.0,0.0,0.0,0.0
low_endpoint,10000,0.0,0.0,0.2,False,outcome_based,500,0.0,0.0,0.0,0.0
low_endpoint,10000,0.0,0.0,0.2,False,beta_known_mean,500,0.0,0.0,0.0,0.0
low_endpoint,10000,0.0,0.0,0.3333333333333333,False,beta_estimated_mean,500,0.0,0.0,0.0,0.0
low_endpoint,10000,0.0,0.0,0.3333333333333333,False,risk_only,500,0.0,0.0,0.0,0.0
low_endpoint,10000,0.0,0.0,0.3333333333333333,False,outcome_based,500,0.0,0.0,0.0,0.0
low_endpoint,10000,0.0,0.0,0.3333333333333333,False,beta_known_mean,500,0.0,0.0,0.0,0.0
low_endpoint,10000,0.0,0.0,0.5,False,beta_estimated_mean,500,0.0,0.0,0.0,0.0
low_endpoint,10000,0.0,0.0,0.5,False,risk_only,500,0.0,0.0,0.0,0.0
low_endpoint,10000,0.0,0.0,0.5,False,outcome_based,500,0.0,0.0,0.0,0.0
low_endpoint,10000,0.0,0.0,0.5,False,beta_known_mean,500,0.0,0.0,0.0,0.0
low_endpoint,10000,0.3,0.3,0.058823529411764705,False,beta_estimated_mean,500,0.02,0.00976682044286298,2.393333611399706e-05,1.1687629821204865e-05
low_endpoint,10000,0.3,0.3,0.058823529411764705,False,risk_only,500,-0.042,0.00941537564822532,-5.026000583939383e-05,1.1267067501425977e-05
low_endpoint,10000,0.3,0.3,0.058823529411764705,False,outcome_based,500,-0.004,0.006932829743799643,-4.786667222799412e-06,8.296287223973648e-06
low_endpoint,10000,0.3,0.3,0.058823529411764705,False,beta_known_mean,500,0.0,0.0,0.0,0.0
low_endpoint,10000,0.3,0.3,0.1111111111111111,True,beta_estimated_mean,500,0.05,0.01054620523647153,0.00013797310798845732,2.910185427920242e-05
low_endpoint,10000,0.3,0.3,0.1111111111111111,True,risk_only,500,-0.016,0.0056170367814719555,-4.4151394556306346e-05,1.5500000448503333e-05
low_endpoint,10000,0.3,0.3,0.1111111111111111,True,outcome_based,500,-0.008,0.006925888814566943,-2.2075697278153173e-05,1.9111728106565868e-05
low_endpoint,10000,0.3,0.3,0.1111111111111111,True,beta_known_mean,500,0.0,0.0,0.0,0.0
low_endpoint,10000,0.3,0.3,0.2,False,beta_estimated_mean,500,-0.006,0.003457152557758369,-2.2841627250089133e-05,1.3161165011834815e-05
low_endpoint,10000,0.3,0.3,0.2,False,risk_only,500,0.0,0.0,0.0,0.0
low_endpoint,10000,0.3,0.3,0.2,False,outcome_based,500,-0.022,0.012463654575233601,-8.375263325032682e-05,4.865718134924679e-05
low_endpoint,10000,0.3,0.3,0.2,False,beta_known_mean,500,0.0,0.0,0.0,0.0
low_endpoint,10000,0.3,0.3,0.3333333333333333,False,beta_estimated_mean,500,0.0,0.0,0.0,0.0
low_endpoint,10000,0.3,0.3,0.3333333333333333,False,risk_only,500,0.0,0.0,0.0,0.0
low_endpoint,10000,0.3,0.3,0.3333333333333333,False,outcome_based,500,-0.01,0.015108160477902402,-2.5367031021037e-05,3.764594586623692e-05
low_endpoint,10000,0.3,0.3,0.3333333333333333,False,beta_known_mean,500,0.0,0.0,0.0,0.0
low_endpoint,10000,0.3,0.3,0.5,False,beta_estimated_mean,500,0.0,0.0,0.0,0.0
low_endpoint,10000,0.3,0.3,0.5,False,risk_only,500,0.0,0.013279785593556156,0.0,8.832577598882759e-07
low_endpoint,10000,0.3,0.3,0.5,False,outcome_based,500,-0.03,0.021049612166134782,0.0,1.3837989640142848e-06
low_endpoint,10000,0.3,0.3,0.5,False,beta_known_mean,500,0.0,0.0,0.0,0.0
low_endpoint,10000,0.6,0.6,0.058823529411764705,False,beta_estimated_mean,500,0.03,0.01505500935281099,3.590000417099559e-05,1.8015829952009742e-05
low_endpoint,10000,0.6,0.6,0.058823529411764705,False,risk_only,500,-0.104,0.014518594255585375,-0.0001244533477927847,1.7373919811083587e-05
low_endpoint,10000,0.6,0.6,0.058823529411764705,False,outcome_based,500,-0.008,0.008486226020094459,-9.573334445598824e-06,1.0155184983913416e-05
low_endpoint,10000,0.6,0.6,0.058823529411764705,False,beta_known_mean,500,0.0,0.0,0.0,0.0
low_endpoint,10000,0.6,0.6,0.1111111111111111,True,beta_estimated_mean,500,0.126,0.01538575454392054,0.0003476922321309125,4.245640746344493e-05
low_endpoint,10000,0.6,0.6,0.1111111111111111,True,risk_only,500,-0.022,0.006566447781940087,-6.070816751492122e-05,1.8119864178363713e-05
low_endpoint,10000,0.6,0.6,0.1111111111111111,True,outcome_based,500,-0.018,0.010371457673275105,-4.967031887584464e-05,2.8619644991050012e-05
low_endpoint,10000,0.6,0.6,0.1111111111111111,True,beta_known_mean,500,0.0,0.0,0.0,0.0
low_endpoint,10000,0.6,0.6,0.2,False,beta_estimated_mean,500,-0.01,0.004454175497072093,-3.806937875014856e-05,1.6956769401766875e-05
low_endpoint,10000,0.6,0.6,0.2,False,risk_only,500,0.0,0.0,0.0,0.0
low_endpoint,10000,0.6,0.6,0.2,False,outcome_based,500,-0.078,0.014705935164351713,-0.00031216890575121815,5.6849450312579086e-05
low_endpoint,10000,0.6,0.6,0.2,False,beta_known_mean,500,0.0,0.0,0.0,0.0
low_endpoint,10000,0.6,0.6,0.3333333333333333,False,beta_estimated_mean,500,0.0,0.0,0.0,0.0
low_endpoint,10000,0.6,0.6,0.3333333333333333,False,risk_only,500,0.0,0.0,0.0,0.0
low_endpoint,10000,0.6,0.6,0.3333333333333333,False,outcome_based,500,-0.056,0.01795474158797564,-0.0001420553737178072,4.4976018800704474e-05
low_endpoint,10000,0.6,0.6,0.3333333333333333,False,beta_known_mean,500,0.0,0.0,0.0,0.0
low_endpoint,10000,0.6,0.6,0.5,False,beta_estimated_mean,500,0.0,0.0,0.0,0.0
low_endpoint,10000,0.6,0.6,0.5,False,risk_only,500,-0.006,0.014844821907821932,-3.990686839026371e-07,9.87350590253922e-07
low_endpoint,10000,0.6,0.6,0.5,False,outcome_based,500,-0.014,0.02426490410329875,1.0842021724855045e-22,1.6308227187557003e-06
low_endpoint,10000,0.6,0.6,0.5,False,beta_known_mean,500,0.0,0.0,0.0,0.0
low_endpoint,10000,0.9,0.9,0.058823529411764705,False,beta_estimated_mean,500,0.118,0.020420234375341722,0.00014120668307258266,2.4436216641582513e-05
low_endpoint,10000,0.9,0.9,0.058823529411764705,False,risk_only,500,-0.184,0.017346174781752845,-0.00022018669224877296,2.0757591567191518e-05
low_endpoint,10000,0.9,0.9,0.058823529411764705,False,outcome_based,500,-0.022,0.008195506858354197,-2.6326669725396768e-05,9.807291013277953e-06
low_endpoint,10000,0.9,0.9,0.058823529411764705,False,beta_known_mean,500,0.0,0.0,0.0,0.0
low_endpoint,10000,0.9,0.9,0.1111111111111111,True,beta_estimated_mean,500,0.252,0.01943572728224956,0.000695384464261825,5.3632153982960494e-05
low_endpoint,10000,0.9,0.9,0.1111111111111111,True,risk_only,500,-0.022,0.006566447781940087,-6.070816751492122e-05,1.8119864178363713e-05
low_endpoint,10000,0.9,0.9,0.1111111111111111,True,outcome_based,500,-0.048,0.00997953818394065,-0.00013245418366891903,2.7538157990555534e-05
low_endpoint,10000,0.9,0.9,0.1111111111111111,True,beta_known_mean,500,0.0,0.0,0.0,0.0
low_endpoint,10000,0.9,0.9,0.2,False,beta_estimated_mean,500,-0.01,0.004454175497072093,-3.806937875014856e-05,1.6956769401766875e-05
low_endpoint,10000,0.9,0.9,0.2,False,risk_only,500,0.0,0.0,0.0,0.0
low_endpoint,10000,0.9,0.9,0.2,False,outcome_based,500,-0.104,0.01506059903478521,-0.0004111492905016044,5.812762523475314e-05
low_endpoint,10000,0.9,0.9,0.2,False,beta_known_mean,500,0.0,0.0,0.0,0.0
low_endpoint,10000,0.9,0.9,0.3333333333333333,False,beta_estimated_mean,500,0.0,0.0,0.0,0.0
low_endpoint,10000,0.9,0.9,0.3333333333333333,False,risk_only,500,0.0,0.0,0.0,0.0
low_endpoint,10000,0.9,0.9,0.3333333333333333,False,outcome_based,500,-0.138,0.019967709403876932,-0.00035513843429451795,5.032573297195123e-05
low_endpoint,10000,0.9,0.9,0.3333333333333333,False,beta_known_mean,500,0.0,0.0,0.0,0.0
low_endpoint,10000,0.9,0.9,0.5,False,beta_estimated_mean,500,0.0,0.0,0.0,0.0
low_endpoint,10000,0.9,0.9,0.5,False,risk_only,500,-0.088,0.016032032064096192,-5.853007363905344e-06,1.0663136560172912e-06
low_endpoint,10000,0.9,0.9,0.5,False,outcome_based,500,-0.04,0.02768271419732287,9.311602624394867e-07,1.8684702489352021e-06
low_endpoint,10000,0.9,0.9,0.5,False,beta_known_mean,500,0.0,0.0,0.0,0.0
low_endpoint,10000,0.0,0.9,0.058823529411764705,False,beta_estimated_mean,500,-0.002,0.012177379732697365,-2.393333611399706e-06,1.4572266106521088e-05
low_endpoint,10000,0.0,0.9,0.058823529411764705,False,risk_only,500,-0.022,0.012463654575233601,-2.6326669725396768e-05,1.491484170789115e-05
low_endpoint,10000,0.0,0.9,0.058823529411764705,False,outcome_based,500,-0.02,0.007957804553180054,-2.393333611399706e-05,9.522840555037721e-06
low_endpoint,10000,0.0,0.9,0.058823529411764705,False,beta_known_mean,500,0.0,0.0,0.0,0.0
low_endpoint,10000,0.0,0.9,0.1111111111111111,True,beta_estimated_mean,500,0.04,0.01315850647243715,0.00011037848639076586,3.6310400689767705e-05
low_endpoint,10000,0.0,0.9,0.1111111111111111,True,risk_only,500,-0.008,0.003987957825156938,-2.2075697278153173e-05,1.1004618713275834e-05
low_endpoint,10000,0.0,0.9,0.1111111111111111,True,outcome_based,500,-0.042,0.010231391045476216,-0.00011589741071030415,2.82331364317925e-05
low_endpoint,10000,0.0,0.9,0.1111111111111111,True,beta_known_mean,500,0.0,0.0,0.0,0.0
low_endpoint,10000,0.0,0.9,0.2,False,beta_estimated_mean,500,-0.01,0.004454175497072093,-3.806937875014856e-05,1.6956769401766875e-05
low_endpoint,10000,0.0,0.9,0.2,False,risk_only,500,0.0,0.0,0.0,0.0
low_endpoint,10000,0.0,0.9,0.2,False,outcome_based,500,-0.08,0.01508825074755992,-0.00031978278150124784,5.8279321788212744e-05
low_endpoint,10000,0.0,0.9,0.2,False,beta_known_mean,500,0.0,0.0,0.0,0.0
low_endpoint,10000,0.0,0.9,0.3333333333333333,False,beta_estimated_mean,500,0.0,0.0,0.0,0.0
low_endpoint,10000,0.0,0.9,0.3333333333333333,False,risk_only,500,0.0,0.0,0.0,0.0
low_endpoint,10000,0.0,0.9,0.3333333333333333,False,outcome_based,500,-0.08,0.017544675296582865,-0.0001978628419640886,4.483990764619534e-05
low_endpoint,10000,0.0,0.9,0.3333333333333333,False,beta_known_mean,500,0.0,0.0,0.0,0.0
low_endpoint,10000,0.0,0.9,0.5,False,beta_estimated_mean,500,0.0,0.0,0.0,0.0
low_endpoint,10000,0.0,0.9,0.5,False,risk_only,500,-0.058,0.014618460890175652,-3.8576639443921585e-06,9.72294991354095e-07
low_endpoint,10000,0.0,0.9,0.5,False,outcome_based,500,-0.038,0.022850739870412296,-3.990686839026371e-07,1.4766647205371912e-06
low_endpoint,10000,0.0,0.9,0.5,False,beta_known_mean,500,0.0,0.0,0.0,0.0
low_endpoint,10000,0.9,0.0,0.058823529411764705,False,beta_estimated_mean,500,0.022,0.02144648931195069,2.6326669725396768e-05,2.566430185840807e-05
low_endpoint,10000,0.9,0.0,0.058823529411764705,False,risk_only,500,-0.146,0.016058759838015826,-0.00017471335363217856,1.9216984838859488e-05
low_endpoint,10000,0.9,0.0,0.058823529411764705,False,outcome_based,500,-0.004,0.004900615478093365,-4.786667222799412e-06,5.864403870133243e-06
low_endpoint,10000,0.9,0.0,0.058823529411764705,False,beta_known_mean,500,0.0,0.0,0.0,0.0
low_endpoint,10000,0.9,0.0,0.1111111111111111,True,beta_estimated_mean,500,0.158,0.01796433786338198,0.00043599502124352517,4.95719105593107e-05
low_endpoint,10000,0.9,0.0,0.1111111111111111,True,risk_only,500,-0.022,0.006566447781940087,-6.070816751492122e-05,1.8119864178363713e-05
low_endpoint,10000,0.9,0.0,0.1111111111111111,True,outcome_based,500,-0.01,0.006624784943762492,-2.7594621597691465e-05,1.8280843368920972e-05
low_endpoint,10000,0.9,0.0,0.1111111111111111,True,beta_known_mean,500,0.0,0.0,0.0,0.0
low_endpoint,10000,0.9,0.0,0.2,False,beta_estimated_mean,500,-0.01,0.004454175497072093,-3.806937875014856e-05,1.6956769401766875e-05
low_endpoint,10000,0.9,0.0,0.2,False,risk_only,500,0.0,0.0,0.0,0.0
low_endpoint,10000,0.9,0.0,0.2,False,outcome_based,500,-0.024,0.011273961345011683,-9.898038475038625e-05,4.355739535563451e-05
low_endpoint,10000,0.9,0.0,0.2,False,beta_known_mean,500,0.0,0.0,0.0,0.0
low_endpoint,10000,0.9,0.0,0.3333333333333333,False,beta_estimated_mean,500,0.0,0.0,0.0,0.0
low_endpoint,10000,0.9,0.0,0.3333333333333333,False,risk_only,500,0.0,0.0,0.0,0.0
low_endpoint,10000,0.9,0.0,0.3333333333333333,False,outcome_based,500,-0.04,0.0151412851843583,-8.11744992673184e-05,3.7829787412707316e-05
low_endpoint,10000,0.9,0.0,0.3333333333333333,False,beta_known_mean,500,0.0,0.0,0.0,0.0
low_endpoint,10000,0.9,0.0,0.5,False,beta_estimated_mean,500,0.0,0.0,0.0,0.0
low_endpoint,10000,0.9,0.0,0.5,False,risk_only,500,-0.008,0.015242594049133938,-5.320915785368495e-07,1.0138069910750081e-06
low_endpoint,10000,0.9,0.0,0.5,False,outcome_based,500,-0.01,0.021087659394952184,5.320915785368495e-07,1.4705644894246273e-06
low_endpoint,10000,0.9,0.0,0.5,False,beta_known_mean,500,0.0,0.0,0.0,0.0
high_auc,500,-0.5,-0.5,0.1,False,beta_estimated_mean,500,0.014,0.01778315160374909,5.25293619403841e-05,6.672411478814699e-05
high_auc,500,-0.5,-0.5,0.1,False,risk_only,500,0.018,0.018,6.753775106620813e-05,6.753775106620813e-05
high_auc,500,-0.5,-0.5,0.1,False,outcome_based,500,0.04,0.015403718677585498,0.0001575880858211523,5.726564349160605e-05
high_auc,500,-0.5,-0.5,0.1,False,beta_known_mean,500,0.01,0.017788559967896866,3.7520972814560075e-05,6.674440749656299e-05
high_auc,500,-0.5,-0.5,0.15,False,beta_estimated_mean,500,-0.018,0.016610352422968946,-0.00011508281887433896,0.0001061981210739707
high_auc,500,-0.5,-0.5,0.15,False,risk_only,500,0.03,0.018839050391123182,0.00019180469812389827,0.00012044727910700966
high_auc,500,-0.5,-0.5,0.15,False,outcome_based,500,0.024,0.01261611400809816,0.00015344375849911862,8.066099796066506e-05
high_auc,500,-0.5,-0.5,0.15,False,beta_known_mean,500,-0.01,0.017788559967896866,-6.393489937463275e-05,0.00011373097915671064
high_auc,500,-0.5,-0.5,0.2,True,beta_estimated_mean,500,-0.01,0.01638098511526988,-0.0001639277811725659,0.000268529854336702
high_auc,500,-0.5,-0.5,0.2,True,risk_only,500,0.03,0.014233945708089576,0.0004917833435176977,0.0002333339137257892
high_auc,500,-0.5,-0.5,0.2,True,outcome_based,500,0.002,0.011500283171559388,3.278555623451318e-05,0.00018852159031699294
high_auc,500,-0.5,-0.5,0.2,True,beta_known_mean,500,-0.01,0.017788559967896866,-0.0001639277811725659,0.00029160391657924635
high_auc,500,-0.5,-0.5,0.25,False,beta_estimated_mean,500,-0.01,0.016134455097169074,-4.777268527312584e-05,7.70786245410439e-05
high_auc,500,-0.5,-0.5,0.25,False,risk_only,500,0.014,0.019296442817545972,6.688175938237617e-05,9.218428896134935e-05
high_auc,500,-0.5,-0.5,0.25,False,outcome_based,500,0.004,0.016986615030086506,1.9109074109250335e-05,8.114962136880713e-05
high_auc,500,-0.5,-0.5,0.25,False,beta_known_mean,500,-0.01,0.017788559967896866,-4.777268527312584e-05,8.498072768084625e-05
high_auc,500,-0.5,-0.5,0.3,False,beta_estimated_mean,500,0.016,0.016,0.0001504688013925921,0.00015046880139259208
high_auc,500,-0.5,-0.5,0.3,False,risk_only,500,0.006,0.01588813600556915,5.642580052222204e-05,0.00014941679882002977
high_auc,500,-0.5,-0.5,0.3,False,outcome_based,500,0.02,0.017198592476314233,0.00020689460191481416,0.0001649502693214688
high_auc,500,-0.5,-0.5,0.3,False,beta_known_mean,500,0.01,0.017788559967896866,9.404300087037007e-05,0.0001672889560543555
high_auc,500,-0.5,-0.5,0.4,False,beta_estimated_mean,500,0.016,0.016734637617599753,0.0001692877492874949,0.00017706057108908175
high_auc,500,-0.5,-0.5,0.4,False,risk_only,500,-0.004,0.016263363550876427,-4.2321937321873726e-05,0.00017207426321075948
high_auc,500,-0.5,-0.5,0.4,False,outcome_based,500,0.024,0.016228824649339148,0.0002750925925921792,0.0001729455703811576
high_auc,500,-0.5,-0.5,0.4,False,beta_known_mean,500,0.01,0.017788559967896866,0.00010580484330468431,0.0001882115800019308
high_auc,500,0.0,0.0,0.1,False,beta_estimated_mean,500,0.0,0.0,0.0,0.0
high_auc,500,0.0,0.0,0.1,False,risk_only,500,0.0,0.0,0.0,0.0
high_auc,500,0.0,0.0,0.1,False,outcome_based,500,0.0,0.0,0.0,0.0
high_auc,500,0.0,0.0,0.1,False,beta_known_mean,500,0.0,0.0,0.0,0.0
high_auc,500,0.0,0.0,0.15,False,beta_estimated_mean,500,0.0,0.0,0.0,0.0
high_auc,500,0.0,0.0,0.15,False,risk_only,500,0.0,0.0,0.0,0.0
high_auc,500,0.0,0.0,0.15,False,outcome_based,500,0.0,0.0,0.0,0.0
high_auc,500,0.0,0.0,0.15,False,beta_known_mean,500,0.0,0.0,0.0,0.0
high_auc,500,0.0,0.0,0.2,True,beta_estimated_mean,500,0.0,0.0,0.0,0.0
high_auc,500,0.0,0.0,0.2,True,risk_only,500,0.0,0.0,0.0,0.0
high_auc,500,0.0,0.0,0.2,True,outcome_based,500,0.0,0.0,0.0,0.0
high_auc,500,0.0,0.0,0.2,True,beta_known_mean,500,0.0,0.0,0.0,0.0
high_auc,500,0.0,0.0,0.25,False,beta_estimated_mean,500,0.0,0.0,0.0,0.0
high_auc,500,0.0,0.0,0.25,False,risk_only,500,0.0,0.0,0.0,0.0
high_auc,500,0.0,0.0,0.25,False,outcome_based,500,0.0,0.0,0.0,0.0
high_auc,500,0.0,0.0,0.25,False,beta_known_mean,500,0.0,0.0,0.0,0.0
high_auc,500,0.0,0.0,0.3,False,beta_estimated_mean,500,0.0,0.0,0.0,0.0
high_auc,500,0.0,0.0,0.3,False,risk_only,500,0.0,0.0,0.0,0.0
high_auc,500,0.0,0.0,0.3,False,outcome_based,500,0.0,0.0,0.0,0.0
high_auc,500,0.0,0.0,0.3,False,beta_known_mean,500,0.0,0.0,0.0,0.0
high_auc,500,0.0,0.0,0.4,False,beta_estimated_mean,500,0.0,0.0,0.0,0.0
high_auc,500,0.0,0.0,0.4,False,risk_only,500,0.0,0.0,0.0,0.0
high_auc,500,0.0,0.0,0.4,False,outcome_based,500,0.0,0.0,0.0,0.0
high_auc,500,0.0,0.0,0.4,False,beta_known_mean,500,0.0,0.0,0.0,0.0
high_auc,500,0.3,0.3,0.1,False,beta_estimated_mean,500,-0.018,0.01586996255266047,-6.753775106620813e-05,5.954564335064599e-05
high_auc,500,0.3,0.3,0.1,False,risk_only,500,-0.018,0.016367277585203416,-6.753775106620813e-05,6.141161773227757e-05
high_auc,500,0.3,0.3,0.1,False,outcome_based,500,0.004,0.014980548510229345,6.0033556503296115e-05,5.513410949949042e-05
high_auc,500,0.3,0.3,0.1,False,beta_known_mean,500,-0.028,0.01717620575354686,-0.0001050587238807682,6.444679491361221e-05
high_auc,500,0.3,0.3,0.15,False,beta_estimated_mean,500,0.012,0.01625547541482327,7.672187924955931e-05,0.00010392921849335427
high_auc,500,0.3,0.3,0.15,False,risk_only,500,-0.004,0.016507968562246057,-2.5573959749853105e-05,0.00010554353089068028
high_auc,500,0.3,0.3,0.15,False,outcome_based,500,-0.008,0.010959572274906433,-5.114791949970621e-05,7.006991505851579e-05
high_auc,500,0.3,0.3,0.15,False,beta_known_mean,500,0.028,0.01717620575354686,0.00017901771824897173,0.00010981589864910068
high_auc,500,0.3,0.3,0.2,True,beta_estimated_mean,500,0.006,0.01638489944612781,9.835666870353954e-05,0.0002685940210939336
high_auc,500,0.3,0.3,0.2,True,risk_only,500,-0.028,0.012599583286680396,-0.0004589977872831845,0.00020654217318844627
high_auc,500,0.3,0.3,0.2,True,outcome_based,500,-0.024,0.011273961345011681,-0.00039342667481415816,0.00018481154683130417
high_auc,500,0.3,0.3,0.2,True,beta_known_mean,500,0.028,0.01717620575354686,0.0004589977872831845,0.00028156572981423975
high_auc,500,0.3,0.3,0.25,False,beta_estimated_mean,500,-0.004,0.017220950097032655,-1.9109074109250335e-05,8.226910290897466e-05
high_auc,500,0.3,0.3,0.25,False,risk_only,500,-0.018,0.016849921058549763,-8.59908334916265e-05,8.04965975607113e-05
high_auc,500,0.3,0.3,0.25,False,outcome_based,500,-0.014,0.016857531038245513,-6.688175938237617e-05,8.053295247720531e-05
high_auc,500,0.3,0.3,0.25,False,beta_known_mean,500,0.028,0.01717620575354686,0.00013376351876475233,8.205534716506473e-05
high_auc,500,0.3,0.3,0.3,False,beta_estimated_mean,500,0.012,0.016741342392119586,0.00011285160104444408,0.00015744060771532656
high_auc,500,0.3,0.3,0.3,False,risk_only,500,-0.052,0.014526321903913331,-0.0004890236045259243,0.00013660989034529973
high_auc,500,0.3,0.3,0.3,False,outcome_based,500,-0.04,0.015141285184358299,-0.00031974620295925827,0.00014390616975221813
high_auc,500,0.3,0.3,0.3,False,beta_known_mean,500,-0.028,0.01717620575354686,-0.0002633204024370362,0.0001615301932630463
high_auc,500,0.3,0.3,0.4,False,beta_estimated_mean,500,0.004,0.016507968562246057,4.2321937321873726e-05,0.0001746623027007099
high_auc,500,0.3,0.3,0.4,False,risk_only,500,-0.062,0.014025170616489599,-0.0006559900284890428,0.0001483930979399145
high_auc,500,0.3,0.3,0.4,False,outcome_based,500,-0.048,0.01370282945490238,-0.0003808974358968635,0.0001394680864799896
high_auc,500,0.3,0.3,0.4,False,beta_known_mean,500,-0.028,0.01717620575354686,-0.0002962535612531161,0.0001817325758323043
high_auc,500,0.6,0.6,0.1,False,beta_estimated_mean,500,-0.002,0.020514230849209756,-7.504194562912014e-06,7.69713898004809e-05
high_auc,500,0.6,0.6,0.1,False,risk_only,500,-0.034,0.02006222784169156,-0.00012757130756950425,7.52754305447619e-05
high_auc,500,0.6,0.6,0.1,False,outcome_based,500,-0.032,0.017162199222836468,-9.005033475494418e-05,6.361136754796617e-05
high_auc,500,0.6,0.6,0.1,False,beta_known_mean,500,-0.032,0.020948261486783033,-0.00012006711300659223,7.85999149757882e-05
high_auc,500,0.6,0.6,0.15,False,beta_estimated_mean,500,0.0,0.020611882480714796,0.0,0.00013178186323262563
high_auc,500,0.6,0.6,0.15,False,risk_only,500,-0.04,0.01993978912578469,-0.000255739597498531,0.0001274848411308441
high_auc,500,0.6,0.6,0.15,False,outcome_based,500,-0.034,0.013640385633862443,-0.00021737865787375138,8.720966829321817e-05
high_auc,500,0.6,0.6,0.15,False,beta_known_mean,500,0.032,0.020948261486783033,0.00020459167799882484,0.0001339324990230968
high_auc,500,0.6,0.6,0.2,True,beta_estimated_mean,500,0.008,0.02118418134075887,0.00013114222493805272,0.00034726758431478737
high_auc,500,0.6,0.6,0.2,True,risk_only,500,-0.038,0.014195598967994275,-0.0006229255684557504,0.00023270530412388687
high_auc,500,0.6,0.6,0.2,True,outcome_based,500,-0.056,0.014770386882452153,-0.000917995574566369,0.00024212767487007537
high_auc,500,0.6,0.6,0.2,True,beta_known_mean,500,0.032,0.020948261486783033,0.0005245688997522109,0.0003434002024951059
high_auc,500,0.6,0.6,0.25,False,beta_estimated_mean,500,0.008,0.02118418134075887,3.821814821850067e-05,0.00010120252279608982
high_auc,500,0.6,0.6,0.25,False,risk_only,500,-0.074,0.021211975292074595,-0.00035351787102113117,0.0001013353019649601
high_auc,500,0.6,0.6,0.25,False,outcome_based,500,-0.032,0.01996871300304544,-0.00015287259287400268,9.539590416038651e-05
high_auc,500,0.6,0.6,0.25,False,beta_known_mean,500,0.032,0.020948261486783033,0.00015287259287400268,0.00010007547030272289
high_auc,500,0.6,0.6,0.3,False,beta_estimated_mean,500,-0.002,0.021468903736691136,-1.8808600174074014e-05,0.00020190001327955357
high_auc,500,0.6,0.6,0.3,False,risk_only,500,-0.086,0.018705823040734197,-0.0008087698074851825,0.0001759151732500755
high_auc,500,0.6,0.6,0.3,False,outcome_based,500,-0.068,0.0180943862462161,-0.0006583010060925904,0.00017106050217615852
high_auc,500,0.6,0.6,0.3,False,beta_known_mean,500,-0.032,0.020948261486783033,-0.0003009376027851842,0.00019700373732342764
high_auc,500,0.6,0.6,0.4,False,beta_estimated_mean,500,-0.022,0.02087830950089663,-0.0002327706552703055,0.00022090262652090694
high_auc,500,0.6,0.6,0.4,False,risk_only,500,-0.104,0.01841320428888923,-0.0011003703703687169,0.00019482061945230662
high_auc,500,0.6,0.6,0.4,False,outcome_based,500,-0.088,0.01700265215667019,-0.0008041168091156008,0.00018111924766075368
high_auc,500,0.6,0.6,0.4,False,beta_known_mean,500,-0.032,0.020948261486783033,-0.0003385754985749898,0.0002216427524114632
high_auc,500,0.9,0.9,0.1,False,beta_estimated_mean,500,-0.01,0.023256864868830756,-3.7520972814560075e-05,8.726201944952958e-05
high_auc,500,0.9,0.9,0.1,False,risk_only,500,-0.08,0.0225436561556845,-0.0003001677825164806,8.458599097582278e-05
high_auc,500,0.9,0.9,0.1,False,outcome_based,500,-0.062,0.01952112056969561,-0.00024013422601318446,7.35810245448375e-05
high_auc,500,0.9,0.9,0.1,False,beta_known_mean,500,-0.08,0.023586280445430582,-0.0003001677825164806,8.849801873895908e-05
high_auc,500,0.9,0.9,0.15,False,beta_estimated_mean,500,0.024,0.022801047685382842,0.00015344375849911862,0.0001457782689401155
high_auc,500,0.9,0.9,0.15,False,risk_only,500,-0.118,0.02265344028427971,-0.0007544318126206666,0.00014483454250646753
high_auc,500,0.9,0.9,0.15,False,outcome_based,500,-0.034,0.016068740112953322,-0.00021737865787375138,0.00010273532821987959
high_auc,500,0.9,0.9,0.15,False,beta_known_mean,500,0.08,0.023586280445430582,0.000511479194997062,0.00015079864669004724
high_auc,500,0.9,0.9,0.2,True,beta_estimated_mean,500,0.026,0.023403920333438747,0.00042621223104867133,0.00038365527310001135
high_auc,500,0.9,0.9,0.2,True,risk_only,500,-0.086,0.0140571407623608,-0.0014097789180840667,0.00023043558948042378
high_auc,500,0.9,0.9,0.2,True,outcome_based,500,-0.09,0.014290151043066947,-0.001475350030553093,0.00023425527531107924
high_auc,500,0.9,0.9,0.2,True,beta_known_mean,500,0.08,0.023586280445430582,0.001311422249380527,0.00038664466195333146
high_auc,500,0.9,0.9,0.25,False,beta_estimated_mean,500,0.038,0.023541886943950846,0.0001815362040378782,0.00011246591557088742
high_auc,500,0.9,0.9,0.25,False,risk_only,500,-0.134,0.025006772629723922,-0.0006401539826598863,0.00011946406785364179
high_auc,500,0.9,0.9,0.25,False,outcome_based,500,-0.032,0.022956611510064985,-0.00015287259287400268,0.00010966989766077524
high_auc,500,0.9,0.9,0.25,False,beta_known_mean,500,0.08,0.023586280445430582,0.0003821814821850067,0.00011267799524832374
high_auc,500,0.9,0.9,0.3,False,beta_estimated_mean,500,-0.038,0.023879960322622393,-0.0003573634033074062,0.0002245743129404781
high_auc,500,0.9,0.9,0.3,False,risk_only,500,-0.146,0.019853370308974,-0.001373027812707403,0.0001867070521246621
high_auc,500,0.9,0.9,0.3,False,outcome_based,500,-0.114,0.019666762904104285,-0.0010532816097481449,0.0001822744845758869
high_auc,500,0.9,0.9,0.3,False,beta_known_mean,500,-0.08,0.023586280445430582,-0.0007523440069629605,0.00022181245924584206
high_auc,500,0.9,0.9,0.4,False,beta_estimated_mean,500,-0.072,0.023637882709709766,-0.000761794871793727,0.00025010024761553485
high_auc,500,0.9,0.9,0.4,False,risk_only,500,-0.158,0.019463546935711312,-0.0016717165242140122,0.00020593375336863041
high_auc,500,0.9,0.9,0.4,False,outcome_based,500,-0.124,0.01902556027789393,-0.0012696581196562117,0.00020405360013671609
high_auc,500,0.9,0.9,0.4,False,beta_known_mean,500,-0.08,0.023586280445430582,-0.0008464387464374745,0.00024955427066691225
high_auc,500,0.0,0.9,0.1,False,beta_estimated_mean,500,0.006,0.023938967151834124,2.2512583688736044e-05,8.982133357126147e-05
high_auc,500,0.0,0.9,0.1,False,risk_only,500,-0.038,0.02213802575589651,-0.00014257969669532826,8.306402625550239e-05
high_auc,500,0.0,0.9,0.1,False,outcome_based,500,-0.042,0.012992675599678342,-0.00013507550213241626,5.058678008963196e-05
high_auc,500,0.0,0.9,0.1,False,beta_known_mean,500,-0.09,0.023768253190325935,-0.00033768875533104066,8.918079818037998e-05
high_auc,500,0.0,0.9,0.15,False,beta_estimated_mean,500,0.008,0.024187643212358174,5.114791949970621e-05,0.0001546434534891639
high_auc,500,0.0,0.9,0.15,False,risk_only,500,-0.094,0.022345618212674563,-0.000600988054121548,0.00014286648518913093
high_auc,500,0.0,0.9,0.15,False,outcome_based,500,-0.01,0.008242321987370245,-6.393489937463275e-05,5.269720268758396e-05
high_auc,500,0.0,0.9,0.15,False,beta_known_mean,500,0.09,0.023768253190325935,0.0005754140943716948,0.00015196208760342823
high_auc,500,0.0,0.9,0.2,True,beta_estimated_mean,500,0.016,0.02367718772229662,0.00026228444987610544,0.00038813488477224033
high_auc,500,0.0,0.9,0.2,True,risk_only,500,-0.088,0.013299087617687382,-0.00144256447431858,0.00021800899247870383
high_auc,500,0.0,0.9,0.2,True,outcome_based,500,-0.066,0.013988543838349824,-0.0010819233557389349,0.00022931109532558553
high_auc,500,0.0,0.9,0.2,True,beta_known_mean,500,0.09,0.023768253190325935,0.001475350030553093,0.00038962770078378905
high_auc,500,0.0,0.9,0.25,False,beta_estimated_mean,500,0.022,0.024087182997800702,0.00010509990760087684,0.00011507094124701205
high_auc,500,0.0,0.9,0.25,False,risk_only,500,-0.112,0.02383375958996786,-0.0005350540750590093,0.00011386026957668793
high_auc,500,0.0,0.9,0.25,False,outcome_based,500,-0.034,0.023038001193636484,-0.00016242712992862784,0.00011005871803454931
high_auc,500,0.0,0.9,0.25,False,beta_known_mean,500,0.09,0.023768253190325935,0.0004299541674581325,0.00011354732791534097
high_auc,500,0.0,0.9,0.3,False,beta_estimated_mean,500,-0.03,0.02456434028479606,-0.00028212900261111016,0.00023101042747831425
high_auc,500,0.0,0.9,0.3,False,risk_only,500,-0.144,0.019983159242387406,-0.001354219212533329,0.00018792762620245827
high_auc,500,0.0,0.9,0.3,False,outcome_based,500,-0.106,0.0195523038328055,-0.0009968558092259226,0.00018387573263662675
high_auc,500,0.0,0.9,0.3,False,beta_known_mean,500,-0.09,0.023768253190325935,-0.0008463870078333306,0.00022352378554649978
high_auc,500,0.0,0.9,0.4,False,beta_estimated_mean,500,-0.062,0.024279435371604666,-0.0006559900284890428,0.00025688818550188413
high_auc,500,0.0,0.9,0.4,False,risk_only,500,-0.158,0.01904724639391166,-0.0016717165242140122,0.00020152909200935363
high_auc,500,0.0,0.9,0.4,False,outcome_based,500,-0.126,0.019104396245676638,-0.001227336182334338,0.0002067535210928414
high_auc,500,0.0,0.9,0.4,False,beta_known_mean,500,-0.09,0.023768253190325935,-0.0009522435897421588,0.0002514796304428498
high_auc,500,0.9,0.0,0.1,False,beta_estimated_mean,500,-0.018,0.012151020310623234,-6.753775106620813e-05,4.5591810274406156e-05
high_auc,500,0.9,0.0,0.1,False,risk_only,500,-0.004,0.011323623487991626,-1.5008389125824029e-05,4.248733690552476e-05
high_auc,500,0.9,0.0,0.1,False,outcome_based,500,-0.02,0.01696394857048925,-6.0033556503296115e-05,6.456226283648284e-05
high_auc,500,0.9,0.0,0.1,False,beta_known_mean,500,0.002,0.009600851665628981,7.504194562912014e-06,3.602332943426888e-05
high_auc,500,0.9,0.0,0.15,False,beta_estimated_mean,500,0.01,0.009999999999999998,6.393489937463275e-05,6.393489937463275e-05
high_auc,500,0.9,0.0,0.15,False,risk_only,500,0.01,0.011137688099079845,6.393489937463275e-05,7.120869678807146e-05
high_auc,500,0.9,0.0,0.15,False,outcome_based,500,-0.018,0.014825369579418,-0.00011508281887433896,9.478585122518312e-05
high_auc,500,0.9,0.0,0.15,False,beta_known_mean,500,-0.002,0.009600851665628981,-1.2786979874926553e-05,6.138294851527644e-05
high_auc,500,0.9,0.0,0.2,True,beta_estimated_mean,500,0.002,0.009600851665628981,3.278555623451318e-05,0.00015738463109134926
high_auc,500,0.9,0.0,0.2,True,risk_only,500,0.002,0.010009614616434492,3.278555623451318e-05,0.00016408539144645905
high_auc,500,0.9,0.0,0.2,True,outcome_based,500,-0.014,0.010762884341974387,-0.00022949889364159225,0.00017643357491968134
high_auc,500,0.9,0.0,0.2,True,beta_known_mean,500,-0.002,0.009600851665628981,-3.278555623451318e-05,0.00015738463109134926
high_auc,500,0.9,0.0,0.25,False,beta_estimated_mean,500,-0.012,0.00979304894377795,-5.7327222327751006e-05,4.6784024505542145e-05
high_auc,500,0.9,0.0,0.25,False,risk_only,500,-0.004,0.009806136886729787,-1.9109074109250335e-05,4.68465491234932e-05
high_auc,500,0.9,0.0,0.25,False,outcome_based,500,-0.002,0.006005341643613043,-9.554537054625168e-06,2.8689129629792217e-05
high_auc,500,0.9,0.0,0.25,False,beta_known_mean,500,-0.002,0.009600851665628981,-9.554537054625168e-06,4.5865846497605934e-05
high_auc,500,0.9,0.0,0.3,False,beta_estimated_mean,500,0.014,0.00958079240805961,0.0001316602012185181,9.010064687699848e-05
high_auc,500,0.9,0.0,0.3,False,risk_only,500,0.0,0.007490809332034676,0.0,7.044581885323134e-05
high_auc,500,0.9,0.0,0.3,False,outcome_based,500,0.0,0.007490809332034676,1.8808600174074014e-05,7.291348870003725e-05
high_auc,500,0.9,0.0,0.3,False,beta_known_mean,500,0.002,0.009600851665628981,1.8808600174074014e-05,9.028929015470404e-05
high_auc,500,0.9,0.0,0.4,False,beta_estimated_mean,500,0.01,0.008715038944698711,0.00010580484330468431,9.220933299380686e-05
high_auc,500,0.9,0.0,0.4,False,risk_only,500,-0.008,0.008486226020094459,-8.464387464374745e-05,8.97883814304229e-05
high_auc,500,0.9,0.0,0.4,False,outcome_based,500,0.006,0.008250098681622724,8.464387464374745e-05,8.464387464374745e-05
high_auc,500,0.9,0.0,0.4,False,beta_known_mean,500,0.002,0.009600851665628981,2.1160968660936863e-05,0.0001015816606073392
high_auc,3000,-0.5,-0.5,0.1,False,beta_estimated_mean,500,0.052,0.018635626448989917,0.00019510905863571237,6.992268333748474e-05
high_auc,3000,-0.5,-0.5,0.1,False,risk_only,500,0.024,0.016715466300024493,9.005033475494418e-05,6.27180556625914e-05
high_auc,3000,-0.5,-0.5,0.1,False,outcome_based,500,0.006,0.00917039761323191,3.0016778251648058e-05,3.5207409763971564e-05
high_auc,3000,-0.5,-0.5,0.1,False,beta_known_mean,500,0.052,0.017297120591633828,0.00019510905863571237,6.490047914888602e-05
high_auc,3000,-0.5,-0.5,0.15,False,beta_estimated_mean,500,-0.04,0.01890806785634429,-0.000255739597498531,0.00012088854157641005
high_auc,3000,-0.5,-0.5,0.15,False,risk_only,500,0.042,0.011345900533577565,0.0002685265773734576,7.253990089288737e-05
high_auc,3000,-0.5,-0.5,0.15,False,outcome_based,500,0.008,0.0069258888145669415,5.114791949970621e-05,4.4280600443923196e-05
high_auc,3000,-0.5,-0.5,0.15,False,beta_known_mean,500,-0.052,0.017297120591633828,-0.0003324614767480903,0.00011058896644969971
high_auc,3000,-0.5,-0.5,0.2,True,beta_estimated_mean,500,-0.048,0.018441045097514867,-0.0007868533496283163,0.0003022999605338836
high_auc,3000,-0.5,-0.5,0.2,True,risk_only,500,0.002,0.002,3.278555623451318e-05,3.2785556234513173e-05
high_auc,3000,-0.5,-0.5,0.2,True,outcome_based,500,0.004,0.002825591608118863,6.557111246902636e-05,4.631929628187476e-05
high_auc,3000,-0.5,-0.5,0.2,True,beta_known_mean,500,-0.052,0.017297120591633828,-0.0008524244620973427,0.0002835478599260834
high_auc,3000,-0.5,-0.5,0.25,False,beta_estimated_mean,500,-0.058,0.01760374345322989,-0.0002770815745841298,8.40978095620001e-05
high_auc,3000,-0.5,-0.5,0.25,False,risk_only,500,0.034,0.013640385633862443,0.00016242712992862784,6.516378498905776e-05
high_auc,3000,-0.5,-0.5,0.25,False,outcome_based,500,0.01,0.01484050137164927,4.777268527312584e-05,7.089706013231929e-05
high_auc,3000,-0.5,-0.5,0.25,False,beta_known_mean,500,-0.052,0.017297120591633828,-0.00024841796342025434,8.263298981554271e-05
high_auc,3000,-0.5,-0.5,0.3,False,beta_estimated_mean,500,0.058,0.01760374345322989,0.0005454494050481464,0.00016555088608938702
high_auc,3000,-0.5,-0.5,0.3,False,risk_only,500,0.042,0.011345900533577565,0.00039498060365555427,0.00010670025337543671
high_auc,3000,-0.5,-0.5,0.3,False,outcome_based,500,0.032,0.011585354585931478,0.00028212900261111016,0.000107415437162555
high_auc,3000,-0.5,-0.5,0.3,False,beta_known_mean,500,0.052,0.017297120591633828,0.0004890236045259243,0.00016266731268539162
high_auc,3000,-0.5,-0.5,0.4,False,beta_estimated_mean,500,0.048,0.01732027667122947,0.0005078632478624847,0.00018325691591932137
high_auc,3000,-0.5,-0.5,0.4,False,risk_only,500,0.046,0.010954817024125237,0.00048670227920154783,0.00011590726986690588
high_auc,3000,-0.5,-0.5,0.4,False,outcome_based,500,0.042,0.009831852860032164,0.00042321937321873723,0.00010202680006835804
high_auc,3000,-0.5,-0.5,0.4,False,beta_known_mean,500,0.052,0.017297120591633828,0.0005501851851843584,0.00018301191338200457
high_auc,3000,0.0,0.0,0.1,False,beta_estimated_mean,500,0.0,0.0,0.0,0.0
high_auc,3000,0.0,0.0,0.1,False,risk_only,500,0.0,0.0,0.0,0.0
high_auc,3000,0.0,0.0,0.1,False,outcome_based,500,0.0,0.0,0.0,0.0
high_auc,3000,0.0,0.0,0.1,False,beta_known_mean,500,0.0,0.0,0.0,0.0
high_auc,3000,0.0,0.0,0.15,False,beta_estimated_mean,500,0.0,0.0,0.0,0.0
high_auc,3000,0.0,0.0,0.15,False,risk_only,500,0.0,0.0,0.0,0.0
high_auc,3000,0.0,0.0,0.15,False,outcome_based,500,0.0,0.0,0.0,0.0
high_auc,3000,0.0,0.0,0.15,False,beta_known_mean,500,0.0,0.0,0.0,0.0
high_auc,3000,0.0,0.0,0.2,True,beta_estimated_mean,500,0.0,0.0,0.0,0.0
high_auc,3000,0.0,0.0,0.2,True,risk_only,500,0.0,0.0,0.0,0.0
high_auc,3000,0.0,0.0,0.2,True,outcome_based,500,0.0,0.0,0.0,0.0
high_auc,3000,0.0,0.0,0.2,True,beta_known_mean,500,0.0,0.0,0.0,0.0
high_auc,3000,0.0,0.0,0.25,False,beta_estimated_mean,500,0.0,0.0,0.0,0.0
high_auc,3000,0.0,0.0,0.25,False,risk_only,500,0.0,0.0,0.0,0.0
high_auc,3000,0.0,0.0,0.25,False,outcome_based,500,0.0,0.0,0.0,0.0
high_auc,3000,0.0,0.0,0.25,False,beta_known_mean,500,0.0,0.0,0.0,0.0
high_auc,3000,0.0,0.0,0.3,False,beta_estimated_mean,500,0.0,0.0,0.0,0.0
high_auc,3000,0.0,0.0,0.3,False,risk_only,500,0.0,0.0,0.0,0.0
high_auc,3000,0.0,0.0,0.3,False,outcome_based,500,0.0,0.0,0.0,0.0
high_auc,3000,0.0,0.0,0.3,False,beta_known_mean,500,0.0,0.0,0.0,0.0
high_auc,3000,0.0,0.0,0.4,False,beta_estimated_mean,500,0.0,0.0,0.0,0.0
high_auc,3000,0.0,0.0,0.4,False,risk_only,500,0.0,0.0,0.0,0.0
high_auc,3000,0.0,0.0,0.4,False,outcome_based,500,0.0,0.0,0.0,0.0
high_auc,3000,0.0,0.0,0.4,False,beta_known_mean,500,0.0,0.0,0.0,0.0
high_auc,3000,0.3,0.3,0.1,False,beta_estimated_mean,500,0.016,0.015999999999999997,6.0033556503296115e-05,6.0033556503296115e-05
high_auc,3000,0.3,0.3,0.1,False,risk_only,500,-0.066,0.015091172485063838,-0.00024763842057609647,5.662354725519173e-05
high_auc,3000,0.3,0.3,0.1,False,outcome_based,500,-0.018,0.00717320777753156,-6.753775106620813e-05,2.691457340139525e-05
high_auc,3000,0.3,0.3,0.1,False,beta_known_mean,500,-0.04,0.013754212326172185,-0.0001500838912582403,5.160714267759935e-05
high_auc,3000,0.3,0.3,0.15,False,beta_estimated_mean,500,0.006,0.01511240449230625,3.8360939624779654e-05,9.662100605243481e-05
high_auc,3000,0.3,0.3,0.15,False,risk_only,500,-0.034,0.012409512157372177,-0.00021737865787375138,7.934009110698721e-05
high_auc,3000,0.3,0.3,0.15,False,outcome_based,500,-0.004,0.006328356515904013,-2.5573959749853105e-05,4.046028370511245e-05
high_auc,3000,0.3,0.3,0.15,False,beta_known_mean,500,0.04,0.013754212326172185,0.000255739597498531,8.793741810511522e-05
high_auc,3000,0.3,0.3,0.2,True,beta_estimated_mean,500,0.024,0.013828610231033473,0.00039342667481415816,0.00022668933918735612
high_auc,3000,0.3,0.3,0.2,True,risk_only,500,0.0,0.0,0.0,0.0
high_auc,3000,0.3,0.3,0.2,True,outcome_based,500,0.0,0.0,0.0,0.0
high_auc,3000,0.3,0.3,0.2,True,beta_known_mean,500,0.04,0.013754212326172185,0.0006557111246902636,0.00022546975084057622
high_auc,3000,0.3,0.3,0.25,False,beta_estimated_mean,500,0.018,0.013405648915501679,8.59908334916265e-05,6.404238465222825e-05
high_auc,3000,0.3,0.3,0.25,False,risk_only,500,-0.026,0.014801559794315237,-0.00012420898171012717,7.07110257605175e-05
high_auc,3000,0.3,0.3,0.25,False,outcome_based,500,0.0,0.01626434929888781,0.0,7.769916402279523e-05
high_auc,3000,0.3,0.3,0.25,False,beta_known_mean,500,0.04,0.013754212326172185,0.00019109074109250335,6.570756566379719e-05
high_auc,3000,0.3,0.3,0.3,False,beta_estimated_mean,500,-0.028,0.012913772921269918,-0.0002633204024370362,0.00012144499580747482
high_auc,3000,0.3,0.3,0.3,False,risk_only,500,-0.024,0.009328560665406873,-0.00022570320208888816,8.772858387761586e-05
high_auc,3000,0.3,0.3,0.3,False,outcome_based,500,-0.024,0.007935612635190277,-0.00024451180226296216,7.685192830055909e-05
high_auc,3000,0.3,0.3,0.3,False,beta_known_mean,500,-0.04,0.013754212326172185,-0.00037617200348148027,0.00012934874017614658
high_auc,3000,0.3,0.3,0.4,False,beta_estimated_mean,500,-0.028,0.01322049783957671,-0.0002962535612531161,0.00013987927023263315
high_auc,3000,0.3,0.3,0.4,False,risk_only,500,-0.016,0.006898055257292836,-0.0001692877492874949,7.298476556049223e-05
high_auc,3000,0.3,0.3,0.4,False,outcome_based,500,-0.028,0.00790930554653548,-0.0002750925925921792,8.646370443571629e-05
high_auc,3000,0.3,0.3,0.4,False,beta_known_mean,500,-0.04,0.013754212326172185,-0.00042321937321873723,0.00014552622799500055
high_auc,3000,0.6,0.6,0.1,False,beta_estimated_mean,500,-0.012,0.019195022734958954,-4.502516737747209e-05,7.202159262132574e-05
high_auc,3000,0.6,0.6,0.1,False,risk_only,500,-0.088,0.018362635234232885,-0.0003301845607681286,6.889839374273349e-05
high_auc,3000,0.6,0.6,0.1,False,outcome_based,500,-0.012,0.008937099277001119,-4.502516737747209e-05,3.3532865901338354e-05
high_auc,3000,0.6,0.6,0.1,False,beta_known_mean,500,-0.078,0.017901758178787454,-0.00029266358795356856,6.716913819591125e-05
high_auc,3000,0.6,0.6,0.15,False,beta_estimated_mean,500,0.03,0.01862508490115281,0.00019180469812389827,0.00011907929289991967
high_auc,3000,0.6,0.6,0.15,False,risk_only,500,-0.058,0.014618460890175653,-0.00037082241637287,9.346298260253849e-05
high_auc,3000,0.6,0.6,0.15,False,outcome_based,500,-0.004,0.006932829743799643,-2.5573959749853105e-05,4.432497720512912e-05
high_auc,3000,0.6,0.6,0.15,False,beta_known_mean,500,0.078,0.017901758178787454,0.0004986922151221355,0.00011445471077897849
high_auc,3000,0.6,0.6,0.2,True,beta_estimated_mean,500,0.038,0.017937544732266008,0.0006229255684557504,0.0002940461907644015
high_auc,3000,0.6,0.6,0.2,True,risk_only,500,0.0,0.0,0.0,0.0
high_auc,3000,0.6,0.6,0.2,True,outcome_based,500,0.0,0.0,0.0,0.0
high_auc,3000,0.6,0.6,0.2,True,beta_known_mean,500,0.078,0.017901758178787454,0.001278636693146014,0.0002934595497336462
high_auc,3000,0.6,0.6,0.25,False,beta_estimated_mean,500,0.028,0.018523450987139138,0.00013376351876475233,8.849149941807702e-05
high_auc,3000,0.6,0.6,0.25,False,risk_only,500,-0.038,0.019231528888957673,-0.0001815362040378782,9.187417769332023e-05
high_auc,3000,0.6,0.6,0.25,False,outcome_based,500,-0.01,0.017788559967896866,-4.777268527312584e-05,8.498072768084625e-05
high_auc,3000,0.6,0.6,0.25,False,beta_known_mean,500,0.078,0.017901758178787454,0.00037262694513038154,8.552150593108195e-05
high_auc,3000,0.6,0.6,0.3,False,beta_estimated_mean,500,-0.044,0.018021585810083986,-0.0004137892038296284,0.00016948040100231773
high_auc,3000,0.6,0.6,0.3,False,risk_only,500,-0.04,0.009642923412735776,-0.00037617200348148027,9.068494548968223e-05
high_auc,3000,0.6,0.6,0.3,False,outcome_based,500,-0.042,0.00941537564822532,-0.0003949806036555543,9.246169470733552e-05
high_auc,3000,0.6,0.6,0.3,False,beta_known_mean,500,-0.078,0.017901758178787454,-0.0007335354067888865,0.0001683535059988863
high_auc,3000,0.6,0.6,0.4,False,beta_estimated_mean,500,-0.07,0.017516096233308066,-0.0007406339031327902,0.00018532878172749308
high_auc,3000,0.6,0.6,0.4,False,risk_only,500,-0.028,0.00790930554653548,-0.0002962535612531161,8.36842834000057e-05
high_auc,3000,0.6,0.6,0.4,False,outcome_based,500,-0.032,0.007878842066230875,-0.0003597364672359267,8.583873271271114e-05
high_auc,3000,0.6,0.6,0.4,False,beta_known_mean,500,-0.078,0.017901758178787454,-0.0008252777777765376,0.00018940927189849575
high_auc,3000,0.9,0.9,0.1,False,beta_estimated_mean,500,-0.076,0.024772471630852718,-0.00028515939339065653,9.294872346106855e-05
high_auc,3000,0.9,0.9,0.1,False,risk_only,500,-0.188,0.021960795821331532,-0.0007053942889137293,8.239904229982846e-05
high_auc,3000,0.9,0.9,0.1,False,outcome_based,500,-0.028,0.008865053770661147,-9.755452931785618e-05,3.245023957444301e-05
high_auc,3000,0.9,0.9,0.1,False,beta_known_mean,500,-0.172,0.021301161446219682,-0.0006453607324104333,7.992402995421638e-05
high_auc,3000,0.9,0.9,0.15,False,beta_estimated_mean,500,0.106,0.023804649181310998,0.0006777099333711072,0.0001521947850055553
high_auc,3000,0.9,0.9,0.15,False,risk_only,500,-0.11,0.014567925346383251,-0.0007032838931209604,9.313988411181752e-05
high_auc,3000,0.9,0.9,0.15,False,outcome_based,500,-0.016,0.006898055257292836,-0.00010229583899941242,4.4102646875567386e-05
high_auc,3000,0.9,0.9,0.15,False,beta_known_mean,500,0.172,0.021301161446219682,0.0010996802692436836,0.00013618876136268623
high_auc,3000,0.9,0.9,0.2,True,beta_estimated_mean,500,0.128,0.023671770221316814,0.0020982755990088435,0.0003880460768807285
high_auc,3000,0.9,0.9,0.2,True,risk_only,500,0.0,0.0,0.0,0.0
high_auc,3000,0.9,0.9,0.2,True,outcome_based,500,0.0,0.0,0.0,0.0
high_auc,3000,0.9,0.9,0.2,True,beta_known_mean,500,0.172,0.021301161446219682,0.0028195578361681333,0.00034918521322773973
high_auc,3000,0.9,0.9,0.25,False,beta_estimated_mean,500,0.132,0.02362770697876009,0.000630599445605261,0.00011287590092219445
high_auc,3000,0.9,0.9,0.25,False,risk_only,500,-0.13,0.017967907262192932,-0.0006210449085506358,8.583751786534551e-05
high_auc,3000,0.9,0.9,0.25,False,outcome_based,500,-0.062,0.020522044455103257,-0.0002961906486933802,9.803931709147453e-05
high_auc,3000,0.9,0.9,0.25,False,beta_known_mean,500,0.172,0.021301161446219682,0.0008216901866977644,0.0001017613681722295
high_auc,3000,0.9,0.9,0.3,False,beta_estimated_mean,500,-0.16,0.023105578016378248,-0.001504688013925921,0.0002172917893504663
high_auc,3000,0.9,0.9,0.3,False,risk_only,500,-0.058,0.010463793860924815,-0.0005454494050481464,9.840465751703254e-05
high_auc,3000,0.9,0.9,0.3,False,outcome_based,500,-0.058,0.01120370680141998,-0.0005642580052222203,0.00010346528903655459
high_auc,3000,0.9,0.9,0.3,False,beta_known_mean,500,-0.172,0.021301161446219682,-0.001617539614970365,0.0002003225144426731
high_auc,3000,0.9,0.9,0.4,False,beta_estimated_mean,500,-0.166,0.02222331549303582,-0.0017563603988577595,0.0002351334413451218
high_auc,3000,0.9,0.9,0.4,False,risk_only,500,-0.036,0.008339490043664344,-0.0003808974358968635,8.82358437310881e-05
high_auc,3000,0.9,0.9,0.4,False,outcome_based,500,-0.04,0.008772337648291433,-0.0004443803418796741,9.500854677066138e-05
high_auc,3000,0.9,0.9,0.4,False,beta_known_mean,500,-0.172,0.021301161446219682,-0.0018198433048405701,0.00022537660490250556
high_auc,3000,0.0,0.9,0.1,False,beta_estimated_mean,500,-0.036,0.024629682143401076,-0.00013507550213241626,9.241296341338072e-05
high_auc,3000,0.0,0.9,0.1,False,risk_only,500,-0.146,0.02121953197113801,-0.000547806203092577,7.961774822267576e-05
high_auc,3000,0.0,0.9,0.1,False,outcome_based,500,-0.012,0.008476774824356591,-4.502516737747209e-05,3.1805683773983084e-05
high_auc,3000,0.0,0.9,0.1,False,beta_known_mean,500,-0.168,0.020600990306371348,-0.0006303523432846092,7.72969197238375e-05
high_auc,3000,0.0,0.9,0.15,False,beta_estimated_mean,500,0.062,0.02460737787924963,0.0003963963761227231,0.00015732702285833897
high_auc,3000,0.0,0.9,0.15,False,risk_only,500,-0.106,0.014350605553756923,-0.0006777099333711072,9.17504522044495e-05
high_auc,3000,0.0,0.9,0.15,False,outcome_based,500,-0.006,0.005289987517553491,-3.8360939624779654e-05,3.3821481962784576e-05
high_auc,3000,0.0,0.9,0.15,False,beta_known_mean,500,0.168,0.020600990306371348,0.0010741063094938303,0.00013171222422556374
high_auc,3000,0.0,0.9,0.2,True,beta_estimated_mean,500,0.092,0.024004675563268824,0.0015081355867876062,0.0003935033202853971
high_auc,3000,0.0,0.9,0.2,True,risk_only,500,0.0,0.0,0.0,0.0
high_auc,3000,0.0,0.9,0.2,True,outcome_based,500,0.0,0.0,0.0,0.0
high_auc,3000,0.0,0.9,0.2,True,beta_known_mean,500,0.168,0.020600990306371348,0.002753986723699107,0.0003377074630880994
high_auc,3000,0.0,0.9,0.25,False,beta_estimated_mean,500,0.112,0.02244815893741308,0.0005350540750590093,0.00010724088318781419
high_auc,3000,0.0,0.9,0.25,False,risk_only,500,-0.13,0.018189604818326696,-0.0006210449085506358,8.689662662284545e-05
high_auc,3000,0.0,0.9,0.25,False,outcome_based,500,-0.05,0.02058756166695759,-0.00023886342636562918,9.835231040566346e-05
high_auc,3000,0.0,0.9,0.25,False,beta_known_mean,500,0.168,0.020600990306371348,0.000802581112588514,9.841646262209947e-05
high_auc,3000,0.0,0.9,0.3,False,beta_estimated_mean,500,-0.136,0.021816505674366812,-0.001278984811837033,0.00020516896621229115
high_auc,3000,0.0,0.9,0.3,False,risk_only,500,-0.058,0.010463793860924815,-0.0005454494050481464,9.840465751703254e-05
high_auc,3000,0.0,0.9,0.3,False,outcome_based,500,-0.058,0.01120370680141998,-0.0005642580052222203,0.00010346528903655459
high_auc,3000,0.0,0.9,0.3,False,beta_known_mean,500,-0.168,0.020600990306371348,-0.0015799224146222173,0.00019373789493125663
high_auc,3000,0.0,0.9,0.4,False,beta_estimated_mean,500,-0.168,0.021365039898388193,-0.0017775213675186965,0.00022605246986472913
high_auc,3000,0.0,0.9,0.4,False,risk_only,500,-0.036,0.008339490043664344,-0.0003808974358968635,8.82358437310881e-05
high_auc,3000,0.0,0.9,0.4,False,outcome_based,500,-0.04,0.008772337648291433,-0.0004443803418796741,9.500854677066138e-05
high_auc,3000,0.0,0.9,0.4,False,beta_known_mean,500,-0.168,0.020600990306371348,-0.0017775213675186965,0.00021796845512869412
high_auc,3000,0.9,0.0,0.1,False,beta_estimated_mean,500,0.018,0.013103258784804759,6.753775106620813e-05,4.916470166468047e-05
high_auc,3000,0.9,0.0,0.1,False,risk_only,500,-0.04,0.012534521469003664,-0.0001500838912582403,4.703074392820061e-05
high_auc,3000,0.9,0.0,0.1,False,outcome_based,500,-0.006,0.008250098681622724,-2.2512583688736044e-05,3.0955172835060416e-05
high_auc,3000,0.9,0.0,0.1,False,beta_known_mean,500,0.004,0.008491891688481301,1.5008389125824029e-05,3.186240371876956e-05
high_auc,3000,0.9,0.0,0.15,False,beta_estimated_mean,500,-0.002,0.013127706324666671,-1.2786979874926553e-05,8.393185828872939e-05
high_auc,3000,0.9,0.0,0.15,False,risk_only,500,-0.002,0.006639289142720119,-1.2786979874926553e-05,4.2448228325890276e-05
high_auc,3000,0.9,0.0,0.15,False,outcome_based,500,-0.012,0.006914305115516738,-7.672187924955931e-05,4.420654018060712e-05
high_auc,3000,0.9,0.0,0.15,False,beta_known_mean,500,-0.004,0.008491891688481301,-2.5573959749853105e-05,5.4292824060333224e-05
high_auc,3000,0.9,0.0,0.2,True,beta_estimated_mean,500,0.0,0.01096542206036429,0.0,0.0001797537307976224
high_auc,3000,0.9,0.0,0.2,True,risk_only,500,0.0,0.0,0.0,0.0
high_auc,3000,0.9,0.0,0.2,True,outcome_based,500,0.0,0.0,0.0,0.0
high_auc,3000,0.9,0.0,0.2,True,beta_known_mean,500,-0.004,0.008491891688481301,-6.557111246902636e-05,0.0001392056962450494
high_auc,3000,0.9,0.0,0.25,False,beta_estimated_mean,500,-0.012,0.010579975035106982,-5.7327222327751006e-05,5.054338175496943e-05
high_auc,3000,0.9,0.0,0.25,False,risk_only,500,0.0,0.008493779404785264,0.0,4.057706502841645e-05
high_auc,3000,0.9,0.0,0.25,False,outcome_based,500,0.002,0.006005341643613043,9.554537054625168e-06,2.8689129629792217e-05
high_auc,3000,0.9,0.0,0.25,False,beta_known_mean,500,-0.004,0.008491891688481301,-1.9109074109250335e-05,4.056804690072902e-05
high_auc,3000,0.9,0.0,0.3,False,beta_estimated_mean,500,0.006,0.008722394185121498,5.642580052222204e-05,8.202801239430917e-05
high_auc,3000,0.9,0.0,0.3,False,risk_only,500,0.002,0.006005341643613043,1.8808600174074014e-05,5.6476034941717115e-05
high_auc,3000,0.9,0.0,0.3,False,outcome_based,500,-0.002,0.006005341643613043,-1.8808600174074014e-05,4.98055996066766e-05
high_auc,3000,0.9,0.0,0.3,False,beta_known_mean,500,0.004,0.008491891688481301,3.761720034814803e-05,7.986029774509352e-05
high_auc,3000,0.9,0.0,0.4,False,beta_estimated_mean,500,-0.004,0.008951438795692348,-4.2321937321873726e-05,9.471055791297009e-05
high_auc,3000,0.9,0.0,0.4,False,risk_only,500,0.004,0.004900615478093365,4.2321937321873726e-05,5.185088527561791e-05
high_auc,3000,0.9,0.0,0.4,False,outcome_based,500,0.0,0.004903885825790071,-2.1160968660936863e-05,5.603472468242524e-05
high_auc,3000,0.9,0.0,0.4,False,beta_known_mean,500,0.004,0.008491891688481301,4.2321937321873726e-05,8.98483269460115e-05
high_auc,10000,-0.5,-0.5,0.1,False,beta_estimated_mean,500,0.034,0.015037961316652007,0.00012757130756950425,5.64238937748506e-05
high_auc,10000,-0.5,-0.5,0.1,False,risk_only,500,0.018,0.012793723411010373,6.753775106620813e-05,4.800329483015209e-05
high_auc,10000,-0.5,-0.5,0.1,False,outcome_based,500,0.002,0.002,7.504194562912014e-06,7.504194562912012e-06
high_auc,10000,-0.5,-0.5,0.1,False,beta_known_mean,500,0.042,0.012031688287438806,0.0001575880858211523,4.5144064914625236e-05
high_auc,10000,-0.5,-0.5,0.15,False,beta_estimated_mean,500,-0.036,0.01462312112179494,-0.00023016563774867793,9.349277774650266e-05
high_auc,10000,-0.5,-0.5,0.15,False,risk_only,500,0.012,0.006914305115516738,7.672187924955931e-05,4.420654018060712e-05
high_auc,10000,-0.5,-0.5,0.15,False,outcome_based,500,-0.002,0.002,-1.2786979874926553e-05,1.2786979874926553e-05
high_auc,10000,-0.5,-0.5,0.15,False,beta_known_mean,500,-0.042,0.012031688287438806,-0.0002685265773734576,7.692447799643476e-05
high_auc,10000,-0.5,-0.5,0.2,True,beta_estimated_mean,500,-0.03,0.014786388150900753,-0.0004917833435176977,0.000242389980113348
high_auc,10000,-0.5,-0.5,0.2,True,risk_only,500,0.0,0.0,0.0,0.0
high_auc,10000,-0.5,-0.5,0.2,True,outcome_based,500,0.0,0.0,0.0,0.0
high_auc,10000,-0.5,-0.5,0.2,True,beta_known_mean,500,-0.042,0.012031688287438806,-0.0006884966809247768,0.0001972327964719793
high_auc,10000,-0.5,-0.5,0.25,False,beta_estimated_mean,500,-0.022,0.014814551693647956,-0.00010509990760087684,7.077309155230971e-05
high_auc,10000,-0.5,-0.5,0.25,False,risk_only,500,0.032,0.011585354585931478,0.00015287259287400268,5.5346349841126956e-05
high_auc,10000,-0.5,-0.5,0.25,False,outcome_based,500,0.01,0.009590827281098944,4.777268527312584e-05,4.58179573208849e-05
high_auc,10000,-0.5,-0.5,0.25,False,beta_known_mean,500,-0.042,0.012031688287438806,-0.0002006452781471285,5.747860578601685e-05
high_auc,10000,-0.5,-0.5,0.3,False,beta_estimated_mean,500,0.03,0.01557836226120971,0.00028212900261111016,0.00014650359356898848
high_auc,10000,-0.5,-0.5,0.3,False,risk_only,500,0.004,0.002825591608118863,3.761720034814803e-05,2.6572711406163263e-05
high_auc,10000,-0.5,-0.5,0.3,False,outcome_based,500,0.008,0.003987957825156938,7.523440069629605e-05,3.7503952122223304e-05
high_auc,10000,-0.5,-0.5,0.3,False,beta_known_mean,500,0.042,0.012031688287438806,0.00039498060365555427,0.0001131496072087629
high_auc,10000,-0.5,-0.5,0.4,False,beta_estimated_mean,500,0.038,0.013910391726906612,0.0004020584045578004,0.00014717868169721312
high_auc,10000,-0.5,-0.5,0.4,False,risk_only,500,0.0,0.0,0.0,0.0
high_auc,10000,-0.5,-0.5,0.4,False,outcome_based,500,0.002,0.002,2.1160968660936863e-05,2.1160968660936863e-05
high_auc,10000,-0.5,-0.5,0.4,False,beta_known_mean,500,0.042,0.012031688287438806,0.0004443803418796741,0.00012730108939432687
high_auc,10000,0.0,0.0,0.1,False,beta_estimated_mean,500,0.0,0.0,0.0,0.0
high_auc,10000,0.0,0.0,0.1,False,risk_only,500,0.0,0.0,0.0,0.0
high_auc,10000,0.0,0.0,0.1,False,outcome_based,500,0.0,0.0,0.0,0.0
high_auc,10000,0.0,0.0,0.1,False,beta_known_mean,500,0.0,0.0,0.0,0.0
high_auc,10000,0.0,0.0,0.15,False,beta_estimated_mean,500,0.0,0.0,0.0,0.0
high_auc,10000,0.0,0.0,0.15,False,risk_only,500,0.0,0.0,0.0,0.0
high_auc,10000,0.0,0.0,0.15,False,outcome_based,500,0.0,0.0,0.0,0.0
high_auc,10000,0.0,0.0,0.15,False,beta_known_mean,500,0.0,0.0,0.0,0.0
high_auc,10000,0.0,0.0,0.2,True,beta_estimated_mean,500,0.0,0.0,0.0,0.0
high_auc,10000,0.0,0.0,0.2,True,risk_only,500,0.0,0.0,0.0,0.0
high_auc,10000,0.0,0.0,0.2,True,outcome_based,500,0.0,0.0,0.0,0.0
high_auc,10000,0.0,0.0,0.2,True,beta_known_mean,500,0.0,0.0,0.0,0.0
high_auc,10000,0.0,0.0,0.25,False,beta_estimated_mean,500,0.0,0.0,0.0,0.0
high_auc,10000,0.0,0.0,0.25,False,risk_only,500,0.0,0.0,0.0,0.0
high_auc,10000,0.0,0.0,0.25,False,outcome_based,500,0.0,0.0,0.0,0.0
high_auc,10000,0.0,0.0,0.25,False,beta_known_mean,500,0.0,0.0,0.0,0.0
high_auc,10000,0.0,0.0,0.3,False,beta_estimated_mean,500,0.0,0.0,0.0,0.0
high_auc,10000,0.0,0.0,0.3,False,risk_only,500,0.0,0.0,0.0,0.0
high_auc,10000,0.0,0.0,0.3,False,outcome_based,500,0.0,0.0,0.0,0.0
high_auc,10000,0.0,0.0,0.3,False,beta_known_mean,500,0.0,0.0,0.0,0.0
high_auc,10000,0.0,0.0,0.4,False,beta_estimated_mean,500,0.0,0.0,0.0,0.0
high_auc,10000,0.0,0.0,0.4,False,risk_only,500,0.0,0.0,0.0,0.0
high_auc,10000,0.0,0.0,0.4,False,outcome_based,500,0.0,0.0,0.0,0.0
high_auc,10000,0.0,0.0,0.4,False,beta_known_mean,500,0.0,0.0,0.0,0.0
high_auc,10000,0.3,0.3,0.1,False,beta_estimated_mean,500,-0.024,0.015208899409309175,-9.005033475494418e-05,5.706527012760682e-05
high_auc,10000,0.3,0.3,0.1,False,risk_only,500,-0.028,0.008400782480970755,-0.0001050587238807682,3.152055310895362e-05
high_auc,10000,0.3,0.3,0.1,False,outcome_based,500,0.0,0.0,0.0,0.0
high_auc,10000,0.3,0.3,0.1,False,beta_known_mean,500,-0.022,0.010355988266986978,-8.254614019203216e-05,3.885667542335214e-05
high_auc,10000,0.3,0.3,0.15,False,beta_estimated_mean,500,0.022,0.013393684390903285,0.00014065677862419208,8.563238637879908e-05
high_auc,10000,0.3,0.3,0.15,False,risk_only,500,-0.016,0.0056170367814719555,-0.00010229583899941242,3.591246814070205e-05
high_auc,10000,0.3,0.3,0.15,False,outcome_based,500,-0.002,0.002,-1.2786979874926553e-05,1.2786979874926553e-05
high_auc,10000,0.3,0.3,0.15,False,beta_known_mean,500,0.022,0.010355988266986978,0.00014065677862419208,6.621090677746898e-05
high_auc,10000,0.3,0.3,0.2,True,beta_estimated_mean,500,0.038,0.013017330824850659,0.0006229255684557504,0.0002133902158907016
high_auc,10000,0.3,0.3,0.2,True,risk_only,500,0.0,0.0,0.0,0.0
high_auc,10000,0.3,0.3,0.2,True,outcome_based,500,0.0,0.0,0.0,0.0
high_auc,10000,0.3,0.3,0.2,True,beta_known_mean,500,0.022,0.010355988266986978,0.000360641118579645,0.0001697634178456301
high_auc,10000,0.3,0.3,0.25,False,beta_estimated_mean,500,0.034,0.011745804691706373,0.00016242712992862784,5.6112863081649336e-05
high_auc,10000,0.3,0.3,0.25,False,risk_only,500,-0.018,0.008215045584042477,-8.59908334916265e-05,3.924547871908433e-05
high_auc,10000,0.3,0.3,0.25,False,outcome_based,500,-0.004,0.007488668794962245,-1.9109074109250335e-05,3.5775381745640973e-05
high_auc,10000,0.3,0.3,0.25,False,beta_known_mean,500,0.022,0.010355988266986978,0.00010509990760087684,4.947333681709528e-05
high_auc,10000,0.3,0.3,0.3,False,beta_estimated_mean,500,-0.044,0.011849422670968848,-0.0004137892038296283,0.00011143552665593065
high_auc,10000,0.3,0.3,0.3,False,risk_only,500,0.0,0.0,0.0,0.0
high_auc,10000,0.3,0.3,0.3,False,outcome_based,500,0.0,0.0,0.0,0.0
high_auc,10000,0.3,0.3,0.3,False,beta_known_mean,500,-0.022,0.010355988266986978,-0.00020689460191481416,9.739082136057987e-05
high_auc,10000,0.3,0.3,0.4,False,beta_estimated_mean,500,-0.028,0.01194644025932995,-0.0002962535612531161,0.0001263991239687178
high_auc,10000,0.3,0.3,0.4,False,risk_only,500,0.0,0.0,0.0,0.0
high_auc,10000,0.3,0.3,0.4,False,outcome_based,500,0.0,0.0,0.0,0.0
high_auc,10000,0.3,0.3,0.4,False,beta_known_mean,500,-0.022,0.010355988266986978,-0.0002327706552703055,0.00010957137158537064
high_auc,10000,0.6,0.6,0.1,False,beta_estimated_mean,500,-0.028,0.019369624795784218,-0.0001050587238807682,7.267671653908483e-05
high_auc,10000,0.6,0.6,0.1,False,risk_only,500,-0.068,0.011959852681045222,-0.0002551426151390085,4.487453073116412e-05
high_auc,10000,0.6,0.6,0.1,False,outcome_based,500,0.0,0.0,0.0,0.0
high_auc,10000,0.6,0.6,0.1,False,beta_known_mean,500,-0.064,0.012967046254916894,-0.00024013422601318446,4.865361900158799e-05
high_auc,10000,0.6,0.6,0.15,False,beta_estimated_mean,500,0.038,0.017937544732266004,0.0002429526176236045,0.00011468351174854012
high_auc,10000,0.6,0.6,0.15,False,risk_only,500,-0.022,0.007150822927263278,-0.00014065677862419208,4.5718714430039445e-05
high_auc,10000,0.6,0.6,0.15,False,outcome_based,500,-0.002,0.002,-1.2786979874926553e-05,1.2786979874926553e-05
high_auc,10000,0.6,0.6,0.15,False,beta_known_mean,500,0.064,0.012967046254916894,0.0004091833559976497,8.290467974943203e-05
high_auc,10000,0.6,0.6,0.2,True,beta_estimated_mean,500,0.068,0.017417196026768195,0.0011147089119734482,0.000285516229891574
high_auc,10000,0.6,0.6,0.2,True,risk_only,500,0.0,0.0,0.0,0.0
high_auc,10000,0.6,0.6,0.2,True,outcome_based,500,0.0,0.0,0.0,0.0
high_auc,10000,0.6,0.6,0.2,True,beta_known_mean,500,0.064,0.012967046254916894,0.0010491377995044218,0.00021256591209305574
high_auc,10000,0.6,0.6,0.25,False,beta_estimated_mean,500,0.078,0.016982603382145817,0.00037262694513038154,8.113045664935745e-05
high_auc,10000,0.6,0.6,0.25,False,risk_only,500,-0.04,0.009642923412735776,-0.00019109074109250335,4.6066834530948275e-05
high_auc,10000,0.6,0.6,0.25,False,outcome_based,500,-0.016,0.010569362461647882,-7.643629643700134e-05,5.049268264178948e-05
high_auc,10000,0.6,0.6,0.25,False,beta_known_mean,500,0.064,0.012967046254916894,0.00030574518574800536,6.194706196582099e-05
high_auc,10000,0.6,0.6,0.3,False,beta_estimated_mean,500,-0.09,0.01662385952210923,-0.0008463870078333306,0.0001563357635506628
high_auc,10000,0.6,0.6,0.3,False,risk_only,500,0.0,0.0,0.0,0.0
high_auc,10000,0.6,0.6,0.3,False,outcome_based,500,0.0,0.0,0.0,0.0
high_auc,10000,0.6,0.6,0.3,False,beta_known_mean,500,-0.064,0.012967046254916894,-0.0006018752055703684,0.00012194599422372787
high_auc,10000,0.6,0.6,0.4,False,beta_estimated_mean,500,-0.082,0.014662263260760791,-0.0008675997150984114,0.0001551338466796825
high_auc,10000,0.6,0.6,0.4,False,risk_only,500,0.0,0.0,0.0,0.0
high_auc,10000,0.6,0.6,0.4,False,outcome_based,500,0.0,0.0,0.0,0.0
high_auc,10000,0.6,0.6,0.4,False,beta_known_mean,500,-0.064,0.012967046254916894,-0.0006771509971499796,0.0001371976297126076
high_auc,10000,0.9,0.9,0.1,False,beta_estimated_mean,500,-0.112,0.02297755286952341,-0.0004202348955230728,8.621401365625046e-05
high_auc,10000,0.9,0.9,0.1,False,risk_only,500,-0.102,0.01354839910234685,-0.00038271392270851275,5.0834911439996625e-05
high_auc,10000,0.9,0.9,0.1,False,outcome_based,500,0.0,0.0,0.0,0.0
high_auc,10000,0.9,0.9,0.1,False,beta_known_mean,500,-0.106,0.01378070446788779,-0.00039772231183433677,5.1706543770510434e-05
high_auc,10000,0.9,0.9,0.15,False,beta_estimated_mean,500,0.132,0.02111975587397621,0.0008439406717451524,0.00013502894666194782
high_auc,10000,0.9,0.9,0.15,False,risk_only,500,-0.028,0.0073851934412260765,-0.00017901771824897173,4.72171599526987e-05
high_auc,10000,0.9,0.9,0.15,False,outcome_based,500,0.0,0.0,0.0,0.0
high_auc,10000,0.9,0.9,0.15,False,beta_known_mean,500,0.106,0.01378070446788779,0.0006777099333711072,8.81067953465958e-05
high_auc,10000,0.9,0.9,0.2,True,beta_estimated_mean,500,0.158,0.020071814953088372,0.0025900589425265413,0.00032903280893661067
high_auc,10000,0.9,0.9,0.2,True,risk_only,500,0.0,0.0,0.0,0.0
high_auc,10000,0.9,0.9,0.2,True,outcome_based,500,0.0,0.0,0.0,0.0
high_auc,10000,0.9,0.9,0.2,True,beta_known_mean,500,0.106,0.01378070446788779,0.0017376344804291986,0.00022590403064157112
high_auc,10000,0.9,0.9,0.25,False,beta_estimated_mean,500,0.17,0.019050612895741878,0.0008121356496431393,9.100989341284293e-05
high_auc,10000,0.9,0.9,0.25,False,risk_only,500,-0.064,0.011316542239417172,-0.00030574518574800536,5.4062161078371126e-05
high_auc,10000,0.9,0.9,0.25,False,outcome_based,500,-0.038,0.012386235815426359,-0.0001815362040378782,5.917237453290826e-05
high_auc,10000,0.9,0.9,0.25,False,beta_known_mean,500,0.106,0.01378070446788779,0.0005063904638951339,6.583412573863625e-05
high_auc,10000,0.9,0.9,0.3,False,beta_estimated_mean,500,-0.168,0.017893920329808643,-0.0015799224146222173,0.00016827979651505266
high_auc,10000,0.9,0.9,0.3,False,risk_only,500,0.0,0.0,0.0,0.0
high_auc,10000,0.9,0.9,0.3,False,outcome_based,500,-0.002,0.002,-1.8808600174074014e-05,1.8808600174074014e-05
high_auc,10000,0.9,0.9,0.3,False,beta_known_mean,500,-0.106,0.01378070446788779,-0.0009968558092259229,0.00012959788022678842
high_auc,10000,0.9,0.9,0.4,False,beta_estimated_mean,500,-0.146,0.016058759838015826,-0.001544750712248391,0.00016990945683288222
high_auc,10000,0.9,0.9,0.4,False,risk_only,500,0.0,0.0,0.0,0.0
high_auc,10000,0.9,0.9,0.4,False,outcome_based,500,0.0,0.0,0.0,0.0
high_auc,10000,0.9,0.9,0.4,False,beta_known_mean,500,-0.106,0.01378070446788779,-0.0011215313390296538,0.00014580652768530307
high_auc,10000,0.0,0.9,0.1,False,beta_estimated_mean,500,-0.084,0.021419748159641018,-0.0003151761716423046,8.036897883926138e-05
high_auc,10000,0.0,0.9,0.1,False,risk_only,500,-0.086,0.013474833664449038,-0.00032268036620521664,5.055888676045112e-05
high_auc,10000,0.0,0.9,0.1,False,outcome_based,500,0.0,0.0,0.0,0.0
high_auc,10000,0.0,0.9,0.1,False,beta_known_mean,500,-0.102,0.013841067527492278,-0.00038271392270851275,5.193303184235279e-05
high_auc,10000,0.0,0.9,0.15,False,beta_estimated_mean,500,0.122,0.02017538332186947,0.0007800057723705196,0.00012899111025283685
high_auc,10000,0.0,0.9,0.15,False,risk_only,500,-0.028,0.0073851934412260765,-0.00017901771824897173,4.72171599526987e-05
high_auc,10000,0.0,0.9,0.15,False,outcome_based,500,-0.002,0.002,-1.2786979874926553e-05,1.2786979874926553e-05
high_auc,10000,0.0,0.9,0.15,False,beta_known_mean,500,0.102,0.013841067527492278,0.0006521359736212542,8.849272596077159e-05
high_auc,10000,0.0,0.9,0.2,True,beta_estimated_mean,500,0.138,0.019356170144046846,0.0022622033801814093,0.0003173014023712265
high_auc,10000,0.0,0.9,0.2,True,risk_only,500,0.0,0.0,0.0,0.0
high_auc,10000,0.0,0.9,0.2,True,outcome_based,500,0.0,0.0,0.0,0.0
high_auc,10000,0.0,0.9,0.2,True,beta_known_mean,500,0.102,0.013841067527492278,0.0016720633679601722,0.00022689354888414615
high_auc,10000,0.0,0.9,0.25,False,beta_estimated_mean,500,0.158,0.01904724639391166,0.0007548084273153882,9.099381072960228e-05
high_auc,10000,0.0,0.9,0.25,False,risk_only,500,-0.064,0.011316542239417172,-0.00030574518574800536,5.4062161078371126e-05
high_auc,10000,0.0,0.9,0.25,False,outcome_based,500,-0.04,0.01221057723421729,-0.00019109074109250335,5.8333206321345796e-05
high_auc,10000,0.0,0.9,0.25,False,beta_known_mean,500,0.102,0.013841067527492278,0.00048728138978588353,6.612249628349706e-05
high_auc,10000,0.0,0.9,0.3,False,beta_estimated_mean,500,-0.168,0.01833642410334675,-0.0015799224146222173,0.0001724412347910513
high_auc,10000,0.0,0.9,0.3,False,risk_only,500,0.0,0.0,0.0,0.0
high_auc,10000,0.0,0.9,0.3,False,outcome_based,500,-0.002,0.002,-1.8808600174074014e-05,1.8808600174074014e-05
high_auc,10000,0.0,0.9,0.3,False,beta_known_mean,500,-0.102,0.013841067527492278,-0.0009592386088777746,0.00013016555255348074
high_auc,10000,0.0,0.9,0.4,False,beta_estimated_mean,500,-0.148,0.01639296980165082,-0.001565911680909328,0.00017344556011620864
high_auc,10000,0.0,0.9,0.4,False,risk_only,500,0.0,0.0,0.0,0.0
high_auc,10000,0.0,0.9,0.4,False,outcome_based,500,0.0,0.0,0.0,0.0
high_auc,10000,0.0,0.9,0.4,False,beta_known_mean,500,-0.102,0.013841067527492278,-0.00107920940170778,0.0001464451980915875
high_auc,10000,0.9,0.0,0.1,False,beta_estimated_mean,500,-0.006,0.011497494717091156,-2.2512583688736044e-05,4.313971867155253e-05
high_auc,10000,0.9,0.0,0.1,False,risk_only,500,-0.02,0.008446459931281357,-7.504194562912015e-05,3.169193934608788e-05
high_auc,10000,0.9,0.0,0.1,False,outcome_based,500,0.0,0.0,0.0,0.0
high_auc,10000,0.9,0.0,0.1,False,beta_known_mean,500,-0.006,0.008722394185121496,-2.2512583688736044e-05,3.272727150978205e-05
high_auc,10000,0.9,0.0,0.15,False,beta_estimated_mean,500,-0.002,0.010780744357315759,-1.2786979874926553e-05,6.89265805668623e-05
high_auc,10000,0.9,0.0,0.15,False,risk_only,500,-0.006,0.003457152557758369,-3.8360939624779654e-05,2.2103270090303555e-05
high_auc,10000,0.9,0.0,0.15,False,outcome_based,500,0.0,0.0,0.0,0.0
high_auc,10000,0.9,0.0,0.15,False,beta_known_mean,500,0.006,0.008722394185121496,3.8360939624779654e-05,5.576653945316246e-05
high_auc,10000,0.9,0.0,0.2,True,beta_estimated_mean,500,0.0,0.009807771651580142,0.0,0.00016077662450907247
high_auc,10000,0.9,0.0,0.2,True,risk_only,500,0.0,0.0,0.0,0.0
high_auc,10000,0.9,0.0,0.2,True,outcome_based,500,0.0,0.0,0.0,0.0
high_auc,10000,0.9,0.0,0.2,True,beta_known_mean,500,0.006,0.008722394185121496,9.835666870353954e-05,0.0001429842725279458
high_auc,10000,0.9,0.0,0.25,False,beta_estimated_mean,500,0.0,0.008953229620716903,0.0,4.277198208485365e-05
high_auc,10000,0.9,0.0,0.25,False,risk_only,500,0.0,0.006935141843161503,0.0,3.313103485978403e-05
high_auc,10000,0.9,0.0,0.25,False,outcome_based,500,-0.006,0.003457152557758369,-2.8663611163875503e-05,1.6515746108297253e-05
high_auc,10000,0.9,0.0,0.25,False,beta_known_mean,500,0.006,0.008722394185121496,2.8663611163875503e-05,4.166921922339521e-05
high_auc,10000,0.9,0.0,0.3,False,beta_estimated_mean,500,-0.008,0.007482243509527857,-7.523440069629605e-05,7.03652632878849e-05
high_auc,10000,0.9,0.0,0.3,False,risk_only,500,0.0,0.0,0.0,0.0
high_auc,10000,0.9,0.0,0.3,False,outcome_based,500,0.0,0.0,0.0,0.0
high_auc,10000,0.9,0.0,0.3,False,beta_known_mean,500,-0.006,0.008722394185121496,-5.642580052222204e-05,8.202801239430917e-05
high_auc,10000,0.9,0.0,0.4,False,beta_estimated_mean,500,0.002,0.008253984281123028,2.1160968660936863e-05,8.733115135035495e-05
high_auc,10000,0.9,0.0,0.4,False,risk_only,500,0.0,0.0,0.0,0.0
high_auc,10000,0.9,0.0,0.4,False,outcome_based,500,0.0,0.0,0.0,0.0
high_auc,10000,0.9,0.0,0.4,False,beta_known_mean,500,-0.006,0.008722394185121496,-6.348290598281058e-05,9.228715499984693e-05
